Submodule 'lido-core' (https://github.com/lidofinance/core.git) registered for path 'lido-core'
Cloning into '/var/lib/sandboxed-node/work/checkouts/9acda983bdcdf557/.tmp-91c88219-e655-4ae1-8ea6-e3a2141d2673/lido-core'...
From https://github.com/lidofinance/core
 * branch            17005714f151e5502c559932319a3f2f74ac2436 -> FETCH_HEAD
Submodule path 'lido-core': checked out '17005714f151e5502c559932319a3f2f74ac2436'
HEAD is now at 8bf4958 Execute proved allocation guards before parent VM module calls
info: verity: cloning https://github.com/lfglabs-dev/verity.git
info: verity: checking out revision 'e977aaad6e1a9e92e0132d41b3d33a14135a4d46'
info: evmyul: cloning https://github.com/lfglabs-dev/EVMYulLean.git
info: evmyul: checking out revision 'f7e4ee0dc8f8d5265ce822a937ab5be771f182e9'
info: mathlib: cloning https://github.com/leanprover-community/mathlib4.git
info: mathlib: checking out revision 'fabf563a7c95a166b8d7b6efca11c8b4dc9d911f'
info: plausible: cloning https://github.com/leanprover-community/plausible
info: plausible: checking out revision '63045536fe95024e6c18fc7b48e03f506701c5bc'
info: LeanSearchClient: cloning https://github.com/leanprover-community/LeanSearchClient
info: LeanSearchClient: checking out revision 'c5d5b8fe6e5158def25cd28eb94e4141ad97c843'
info: importGraph: cloning https://github.com/leanprover-community/import-graph
info: importGraph: checking out revision '5c7542ed018c78194f1e2b903eaf6a792b74c03d'
info: proofwidgets: cloning https://github.com/leanprover-community/ProofWidgets4
info: proofwidgets: checking out revision '24b0d9dc081c5423f8eec7e866c441e5184f29d9'
info: aesop: cloning https://github.com/leanprover-community/aesop
info: aesop: checking out revision 'e3cb2f741431ce31bf73549fb52316a57368b06f'
info: Qq: cloning https://github.com/leanprover-community/quote4
info: Qq: checking out revision 'f46324995fca5f0483b742e4eb4daec7f4ee50d2'
info: batteries: cloning https://github.com/leanprover-community/batteries
info: batteries: checking out revision 'fa08db58b30eb033edcdab331bba000827f9f785'
info: Cli: cloning https://github.com/leanprover/lean4-cli
info: Cli: checking out revision '92564e5770e4d09f2d86dfbf8ada1e9c715b384c'
INTEGRATION_GATE_START bash scripts/prepare_trio_validation.sh
From https://github.com/lfglabs-dev/lido-srv3-proof-closure
 * branch            eda35b611f08879241411d12f943d011f748e5a4 -> FETCH_HEAD
  % Total    % Received % Xferd  Average Speed   Time    Time     Time  Current
                                 Dload  Upload   Total   Spent    Left  Speed
  0     0    0     0    0     0      0      0 --:--:-- --:--:-- --:--:--     0  0     0    0     0    0     0      0      0 --:--:-- --:--:-- --:--:--     0  0     0    0     0    0     0      0      0 --:--:-- --:--:-- --:--:--     0
 42 67.1M   42 28.7M    0     0  16.6M      0  0:00:04  0:00:01  0:00:03 16.6M 85 67.1M   85 57.7M    0     0  21.1M      0  0:00:03  0:00:02  0:00:01 28.7M100 67.1M  100 67.1M    0     0  22.4M      0  0:00:02  0:00:02 --:--:-- 30.2M
.lake/trio-tools/foundry-v1.3.1/foundry.tar.gz: OK
forge Version: 1.3.1-v1.3.1
Commit SHA: 08d3a4ad4d78b62bcb897350803bf96fc2cf6cc9
Build Timestamp: 2025-08-12T07:39:41.778340577Z (1754984381)
Build Profile: maxperf
INTEGRATION_GATE_EXIT 0 bash scripts/prepare_trio_validation.sh
INTEGRATION_GATE_START lake build LidoSRv3 LidoSRv3Test LidoSRv3Audit TrioIntegrationChecks
✔ [2/6] Built Verity.Core.Address (349ms)
✔ [3/7] Built Verity.Core.Uint256 (777ms)
✔ [4/8] Built Verity.Core.Int256 (517ms)
✔ [5/8] Built Verity.Core.Uint16 (355ms)
✔ [6/8] Built Verity.Core.NarrowTypes (482ms)
✔ [7/20] Built Verity.Core.FiniteSet (548ms)
✔ [8/20] Built Verity.Core.Model.Yul.Ast (686ms)
✔ [9/20] Built Verity.Core.StorageAttr (1.1s)
✔ [10/20] Built LidoSRv3.Audit.Common.Units (352ms)
✔ [11/20] Built LidoSRv3.Audit.Guarantees.Registry (459ms)
✔ [12/20] Built Verity.Core.Intrinsics (783ms)
✔ [13/20] Built LidoSRv3.Audit.Spec (501ms)
⚠ [14/21] Built Verity.Core (3.5s)
warning: Verity/Core.lean:606:2: try 'simp' instead of 'simpa'

Note: This linter can be disabled with `set_option linter.unnecessarySimpa false`
warning: Verity/Core.lean:1041:2: try 'simp' instead of 'simpa'

Note: This linter can be disabled with `set_option linter.unnecessarySimpa false`
warning: Verity/Core.lean:1273:2: try 'simp' instead of 'simpa'

Note: This linter can be disabled with `set_option linter.unnecessarySimpa false`
✔ [15/21] Built Verity.Stdlib.Math (1.3s)
✔ [16/21] Built Verity.Core.Model.Constants (287ms)
✔ [17/21] Built LidoSRv3.Audit.Model.AllocCapacity (1.9s)
✔ [18/22] Built LidoSRv3.Audit.Arithmetic (1.2s)
✔ [19/22] Built LidoSRv3.Audit.Source.AllocCapacityCorrespondence (1.1s)
✔ [20/25] Built LidoSRv3.Audit.Trace (1.3s)
✔ [21/25] Built Compiler.Keccak.Circuit (614ms)
✔ [22/27] Built Compiler.Keccak.CircuitData (2.3s)
✔ [23/29] Built Compiler.Keccak.Sponge (559ms)
✔ [24/29] Built Verity.Core.Model.ProofStatus (288ms)
✔ [25/29] Built Verity.Core.Model.CodeData (465ms)
✔ [26/29] Built Verity.Core.Model.Identifier (327ms)
✔ [27/32] Built Verity.Core.Model.ECM (543ms)
✔ [28/33] Built Verity.Core.Model.Types (7.5s)
✔ [29/34] Built Compiler.Yul.Ast (240ms)
✔ [30/35] Built Compiler.IR (450ms)
✔ [31/35] Built Compiler.CompilationModel.Types (260ms)
✔ [32/35] Built Compiler.CompilationModel.AdtStorageLayout (290ms)
✔ [33/35] Built Compiler.CompilationModel.AbiTypeLayout (677ms)
✔ [34/36] Built Compiler.CompilationModel.AbiHelpers (385ms)
✔ [35/38] Built Compiler.CompilationModel.DynamicData (700ms)
✔ [36/41] Built Compiler.CompilationModel.InternalArgs (339ms)
✔ [37/43] Built Compiler.CompilationModel.InternalNaming (358ms)
✔ [38/44] Built Compiler.CompilationModel.ValidationHelpers (3.7s)
✔ [39/44] Built Compiler.CompilationModel.IssueRefs (249ms)
✔ [40/45] Built Compiler.CompilationModel.ExpressionCompile (14s)
✔ [41/45] Built Compiler.CompilationModel.EcmAxiomCollection (498ms)
✔ [42/45] Built Compiler.CompilationModel.EventAbiHelpers (517ms)
✔ [43/46] Built Compiler.CompilationModel.AbiEncoding (795ms)
✔ [44/48] Built Compiler.CompilationModel.EventEmission (1.1s)
✔ [45/49] Built Compiler.CompilationModel.LayoutValidation (706ms)
✔ [46/50] Built Compiler.Json (272ms)
✔ [47/50] Built Compiler.CompilationModel.LogicalPurity (336ms)
✔ [48/51] Built Compiler.CompilationModel.LayoutReport (447ms)
✔ [49/52] Built Compiler.CompilationModel.MappingWrites (385ms)
✔ [50/53] Built Compiler.CompilationModel.ReservedScratchNames (672ms)
✔ [51/53] Built Compiler.CompilationModel.ScopeValidation (5.4s)
✔ [52/56] Built Compiler.CompilationModel.StorageWrites (639ms)
✔ [53/57] Built Compiler.ProofStatus (241ms)
✔ [54/57] Built Compiler.CompilationModel.YulImporter (493ms)
✔ [55/58] Built Compiler.CompilationModel.TrustSurface (1.7s)
✔ [56/59] Built Compiler.CompilationModel.UsageAnalysis (22s)
✔ [57/59] Built Compiler.CompilationModel.ValidationCalls (1.6s)
✔ [58/61] Built Compiler.CompilationModel.ValidationEvents (1.1s)
✔ [59/63] Built Compiler.CompilationModel.SelectorInteropHelpers (307ms)
✔ [60/64] Built Compiler.CompilationModel.ValidationInterop (4.5s)
✔ [61/65] Built Compiler.CompilationModel.ParamLoading (739ms)
✔ [62/67] Built Compiler.CompilationModel.Validation (2.4s)
✔ [63/67] Built Compiler.CompilationModel.Compile (3.1s)
✔ [64/67] Built Compiler.CompilationModel.LayoutCompatibilityReport (524ms)
✔ [65/67] Built Compiler.CompilationModel.Dispatch (2.5s)
✔ [66/72] Built Compiler.CompilationModel (273ms)
✔ [67/72] Built Verity.Core.Model.DynamicAbi (1.1s)
✔ [68/73] Built Verity.Core.Model.Denote (2.6s)
✔ [69/73] Built Verity.Core.Model.DenoteExternalCalls (1.4s)
✔ [70/73] Built Verity.Macro.Syntax (2.6s)
✔ [71/73] Built Verity.Core.Model.DenoteMemory (12s)
✔ [72/76] Built Verity.Core.Model.CallProgramRollback (1.3s)
✔ [73/77] Built Compiler.ECM (250ms)
✔ [74/78] Built Compiler.Modules.Calls (573ms)
✔ [75/78] Built Compiler.Modules.ERC20 (676ms)
✔ [76/79] Built Compiler.Modules.Oracle (355ms)
✔ [77/79] Built Compiler.Modules.Precompiles (451ms)
✔ [78/83] Built Compiler.Selectors (281ms)
✔ [79/83] Built Verity.Macro.Types (2.1s)
✔ [80/84] Built Verity.Macro.Storage (2.1s)
✔ [81/85] Built Verity.Macro.ExternalCalls (1.2s)
✔ [82/85] Built Verity.Macro.Executable (1.5s)
✔ [83/86] Built Verity.Macro.Translate.Parsing (2.7s)
✔ [84/89] Built Verity.Macro.Functions (1.1s)
✔ [85/90] Built Verity.Macro.Interfaces (1.5s)
✔ [86/91] Built Verity.Macro.Internal (1.5s)
✔ [87/91] Built Verity.Macro.Translate.Expr (36s)
✔ [88/91] Built Verity.Macro.Translate (96s)
✔ [89/95] Built Verity.Macro.Bridge (5.2s)
✔ [90/95] Built Verity.EVM.Uint256 (511ms)
✔ [91/97] Built Verity.Macro.Elaborate (6.0s)
✔ [92/97] Built Verity.Macro.KeccakLit (1.9s)
✔ [93/97] Built Verity.Specs.Common (2.1s)
✔ [94/98] Built Verity.Macro.KeccakString (1.8s)
✔ [95/98] Built Verity.Macro.SpecGen (10s)
✔ [97/100] Built Verity.Macro (1.9s)
✔ [100/102] Built Batteries.Util.LibraryNote (1.2s)
✔ [101/104] Built Batteries.Classes.Cast (626ms)
✔ [102/109] Built Batteries.Tactic.Unreachable (702ms)
✔ [103/110] Built Batteries.Lean.TagAttribute (542ms)
✔ [104/110] Built Batteries.Tactic.Init (1.8s)
✔ [105/110] Built Batteries.Linter.UnreachableTactic (1.3s)
✔ [106/110] Built Batteries.Lean.AttributeExtra (623ms)
✔ [107/110] Built Batteries.Tactic.SeqFocus (1.0s)
✔ [108/117] Built Batteries.Linter.UnnecessarySeqFocus (2.1s)
✔ [109/117] Built Batteries.Linter (637ms)
✔ [110/118] Built Batteries.Tactic.Lint.Basic (1.4s)
✔ [111/118] Built Batteries.Lean.Syntax (437ms)
✔ [112/118] Built Batteries.Tactic.Lint.Misc (1.7s)
✔ [113/120] Built Batteries.Classes.RatCast (471ms)
✔ [114/120] Built Batteries.Util.ProofWanted (3.4s)
✔ [115/122] Built Batteries.Lean.EStateM (936ms)
✔ [116/122] Built Batteries.Lean.Except (716ms)
✔ [117/124] Built Batteries.Tactic.Basic (760ms)
✔ [118/124] Built BatteriesRecycling.MonadSatisfying.Basic (1.7s)
✔ [119/124] Built Batteries.Classes.Order (1.3s)
✔ [120/126] Built Batteries.CodeAction.Attr (1.4s)
✔ [121/126] Built Batteries.Classes.SatisfiesM (559ms)
✔ [122/126] Built Batteries.Classes.Deprecated (1.5s)
✔ [123/126] Built Batteries.CodeAction.Basic (1.4s)
✔ [124/131] Built Batteries.Lean.Position (634ms)
✔ [125/131] Built Batteries.CodeAction.Misc (4.0s)
✔ [126/132] Built Batteries.CodeAction.Deprecated (1.6s)
✔ [127/132] Built Batteries.Tactic.Alias (2.0s)
✔ [128/135] Built Batteries.Control.Lemmas (556ms)
✔ [129/135] Built Batteries.Data.List.Basic (6.0s)
✔ [130/136] Built Batteries.Control.LawfulMonadState (1.8s)
✔ [131/138] Built Batteries.CodeAction.Match (1.9s)
✔ [132/138] Built Batteries.Control.OptionT (778ms)
✔ [133/138] Built Batteries.Control.ForInStep.Basic (563ms)
✔ [134/139] Built Batteries.CodeAction (730ms)
✔ [135/139] Built Batteries.Control.AlternativeMonad (1.1s)
✔ [136/139] Built Batteries.Control.ForInStep.Lemmas (622ms)
✔ [137/141] Built Batteries.Control.Monad (828ms)
✔ [138/141] Built Batteries.Control.ForInStep (598ms)
✔ [139/143] Built Batteries.Data.MLList.Basic (1.7s)
✔ [140/144] Built Batteries.Control.Nondet.Basic (867ms)
✔ [141/144] Built Batteries.Data.UInt (1.3s)
✔ [142/146] Built Batteries.Data.Array.Init.Lemmas (455ms)
✔ [143/147] Built Batteries.Data.Array.Basic (5.3s)
✔ [144/148] Built Batteries.Data.List.Lemmas (15s)
✔ [145/148] Built Batteries.Data.Array.Match (1.4s)
✔ [146/148] Built Batteries.Data.Array.Lemmas (2.4s)
✔ [147/151] Built Batteries.Data.Array.Merge (2.1s)
✔ [148/151] Built BatteriesRecycling.MonadSatisfying.Array (2.7s)
✔ [149/154] Built Batteries.Data.Array.Pairwise (996ms)
✔ [150/155] Built Batteries.Data.Array.Monadic (456ms)
✔ [151/156] Built Batteries.Data.List.Scan (2.5s)
✔ [152/156] Built Batteries.Data.AssocList (2.8s)
✔ [153/156] Built Batteries.Data.Array.Scan (3.3s)
✔ [154/158] Built Batteries.Data.Bool (668ms)
✔ [155/158] Built Batteries.Data.Array (636ms)
✔ [156/161] Built Batteries.Data.BinaryHeap.Basic (3.5s)
✔ [157/161] Built Batteries.Data.BinaryHeap (501ms)
✔ [158/162] Built Batteries.Data.BinomialHeap.Basic (8.5s)
✔ [159/162] Built Batteries.Data.BinomialHeap.Lemmas (909ms)
✔ [160/162] Built Batteries.Data.BitVec.Basic (479ms)
✔ [161/168] Built Batteries.Data.BinomialHeap (702ms)
✔ [162/170] Built Batteries.Data.Nat.Basic (732ms)
✔ [163/170] Built Batteries.Data.Nat.Lemmas (1.1s)
✔ [164/170] Built Batteries.Data.ByteArray (1.1s)
✔ [165/170] Built Batteries.Data.ByteSlice (670ms)
✔ [166/170] Built Batteries.Data.Int (800ms)
✔ [167/173] Built Batteries.Data.Fin.OfBits (713ms)
✔ [168/173] Built Batteries.Data.BitVec.Lemmas (1.8s)
✔ [169/173] Built Batteries.Data.Char.Basic (1.5s)
✔ [170/173] Built Batteries.Data.BitVec (685ms)
✔ [171/175] Built Batteries.Data.Char.AsciiCasing (1.6s)
✔ [172/176] Built Batteries.Data.Char (893ms)
✔ [173/179] Built Batteries.Tactic.OpenPrivate (1.9s)
✔ [174/181] Built Batteries.Tactic.Lint.TypeClass (1.1s)
✔ [175/181] Built Batteries.Tactic.Lint.Simp (2.1s)
✔ [176/182] Built Batteries.Tactic.Lint.Frontend (2.8s)
✔ [177/182] Built Batteries.Tactic.Lint (661ms)
✔ [178/183] Built Batteries.Data.Fin.Basic (1.6s)
✔ [179/185] Built Batteries.Data.DList.Basic (934ms)
✔ [180/187] Built Batteries.Data.Fin.Lemmas (2.8s)
✔ [181/187] Built Batteries.Data.DList.Lemmas (772ms)
✔ [182/188] Built Batteries.Tactic.Trans (4.3s)
✔ [183/188] Built Batteries.Data.Fin.Fold (1.7s)
✔ [184/188] Built Batteries.Data.DList (698ms)
✔ [185/188] Built Batteries.Data.Fin.Coding (4.2s)
✔ [186/188] Built Batteries.Data.FloatArray (476ms)
✔ [187/191] Built Batteries.Data.Fin (764ms)
✔ [188/193] Built Batteries.Lean.HashMap (505ms)
✔ [189/193] Built Batteries.Data.HashMap.Basic (1.1s)
✔ [190/194] Built Batteries.Data.List.ArrayMap (589ms)
✔ [191/195] Built Batteries.Data.List.Count (2.8s)
✔ [192/195] Built Batteries.Data.HashMap (686ms)
✔ [193/195] Built Batteries.Data.List.Init.Lemmas (471ms)
✔ [194/198] Built Batteries.Data.List.Matcher (691ms)
✔ [195/200] Built BatteriesRecycling.MonadSatisfying.List (624ms)
✔ [196/200] Built Batteries.Data.List.Pairwise (892ms)
✔ [197/200] Built Batteries.Data.List.Monadic (495ms)
✔ [198/201] Built Batteries.Data.List.Perm (3.0s)
✔ [199/201] Built Batteries.Data.List (680ms)
✔ [200/205] Built Batteries.Data.MLList.Heartbeats (557ms)
✔ [201/205] Built Batteries.Lean.System.IO (567ms)
✔ [202/206] Built Batteries.Data.NameSet (506ms)
✔ [203/206] Built Batteries.Data.MLList.IO (508ms)
✔ [204/210] Built Batteries.Data.Nat.Bisect (3.3s)
✔ [205/210] Built Batteries.Data.MLList (477ms)
✔ [206/211] Built Batteries.Data.Nat.Bitwise.Lemmas (650ms)
✔ [207/211] Built Batteries.Data.Nat.Gcd (715ms)
✔ [208/211] Built Batteries.Data.Nat.Bitwise (451ms)
✔ [209/211] Built Batteries.Data.PairingHeap (1.0s)
✔ [210/213] Built Batteries.Data.Nat (798ms)
✔ [211/224] Built BatteriesRecycling.RBTree.Basic (4.8s)
✔ [212/226] Built Batteries.Data.Random.MersenneTwister (2.2s)
✔ [213/226] Built BatteriesRecycling.RBTree.WF (8.4s)
✔ [214/226] Built Batteries.Data.RBMap.Basic (687ms)
✔ [215/226] Built Batteries.Data.Random (481ms)
✔ [216/226] Built Batteries.Data.Range.Lemmas (717ms)
✔ [217/226] Built Batteries.Data.RBMap.WF (699ms)
✔ [218/226] Built Batteries.Data.RBMap.Alter (658ms)
✔ [219/226] Built BatteriesRecycling.RBTree.Alter (2.8s)
✔ [220/229] Built BatteriesRecycling.RBTree.Depth (969ms)
✔ [221/230] Built Batteries.Data.Range (706ms)
✔ [222/230] Built BatteriesRecycling.RBTree.Lemmas (9.0s)
✔ [223/230] Built Batteries.Data.RBMap.Depth (698ms)
✔ [224/231] Built Batteries.Lean.Float (691ms)
✔ [225/231] Built Batteries.Data.RunningStats (652ms)
✔ [226/231] Built Batteries.Data.RBMap.Lemmas (758ms)
✔ [227/231] Built Batteries.Data.Rat.Float (499ms)
✔ [228/233] Built Batteries.Data.Stream (794ms)
✔ [229/233] Built Batteries.Data.RBMap (674ms)
✔ [230/233] Built Batteries.Data.Rat (445ms)
✔ [231/234] Built Batteries.Data.String.AsciiCasing (412ms)
✔ [232/235] Built Batteries.Data.String.Basic (601ms)
✔ [233/237] Built Batteries.Data.String.Legacy (1.8s)
✔ [234/237] Built Batteries.Data.String.Lemmas (8.3s)
✔ [235/239] Built Batteries.Data.String.Matcher (613ms)
✔ [236/241] Built Batteries.Data.String (712ms)
✔ [237/242] Built Batteries.Util.Panic (451ms)
✔ [238/243] Built Batteries.Data.UnionFind.Basic (4.8s)
✔ [239/243] Built Batteries.Data.Vector.Basic (2.9s)
✔ [240/246] Built Batteries.Data.UnionFind.Lemmas (1.3s)
✔ [241/247] Built Batteries.Data.Vector.Lemmas (2.0s)
✔ [242/247] Built Batteries.Data.UnionFind (560ms)
✔ [243/248] Built BatteriesRecycling.MonadSatisfying.Vector (610ms)
✔ [244/249] Built Batteries.Lean.Expr (811ms)
✔ [245/249] Built Batteries.Data.Vector.Monadic (468ms)
✔ [246/250] Built Batteries.Lean.HashSet (555ms)
✔ [247/251] Built Batteries.Lean.IO.Process (522ms)
✔ [248/251] Built Batteries.Data.Vector (740ms)
✔ [249/252] Built Batteries.Lean.Json (563ms)
✔ [250/253] Built Batteries.Lean.LawfulMonad (775ms)
✔ [251/253] Built Batteries.Lean.LawfulMonadLift (874ms)
✔ [252/256] Built Batteries.Lean.Meta.Basic (774ms)
✔ [253/257] Built Batteries.Lean.Meta.Expr (462ms)
✔ [254/258] Built Batteries.Lean.PersistentHashMap (584ms)
✔ [255/258] Built Batteries.Lean.Meta.Inaccessible (652ms)
✔ [256/258] Built Batteries.Lean.Meta.DiscrTree (654ms)
✔ [257/261] Built Batteries.Lean.Meta.InstantiateMVars (592ms)
✔ [258/262] Built Batteries.Lean.MonadBacktrack (430ms)
✔ [259/263] Built Batteries.Lean.Meta.Simp (1.3s)
✔ [260/263] Built Batteries.Lean.Meta.SavedState (569ms)
✔ [261/264] Built Batteries.Lean.Meta.UnusedNames (700ms)
✔ [262/264] Built Batteries.Lean.NameMapAttribute (713ms)
✔ [263/267] Built Batteries.Lean.PersistentHashSet (657ms)
✔ [264/268] Built BatteriesRecycling.MonadSatisfying.Lean (618ms)
✔ [265/269] Built Batteries.Lean.Util.EnvSearch (582ms)
✔ [266/269] Built Batteries.Lean.SatisfiesM (569ms)
✔ [267/270] Built Batteries.Logic (904ms)
✔ [268/271] Built Batteries.Tactic.Case (2.7s)
✔ [269/272] Built Batteries.Tactic.Congr (1.4s)
✔ [270/273] Built Batteries.Tactic.Exact (746ms)
✔ [271/274] Built Batteries.Tactic.GeneralizeProofs (5.6s)
✔ [272/275] Built Batteries.Tactic.HelpCmd (3.5s)
✔ [273/276] Built Batteries.Tactic.Instances (1.2s)
✔ [274/277] Built Batteries.Tactic.Lemma (1.1s)
✔ [275/278] Built Batteries.Tactic.NoMatch (1.3s)
✔ [276/279] Built Batteries.Tactic.PermuteGoals (894ms)
✔ [277/280] Built Batteries.Tactic.PrintDependents (1.4s)
✔ [278/281] Built Batteries.Tactic.PrintOpaques (1.1s)
✔ [279/282] Built Batteries.Tactic.PrintPrefix (1.6s)
✔ [280/283] Built Batteries.Tactic.ShowUnused (1.3s)
✔ [281/284] Built Batteries.Tactic.SqueezeScope (3.9s)
✔ [282/286] Built Batteries.Util.Cache (885ms)
✔ [283/286] Built Batteries.Util.ExtendedBinder (1.2s)
✔ [284/287] Built Batteries.Util.Pickle (603ms)
✔ [285/291] Built Batteries (887ms)
✔ [287/291] Built Mathlib.Tactic.Linter.DirectoryDependency (1.9s)
✔ [288/293] Built Mathlib.Tactic.Linter.Header (2.1s)
✔ [289/294] Built Mathlib.Tactic.Lemma (656ms)
✔ [290/294] Built Mathlib.Tactic.AdaptationNote (1.1s)
✔ [291/294] Built Mathlib.Lean.Linter (684ms)
✔ [292/295] Built Mathlib.Tactic.Linter.AuxLemma (853ms)
✔ [293/296] Built Mathlib.Tactic.Linter.DeprecatedSyntaxLinter (1.7s)
✔ [294/297] Built Mathlib.Tactic.Linter.DocPrime (1.0s)
✔ [295/298] Built Mathlib.Tactic.Linter.DocString (1.7s)
✔ [296/299] Built Mathlib.Tactic.Linter.EmptyLine (1.3s)
✔ [297/300] Built Mathlib.Tactic.Linter.GlobalAttributeIn (963ms)
✔ [298/301] Built Mathlib.Tactic.Linter.HashCommandLinter (1.3s)
✔ [299/302] Built Mathlib.Tactic.Linter.FlexibleLinter (3.2s)
✔ [300/302] Built Mathlib.Tactic.Linter.Multigoal (1.4s)
✔ [301/304] Built Mathlib.Tactic.Linter.OldObtain (888ms)
✔ [302/305] Built Mathlib.Lean.Elab.Tactic.Meta (796ms)
✔ [303/306] Built Mathlib.Lean.ContextInfo (1.1s)
✔ [304/309] Built Mathlib.Lean.Expr.Basic (1.9s)
✔ [305/311] Built Mathlib.Lean.Environment (865ms)
✔ [306/311] Built Mathlib.Lean.Elab.InfoTree (1.3s)
✔ [307/312] Built Mathlib.Tactic.Linter.PrivateModule (957ms)
✔ [308/313] Built Mathlib.Tactic.Linter.TacticDocumentation (751ms)
✔ [309/313] Built Mathlib.Tactic.Linter.UnusedInstancesInType (1.7s)
✔ [310/315] Built Mathlib.Tactic.Linter.UnusedTacticExtension (991ms)
✔ [311/315] Built Mathlib.Tactic.Linter.OverlappingInstances (2.6s)
✔ [312/316] Built Mathlib.Tactic.Linter.UnusedTactic (1.4s)
✔ [313/316] Built Mathlib.Tactic.DeclarationNames (749ms)
✔ [314/316] Built Mathlib.Tactic.Linter.Whitespace (2.3s)
✔ [315/317] Built Mathlib.Tactic.Linter.Style (3.5s)
✔ [316/319] Built Mathlib.Tactic.TacticAnalysis (2.0s)
✔ [323/328] Built Mathlib.Tactic.MinImports (1.7s)
✔ [324/328] Built Mathlib.Util.ParseCommand (833ms)
✔ [325/328] Built Mathlib.Tactic.ExtractGoal (1.7s)
✔ [326/330] Built Mathlib.Tactic.TypeStar (695ms)
✔ [327/334] Built Mathlib.Tactic.TacticAnalysis.Declarations (4.4s)
✔ [334/342] Built Mathlib.Tactic.Linter.Lint (1.1s)
✔ [335/344] Built Mathlib.Init (1.1s)
✔ [336/344] Built Mathlib.Tactic.Attr.Register (1.8s)
✔ [337/344] Built Mathlib.Lean.Meta.Simp (1.6s)
✔ [338/344] Built Mathlib.Data.Nat.Notation (896ms)
✔ [339/344] Built Mathlib.Data.Int.Notation (843ms)
✔ [340/345] Built Mathlib.Tactic.Push.Attr (1.7s)
✔ [341/345] Built Mathlib.Logic.Basic (4.6s)
✔ [342/346] Built Mathlib.Data.Nat.Init (3.1s)
✔ [343/346] Built Mathlib.Logic.Nontrivial.Defs (1.1s)
✔ [344/346] Built Mathlib.Data.Ordering.Basic (885ms)
✔ [345/348] Built Mathlib.Tactic.ExtendDoc (1.0s)
✔ [346/350] Built Mathlib.Util.AddRelatedDecl (1.9s)
✔ [347/350] Built Mathlib.Tactic.Simps.NotationClass (1.6s)
✔ [348/352] Built Mathlib.Tactic.Translate.Attributes (767ms)
✔ [349/352] Built Mathlib.Tactic.Simps.Basic (8.1s)
✔ [350/352] Built Mathlib.Tactic.Core (2.1s)
✔ [351/353] Built Mathlib.Tactic.SplitIfs (1.7s)
✔ [352/356] Built Mathlib.Tactic.Eqns (920ms)
✔ [353/363] Built Mathlib.Data.String.Defs (929ms)
✔ [354/363] Built Mathlib.Tactic.Translate.Reorder (4.0s)
✔ [355/363] Built Mathlib.Tactic.Translate.GuessName (1.9s)
✔ [356/365] Built Mathlib.Tactic.Translate.UnfoldBoundary (2.6s)
✔ [357/368] Built Mathlib.Tactic.Translate.Core (11s)
✔ [358/368] Built Mathlib.Tactic.Translate.TagUnfoldBoundary (1.6s)
✔ [359/369] Built Mathlib.Tactic.GCongr.ForwardAttr (1.1s)
✔ [360/369] Built Mathlib.Tactic.Translate.ToDual (1.6s)
✔ [361/370] Built Mathlib.Data.Int.DivMod (1.1s)
✔ [362/370] Built Mathlib.Tactic.ToDual (1.1s)
✔ [363/370] Built Mathlib.Data.Set.Defs (2.5s)
✔ [364/372] Built Mathlib.Order.Defs.PartialOrder (2.2s)
✔ [365/372] Built Mathlib.Order.Defs.Unbundled (2.2s)
✔ [366/372] Built Mathlib.Order.Defs.LinearOrder (2.5s)
✔ [367/375] Built Mathlib.Logic.Function.Defs (1.5s)
✔ [368/375] Built Mathlib.Logic.ExistsUnique (1.9s)
✔ [369/375] Built Mathlib.Tactic.GCongr.Core (10s)
✔ [370/375] Built Mathlib.Data.Bool.Basic (1.8s)
✔ [371/375] Built Mathlib.Logic.Nonempty (1.1s)
✔ [372/375] Built Mathlib.Data.Nat.Basic (1.6s)
✔ [373/375] Built Mathlib.Logic.Function.Basic (4.8s)
✔ [374/380] Built Mathlib.Logic.Pairwise (1.2s)
✔ [375/380] Built Mathlib.Tactic.Conv (2.5s)
✔ [376/382] Built Mathlib.Util.AtLocation (1.6s)
✔ [377/382] Built Mathlib.Tactic.Push (4.9s)
✔ [378/382] Built Mathlib.Logic.Function.Conjugate (1.3s)
✔ [379/382] Built Mathlib.Tactic.ByCases (1.1s)
✔ [380/382] Built Mathlib.Logic.Function.Iterate (1.5s)
✔ [381/383] Built Mathlib.Data.Int.Order.Basic (1.6s)
✔ [382/389] Built Mathlib.Logic.IsEmpty.Defs (1.1s)
✔ [383/389] Built Mathlib.Tactic.Inhabit (1.0s)
✔ [384/389] Built Mathlib.Util.CompileInductive (2.7s)
✔ [385/389] Built Mathlib.Logic.Unique (1.5s)
✔ [386/391] Built Mathlib.Data.FunLike.Basic (1.3s)
✔ [387/391] Built Mathlib.Logic.Relator (1.4s)
✔ [388/391] Built Mathlib.Tactic.Use (2.3s)
✔ [389/394] Built Mathlib.Data.FunLike.Embedding (970ms)
✔ [390/394] Built Mathlib.Data.FunLike.Equiv (1.1s)
✔ [391/396] Built Mathlib.Lean.Meta (1.4s)
✔ [392/396] Built Mathlib.Lean.Name (1.3s)
✔ [393/397] Built Mathlib.Tactic.SimpRw (1.6s)
✔ [394/398] Built Mathlib.Tactic.MkIffOfInductiveProp (2.9s)
✔ [395/398] Built Mathlib.Lean.PrettyPrinter.Delaborator (1.3s)
✔ [396/398] Built Mathlib.Logic.Relation (3.6s)
✔ [397/403] Built Mathlib.Lean.Elab.Term (914ms)
✔ [398/405] Built Mathlib.Util.WithWeakNamespace (896ms)
✔ [399/405] Built Mathlib.Data.Subtype (1.8s)
✔ [400/405] Built Mathlib.Tactic.ScopedNS (3.2s)
✔ [401/407] Built Mathlib.Tactic.Substs (1.0s)
✔ [402/407] Built Mathlib.Util.Notation3 (12s)
✔ [404/407] Built Mathlib.Data.Quot (3.3s)
✔ [406/423] Built Mathlib.Logic.Equiv.Defs (6.0s)
✔ [421/423] Built Mathlib.Tactic.Spread (1.7s)
✔ [422/430] Built Mathlib.Order.Notation (2.2s)
✔ [423/431] Built Mathlib.Lean.Meta.CongrTheorems (2.8s)
✔ [424/431] Built Mathlib.Tactic.FastInstance (3.2s)
✔ [425/431] Built Mathlib.Tactic.CongrExclamation (4.4s)
✔ [426/432] Built Mathlib.Tactic.Convert (3.5s)
✔ [427/432] Built Mathlib.Order.Basic (6.0s)
✔ [428/432] Built Mathlib.Data.Set.CoeSort (757ms)
✔ [429/432] Built Mathlib.Order.OrderDual (1.7s)
✔ [430/437] Built Mathlib.Order.Max (1.8s)
✔ [431/437] Built Mathlib.Order.Compare (1.4s)
✔ [433/437] Built Mathlib.Tactic.ToExpr (1.3s)
✔ [435/437] Built Mathlib.Tactic.FBinop (2.8s)
✔ [436/488] Built Mathlib.Data.SProd (1.1s)
✔ [562/566] Built Mathlib.Tactic.Coe (1.0s)
✔ [563/568] Built Mathlib.Data.Set.Operations (2.7s)
✔ [564/569] Built Mathlib.Logic.IsEmpty.Basic (909ms)
✔ [565/569] Built Mathlib.Order.Monotone.Defs (2.5s)
✔ [566/571] Built Mathlib.Tactic.CrossRefAttribute (1.4s)
✔ [567/571] Built Mathlib.Tactic.Choose (1.0s)
✔ [568/571] Built Mathlib.Order.RelClasses (2.3s)
✔ [569/574] Built Mathlib.Tactic.Contrapose (1.1s)
✔ [570/574] Built Mathlib.Order.Monotone.Basic (2.7s)
✔ [571/574] Built Mathlib.Logic.Function.ULift (576ms)
✔ [572/574] Built Mathlib.Order.ULift (903ms)
✔ [573/583] Built Mathlib.Order.Lattice (4.6s)
✔ [602/606] Built Mathlib.Tactic.ApplyCongr (772ms)
✔ [603/606] Built Mathlib.Lean.Meta.Basic (907ms)
✔ [604/606] Built Mathlib.Tactic.ApplyWith (894ms)
✔ [605/609] Built Mathlib.Tactic.ApplyAt (809ms)
✔ [606/610] Built Mathlib.Tactic.PPWithUniv (837ms)
✔ [607/610] Built Mathlib.Tactic.ByContra (855ms)
✔ [608/611] Built Mathlib.Tactic.Basic (1.2s)
✔ [609/612] Built Mathlib.Tactic.CasesM (1.4s)
✔ [610/613] Built Mathlib.Tactic.Check (1.2s)
✔ [611/614] Built Mathlib.Tactic.ClearExclamation (612ms)
✔ [612/614] Built Mathlib.Tactic.ClearExcept (705ms)
✔ [613/617] Built Mathlib.Tactic.Clear_ (706ms)
✔ [614/617] Built Mathlib.Tactic.TermCongr (3.4s)
✔ [615/617] Built Mathlib.Tactic.Constructor (672ms)
✔ [616/620] Built Mathlib.Tactic.CongrM (831ms)
✔ [617/621] Built Mathlib.Lean.MessageData.Trace (699ms)
✔ [618/621] Built Mathlib.Tactic.DefEqTransformations (1.9s)
✔ [619/622] Built Mathlib.Tactic.DefEqAbuse (1.0s)
✔ [620/623] Built Mathlib.Tactic.DeprecateTo (1.4s)
✔ [621/624] Built Mathlib.Tactic.DepRewrite (3.0s)
✔ [622/625] Built Mathlib.Tactic.DSimpPercent (730ms)
✔ [623/626] Built Mathlib.Tactic.ErwQuestion (1.4s)
✔ [624/627] Built Mathlib.Tactic.ExistsI (672ms)
✔ [625/627] Built Mathlib.Tactic.FailIfNoProgress (1.2s)
✔ [626/628] Built Mathlib.Tactic.Find (934ms)
✔ [627/631] Built Mathlib.Tactic.FunProp.Decl (1.2s)
✔ [628/631] Built Mathlib.Tactic.FunProp.Mor (805ms)
✔ [629/631] Built Mathlib.Tactic.FunProp.ToBatteries (1.3s)
✔ [630/634] Built Mathlib.Tactic.FunProp.FunctionData (1.4s)
✔ [631/634] Built Mathlib.Lean.Meta.RefinedDiscrTree.Basic (1.2s)
✔ [632/637] Built Mathlib.Lean.Meta.RefinedDiscrTree.Initialize (1.4s)
✔ [633/638] Built Mathlib.Tactic.FunProp.Types (940ms)
✔ [634/639] Built Mathlib.Lean.Meta.RefinedDiscrTree.Encode (1.2s)
✔ [635/641] Built Mathlib.Lean.Meta.RefinedDiscrTree.Lookup (1.5s)
✔ [636/641] Built Mathlib.Tactic.FunProp.Theorems (1.6s)
✔ [637/642] Built Mathlib.Tactic.FunProp.Core (5.5s)
✔ [638/644] Built Mathlib.Tactic.FunProp.Attr (796ms)
✔ [639/644] Built Mathlib.Tactic.FunProp.Elab (1.5s)
✔ [640/644] Built Mathlib.Tactic.GCongr.CoreAttrs (515ms)
✔ [641/644] Built Mathlib.Tactic.Hint (909ms)
✔ [642/644] Built Mathlib.Tactic.FunProp (657ms)
✔ [643/644] Built Mathlib.Tactic.GCongr (527ms)
✔ [644/649] Built Mathlib.Tactic.GRewrite.Core (5.6s)
✔ [645/649] Built Mathlib.Tactic.GuardGoalNums (590ms)
✔ [646/650] Built Mathlib.Tactic.GRewrite.Elab (1.8s)
✔ [647/650] Built Mathlib.Tactic.GuardHypNums (667ms)
✔ [648/651] Built Mathlib.Tactic.GRewrite (535ms)
✔ [649/651] Built Mathlib.Tactic.HigherOrder (1.1s)
✔ [650/654] Built Mathlib.Tactic.InferParam (890ms)
✔ [651/654] Built Mathlib.Util.TermReduce (854ms)
✔ [652/654] Built Mathlib.Tactic.Lift (1.1s)
✔ [653/656] Built Mathlib.Tactic.IrreducibleDef (1.5s)
✔ [654/657] Built Mathlib.Tactic.Linter.HaveLetLinter (805ms)
✔ [655/659] Built Mathlib.Tactic.Linter.MinImports (1.1s)
✔ [656/660] Built Mathlib.Tactic.Linter.PPRoundtrip (792ms)
✔ [657/661] Built Mathlib.Tactic.Linter.UpstreamableDecl (848ms)
✔ [658/661] Built Mathlib.Tactic.NthRewrite (707ms)
✔ [659/662] Built Mathlib.Tactic.Linter (619ms)
✔ [660/663] Built Mathlib.Tactic.Observe (999ms)
✔ [661/664] Built Mathlib.Tactic.OfNat (549ms)
✔ [662/665] Built Mathlib.Tactic.RSuffices (588ms)
✔ [663/666] Built Mathlib.Tactic.Recover (925ms)
✔ [664/666] Built Mathlib.Tactic.Relation.Rfl (648ms)
✔ [665/669] Built Mathlib.Tactic.Rename (714ms)
✔ [666/670] Built Mathlib.Util.Tactic (542ms)
✔ [667/670] Built Mathlib.Tactic.Says (1.1s)
✔ [668/671] Built Mathlib.Tactic.RenameBVar (766ms)
✔ [669/672] Built Mathlib.Tactic.Set (1.2s)
✔ [670/673] Built Mathlib.Tactic.SimpIntro (1.0s)
✔ [671/674] Built Mathlib.Tactic.Simproc.ExistsAndEq (1.9s)
✔ [672/675] Built Mathlib.Tactic.Subsingleton (1.3s)
✔ [673/676] Built Mathlib.Tactic.SuccessIfFailWithMsg (711ms)
✔ [674/677] Built Mathlib.Tactic.SudoSetOption (942ms)
✔ [675/678] Built Mathlib.Tactic.SwapVar (697ms)
✔ [676/679] Built Mathlib.Tactic.Tauto (2.1s)
✔ [677/680] Built Mathlib.Tactic.ToFun (740ms)
✔ [678/681] Built Mathlib.Tactic.ToLevel (502ms)
✔ [679/682] Built Mathlib.Tactic.Trace (605ms)
✔ [680/682] Built Mathlib.Tactic.UnsetOption (615ms)
✔ [681/691] Built Mathlib.Tactic.Variable (1.0s)
✔ [686/701] Built Mathlib.Tactic.Widget.SelectInsertParamsClass (675ms)
✔ [697/702] Built Mathlib.Tactic.Widget.SelectPanelUtils (1.0s)
✔ [699/703] Built Mathlib.Tactic.Widget.Conv (2.3s)
✔ [700/703] Built Mathlib.Tactic.Widget.Calc (1.4s)
✔ [701/704] Built Mathlib.Tactic.Widget.CongrM (742ms)
✔ [702/705] Built Mathlib.Lean.Meta.RefinedDiscrTree (765ms)
✔ [703/707] Built Mathlib.Lean.GoalsLocation (532ms)
✔ [704/709] Built Mathlib.Lean.Meta.KAbstractPositions (740ms)
✔ [706/709] Built Mathlib.Tactic.WLOG (1.2s)
✔ [707/710] Built Mathlib.Tactic.Widget.LibraryRewrite (3.3s)
✔ [708/711] Built Mathlib.Util.CountHeartbeats (1.0s)
✔ [709/714] Built Mathlib.Util.PrintSorries (992ms)
✔ [710/714] Built Mathlib.Util.TransImports (673ms)
✔ [711/714] Built Mathlib.Util.WhatsNew (873ms)
✔ [712/714] Built Mathlib.Tactic.Common (867ms)
✔ [713/717] Built Mathlib.Data.Fin.Basic (2.3s)
✔ [714/717] Built Mathlib.Control.Functor (880ms)
✔ [715/717] Built Mathlib.Data.List.Defs (1.4s)
✔ [716/719] Built Mathlib.Data.Vector.Defs (1.4s)
✔ [717/723] Built Mathlib.Data.List.Monad (573ms)
✔ [718/723] Built Mathlib.Logic.OpClass (583ms)
✔ [719/723] Built Mathlib.Tactic.Attr.Core (499ms)
✔ [720/723] Built Mathlib.Data.List.Basic (5.6s)
✔ [721/723] Built Mathlib.Data.List.Forall2 (1.8s)
✔ [722/727] Built Mathlib.Data.List.Nodup (2.2s)
✔ [723/729] Built Mathlib.Tactic.Translate.ToAdditive (943ms)
✔ [724/729] Built Mathlib.Tactic.ToAdditive (631ms)
✔ [725/729] Built Mathlib.Data.Nat.BinaryRec (857ms)
✔ [726/732] Built Mathlib.Algebra.Notation.Defs (1.4s)
✔ [727/732] Built Mathlib.Algebra.Regular.Defs (587ms)
✔ [728/732] Built Mathlib.Control.Combinators (509ms)
✔ [729/734] Built Mathlib.Algebra.Group.Defs (4.4s)
✔ [730/734] Built Mathlib.Control.Basic (846ms)
✔ [731/734] Built Mathlib.Data.Option.Defs (563ms)
✔ [732/734] Built Mathlib.Control.Applicative (992ms)
✔ [733/737] Built Mathlib.Control.Traversable.Basic (997ms)
✔ [734/739] Built Mathlib.Data.Int.Init (1.8s)
✔ [735/740] Built Mathlib.Algebra.Group.Basic (6.1s)
✔ [736/740] Built Mathlib.Algebra.Notation.Pi.Defs (1.2s)
✔ [737/741] Built Mathlib.Algebra.Divisibility.Basic (1.4s)
✔ [738/741] Built Mathlib.Algebra.BigOperators.Group.List.Defs (764ms)
✔ [739/741] Built Mathlib.Algebra.Group.Hom.Defs (4.5s)
✔ [740/743] Built Mathlib.Data.List.TakeDrop (2.8s)
✔ [741/745] Built Mathlib.Data.List.InsertIdx (1.2s)
✔ [742/746] Built Mathlib.Data.List.Perm.Basic (1.7s)
✔ [743/748] Built Mathlib.Algebra.Group.Semiconj.Defs (823ms)
✔ [744/748] Built Mathlib.Algebra.Group.Nat.Defs (742ms)
✔ [745/748] Built Mathlib.Algebra.Group.Commute.Defs (1.2s)
✔ [746/748] Built Mathlib.Algebra.Group.Int.Defs (795ms)
✔ [747/750] Built Mathlib.Algebra.BigOperators.Group.List.Basic (3.7s)
✔ [748/750] Built Mathlib.Data.Option.Basic (1.0s)
✔ [749/759] Built Mathlib.Data.Prod.Basic (1.1s)
✔ [750/759] Built Mathlib.Tactic.Finiteness.Attr (576ms)
✔ [751/759] Built Mathlib.Order.BoundedOrder.Basic (1.7s)
✔ [752/759] Built Mathlib.Order.BoundedOrder.Lattice (987ms)
✔ [753/759] Built Mathlib.Order.Disjoint (2.3s)
✔ [754/764] Built Mathlib.Order.PropInstances (1.0s)
✔ [755/764] Built Mathlib.Data.Set.Basic (2.8s)
✔ [756/764] Built Mathlib.Order.GaloisConnection.Defs (1.4s)
✔ [757/764] Built Mathlib.Data.Set.Disjoint (970ms)
✔ [758/764] Built Mathlib.Order.Heyting.Basic (4.7s)
✔ [759/766] Built Mathlib.Data.Set.Insert (2.3s)
✔ [760/766] Built Mathlib.Order.BooleanAlgebra.Defs (1.0s)
✔ [761/766] Built Mathlib.Data.Set.Subsingleton (1.5s)
✔ [762/766] Built Mathlib.Control.EquivFunctor (823ms)
✔ [763/767] Built Mathlib.Order.BooleanAlgebra.Basic (3.1s)
✔ [764/772] Built Mathlib.Logic.Equiv.Option (1.1s)
✔ [765/772] Built Mathlib.Order.BooleanAlgebra.Set (2.5s)
✔ [766/774] Built Mathlib.Data.Sigma.Basic (947ms)
✔ [767/775] Built Mathlib.Logic.Equiv.Prod (9.5s)
✔ [768/776] Built Mathlib.Data.Set.Inclusion (739ms)
✔ [769/781] Built Mathlib.Logic.Equiv.Sum (1.6s)
✔ [770/781] Built Mathlib.Data.Sum.Basic (1.0s)
✔ [771/782] Built Mathlib.Logic.Equiv.Basic (3.3s)
✔ [772/782] Built Mathlib.Order.SymmDiff (2.3s)
✔ [773/782] Built Mathlib.Algebra.GroupWithZero.Defs (1.2s)
✔ [774/782] Built Mathlib.Data.Set.SymmDiff (884ms)
✔ [775/783] Built Mathlib.Data.Set.Image (5.2s)
✔ [776/783] Built Mathlib.Data.Set.Restrict (1.4s)
✔ [777/784] Built Mathlib.Data.Set.Prod (4.3s)
✔ [778/784] Built Mathlib.Algebra.Group.Hom.Basic (2.0s)
✔ [779/784] Built Mathlib.Algebra.Group.InjSurj (2.3s)
✔ [780/787] Built Mathlib.Data.Set.Function (4.2s)
✔ [781/787] Built Mathlib.Logic.Equiv.Set (2.7s)
✔ [782/787] Built Mathlib.Algebra.Notation.Pi.Basic (927ms)
✔ [783/789] Built Mathlib.Data.Fin.SuccPred (3.8s)
✔ [784/790] Built Mathlib.Algebra.Group.Pi.Basic (1.7s)
✔ [785/790] Built Mathlib.Data.Vector.Basic (2.4s)
✔ [786/790] Built Mathlib.Algebra.NeZero (650ms)
✔ [787/790] Built Mathlib.Algebra.Group.Hom.Instances (2.9s)
✔ [788/790] Built Mathlib.Algebra.Opposites (1.3s)
✔ [789/793] Built Mathlib.Algebra.GroupWithZero.NeZero (642ms)
✔ [790/794] Built Mathlib.Data.Nat.Cast.Defs (989ms)
✔ [791/797] Built Mathlib.Data.Int.Cast.Defs (608ms)
✔ [792/797] Built Mathlib.Util.AtomM (801ms)
✔ [793/797] Built Mathlib.Algebra.Ring.Defs (2.2s)
✔ [794/797] Built Mathlib.Data.List.TFAE (605ms)
✔ [795/797] Built Mathlib.Tactic.TFAE (2.8s)
✔ [796/798] Built Mathlib.Algebra.Ring.Basic (1.4s)
✔ [797/803] Built Mathlib.Algebra.Order.Monoid.Unbundled.Defs (1.4s)
✔ [798/805] Built Mathlib.Algebra.Notation.Prod (1.1s)
✔ [799/805] Built Mathlib.Order.MinMax (1.6s)
✔ [800/807] Built Mathlib.Algebra.Order.ZeroLEOne (676ms)
✔ [801/807] Built Mathlib.Algebra.Order.IsBotOne (1.0s)
✔ [802/807] Built Mathlib.Algebra.Order.Monoid.Unbundled.Basic (4.2s)
✔ [803/807] Built Mathlib.Algebra.Order.Monoid.Defs (1.1s)
✔ [804/809] Built Mathlib.Algebra.Order.Sub.Defs (1.3s)
✔ [805/809] Built Mathlib.Algebra.Order.Group.Unbundled.Basic (3.9s)
✔ [806/809] Built Mathlib.Algebra.Group.Equiv.Defs (3.0s)
✔ [807/809] Built Mathlib.Algebra.Order.Group.Defs (1.2s)
✔ [808/814] Built Mathlib.Algebra.Group.Equiv.Basic (2.0s)
✔ [809/814] Built Mathlib.Algebra.Group.Torsion (956ms)
✔ [810/814] Built Mathlib.Algebra.Group.TypeTags.Basic (1.8s)
✔ [811/814] Built Mathlib.Algebra.Group.Opposite (1.6s)
✔ [812/814] Built Mathlib.Algebra.Group.Equiv.Opposite (1.6s)
✔ [813/818] Built Mathlib.Algebra.Group.Even (1.5s)
✔ [814/818] Built Mathlib.Algebra.Group.Units.Defs (2.6s)
✔ [815/818] Built Mathlib.Algebra.Group.Units.Basic (2.4s)
✔ [816/821] Built Mathlib.Algebra.Group.Units.Hom (1.7s)
✔ [817/826] Built Mathlib.Algebra.Group.Units.Equiv (1.3s)
✔ [818/826] Built Mathlib.Data.Prod.PProd (551ms)
✔ [819/826] Built Mathlib.Tactic.Monotonicity.Attr (514ms)
✔ [820/826] Built Mathlib.Logic.Embedding.Basic (1.6s)
✔ [821/826] Built Mathlib.Order.RelIso.Basic (2.8s)
✔ [822/831] Built Mathlib.Order.Hom.Basic (4.6s)
✔ [823/831] Built Mathlib.Algebra.Order.Group.OrderIso (1.0s)
✔ [824/831] Built Mathlib.Order.Lex (702ms)
✔ [825/832] Built Mathlib.Algebra.Order.Group.Lattice (1.1s)
✔ [826/832] Built Mathlib.Algebra.Order.Group.Synonym (2.3s)
✔ [827/832] Built Mathlib.Algebra.Order.Group.Unbundled.Abs (3.1s)
✔ [828/832] Built Mathlib.Algebra.Order.Group.Int (590ms)
✔ [829/834] Built Mathlib.Algebra.Order.Monoid.Unbundled.OrderDual (699ms)
✔ [830/834] Built Mathlib.Algebra.Order.Monoid.Unbundled.Pow (1.9s)
✔ [831/834] Built Mathlib.Data.Int.Basic (843ms)
✔ [832/834] Built Mathlib.Algebra.Order.Group.Abs (2.1s)
✔ [833/835] Built Mathlib.Algebra.Order.Group.Unbundled.Int (993ms)
✔ [834/840] Built Mathlib.Algebra.GroupWithZero.Basic (1.3s)
✔ [835/840] Built Mathlib.Logic.Nontrivial.Basic (568ms)
✔ [836/840] Built Mathlib.Algebra.Order.GroupWithZero.Defs (1.6s)
✔ [837/843] Built Mathlib.Tactic.Nontriviality.Core (1.3s)
✔ [838/844] Built Mathlib.Tactic.Nontriviality (517ms)
✔ [839/844] Built Mathlib.Tactic.Bound.Init (465ms)
✔ [840/845] Built Mathlib.Algebra.GroupWithZero.Units.Basic (1.7s)
✔ [841/845] Built Mathlib.Algebra.Order.Monoid.Unbundled.ExistsOfLE (870ms)
✔ [842/847] Built Mathlib.Tactic.Bound.Attribute (1.2s)
✔ [843/847] Built Mathlib.Algebra.Order.Monoid.NatCast (877ms)
✔ [844/848] Built Mathlib.Algebra.Order.GroupWithZero.Basic (4.6s)
✔ [845/848] Built Mathlib.Algebra.Order.Monoid.Unbundled.MinMax (1.0s)
✔ [846/848] Built Mathlib.Algebra.CharZero.Defs (595ms)
✔ [847/851] Built Mathlib.Algebra.Order.Ring.Unbundled.Basic (3.2s)
✔ [848/851] Built Mathlib.Data.Int.Cast.Basic (815ms)
✔ [849/851] Built Mathlib.Algebra.Ring.GrindInstances (943ms)
✔ [850/855] Built Mathlib.Algebra.Order.Ring.Defs (1.1s)
✔ [851/855] Built Mathlib.Data.Nat.Sqrt (1.3s)
✔ [852/855] Built Mathlib.Data.Int.Sqrt (802ms)
✔ [853/856] Built Mathlib.Algebra.Group.Nat.Even (1.1s)
✔ [854/856] Built Mathlib.Algebra.Group.Int.Even (1.3s)
✔ [855/858] Built Mathlib.Algebra.Divisibility.Hom (830ms)
✔ [856/860] Built Mathlib.Algebra.Group.TypeTags.Hom (1.2s)
✔ [857/860] Built Mathlib.Algebra.Group.Nat.Hom (801ms)
✔ [858/863] Built Mathlib.Algebra.GroupWithZero.Hom (1.3s)
✔ [859/863] Built Mathlib.Algebra.Ring.Hom.Defs (2.4s)
✔ [860/863] Built Mathlib.Algebra.GroupWithZero.Nat (539ms)
✔ [861/863] Built Mathlib.Algebra.Ring.Nat (657ms)
✔ [862/867] Built Mathlib.Data.Nat.Cast.Basic (1.1s)
✔ [863/867] Built Mathlib.Algebra.Group.Semiconj.Units (912ms)
✔ [864/867] Built Mathlib.Algebra.Group.Commute.Units (1.1s)
✔ [865/868] Built Mathlib.Algebra.GroupWithZero.Semiconj (777ms)
✔ [866/868] Built Mathlib.Algebra.GroupWithZero.Commute (806ms)
✔ [867/875] Built Mathlib.Algebra.Ring.Semiconj (648ms)
✔ [868/877] Built Mathlib.Algebra.GroupWithZero.InjSurj (1.1s)
✔ [869/877] Built Mathlib.Data.Bracket (726ms)
✔ [870/877] Built Mathlib.Algebra.Ring.InjSurj (3.5s)
✔ [871/877] Built Mathlib.Algebra.Ring.Int.Defs (971ms)
✔ [872/879] Built Mathlib.Algebra.Ring.Units (1.1s)
✔ [873/879] Built Mathlib.Algebra.Ring.Commute (1.2s)
✔ [874/879] Built Mathlib.Order.Bounds.Defs (639ms)
✔ [875/882] Built Mathlib.Data.Nat.Cast.Commute (843ms)
✔ [876/882] Built Mathlib.Data.Int.GCD (1.5s)
✔ [877/882] Built Mathlib.Algebra.Ring.Parity (2.7s)
✔ [878/882] Built Mathlib.Data.Nat.Cast.NeZero (624ms)
✔ [879/882] Built Mathlib.Algebra.Ring.Int.Parity (1.9s)
✔ [880/882] Built Mathlib.Data.Nat.Cast.Order.Basic (1.5s)
✔ [881/885] Built Mathlib.Algebra.Order.Ring.Int (1.4s)
✔ [882/885] Built Mathlib.Order.Interval.Set.Defs (825ms)
✔ [883/886] Built Mathlib.Algebra.Order.Monoid.Canonical.Defs (1.1s)
✔ [884/888] Built Mathlib.Algebra.Order.Group.Nat (637ms)
✔ [885/889] Built Mathlib.Algebra.Group.WithOne.Defs (1.2s)
✔ [886/889] Built Mathlib.Data.Option.NAry (700ms)
✔ [887/889] Built Mathlib.Algebra.GroupWithZero.Regular (595ms)
✔ [888/891] Built Mathlib.Algebra.Group.WithOne.Map (857ms)
✔ [889/891] Built Mathlib.Algebra.GroupWithZero.Equiv (654ms)
✔ [890/897] Built Mathlib.Algebra.GroupWithZero.WithZero (2.4s)
✔ [891/897] Built Mathlib.Order.TypeTags (611ms)
✔ [892/897] Built Mathlib.Algebra.Regular.Basic (1.1s)
✔ [893/899] Built Mathlib.Order.WithBot (8.8s)
✔ [894/900] Built Mathlib.Algebra.Order.Monoid.Unbundled.WithTop (4.1s)
✔ [895/900] Built Mathlib.Algebra.Order.Monoid.Units (1.2s)
✔ [896/900] Built Mathlib.Algebra.Order.Monoid.WithTop (1.2s)
✔ [897/900] Built Mathlib.Algebra.Order.Monoid.OrderDual (649ms)
✔ [898/904] Built Mathlib.Algebra.Order.Group.Units (716ms)
✔ [899/904] Built Mathlib.Algebra.Order.AddGroupWithTop (1.4s)
✔ [900/907] Built Mathlib.Algebra.Order.Monoid.Unbundled.TypeTags (1.3s)
✔ [901/909] Built Mathlib.Algebra.Order.Monoid.TypeTags (845ms)
✔ [902/909] Built Mathlib.Algebra.Order.Sub.Unbundled.Basic (1.1s)
✔ [903/909] Built Mathlib.Algebra.Order.GroupWithZero.Canonical (5.1s)
✔ [904/909] Built Mathlib.Algebra.Order.GroupWithZero.Synonym (761ms)
✔ [905/909] Built Mathlib.Algebra.Order.Sub.Basic (1.1s)
✔ [906/912] Built Mathlib.Algebra.Order.Ring.Nat (896ms)
✔ [907/912] Built Mathlib.Data.Nat.Cast.Order.Ring (1.3s)
✔ [908/912] Built Mathlib.Data.Nat.Find (959ms)
✔ [909/912] Built Mathlib.Algebra.Order.Ring.Cast (1.5s)
✔ [910/912] Built Mathlib.Data.Int.LeastGreatest (802ms)
✔ [911/914] Built Mathlib.Algebra.Order.Floor.Defs (2.1s)
✔ [912/914] Built Mathlib.Data.Rat.Init (690ms)
✔ [913/920] Built Mathlib.Algebra.Field.Defs (887ms)
✔ [914/921] Built Mathlib.Algebra.Group.Invertible.Defs (933ms)
✔ [915/921] Built Mathlib.Algebra.Order.Ring.Synonym (1.1s)
✔ [916/921] Built Mathlib.Algebra.Group.Invertible.Basic (955ms)
✔ [917/921] Built Mathlib.Algebra.GroupWithZero.Units.Lemmas (856ms)
✔ [918/923] Built Mathlib.Algebra.GroupWithZero.Invertible (773ms)
✔ [919/923] Built Mathlib.Algebra.Ring.Invertible (1.2s)
✔ [920/923] Built Mathlib.Algebra.GroupWithZero.Units.Equiv (742ms)
✔ [921/924] Built Mathlib.Algebra.Field.Basic (2.5s)
✔ [922/925] Built Mathlib.Algebra.Order.GroupWithZero.OrderIso (900ms)
✔ [923/925] Built Mathlib.Algebra.Order.Ring.Basic (1.5s)
✔ [924/930] Built Mathlib.Algebra.Ring.Divisibility.Basic (1.3s)
✔ [925/930] Built Mathlib.Algebra.Group.Nat.Units (550ms)
✔ [926/930] Built Mathlib.Data.Set.Monotone (1.0s)
✔ [927/930] Built Mathlib.Algebra.Group.Int.Units (898ms)
✔ [928/931] Built Mathlib.Algebra.Ring.Int.Units (701ms)
✔ [929/931] Built Mathlib.Algebra.Order.Ring.Abs (1.9s)
✔ [930/932] Built Mathlib.Data.Set.NAry (1.4s)
✔ [931/936] Built Mathlib.Order.Antisymmetrization (1.5s)
✔ [932/939] Built Mathlib.Util.PPOptions (510ms)
✔ [933/939] Built Mathlib.Order.BoundedOrder.Monotone (773ms)
✔ [934/939] Built Mathlib.Util.Delaborators (4.5s)
✔ [935/939] Built Mathlib.Order.Interval.Set.Basic (3.7s)
✔ [936/942] Built Mathlib.Order.Directed (1.4s)
✔ [937/942] Built Mathlib.Order.Bounds.Basic (4.3s)
✔ [938/942] Built Mathlib.Order.WellFounded (1.3s)
✔ [939/943] Built Mathlib.Order.Bounds.Image (1.9s)
✔ [940/944] Built Mathlib.Order.Hom.Set (2.0s)
✔ [941/944] Built Mathlib.Algebra.Order.Invertible (985ms)
✔ [942/944] Built Mathlib.Order.Bounds.OrderIso (736ms)
✔ [943/946] Built Mathlib.Tactic.HaveI (590ms)
✔ [944/950] Built Mathlib.Lean.Expr.Rat (541ms)
✔ [945/951] Built Mathlib.Tactic.NormNum.Result (2.0s)
✔ [946/951] Built Mathlib.Util.Qq (697ms)
✔ [947/951] Built Mathlib.Algebra.Order.Floor.Semiring (2.5s)
✔ [948/952] Built Mathlib.Tactic.NormNum.Core (1.9s)
✔ [949/953] Built Mathlib.Tactic.Positivity.Core (3.3s)
✔ [950/953] Built Mathlib.Util.AtomM.Recurse (731ms)
✔ [951/955] Built Mathlib.Algebra.Order.Field.Basic (4.7s)
✔ [952/955] Built Mathlib.Tactic.NormNum.Basic (4.4s)
✔ [953/955] Built Mathlib.Tactic.TryThis (621ms)
✔ [954/957] Built Mathlib.Tactic.Abel (3.8s)
✔ [955/957] Built Mathlib.Data.Ineq (444ms)
✔ [956/960] Built Mathlib.Tactic.FieldSimp.Attr (451ms)
✔ [957/962] Built Mathlib.Util.DischargerAsTactic (678ms)
✔ [958/962] Built Mathlib.Tactic.FieldSimp.Lemmas (2.1s)
✔ [959/962] Built Mathlib.Tactic.FieldSimp.Discharger (2.2s)
✔ [960/962] Built Mathlib.Util.SynthesizeUsing (543ms)
✔ [961/963] Built Mathlib.Tactic.FieldSimp (11s)
✔ [962/965] Built Mathlib.Algebra.Order.Nonneg.Basic (2.0s)
✔ [963/968] Built Mathlib.Data.Rat.Defs (1.3s)
✔ [964/970] Built Mathlib.Algebra.Ring.Rat (974ms)
✔ [965/971] Built Mathlib.Algebra.Order.Ring.Unbundled.Rat (2.5s)
✔ [966/971] Built Mathlib.Algebra.Group.Semiconj.Basic (692ms)
✔ [967/971] Built Mathlib.Data.NNRat.Defs (1.6s)
✔ [968/971] Built Mathlib.Data.Int.Cast.Lemmas (1.7s)
✔ [969/971] Built Mathlib.Algebra.Group.Commute.Basic (906ms)
✔ [970/973] Built Mathlib.Algebra.Field.Rat (1.2s)
✔ [971/976] Built Mathlib.Algebra.Divisibility.Units (1.1s)
✔ [972/980] Built Mathlib.Algebra.GroupWithZero.Divisibility (1.0s)
✔ [973/981] Built Mathlib.Data.PNat.Notation (538ms)
✔ [974/981] Built Mathlib.Order.Nat (614ms)
✔ [975/984] Built Mathlib.Data.PNat.Defs (842ms)
✔ [976/984] Built Mathlib.Tactic.NormNum.Pow (2.5s)
✔ [977/984] Built Mathlib.Data.Rat.Lemmas (1.4s)
✔ [978/984] Built Mathlib.Data.Rat.Cast.Defs (1.5s)
✔ [979/984] Built Mathlib.Data.Rat.Cast.CharZero (1.2s)
✔ [980/984] Built Mathlib.Tactic.NormNum.Inv (2.2s)
✔ [981/986] Built Mathlib.Tactic.Ring.Common (8.5s)
✔ [982/986] Built Mathlib.Tactic.Ring.Basic (3.8s)
✔ [983/986] Built Mathlib.Tactic.Linarith.Lemmas (1.0s)
✔ [984/986] Built Mathlib.Tactic.Field (1.0s)
✔ [985/991] Built Mathlib.Tactic.Linarith.Datatypes (1.4s)
✔ [986/991] Built Mathlib.Tactic.Linarith.Oracle.SimplexAlgorithm.Datatypes (745ms)
✔ [987/991] Built Mathlib.Tactic.Linarith.Oracle.SimplexAlgorithm.SimplexAlgorithm (878ms)
✔ [988/992] Built Mathlib.Tactic.Linarith.Oracle.SimplexAlgorithm.Gauss (711ms)
✔ [989/992] Built Mathlib.Tactic.Linarith.Oracle.SimplexAlgorithm.PositiveVector (606ms)
✔ [990/992] Built Mathlib.Lean.Meta.Tactic.Rewrite (499ms)
✔ [991/996] Built Mathlib.Tactic.Linarith.Oracle.SimplexAlgorithm (1.5s)
✔ [992/996] Built Mathlib.Data.Tree.Basic (895ms)
✔ [993/996] Built Mathlib.Tactic.Zify (799ms)
✔ [994/998] Built Mathlib.Tactic.CancelDenoms.Core (2.4s)
✔ [995/1000] Built Mathlib.Tactic.Linarith.Preprocessing (2.2s)
✔ [996/1000] Built Mathlib.Tactic.Linarith.Parsing (1.3s)
✔ [997/1000] Built Mathlib.Util.ElabWithoutMVars (525ms)
✔ [998/1000] Built Mathlib.Tactic.Linarith.Verification (1.9s)
✔ [999/1002] Built Mathlib.Tactic.Linarith.Frontend (2.9s)
✔ [1000/1002] Built Mathlib.Algebra.Order.Ring.Canonical (1.2s)
✔ [1001/1004] Built Mathlib.Algebra.Order.Field.Canonical (980ms)
✔ [1002/1004] Built Mathlib.Data.Bool.Set (636ms)
✔ [1003/1006] Built Mathlib.Data.Nat.Set (685ms)
✔ [1004/1010] Built Mathlib.Control.ULift (596ms)
✔ [1005/1014] Built Mathlib.Data.ULift (676ms)
✔ [1006/1015] Built Mathlib.Order.SetNotation (3.6s)
✔ [1007/1015] Built Mathlib.Order.CompleteLattice.Defs (1.6s)
✔ [1008/1015] Built Mathlib.Order.ConditionallyCompleteLattice.Defs (922ms)
✔ [1009/1018] Built Mathlib.Order.CompleteLattice.Basic (4.6s)
✔ [1010/1018] Built Mathlib.Order.GaloisConnection.Basic (2.2s)
✔ [1011/1019] Built Mathlib.Order.CompleteLattice.Lemmas (1.4s)
✔ [1012/1019] Built Mathlib.Order.ConditionallyCompletePartialOrder.Defs (713ms)
✔ [1013/1019] Built Mathlib.Order.CompleteBooleanAlgebra (4.6s)
✔ [1014/1019] Built Mathlib.Order.LatticeIntervals (1.6s)
✔ [1015/1019] Built Mathlib.Data.Set.BooleanAlgebra (774ms)
✔ [1016/1019] Built Mathlib.Data.Set.Lattice (3.6s)
✔ [1017/1020] Built Mathlib.Order.ConditionallyCompletePartialOrder.Basic (951ms)
✔ [1018/1021] Built Mathlib.Order.ConditionallyCompleteLattice.Basic (3.1s)
✔ [1019/1024] Built Mathlib.Data.Set.Order (1.1s)
✔ [1020/1024] Built Mathlib.Order.Interval.Set.Image (1.3s)
✔ [1021/1024] Built Mathlib.Order.Interval.Set.LinearOrder (3.8s)
✔ [1022/1024] Built Mathlib.Order.Interval.Set.UnorderedInterval (2.5s)
✔ [1023/1027] Built Mathlib.Order.Interval.Set.OrderEmbedding (1.2s)
✔ [1024/1027] Built Mathlib.Lean.Expr.ExtraRecognizers (489ms)
✔ [1025/1027] Built Mathlib.Data.Set.Pairwise.Basic (1.7s)
✔ [1026/1034] Built Mathlib.Data.Set.Notation (786ms)
✔ [1027/1037] Built Mathlib.Tactic.SetLike (504ms)
✔ [1028/1039] Built Mathlib.Data.SetLike.Basic (1.0s)
✔ [1029/1039] Built Mathlib.Algebra.Order.Monoid.Basic (796ms)
✔ [1030/1042] Built Mathlib.Order.Preorder.Chain (1.4s)
✔ [1031/1042] Built Mathlib.Algebra.Order.Positive.Ring (1.2s)
✔ [1032/1043] Built Mathlib.Algebra.Order.Ring.InjSurj (771ms)
✔ [1033/1043] Built Mathlib.Order.Antichain (1.5s)
✔ [1034/1043] Built Mathlib.Algebra.Order.Ring.Rat (860ms)
✔ [1035/1043] Built Mathlib.Tactic.NormNum.Abs (1.3s)
✔ [1036/1043] Built Mathlib.Order.Interval.Set.OrdConnected (1.6s)
✔ [1037/1046] Built Mathlib.Order.CompleteLatticeIntervals (2.3s)
✔ [1038/1046] Built Mathlib.Algebra.Order.Nonneg.Lattice (1.1s)
✔ [1039/1046] Built Mathlib.Tactic.NormNum.Eq (1.7s)
✔ [1040/1046] Built Mathlib.Algebra.Order.Nonneg.Ring (1.5s)
✔ [1041/1046] Built Mathlib.Tactic.NormNum.Ineq (3.2s)
✔ [1042/1046] Built Mathlib.Algebra.Order.Nonneg.Field (1.8s)
✔ [1043/1046] Built Mathlib.Tactic.NormNum.DivMod (1.7s)
✔ [1044/1048] Built Mathlib.Algebra.Order.Field.Rat (872ms)
✔ [1045/1049] Built Mathlib.Data.Rat.Cast.Order (2.0s)
✔ [1046/1049] Built Mathlib.Algebra.Notation (729ms)
✔ [1047/1049] Built Mathlib.Data.Nat.Factorial.Basic (1.0s)
✔ [1048/1051] Built Mathlib.Algebra.Order.Group.PosPart (2.3s)
✔ [1049/1053] Built Mathlib.Algebra.Notation.Support (1.6s)
✔ [1050/1060] Built Mathlib.Data.Int.Cast.Field (1.1s)
✔ [1051/1060] Built Mathlib.Data.Int.Cast.Pi (925ms)
✔ [1052/1060] Built Mathlib.Algebra.Order.Hom.Basic (1.4s)
✔ [1053/1060] Built Mathlib.Data.Int.CharZero (885ms)
✔ [1054/1062] Built Mathlib.Tactic.Positivity.Basic (7.5s)
✔ [1055/1062] Built Mathlib.Data.Rat.Cast.Lemmas (981ms)
✔ [1056/1062] Built Mathlib.Data.Fin.Rev (922ms)
✔ [1057/1063] Built Mathlib.Tactic.NormNum.OfScientific (1.4s)
✔ [1058/1063] Built Mathlib.Algebra.Group.Fin.Basic (1.0s)
✔ [1059/1065] Built Mathlib.Tactic.NormNum (832ms)
✔ [1060/1065] Built Mathlib.Algebra.Group.ModEq (1.3s)
✔ [1061/1065] Built Mathlib.Tactic.Linarith (868ms)
✔ [1062/1065] Built Mathlib.Data.Nat.GCD.Basic (1.4s)
✔ [1063/1065] Built Mathlib.Algebra.Order.Floor.Ring (5.6s)
✔ [1064/1068] Built Mathlib.Data.Nat.ModEq (1.8s)
✔ [1065/1068] Built Mathlib.Data.List.Perm.Subperm (862ms)
✔ [1066/1068] Built Mathlib.Data.Multiset.Defs (1.2s)
✔ [1067/1073] Built Mathlib.Data.Finset.Defs (1.3s)
✔ [1068/1076] Built Mathlib.Data.Multiset.ZeroCons (1.9s)
✔ [1069/1076] Built Mathlib.Data.List.Count (954ms)
✔ [1070/1076] Built Mathlib.Data.Multiset.Count (1.1s)
✔ [1071/1076] Built Mathlib.Data.Set.List (668ms)
✔ [1072/1076] Built Mathlib.Data.Multiset.AddSub (1.5s)
✔ [1073/1077] Built Mathlib.Data.Multiset.Replicate (1.0s)
✔ [1074/1077] Built Mathlib.Data.Multiset.MapFold (2.0s)
✔ [1075/1077] Built Mathlib.Data.Finset.Attr (476ms)
✔ [1076/1077] Built Mathlib.Data.Finset.Attach (857ms)
✔ [1077/1080] Built Mathlib.Data.List.Lattice (1.9s)
✔ [1078/1083] Built Mathlib.Data.List.Dedup (942ms)
✔ [1079/1085] Built Mathlib.Data.List.Perm.Lattice (1.2s)
✔ [1080/1086] Built Mathlib.Data.Multiset.Filter (1.6s)
✔ [1081/1086] Built Mathlib.Data.Multiset.Basic (973ms)
✔ [1082/1086] Built Mathlib.Data.Multiset.UnionInter (1.7s)
✔ [1083/1086] Built Mathlib.Data.Finset.Empty (1.2s)
✔ [1084/1086] Built Mathlib.Data.Multiset.Dedup (1.0s)
✔ [1085/1092] Built Mathlib.Data.Finset.Dedup (984ms)
✔ [1086/1093] Built Mathlib.Data.List.Induction (1.4s)
✔ [1087/1093] Built Mathlib.Data.Finset.Erase (950ms)
✔ [1088/1093] Built Mathlib.Data.List.Infix (1.3s)
✔ [1089/1093] Built Mathlib.Data.Finset.Filter (1.3s)
✔ [1090/1095] Built Mathlib.Data.Multiset.FinsetOps (1.2s)
✔ [1091/1095] Built Mathlib.Data.Finset.Insert (2.1s)
✔ [1092/1095] Built Mathlib.Data.Multiset.Range (827ms)
✔ [1093/1098] Built Mathlib.Data.Finset.Disjoint (1.1s)
✔ [1094/1098] Built Mathlib.Data.Finset.Range (1.2s)
✔ [1095/1099] Built Mathlib.Data.Finset.Lattice.Basic (1.4s)
✔ [1096/1099] Built Mathlib.Data.Finset.SDiff (1.3s)
✔ [1097/1099] Built Mathlib.Data.Finset.Lattice.Lemmas (1.1s)
✔ [1098/1103] Built Mathlib.Data.Finset.Basic (2.4s)
✔ [1099/1104] Built Mathlib.Data.Finite.Defs (667ms)
✔ [1100/1105] Built Mathlib.Data.Fintype.Defs (1.9s)
✔ [1101/1105] Built Mathlib.Data.Finset.Image (2.4s)
✔ [1102/1107] Built Mathlib.Data.Fintype.OfMap (921ms)
✔ [1103/1107] Built Mathlib.Data.Finset.BooleanAlgebra (1.3s)
✔ [1104/1107] Built Mathlib.Data.Finset.Card (4.6s)
✔ [1105/1107] Built Mathlib.Data.Finset.SymmDiff (902ms)
✔ [1106/1114] Built Mathlib.Data.Fintype.Sets (1.4s)
✔ [1107/1115] Built Mathlib.Data.Fin.Embedding (1.1s)
✔ [1108/1119] Built Mathlib.Order.Fin.Basic (1.5s)
✔ [1109/1119] Built Mathlib.Data.List.Duplicate (992ms)
✔ [1110/1119] Built Mathlib.Data.Fin.Tuple.Basic (3.2s)
✔ [1111/1119] Built Mathlib.Data.List.OfFn (1.1s)
✔ [1112/1119] Built Mathlib.Data.List.Sort (2.9s)
✔ [1113/1122] Built Mathlib.Data.List.FinRange (1.0s)
✔ [1114/1122] Built Mathlib.Data.List.NodupEquivFin (1.3s)
✔ [1115/1125] Built Mathlib.Data.Fintype.Basic (1.6s)
✔ [1116/1125] Built Mathlib.Data.PNat.Equiv (551ms)
✔ [1117/1125] Built Mathlib.Data.Fintype.Card (1.4s)
✔ [1118/1125] Built Mathlib.Tactic.Ring.RingNF (2.1s)
✔ [1119/1125] Built Mathlib.Data.PNat.Basic (1.6s)
✔ [1120/1125] Built Mathlib.Data.Fintype.EquivFin (1.5s)
✔ [1121/1125] Built Mathlib.Tactic.Ring.PNat (905ms)
✔ [1122/1126] Built Mathlib.Data.ZMod.Defs (1.4s)
✔ [1123/1129] Built Mathlib.Tactic.Ring (827ms)
✔ [1124/1129] Built Mathlib.Data.List.Pairwise (722ms)
✔ [1125/1129] Built EvmYul.UInt256 (2.9s)
✔ [1126/1129] Built Mathlib.Data.List.Lookmap (715ms)
✔ [1127/1129] Built Mathlib.Data.List.Sigma (2.0s)
✔ [1128/1131] Built Mathlib.Data.List.AList (1.6s)
✔ [1129/1134] Built Mathlib.Data.Multiset.Fold (1.3s)
✔ [1130/1135] Built Mathlib.Data.Finset.Fold (1.3s)
✔ [1131/1135] Built Mathlib.Algebra.Order.Group.Multiset (1.2s)
✔ [1132/1135] Built Mathlib.Data.Multiset.Lattice (1.2s)
✔ [1133/1136] Built Mathlib.Data.Multiset.Sum (1.1s)
✔ [1134/1139] Built Mathlib.Data.Finset.Sum (1.7s)
✔ [1135/1140] Built Mathlib.Order.Hom.Bounded (2.6s)
✔ [1136/1140] Built Mathlib.Order.Hom.Lattice (2.5s)
✔ [1137/1140] Built Mathlib.Data.Set.Sigma (2.5s)
✔ [1138/1140] Built Mathlib.Order.Hom.BoundedLattice (3.1s)
✔ [1139/1141] Built Mathlib.Data.Finset.Lattice.Fold (5.7s)
✔ [1140/1145] Built Mathlib.Data.List.Flatten (942ms)
✔ [1141/1147] Built Mathlib.Data.List.Lex (1.3s)
✔ [1142/1147] Built Mathlib.Data.List.Rotate (1.5s)
✔ [1143/1148] Built Mathlib.Data.List.Chain (2.1s)
✔ [1144/1148] Built Mathlib.Data.List.ProdSigma (823ms)
✔ [1145/1153] Built Mathlib.Data.List.Range (928ms)
✔ [1146/1153] Built Mathlib.Algebra.BigOperators.Group.Multiset.Defs (1.2s)
✔ [1147/1156] Built Mathlib.Algebra.BigOperators.Group.List.Lemmas (1.3s)
✔ [1148/1158] Built Mathlib.Algebra.Group.Prod (3.1s)
✔ [1149/1158] Built Mathlib.Data.Set.Lattice.Image (3.3s)
✔ [1150/1162] Built Mathlib.Algebra.BigOperators.Group.Multiset.Basic (1.8s)
✔ [1151/1162] Built Mathlib.Data.Part (2.0s)
✔ [1152/1162] Built Mathlib.Data.Multiset.Bind (1.5s)
✔ [1153/1162] Built EvmYul.FFI.ffi (353ms)
✔ [1154/1164] Built Mathlib.Data.Finset.Union (2.0s)
✔ [1155/1165] Built Mathlib.Data.Finset.Option (1.1s)
✔ [1156/1165] Built EvmYul.SpongeHash.Keccak256 (386ms)
✔ [1157/1165] Built Mathlib.Order.CompleteLattice.Finset (1.8s)
✔ [1158/1165] Built Mathlib.Data.Finset.Sigma (1.4s)
✔ [1159/1168] Built Mathlib.Data.Finmap (2.0s)
✔ [1160/1168] Built EvmYul.Wheels (2.1s)
✔ [1161/1168] Built Mathlib.Data.Multiset.Sort (1.1s)
✔ [1162/1168] Built EvmYul.Maps.ByteMap (1.2s)
⚠ [1163/1169] Built Conform.Wheels (1.3s)
warning: Conform/Wheels.lean:106:47: `IsAntisymm` has been deprecated: Use `Std.Antisymm` instead

Note: The updated constant has a different type:
  {α : Sort u} → (α → α → Prop) → Prop
instead of
  (α : Sort u_1) → (α → α → Prop) → Prop
warning: Conform/Wheels.lean:106:70: `IsTotal` has been deprecated: Use `Std.Total` instead

Note: The updated constant has a different type:
  {α : Sort u} → (α → α → Prop) → Prop
instead of
  (α : Sort u_1) → (α → α → Prop) → Prop
✔ [1164/1169] Built EvmYul.MachineState (1.2s)
✔ [1165/1169] Built EvmYul.Yul.Wheels (1.1s)
✔ [1166/1169] Built EvmYul.Operations (2.8s)
✔ [1167/1169] Built EvmYul.MachineStateOps (1.3s)
⚠ [1168/1172] Built EvmYul.Pretty (1.2s)
warning: EvmYul/Pretty.lean:35:32: `IsAntisymm` has been deprecated: Use `Std.Antisymm` instead

Note: The updated constant has a different type:
  {α : Sort u} → (α → α → Prop) → Prop
instead of
  (α : Sort u_1) → (α → α → Prop) → Prop
warning: EvmYul/Pretty.lean:36:32: `IsTotal` has been deprecated: Use `Std.Total` instead

Note: The updated constant has a different type:
  {α : Sort u} → (α → α → Prop) → Prop
instead of
  (α : Sort u_1) → (α → α → Prop) → Prop
✔ [1169/1172] Built EvmYul.State.BlockHeader (1.6s)
✔ [1170/1172] Built EvmYul.Yul.Ast (1.8s)
✔ [1171/1177] Built EvmYul.State.ExecutionEnv (1.4s)
✔ [1172/1178] Built EvmYul.PerformIO (262ms)
✔ [1173/1178] Built EvmYul.State.TrieRoot (1.4s)
✔ [1174/1178] Built EvmYul.Maps.StorageMap (1.2s)
✔ [1175/1180] Built EvmYul.State.Account (1.6s)
✔ [1176/1180] Built EvmYul.State.Substate (1.9s)
✔ [1177/1186] Built EvmYul.State.AccountOps (1.3s)
✔ [1178/1187] Built EvmYul.State.Transaction (1.8s)
✔ [1179/1187] Built EvmYul.Maps.AccountMap (1.4s)
✔ [1180/1188] Built EvmYul.EVM.Exception (1.6s)
✔ [1181/1188] Built EvmYul.State.Withdrawal (1.4s)
✔ [1182/1189] Built EvmYul.State.Block (2.1s)
✔ [1183/1191] Built EvmYul.State (1.3s)
✔ [1184/1191] Built EvmYul.State.SubstateOps (1.4s)
✔ [1185/1194] Built EvmYul.SharedState (1.2s)
✔ [1186/1194] Built EvmYul.EVM.GasConstants (1.3s)
✔ [1187/1194] Built EvmYul.Yul.State (1.3s)
✔ [1188/1194] Built Mathlib.Data.List.Intervals (1.1s)
✔ [1189/1196] Built EvmYul.StateOps (1.4s)
✔ [1190/1196] Built EvmYul.Yul.StateOps (2.3s)
✔ [1191/1196] Built EvmYul.Yul.Exception (1.4s)
✔ [1192/1196] Built EvmYul.SharedStateOps (1.3s)
✔ [1193/1198] Built EvmYul.Data.Stack (401ms)
✔ [1194/1198] Built EvmYul.Yul.PrimOps (1.4s)
✔ [1195/1200] Built EvmYul.EVM.State (1.3s)
✔ [1196/1201] Built EvmYul.EVM.StateOps (1.3s)
✔ [1197/1201] Built Mathlib.Algebra.Ring.Equiv (4.1s)
✔ [1198/1202] Built EvmYul.EVM.PrimOps (1.5s)
✔ [1199/1202] Built Mathlib.Data.Array.Defs (518ms)
✔ [1200/1202] Built Mathlib.Data.BitVec (1.0s)
✔ [1201/1204] Built EvmYul.State.TransactionOps (1.3s)
✔ [1202/1205] Built Mathlib.Data.Nat.Log (1.7s)
✔ [1203/1205] Built EvmYul.EVM.Instr (2.0s)
✔ [1204/1207] Built EvmYul.EVM.Gas (2.0s)
✔ [1205/1208] Built EvmYul.EllipticCurves (1.2s)
✔ [1206/1209] Built EvmYul.SHA256 (1.2s)
✔ [1207/1210] Built EvmYul.RIP160 (1.5s)
✔ [1208/1211] Built EvmYul.BN_ADD (1.2s)
✔ [1209/1212] Built EvmYul.BN_MUL (1.3s)
✔ [1210/1215] Built EvmYul.SNARKV (1.5s)
✔ [1211/1216] Built EvmYul.BLAKE2_F (1.2s)
✔ [1212/1216] Built EvmYul.PointEval (1.4s)
✔ [1213/1218] Built EvmYul.EVM.PrecompiledContracts (2.4s)
⚠ [1214/1219] Built EvmYul.Semantics (2.1s)
warning: EvmYul/Semantics.lean:1:0: 'Mathlib.Data.Array.Defs' has been deprecated: please replace this import by

import Mathlib.Init
✔ [1215/1219] Built EvmYul.Yul.SizeLemmas (1.8s)
⚠ [1216/1221] Built EvmYul.EVM.Semantics (3.5s)
warning: EvmYul/EVM/Semantics.lean:1:0: 'Mathlib.Data.Array.Defs' has been deprecated: please replace this import by

import Mathlib.Init
✔ [1217/1221] Built EvmYul.Yul.MachineState (1.4s)
✔ [1218/1222] Built EvmYul.Yul.Interpreter (12s)
✔ [1219/1222] Built EvmYul.Yul.YulNotation (3.2s)
✔ [1220/1222] Built Compiler.Constants (287ms)
✔ [1221/1226] Built EvmYul (1.2s)
✔ [1222/1233] Built Compiler.Keccak.SpongeProperties (302ms)
✔ [1223/1233] Built Compiler.Proofs.IRGeneration.IRStorageWord (1.3s)
✔ [1224/1233] Built Compiler.Proofs.KeccakBound (1.6s)
✔ [1225/1239] Built Verity.Core.Semantics (1.3s)
✔ [1226/1239] Built LidoSRv3.Audit.Allocation (1.5s)
✔ [1227/1239] Built Compiler.Proofs.MappingSlot (1.6s)
✔ [1228/1239] Built Verity.Proofs.Stdlib.Automation (3.5s)
✔ [1229/1239] Built LidoSRv3.Audit.MinFirstAllocation (2.4s)
✔ [1230/1239] Built LidoSRv3.Audit.Strategy (1.3s)
✔ [1231/1239] Built Contracts.Common (4.8s)
✔ [1232/1239] Built LidoSRv3.Audit.Source.MinFirstAmountCorrespondence (2.2s)
✔ [1233/1239] Built LidoSRv3.Audit.Source.MinFirstCorrespondence (1.1s)
✔ [1234/1239] Built LidoSRv3.Audit.StrategyProofs (1.2s)
✔ [1235/1239] Built LidoSRv3.Audit.Verity.AllocCapacityPhase3 (3.2s)
✔ [1236/1239] Built LidoSRv3.Audit.Verity.MinFirstAmountTx (2.8s)
✔ [1237/1239] Built LidoSRv3.Audit.Verity.AllocationTx (3.7s)
✔ [1238/1245] Built LidoSRv3.Audit.Guarantees.PAlloc1 (1.7s)
✔ [1239/1245] Built Verity.Core.Free.IRStepAttr (591ms)
✔ [1240/1245] Built Compiler.Proofs.IRGeneration.ExprCore (4.1s)
✔ [1241/1246] Built Verity.Core.Free.TypedIR (2.0s)
✔ [1242/1247] Built Compiler.TypedIRCompiler (21s)
✔ [1243/1247] Built Compiler.Proofs.IRGeneration.IRRuntimeTypes (1.3s)
✔ [1244/1247] Built Compiler.TypedIRCompilerCorrectness (13s)
✔ [1245/1247] Built Compiler.Proofs.YulGeneration.LogNames (261ms)
✔ [1246/1249] Built Compiler.Proofs.IRGeneration.SupportedFragment (1.5s)
✔ [1247/1249] Built Compiler.Proofs.YulGeneration.Calldata (447ms)
✔ [1248/1250] Built Compiler.Proofs.YulGeneration.Backends.EvmYulLeanNativeLowering (6.6s)
✔ [1249/1268] Built Compiler.Proofs.YulGeneration.Backends.EvmYulLeanSignedArithSpec (401ms)
✔ [1250/1268] Built Mathlib.Data.List.GetD (688ms)
✔ [1251/1268] Built Mathlib.Data.Nat.Bits (865ms)
✔ [1252/1268] Built LidoSRv3.Audit.Guarantees.PTopup2 (1.1s)
✔ [1253/1276] Built LidoSRv3.Audit.Source.DepositCorrespondence (1.7s)
✔ [1254/1279] Built Mathlib.Data.Nat.Bitwise (2.0s)
✔ [1255/1279] Built LidoSRv3.Audit.Verity.DepositParentTx (4.4s)
✔ [1256/1279] Built Verity.Core.Model.MultiContract (1.6s)
✔ [1257/1352] Built LidoSRv3.Audit.Ssz (581ms)
✔ [1258/1352] Built Compiler.Proofs.YulGeneration.Backends.EvmYulLeanNativeSignedArithLemmas (4.1s)
✔ [1259/1352] Built Mathlib.Data.Nat.Pairing (875ms)
✔ [1260/1352] Built LidoSRv3.Audit.Source.GIndexConcatCorrespondence (507ms)
⚠ [1261/1369] Built LidoSRv3.Audit.Verity.DepositNFrameTx (2.4s)
warning: LidoSRv3/Audit/Verity/DepositNFrameTx.lean:299:26: This simp argument is unused:
  Nat.add_assoc

Hint: Omit it from the simp argument list.
  simp [afterBatches, N̵a̵t̵.̵a̵d̵d̵_̵a̵s̵s̵o̵c̵,̵ ̵Nat.add_comm, Nat.add_left_comm]

Note: This linter can be disabled with `set_option linter.unusedSimpArgs false`
warning: LidoSRv3/Audit/Verity/DepositNFrameTx.lean:448:25: This simp argument is unused:
  Nat.add_assoc

Hint: Omit it from the simp argument list.
  simp [afterPushes, N̵a̵t̵.̵a̵d̵d̵_̵a̵s̵s̵o̵c̵,̵ ̵Nat.add_comm, Nat.add_left_comm]

Note: This linter can be disabled with `set_option linter.unusedSimpArgs false`
warning: LidoSRv3/Audit/Verity/DepositNFrameTx.lean:505:13: This simp argument is unused:
  Bind.bind

Hint: Omit it from the simp argument list.
  simp only [B̵i̵n̵d̵.̵b̵i̵n̵d̵,̵ ̵_root_.Verity.bind, hValueGuard, _root_.Verity.require, if_true]

Note: This linter can be disabled with `set_option linter.unusedSimpArgs false`
warning: LidoSRv3/Audit/Verity/DepositNFrameTx.lean:505:24: This simp argument is unused:
  _root_.Verity.bind

Hint: Omit it from the simp argument list.
  simp only [Bind.bind, _̵r̵o̵o̵t̵_̵.̵V̵e̵r̵i̵t̵y̵.̵b̵i̵n̵d̵,̵ ̵hValueGuard, _root_.Verity.require, if_true]

Note: This linter can be disabled with `set_option linter.unusedSimpArgs false`
warning: LidoSRv3/Audit/Verity/DepositNFrameTx.lean:505:57: This simp argument is unused:
  _root_.Verity.require

Hint: Omit it from the simp argument list.
  simp only [Bind.bind, _root_.Verity.bind, hValueGuard, _̵r̵o̵o̵t̵_̵.̵V̵e̵r̵i̵t̵y̵.̵r̵e̵q̵u̵i̵r̵e̵,̵ ̵if_true]

Note: This linter can be disabled with `set_option linter.unusedSimpArgs false`
warning: LidoSRv3/Audit/Verity/DepositNFrameTx.lean:507:13: This simp argument is unused:
  Bind.bind

Hint: Omit it from the simp argument list.
  simp only [B̵i̵n̵d̵.̵b̵i̵n̵d̵,̵ ̵_root_.Verity.bind]

Note: This linter can be disabled with `set_option linter.unusedSimpArgs false`
warning: LidoSRv3/Audit/Verity/DepositNFrameTx.lean:507:24: This simp argument is unused:
  _root_.Verity.bind

Hint: Omit it from the simp argument list.
  simp only [Bind.bind,̵ ̵_̵r̵o̵o̵t̵_̵.̵V̵e̵r̵i̵t̵y̵.̵b̵i̵n̵d̵]

Note: This linter can be disabled with `set_option linter.unusedSimpArgs false`
warning: LidoSRv3/Audit/Verity/DepositNFrameTx.lean:509:13: This simp argument is unused:
  Bind.bind

Hint: Omit it from the simp argument list.
  simp only [B̵i̵n̵d̵.̵b̵i̵n̵d̵,̵ ̵_root_.Verity.bind, DepositParentTx.getState, hClose,
  ̵  ̵ ̵ ̵beq_self_eq_true,
  ̲  ̲ ̲ ̲_root_.Verity.require, if_true, committedState, entry, processed, pulled]

Note: This linter can be disabled with `set_option linter.unusedSimpArgs false`
warning: LidoSRv3/Audit/Verity/DepositNFrameTx.lean:509:24: This simp argument is unused:
  _root_.Verity.bind

Hint: Omit it from the simp argument list.
  simp only [Bind.bind, _̵r̵o̵o̵t̵_̵.̵V̵e̵r̵i̵t̵y̵.̵b̵i̵n̵d̵,̵ ̵DepositParentTx.getState, hClose,
  ̵  ̵ ̵ ̵beq_self_eq_true, _root_.Verity.require,
  ̲  ̲ ̲ ̲if_true, committedState, entry, processed, pulled]

Note: This linter can be disabled with `set_option linter.unusedSimpArgs false`
warning: LidoSRv3/Audit/Verity/DepositNFrameTx.lean:509:44: This simp argument is unused:
  DepositParentTx.getState

Hint: Omit it from the simp argument list.
  simp only [Bind.bind, _root_.Verity.bind, D̵e̵p̵o̵s̵i̵t̵P̵a̵r̵e̵n̵t̵T̵x̵.̵g̵e̵t̵S̵t̵a̵t̵e̵,̵ ̵hClose, beq_self_eq_true, _root_.Verity.require,
  ̲  ̲ ̲ ̲if_true, committedState, entry, processed, pulled]

Note: This linter can be disabled with `set_option linter.unusedSimpArgs false`
warning: LidoSRv3/Audit/Verity/DepositNFrameTx.lean:510:22: This simp argument is unused:
  _root_.Verity.require

Hint: Omit it from the simp argument list.
  simp only [Bind.bind, _root_.Verity.bind, DepositParentTx.getState, hClose,
  ̵  ̵ ̵ ̵beq_self_eq_true,
  ̲ _̵r̵o̵o̵t̵_̵.̵V̵e̵r̵i̵t̵y̵.̵r̵e̵q̵u̵i̵r̵e̵,̵  ̲ ̲if_true, committedState, entry, processed, pulled]

Note: This linter can be disabled with `set_option linter.unusedSimpArgs false`
warning: LidoSRv3/Audit/Verity/DepositNFrameTx.lean:553:6: This simp argument is unused:
  List.drop_left

Hint: Omit it from the simp argument list.
  simp [observe, sourceObservables, committed_balance inputs state h, committed_calls,̵
  ̵ ̵ ̵ ̵ ̵ ̵ ̵L̵i̵s̵t̵.̵d̵r̵o̵p̵_̵l̵e̵f̵t̵]

Note: This linter can be disabled with `set_option linter.unusedSimpArgs false`
✔ [1262/1369] Built Verity.Core.Model.DenoteFunctionCalls (1.5s)
✔ [1263/1369] Built Compiler.Sha256.Engine (473ms)
✔ [1264/1369] Built LidoSRv3.Audit.AddressEquivariance (1.1s)
✔ [1265/1369] Built LidoSRv3.Audit.Source.AccountingCorrespondence (1.7s)
✔ [1266/1369] Built LidoSRv3.Audit.Source.ConsolidationCorrespondence (1.8s)
✔ [1267/1369] Built LidoSRv3.Audit.Source.TopupCorrespondence (2.3s)
✔ [1268/1369] Built LidoSRv3.Audit.Spec.Eip4788AnchorChild (492ms)
✔ [1269/1369] Built LidoSRv3.Audit.Spec.Topup2WeiConversionChild (1.0s)
⚠ [1270/1369] Built LidoSRv3.Audit.Source.ReserveCorrespondence (9.7s)
warning: LidoSRv3/Audit/Source/ReserveCorrespondence.lean:410:53: This simp argument is unused:
  setStorage

Hint: Omit it from the simp argument list.
  simp [ReserveContract.withdrawWithGuards, ReserveContract.withdraw,
  ̵  ̵ ̵ ̵ ̵ ̵ ̵ ̵ ̵ ̵observeVerity, specTx,
  ̲  ̲ ̲ ̲ ̲ ̲ ̲ ̲ ̲ ̲modelWithdrawDepositableEther,
  ̵  ̵ ̵ ̵ ̵ ̵ ̵ ̵ ̵ ̵spendDepositableEther, getBufferedEtherAllocation, decode,
            min, minWord, requireSomeUint, getStorage, s̵e̵t̵S̵t̵o̵r̵a̵g̵e̵,̵
  ̵ ̵ ̵ ̵ ̵ ̵ ̵ ̵ ̵ ̵ ̵ContractState.readSlot,
  ̲  ̲ ̲ ̲ ̲ ̲ ̲ ̲ ̲ ̲ContractState.writeSlot, Verity.require,
  ̵  ̵ ̵ ̵ ̵ ̵ ̵ ̵ ̵ ̵Verity.bind, Bind.bind, Pure.pure, Contract.run,
            hzero, hdeposits, depositsReserve, hremaining]

Note: This linter can be disabled with `set_option linter.unusedSimpArgs false`
warning: LidoSRv3/Audit/Source/ReserveCorrespondence.lean:411:34: This simp argument is unused:
  ContractState.writeSlot

Hint: Omit it from the simp argument list.
  simp [ReserveContract.withdrawWithGuards, ReserveContract.withdraw, observeVerity, specTx,
  ̲  ̲ ̲ ̲ ̲ ̲ ̲ ̲ ̲ ̲modelWithdrawDepositableEther, spendDepositableEther, getBufferedEtherAllocation, decode,
            min, minWord, requireSomeUint, getStorage, setStorage, ContractState.readSlot,
  ̲  ̲ ̲ ̲ ̲ ̲ ̲ ̲ ̲ ̲C̵o̵n̵t̵r̵a̵c̵t̵S̵t̵a̵t̵e̵.̵w̵r̵i̵t̵e̵S̵l̵o̵t̵,̵ ̵Verity.require, Verity.bind, Bind.bind, Pure.pure, Contract.run, hzero, hdeposits,
  ̲  ̲ ̲ ̲ ̲ ̲ ̲ ̲ ̲ ̲depositsReserve, hremaining]

Note: This linter can be disabled with `set_option linter.unusedSimpArgs false`
warning: LidoSRv3/Audit/Source/ReserveCorrespondence.lean:413:28: This simp argument is unused:
  depositsReserve

Hint: Omit it from the simp argument list.
  simp [ReserveContract.withdrawWithGuards, ReserveContract.withdraw,
  ̵  ̵ ̵ ̵ ̵ ̵ ̵ ̵ ̵ ̵observeVerity, specTx,
  ̲  ̲ ̲ ̲ ̲ ̲ ̲ ̲ ̲ ̲modelWithdrawDepositableEther,
  ̵  ̵ ̵ ̵ ̵ ̵ ̵ ̵ ̵ ̵spendDepositableEther, getBufferedEtherAllocation, decode,
            min, minWord, requireSomeUint, getStorage, setStorage,
  ̵  ̵ ̵ ̵ ̵ ̵ ̵ ̵ ̵ ̵ContractState.readSlot,
  ̲  ̲ ̲ ̲ ̲ ̲ ̲ ̲ ̲ ̲ContractState.writeSlot, Verity.require,
  ̵  ̵ ̵ ̵ ̵ ̵ ̵ ̵ ̵ ̵Verity.bind, Bind.bind, Pure.pure, Contract.run,
            hzero, hdeposits, d̵e̵p̵o̵s̵i̵t̵s̵R̵e̵s̵e̵r̵v̵e̵,̵ ̵hremaining]

Note: This linter can be disabled with `set_option linter.unusedSimpArgs false`
warning: LidoSRv3/Audit/Source/ReserveCorrespondence.lean:427:57: This simp argument is unused:
  setStorage

Hint: Omit it from the simp argument list.
  simp [ReserveContract.withdrawWithGuards, ReserveContract.withdraw, observeVerity,
  ̲  ̲ ̲ ̲ ̲ ̲ ̲ ̲ ̲ ̲ ̲ ̲ ̲ ̲specTx, modelWithdrawDepositableEther, spendDepositableEther,
  ̲  ̲ ̲ ̲ ̲ ̲ ̲ ̲ ̲ ̲ ̲ ̲ ̲ ̲getBufferedEtherAllocation, decode, min, minWord, requireSomeUint, getStorage,
  ̲  ̲ ̲ ̲ ̲ ̲ ̲ ̲ ̲ ̲ ̲ ̲ ̲ ̲s̵e̵t̵S̵t̵o̵r̵a̵g̵e̵,̵ContractState.readSlot, ContractState.writeSlot, Verity.require, Verity.bind,
                Bind.bind, Pure.pure, Contract.run, hzero, hdeposits, hwithdrawals, depositsReserve,
  ̲  ̲ ̲ ̲ ̲ ̲ ̲ ̲ ̲ ̲ ̲ ̲ ̲ ̲withdrawalsReserve, hremaining, hunreserved]

Note: This linter can be disabled with `set_option linter.unusedSimpArgs false`
warning: LidoSRv3/Audit/Source/ReserveCorrespondence.lean:428:38: This simp argument is unused:
  ContractState.writeSlot

Hint: Omit it from the simp argument list.
  simp [ReserveContract.withdrawWithGuards, ReserveContract.withdraw, observeVerity,
  ̲  ̲ ̲ ̲ ̲ ̲ ̲ ̲ ̲ ̲ ̲ ̲ ̲ ̲specTx, modelWithdrawDepositableEther, spendDepositableEther,
  ̲  ̲ ̲ ̲ ̲ ̲ ̲ ̲ ̲ ̲ ̲ ̲ ̲ ̲getBufferedEtherAllocation, decode, min, minWord, requireSomeUint, getStorage,
  ̲  ̲ ̲ ̲ ̲ ̲ ̲ ̲ ̲ ̲ ̲ ̲ ̲ ̲setStorage, ContractState.readSlot, C̵o̵n̵t̵r̵a̵c̵t̵S̵t̵a̵t̵e̵.̵w̵r̵i̵t̵e̵S̵l̵o̵t̵,̵ ̵Verity.require, Verity.bind, Bind.bind, Pure.pure,
  ̲  ̲ ̲ ̲ ̲ ̲ ̲ ̲ ̲ ̲ ̲ ̲ ̲ ̲Contract.run, hzero, hdeposits, hwithdrawals, depositsReserve, withdrawalsReserve,
  ̲  ̲ ̲ ̲ ̲ ̲ ̲ ̲ ̲ ̲ ̲ ̲ ̲ ̲hremaining, hunreserved]

Note: This linter can be disabled with `set_option linter.unusedSimpArgs false`
warning: LidoSRv3/Audit/Source/ReserveCorrespondence.lean:430:46: This simp argument is unused:
  depositsReserve

Hint: Omit it from the simp argument list.
  simp [ReserveContract.withdrawWithGuards, ReserveContract.withdraw, observeVerity,
  ̲  ̲ ̲ ̲ ̲ ̲ ̲ ̲ ̲ ̲ ̲ ̲ ̲ ̲specTx, modelWithdrawDepositableEther, spendDepositableEther,
  ̲  ̲ ̲ ̲ ̲ ̲ ̲ ̲ ̲ ̲ ̲ ̲ ̲ ̲getBufferedEtherAllocation, decode, min, minWord, requireSomeUint, getStorage,
  ̲  ̲ ̲ ̲ ̲ ̲ ̲ ̲ ̲ ̲ ̲ ̲ ̲ ̲setStorage, ContractState.readSlot, ContractState.writeSlot, Verity.require,
                Verity.bind, Bind.bind, Pure.pure, Contract.run, hzero, hdeposits, hwithdrawals,
  ̲  ̲ ̲ ̲ ̲ ̲ ̲ ̲ ̲ ̲ ̲ ̲ ̲ ̲d̵e̵p̵o̵s̵i̵t̵s̵R̵e̵s̵e̵r̵v̵e̵,̵withdrawalsReserve, hremaining, hunreserved]

Note: This linter can be disabled with `set_option linter.unusedSimpArgs false`
warning: LidoSRv3/Audit/Source/ReserveCorrespondence.lean:431:14: This simp argument is unused:
  withdrawalsReserve

Hint: Omit it from the simp argument list.
  simp [ReserveContract.withdrawWithGuards, ReserveContract.withdraw, observeVerity,
  ̲  ̲ ̲ ̲ ̲ ̲ ̲ ̲ ̲ ̲ ̲ ̲ ̲ ̲specTx, modelWithdrawDepositableEther, spendDepositableEther,
  ̲  ̲ ̲ ̲ ̲ ̲ ̲ ̲ ̲ ̲ ̲ ̲ ̲ ̲getBufferedEtherAllocation, decode, min, minWord, requireSomeUint, getStorage,
  ̲  ̲ ̲ ̲ ̲ ̲ ̲ ̲ ̲ ̲ ̲ ̲ ̲ ̲setStorage, ContractState.readSlot, ContractState.writeSlot, Verity.require,
                Verity.bind, Bind.bind, Pure.pure, Contract.run, hzero, hdeposits, hwithdrawals,
  ̲  ̲ ̲ ̲ ̲ ̲ ̲ ̲ ̲ ̲ ̲ ̲ ̲ ̲depositsReserve, w̵i̵t̵h̵d̵r̵a̵w̵a̵l̵s̵R̵e̵s̵e̵r̵v̵e̵,̵ ̵hremaining, hunreserved]

Note: This linter can be disabled with `set_option linter.unusedSimpArgs false`
warning: LidoSRv3/Audit/Source/ReserveCorrespondence.lean:441:30: This simp argument is unused:
  setStorage

Hint: Omit it from the simp argument list.
  simp [ReserveContract.withdrawWithGuards, ReserveContract.withdraw, observeVerity,
  ̲  ̲ ̲ ̲ ̲ ̲ ̲ ̲ ̲ ̲ ̲ ̲ ̲ ̲ ̲ ̲ ̲ ̲specTx, modelWithdrawDepositableEther, spendDepositableEther,
  ̲  ̲ ̲ ̲ ̲ ̲ ̲ ̲ ̲ ̲ ̲ ̲ ̲ ̲ ̲ ̲ ̲ ̲getBufferedEtherAllocation, getDepositableEther, decode, min, minWord,
  ̲  ̲ ̲ ̲ ̲ ̲ ̲ ̲ ̲ ̲ ̲ ̲ ̲ ̲ ̲ ̲ ̲ ̲requireSomeUint, getStorage, s̵e̵t̵S̵t̵o̵r̵a̵g̵e̵,̵ ̵ContractState.readSlot, ContractState.writeSlot,
  ̲  ̲ ̲ ̲ ̲ ̲ ̲ ̲ ̲ ̲ ̲ ̲ ̲ ̲ ̲ ̲ ̲ ̲Verity.require, Verity.bind, Bind.bind, Pure.pure, Contract.run, hzero, hdeposits,
                    hwithdrawals, depositsReserve, withdrawalsReserve, hremaining, hunreserved,
  ̲  ̲ ̲ ̲ ̲ ̲ ̲ ̲ ̲ ̲ ̲ ̲ ̲ ̲ ̲ ̲ ̲ ̲hdepositable]

Note: This linter can be disabled with `set_option linter.unusedSimpArgs false`
warning: LidoSRv3/Audit/Source/ReserveCorrespondence.lean:442:18: This simp argument is unused:
  ContractState.writeSlot

Hint: Omit it from the simp argument list.
  simp [ReserveContract.withdrawWithGuards, ReserveContract.withdraw, observeVerity,
  ̲  ̲ ̲ ̲ ̲ ̲ ̲ ̲ ̲ ̲ ̲ ̲ ̲ ̲ ̲ ̲ ̲ ̲specTx, modelWithdrawDepositableEther, spendDepositableEther,
  ̲  ̲ ̲ ̲ ̲ ̲ ̲ ̲ ̲ ̲ ̲ ̲ ̲ ̲ ̲ ̲ ̲ ̲getBufferedEtherAllocation, getDepositableEther, decode, min, minWord,
  ̲  ̲ ̲ ̲ ̲ ̲ ̲ ̲ ̲ ̲ ̲ ̲ ̲ ̲ ̲ ̲ ̲ ̲requireSomeUint, getStorage, setStorage, ContractState.readSlot, C̵o̵n̵t̵r̵a̵c̵t̵S̵t̵a̵t̵e̵.̵w̵r̵i̵t̵e̵S̵l̵o̵t̵,̵ ̵Verity.require,
  ̲  ̲ ̲ ̲ ̲ ̲ ̲ ̲ ̲ ̲ ̲ ̲ ̲ ̲ ̲ ̲ ̲ ̲Verity.bind, Bind.bind, Pure.pure, Contract.run, hzero, hdeposits, hwithdrawals,
  ̲  ̲ ̲ ̲ ̲ ̲ ̲ ̲ ̲ ̲ ̲ ̲ ̲ ̲ ̲ ̲ ̲ ̲depositsReserve, withdrawalsReserve, hremaining, hunreserved, hdepositable]

Note: This linter can be disabled with `set_option linter.unusedSimpArgs false`
warning: LidoSRv3/Audit/Source/ReserveCorrespondence.lean:444:32: This simp argument is unused:
  depositsReserve

Hint: Omit it from the simp argument list.
  simp [ReserveContract.withdrawWithGuards, ReserveContract.withdraw, observeVerity,
  ̲  ̲ ̲ ̲ ̲ ̲ ̲ ̲ ̲ ̲ ̲ ̲ ̲ ̲ ̲ ̲ ̲ ̲specTx, modelWithdrawDepositableEther, spendDepositableEther,
  ̲  ̲ ̲ ̲ ̲ ̲ ̲ ̲ ̲ ̲ ̲ ̲ ̲ ̲ ̲ ̲ ̲ ̲getBufferedEtherAllocation, getDepositableEther, decode, min, minWord,
  ̲  ̲ ̲ ̲ ̲ ̲ ̲ ̲ ̲ ̲ ̲ ̲ ̲ ̲ ̲ ̲ ̲ ̲requireSomeUint, getStorage, setStorage, ContractState.readSlot,
                    ContractState.writeSlot, Verity.require, Verity.bind, Bind.bind, Pure.pure,
  ̲  ̲ ̲ ̲ ̲ ̲ ̲ ̲ ̲ ̲ ̲ ̲ ̲ ̲ ̲ ̲ ̲ ̲Contract.run, hzero, hdeposits, hwithdrawals, d̵e̵p̵o̵s̵i̵t̵s̵R̵e̵s̵e̵r̵v̵e̵,̵ ̵withdrawalsReserve, hremaining,
                    hunreserved, hdepositable]

Note: This linter can be disabled with `set_option linter.unusedSimpArgs false`
warning: LidoSRv3/Audit/Source/ReserveCorrespondence.lean:444:49: This simp argument is unused:
  withdrawalsReserve

Hint: Omit it from the simp argument list.
  simp [ReserveContract.withdrawWithGuards, ReserveContract.withdraw, observeVerity,
  ̲  ̲ ̲ ̲ ̲ ̲ ̲ ̲ ̲ ̲ ̲ ̲ ̲ ̲ ̲ ̲ ̲ ̲specTx, modelWithdrawDepositableEther, spendDepositableEther,
  ̲  ̲ ̲ ̲ ̲ ̲ ̲ ̲ ̲ ̲ ̲ ̲ ̲ ̲ ̲ ̲ ̲ ̲getBufferedEtherAllocation, getDepositableEther, decode, min, minWord,
  ̲  ̲ ̲ ̲ ̲ ̲ ̲ ̲ ̲ ̲ ̲ ̲ ̲ ̲ ̲ ̲ ̲ ̲requireSomeUint, getStorage, setStorage, ContractState.readSlot,
                    ContractState.writeSlot, Verity.require, Verity.bind, Bind.bind, Pure.pure,
  ̲  ̲ ̲ ̲ ̲ ̲ ̲ ̲ ̲ ̲ ̲ ̲ ̲ ̲ ̲ ̲ ̲ ̲Contract.run, hzero, hdeposits, hwithdrawals, depositsReserve, w̵i̵t̵h̵d̵r̵a̵w̵a̵l̵s̵R̵e̵s̵e̵r̵v̵e̵,̵ ̵hremaining,
                    hunreserved, hdepositable]

Note: This linter can be disabled with `set_option linter.unusedSimpArgs false`
warning: LidoSRv3/Audit/Source/ReserveCorrespondence.lean:456:67: This simp argument is unused:
  setStorage

Hint: Omit it from the simp argument list.
  simp [ReserveContract.withdrawWithGuards, ReserveContract.withdraw,
  ̲  ̲ ̲ ̲ ̲ ̲ ̲ ̲ ̲ ̲ ̲ ̲ ̲ ̲ ̲ ̲ ̲ ̲ ̲ ̲ ̲ ̲ ̲ ̲observeVerity, specTx, modelWithdrawDepositableEther, spendDepositableEther,
                          getBufferedEtherAllocation, getDepositableEther, decode, min, minWord,
  ̲  ̲ ̲ ̲ ̲ ̲ ̲ ̲ ̲ ̲ ̲ ̲ ̲ ̲ ̲ ̲ ̲ ̲ ̲ ̲ ̲ ̲ ̲ ̲requireSomeUint, getStorage, s̵e̵t̵S̵t̵o̵r̵a̵g̵e̵,̵ContractState.readSlot,
                          ContractState.writeSlot, Verity.require, Verity.bind, Bind.bind, Pure.pure,
  ̲  ̲ ̲ ̲ ̲ ̲ ̲ ̲ ̲ ̲ ̲ ̲ ̲ ̲ ̲ ̲ ̲ ̲ ̲ ̲ ̲ ̲ ̲ ̲Contract.run, hzero, hdeposits, hwithdrawals, depositsReserve,
  ̲  ̲ ̲ ̲ ̲ ̲ ̲ ̲ ̲ ̲ ̲ ̲ ̲ ̲ ̲ ̲ ̲ ̲ ̲ ̲ ̲ ̲ ̲ ̲withdrawalsReserve, hremaining, hunreserved, hdepositable, henough, hpost]

Note: This linter can be disabled with `set_option linter.unusedSimpArgs false`
warning: LidoSRv3/Audit/Source/ReserveCorrespondence.lean:457:48: This simp argument is unused:
  ContractState.writeSlot

Hint: Omit it from the simp argument list.
  simp [ReserveContract.withdrawWithGuards, ReserveContract.withdraw,
  ̲  ̲ ̲ ̲ ̲ ̲ ̲ ̲ ̲ ̲ ̲ ̲ ̲ ̲ ̲ ̲ ̲ ̲ ̲ ̲ ̲ ̲ ̲ ̲observeVerity, specTx, modelWithdrawDepositableEther, spendDepositableEther,
                          getBufferedEtherAllocation, getDepositableEther, decode, min, minWord,
  ̲  ̲ ̲ ̲ ̲ ̲ ̲ ̲ ̲ ̲ ̲ ̲ ̲ ̲ ̲ ̲ ̲ ̲ ̲ ̲ ̲ ̲ ̲ ̲requireSomeUint, getStorage, setStorage, ContractState.readSlot,
  ̲  ̲ ̲ ̲ ̲ ̲ ̲ ̲ ̲ ̲ ̲ ̲ ̲ ̲ ̲ ̲ ̲ ̲ ̲ ̲ ̲ ̲ ̲ ̲C̵o̵n̵t̵r̵a̵c̵t̵S̵t̵a̵t̵e̵.̵w̵r̵i̵t̵e̵S̵l̵o̵t̵,̵Verity.require, Verity.bind, Bind.bind, Pure.pure, Contract.run, hzero,
  ̲  ̲ ̲ ̲ ̲ ̲ ̲ ̲ ̲ ̲ ̲ ̲ ̲ ̲ ̲ ̲ ̲ ̲ ̲ ̲ ̲ ̲ ̲ ̲hdeposits, hwithdrawals, depositsReserve, withdrawalsReserve, hremaining,
  ̲  ̲ ̲ ̲ ̲ ̲ ̲ ̲ ̲ ̲ ̲ ̲ ̲ ̲ ̲ ̲ ̲ ̲ ̲ ̲ ̲ ̲ ̲ ̲hunreserved, hdepositable, henough, hpost]

Note: This linter can be disabled with `set_option linter.unusedSimpArgs false`
warning: LidoSRv3/Audit/Source/ReserveCorrespondence.lean:459:70: This simp argument is unused:
  depositsReserve

Hint: Omit it from the simp argument list.
  simp [ReserveContract.withdrawWithGuards, ReserveContract.withdraw,
  ̲  ̲ ̲ ̲ ̲ ̲ ̲ ̲ ̲ ̲ ̲ ̲ ̲ ̲ ̲ ̲ ̲ ̲ ̲ ̲ ̲ ̲ ̲ ̲observeVerity, specTx, modelWithdrawDepositableEther, spendDepositableEther,
                          getBufferedEtherAllocation, getDepositableEther, decode, min, minWord,
  ̲  ̲ ̲ ̲ ̲ ̲ ̲ ̲ ̲ ̲ ̲ ̲ ̲ ̲ ̲ ̲ ̲ ̲ ̲ ̲ ̲ ̲ ̲ ̲requireSomeUint, getStorage, setStorage, ContractState.readSlot,
  ̲  ̲ ̲ ̲ ̲ ̲ ̲ ̲ ̲ ̲ ̲ ̲ ̲ ̲ ̲ ̲ ̲ ̲ ̲ ̲ ̲ ̲ ̲ ̲ContractState.writeSlot, Verity.require, Verity.bind, Bind.bind, Pure.pure,
                          Contract.run, hzero, hdeposits, hwithdrawals, d̵e̵p̵o̵s̵i̵t̵s̵R̵e̵s̵e̵r̵v̵e̵,̵withdrawalsReserve,
                          hremaining, hunreserved, hdepositable, henough, hpost]

Note: This linter can be disabled with `set_option linter.unusedSimpArgs false`
warning: LidoSRv3/Audit/Source/ReserveCorrespondence.lean:460:24: This simp argument is unused:
  withdrawalsReserve

Hint: Omit it from the simp argument list.
  simp [ReserveContract.withdrawWithGuards, ReserveContract.withdraw,
  ̲  ̲ ̲ ̲ ̲ ̲ ̲ ̲ ̲ ̲ ̲ ̲ ̲ ̲ ̲ ̲ ̲ ̲ ̲ ̲ ̲ ̲ ̲ ̲observeVerity, specTx, modelWithdrawDepositableEther, spendDepositableEther,
                          getBufferedEtherAllocation, getDepositableEther, decode, min, minWord,
  ̲  ̲ ̲ ̲ ̲ ̲ ̲ ̲ ̲ ̲ ̲ ̲ ̲ ̲ ̲ ̲ ̲ ̲ ̲ ̲ ̲ ̲ ̲ ̲requireSomeUint, getStorage, setStorage, ContractState.readSlot,
  ̲  ̲ ̲ ̲ ̲ ̲ ̲ ̲ ̲ ̲ ̲ ̲ ̲ ̲ ̲ ̲ ̲ ̲ ̲ ̲ ̲ ̲ ̲ ̲ContractState.writeSlot, Verity.require, Verity.bind, Bind.bind, Pure.pure,
                          Contract.run, hzero, hdeposits, hwithdrawals, depositsReserve, w̵i̵t̵h̵d̵r̵a̵w̵a̵l̵s̵R̵e̵s̵e̵r̵v̵e̵,̵ ̵hremaining,
  ̲  ̲ ̲ ̲ ̲ ̲ ̲ ̲ ̲ ̲ ̲ ̲ ̲ ̲ ̲ ̲ ̲ ̲ ̲ ̲ ̲ ̲ ̲ ̲hunreserved, hdepositable, henough, hpost]

Note: This linter can be disabled with `set_option linter.unusedSimpArgs false`
warning: LidoSRv3/Audit/Source/ReserveCorrespondence.lean:470:71: This simp argument is unused:
  setStorage

Hint: Omit it from the simp argument list.
  simp [ReserveContract.withdrawWithGuards, ReserveContract.withdraw,
  ̲  ̲ ̲ ̲ ̲ ̲ ̲ ̲ ̲ ̲ ̲ ̲ ̲ ̲ ̲ ̲ ̲ ̲ ̲ ̲ ̲ ̲ ̲ ̲ ̲ ̲ ̲ ̲observeVerity, specTx, modelWithdrawDepositableEther,
  ̲  ̲ ̲ ̲ ̲ ̲ ̲ ̲ ̲ ̲ ̲ ̲ ̲ ̲ ̲ ̲ ̲ ̲ ̲ ̲ ̲ ̲ ̲ ̲ ̲ ̲ ̲ ̲spendDepositableEther, getBufferedEtherAllocation, getDepositableEther,
  ̲  ̲ ̲ ̲ ̲ ̲ ̲ ̲ ̲ ̲ ̲ ̲ ̲ ̲ ̲ ̲ ̲ ̲ ̲ ̲ ̲ ̲ ̲ ̲ ̲ ̲ ̲ ̲decode, min, minWord, requireSomeUint, getStorage,
  ̲  ̲ ̲ ̲ ̲ ̲ ̲ ̲ ̲ ̲ ̲ ̲ ̲ ̲ ̲ ̲ ̲ ̲ ̲ ̲ ̲ ̲ ̲ ̲ ̲ ̲ ̲ ̲s̵e̵t̵S̵t̵o̵r̵a̵g̵e̵,̵ContractState.readSlot, ContractState.writeSlot, Verity.require,
                              Verity.bind, Bind.bind, Pure.pure, Contract.run, hzero, hdeposits,
  ̲  ̲ ̲ ̲ ̲ ̲ ̲ ̲ ̲ ̲ ̲ ̲ ̲ ̲ ̲ ̲ ̲ ̲ ̲ ̲ ̲ ̲ ̲ ̲ ̲ ̲ ̲ ̲hwithdrawals, depositsReserve, withdrawalsReserve, hremaining,
  ̲  ̲ ̲ ̲ ̲ ̲ ̲ ̲ ̲ ̲ ̲ ̲ ̲ ̲ ̲ ̲ ̲ ̲ ̲ ̲ ̲ ̲ ̲ ̲ ̲ ̲ ̲ ̲hunreserved, hdepositable, henough, hpost, hbuffered]

Note: This linter can be disabled with `set_option linter.unusedSimpArgs false`
warning: LidoSRv3/Audit/Source/ReserveCorrespondence.lean:471:52: This simp argument is unused:
  ContractState.writeSlot

Hint: Omit it from the simp argument list.
  simp [ReserveContract.withdrawWithGuards, ReserveContract.withdraw,
  ̲  ̲ ̲ ̲ ̲ ̲ ̲ ̲ ̲ ̲ ̲ ̲ ̲ ̲ ̲ ̲ ̲ ̲ ̲ ̲ ̲ ̲ ̲ ̲ ̲ ̲ ̲ ̲observeVerity, specTx, modelWithdrawDepositableEther,
  ̲  ̲ ̲ ̲ ̲ ̲ ̲ ̲ ̲ ̲ ̲ ̲ ̲ ̲ ̲ ̲ ̲ ̲ ̲ ̲ ̲ ̲ ̲ ̲ ̲ ̲ ̲ ̲spendDepositableEther, getBufferedEtherAllocation, getDepositableEther,
  ̲  ̲ ̲ ̲ ̲ ̲ ̲ ̲ ̲ ̲ ̲ ̲ ̲ ̲ ̲ ̲ ̲ ̲ ̲ ̲ ̲ ̲ ̲ ̲ ̲ ̲ ̲ ̲decode, min, minWord, requireSomeUint, getStorage, setStorage,
                              ContractState.readSlot, C̵o̵n̵t̵r̵a̵c̵t̵S̵t̵a̵t̵e̵.̵w̵r̵i̵t̵e̵S̵l̵o̵t̵,̵Verity.require, Verity.bind, Bind.bind,
  ̲  ̲ ̲ ̲ ̲ ̲ ̲ ̲ ̲ ̲ ̲ ̲ ̲ ̲ ̲ ̲ ̲ ̲ ̲ ̲ ̲ ̲ ̲ ̲ ̲ ̲ ̲ ̲Pure.pure, Contract.run, hzero, hdeposits, hwithdrawals,
  ̲  ̲ ̲ ̲ ̲ ̲ ̲ ̲ ̲ ̲ ̲ ̲ ̲ ̲ ̲ ̲ ̲ ̲ ̲ ̲ ̲ ̲ ̲ ̲ ̲ ̲ ̲ ̲depositsReserve, withdrawalsReserve, hremaining, hunreserved,
  ̲  ̲ ̲ ̲ ̲ ̲ ̲ ̲ ̲ ̲ ̲ ̲ ̲ ̲ ̲ ̲ ̲ ̲ ̲ ̲ ̲ ̲ ̲ ̲ ̲ ̲ ̲ ̲hdepositable, henough, hpost, hbuffered]

Note: This linter can be disabled with `set_option linter.unusedSimpArgs false`
warning: LidoSRv3/Audit/Source/ReserveCorrespondence.lean:473:74: This simp argument is unused:
  depositsReserve

Hint: Omit it from the simp argument list.
  simp [ReserveContract.withdrawWithGuards, ReserveContract.withdraw,
  ̲  ̲ ̲ ̲ ̲ ̲ ̲ ̲ ̲ ̲ ̲ ̲ ̲ ̲ ̲ ̲ ̲ ̲ ̲ ̲ ̲ ̲ ̲ ̲ ̲ ̲ ̲ ̲observeVerity, specTx, modelWithdrawDepositableEther,
  ̲  ̲ ̲ ̲ ̲ ̲ ̲ ̲ ̲ ̲ ̲ ̲ ̲ ̲ ̲ ̲ ̲ ̲ ̲ ̲ ̲ ̲ ̲ ̲ ̲ ̲ ̲ ̲spendDepositableEther, getBufferedEtherAllocation, getDepositableEther,
  ̲  ̲ ̲ ̲ ̲ ̲ ̲ ̲ ̲ ̲ ̲ ̲ ̲ ̲ ̲ ̲ ̲ ̲ ̲ ̲ ̲ ̲ ̲ ̲ ̲ ̲ ̲ ̲decode, min, minWord, requireSomeUint, getStorage, setStorage,
                              ContractState.readSlot, ContractState.writeSlot, Verity.require,
  ̲  ̲ ̲ ̲ ̲ ̲ ̲ ̲ ̲ ̲ ̲ ̲ ̲ ̲ ̲ ̲ ̲ ̲ ̲ ̲ ̲ ̲ ̲ ̲ ̲ ̲ ̲ ̲Verity.bind, Bind.bind, Pure.pure, Contract.run, hzero, hdeposits,
  ̲  ̲ ̲ ̲ ̲ ̲ ̲ ̲ ̲ ̲ ̲ ̲ ̲ ̲ ̲ ̲ ̲ ̲ ̲ ̲ ̲ ̲ ̲ ̲ ̲ ̲ ̲ ̲hwithdrawals, d̵e̵p̵o̵s̵i̵t̵s̵R̵e̵s̵e̵r̵v̵e̵,̵withdrawalsReserve, hremaining, hunreserved, hdepositable,
                              henough, hpost, hbuffered]

Note: This linter can be disabled with `set_option linter.unusedSimpArgs false`
warning: LidoSRv3/Audit/Source/ReserveCorrespondence.lean:474:28: This simp argument is unused:
  withdrawalsReserve

Hint: Omit it from the simp argument list.
  simp [ReserveContract.withdrawWithGuards, ReserveContract.withdraw,
  ̲  ̲ ̲ ̲ ̲ ̲ ̲ ̲ ̲ ̲ ̲ ̲ ̲ ̲ ̲ ̲ ̲ ̲ ̲ ̲ ̲ ̲ ̲ ̲ ̲ ̲ ̲ ̲observeVerity, specTx, modelWithdrawDepositableEther,
  ̲  ̲ ̲ ̲ ̲ ̲ ̲ ̲ ̲ ̲ ̲ ̲ ̲ ̲ ̲ ̲ ̲ ̲ ̲ ̲ ̲ ̲ ̲ ̲ ̲ ̲ ̲ ̲spendDepositableEther, getBufferedEtherAllocation, getDepositableEther,
  ̲  ̲ ̲ ̲ ̲ ̲ ̲ ̲ ̲ ̲ ̲ ̲ ̲ ̲ ̲ ̲ ̲ ̲ ̲ ̲ ̲ ̲ ̲ ̲ ̲ ̲ ̲ ̲decode, min, minWord, requireSomeUint, getStorage, setStorage,
                              ContractState.readSlot, ContractState.writeSlot, Verity.require,
  ̲  ̲ ̲ ̲ ̲ ̲ ̲ ̲ ̲ ̲ ̲ ̲ ̲ ̲ ̲ ̲ ̲ ̲ ̲ ̲ ̲ ̲ ̲ ̲ ̲ ̲ ̲ ̲Verity.bind, Bind.bind, Pure.pure, Contract.run, hzero, hdeposits,
  ̲  ̲ ̲ ̲ ̲ ̲ ̲ ̲ ̲ ̲ ̲ ̲ ̲ ̲ ̲ ̲ ̲ ̲ ̲ ̲ ̲ ̲ ̲ ̲ ̲ ̲ ̲ ̲hwithdrawals, depositsReserve, w̵i̵t̵h̵d̵r̵a̵w̵a̵l̵s̵R̵e̵s̵e̵r̵v̵e̵,̵ ̵hremaining, hunreserved, hdepositable,
  ̲  ̲ ̲ ̲ ̲ ̲ ̲ ̲ ̲ ̲ ̲ ̲ ̲ ̲ ̲ ̲ ̲ ̲ ̲ ̲ ̲ ̲ ̲ ̲ ̲ ̲ ̲ ̲henough, hpost, hbuffered]

Note: This linter can be disabled with `set_option linter.unusedSimpArgs false`
warning: LidoSRv3/Audit/Source/ReserveCorrespondence.lean:486:61: This simp argument is unused:
  setStorage

Hint: Omit it from the simp argument list.
  simp [ReserveContract.withdrawWithGuards, ReserveContract.withdraw,
  ̲  ̲ ̲ ̲ ̲ ̲ ̲ ̲ ̲ ̲ ̲ ̲ ̲ ̲ ̲ ̲ ̲ ̲ ̲ ̲ ̲ ̲ ̲ ̲ ̲ ̲ ̲ ̲ ̲ ̲ ̲ ̲observeVerity, specTx, modelWithdrawDepositableEther,
                                  spendDepositableEther, getBufferedEtherAllocation,
                                  getDepositableEther, decode, min, minWord, requireSomeUint,
  ̲  ̲ ̲ ̲ ̲ ̲ ̲ ̲ ̲ ̲ ̲ ̲ ̲ ̲ ̲ ̲ ̲ ̲ ̲ ̲ ̲ ̲ ̲ ̲ ̲ ̲ ̲ ̲ ̲ ̲ ̲ ̲getStorage, s̵e̵t̵S̵t̵o̵r̵a̵g̵e̵,̵ContractState.readSlot, ContractState.writeSlot,
  ̲  ̲ ̲ ̲ ̲ ̲ ̲ ̲ ̲ ̲ ̲ ̲ ̲ ̲ ̲ ̲ ̲ ̲ ̲ ̲ ̲ ̲ ̲ ̲ ̲ ̲ ̲ ̲ ̲ ̲ ̲ ̲Verity.require, Verity.bind, Bind.bind, Pure.pure, Contract.run,
                                  hzero, hdeposits, hwithdrawals, depositsReserve, withdrawalsReserve,
                                  hremaining, hunreserved, hdepositable, henough, hpost, hbuffered,
  ̲  ̲ ̲ ̲ ̲ ̲ ̲ ̲ ̲ ̲ ̲ ̲ ̲ ̲ ̲ ̲ ̲ ̲ ̲ ̲ ̲ ̲ ̲ ̲ ̲ ̲ ̲ ̲ ̲ ̲ ̲ ̲hnext]

Note: This linter can be disabled with `set_option linter.unusedSimpArgs false`
warning: LidoSRv3/Audit/Source/ReserveCorrespondence.lean:487:56: This simp argument is unused:
  ContractState.writeSlot

Hint: Omit it from the simp argument list.
  simp [ReserveContract.withdrawWithGuards, ReserveContract.withdraw,
  ̲  ̲ ̲ ̲ ̲ ̲ ̲ ̲ ̲ ̲ ̲ ̲ ̲ ̲ ̲ ̲ ̲ ̲ ̲ ̲ ̲ ̲ ̲ ̲ ̲ ̲ ̲ ̲ ̲ ̲ ̲ ̲observeVerity, specTx, modelWithdrawDepositableEther,
                                  spendDepositableEther, getBufferedEtherAllocation,
                                  getDepositableEther, decode, min, minWord, requireSomeUint,
  ̲  ̲ ̲ ̲ ̲ ̲ ̲ ̲ ̲ ̲ ̲ ̲ ̲ ̲ ̲ ̲ ̲ ̲ ̲ ̲ ̲ ̲ ̲ ̲ ̲ ̲ ̲ ̲ ̲ ̲ ̲ ̲getStorage, setStorage, ContractState.readSlot, C̵o̵n̵t̵r̵a̵c̵t̵S̵t̵a̵t̵e̵.̵w̵r̵i̵t̵e̵S̵l̵o̵t̵,̵Verity.require,
                                  Verity.bind, Bind.bind, Pure.pure, Contract.run, hzero, hdeposits,
  ̲  ̲ ̲ ̲ ̲ ̲ ̲ ̲ ̲ ̲ ̲ ̲ ̲ ̲ ̲ ̲ ̲ ̲ ̲ ̲ ̲ ̲ ̲ ̲ ̲ ̲ ̲ ̲ ̲ ̲ ̲ ̲hwithdrawals, depositsReserve, withdrawalsReserve, hremaining,
  ̲  ̲ ̲ ̲ ̲ ̲ ̲ ̲ ̲ ̲ ̲ ̲ ̲ ̲ ̲ ̲ ̲ ̲ ̲ ̲ ̲ ̲ ̲ ̲ ̲ ̲ ̲ ̲ ̲ ̲ ̲ ̲hunreserved, hdepositable, henough, hpost, hbuffered, hnext]

Note: This linter can be disabled with `set_option linter.unusedSimpArgs false`
warning: LidoSRv3/Audit/Source/ReserveCorrespondence.lean:489:78: This simp argument is unused:
  depositsReserve

Hint: Omit it from the simp argument list.
  simp [ReserveContract.withdrawWithGuards, ReserveContract.withdraw,
  ̲  ̲ ̲ ̲ ̲ ̲ ̲ ̲ ̲ ̲ ̲ ̲ ̲ ̲ ̲ ̲ ̲ ̲ ̲ ̲ ̲ ̲ ̲ ̲ ̲ ̲ ̲ ̲ ̲ ̲ ̲ ̲observeVerity, specTx, modelWithdrawDepositableEther,
                                  spendDepositableEther, getBufferedEtherAllocation,
                                  getDepositableEther, decode, min, minWord, requireSomeUint,
  ̲  ̲ ̲ ̲ ̲ ̲ ̲ ̲ ̲ ̲ ̲ ̲ ̲ ̲ ̲ ̲ ̲ ̲ ̲ ̲ ̲ ̲ ̲ ̲ ̲ ̲ ̲ ̲ ̲ ̲ ̲ ̲getStorage, setStorage, ContractState.readSlot,
  ̲  ̲ ̲ ̲ ̲ ̲ ̲ ̲ ̲ ̲ ̲ ̲ ̲ ̲ ̲ ̲ ̲ ̲ ̲ ̲ ̲ ̲ ̲ ̲ ̲ ̲ ̲ ̲ ̲ ̲ ̲ ̲ContractState.writeSlot, Verity.require, Verity.bind, Bind.bind,
  ̲  ̲ ̲ ̲ ̲ ̲ ̲ ̲ ̲ ̲ ̲ ̲ ̲ ̲ ̲ ̲ ̲ ̲ ̲ ̲ ̲ ̲ ̲ ̲ ̲ ̲ ̲ ̲ ̲ ̲ ̲ ̲Pure.pure, Contract.run, hzero, hdeposits, hwithdrawals,
  ̲  ̲ ̲ ̲ ̲ ̲ ̲ ̲ ̲ ̲ ̲ ̲ ̲ ̲ ̲ ̲ ̲ ̲ ̲ ̲ ̲ ̲ ̲ ̲ ̲ ̲ ̲ ̲ ̲ ̲ ̲ ̲d̵e̵p̵o̵s̵i̵t̵s̵R̵e̵s̵e̵r̵v̵e̵,̵withdrawalsReserve, hremaining, hunreserved, hdepositable, henough,
  ̲  ̲ ̲ ̲ ̲ ̲ ̲ ̲ ̲ ̲ ̲ ̲ ̲ ̲ ̲ ̲ ̲ ̲ ̲ ̲ ̲ ̲ ̲ ̲ ̲ ̲ ̲ ̲ ̲ ̲ ̲ ̲hpost, hbuffered, hnext]

Note: This linter can be disabled with `set_option linter.unusedSimpArgs false`
warning: LidoSRv3/Audit/Source/ReserveCorrespondence.lean:490:32: This simp argument is unused:
  withdrawalsReserve

Hint: Omit it from the simp argument list.
  simp [ReserveContract.withdrawWithGuards, ReserveContract.withdraw,
  ̲  ̲ ̲ ̲ ̲ ̲ ̲ ̲ ̲ ̲ ̲ ̲ ̲ ̲ ̲ ̲ ̲ ̲ ̲ ̲ ̲ ̲ ̲ ̲ ̲ ̲ ̲ ̲ ̲ ̲ ̲ ̲observeVerity, specTx, modelWithdrawDepositableEther,
                                  spendDepositableEther, getBufferedEtherAllocation,
                                  getDepositableEther, decode, min, minWord, requireSomeUint,
  ̲  ̲ ̲ ̲ ̲ ̲ ̲ ̲ ̲ ̲ ̲ ̲ ̲ ̲ ̲ ̲ ̲ ̲ ̲ ̲ ̲ ̲ ̲ ̲ ̲ ̲ ̲ ̲ ̲ ̲ ̲ ̲getStorage, setStorage, ContractState.readSlot,
  ̲  ̲ ̲ ̲ ̲ ̲ ̲ ̲ ̲ ̲ ̲ ̲ ̲ ̲ ̲ ̲ ̲ ̲ ̲ ̲ ̲ ̲ ̲ ̲ ̲ ̲ ̲ ̲ ̲ ̲ ̲ ̲ContractState.writeSlot, Verity.require, Verity.bind, Bind.bind,
  ̲  ̲ ̲ ̲ ̲ ̲ ̲ ̲ ̲ ̲ ̲ ̲ ̲ ̲ ̲ ̲ ̲ ̲ ̲ ̲ ̲ ̲ ̲ ̲ ̲ ̲ ̲ ̲ ̲ ̲ ̲ ̲Pure.pure, Contract.run, hzero, hdeposits, hwithdrawals,
  ̲  ̲ ̲ ̲ ̲ ̲ ̲ ̲ ̲ ̲ ̲ ̲ ̲ ̲ ̲ ̲ ̲ ̲ ̲ ̲ ̲ ̲ ̲ ̲ ̲ ̲ ̲ ̲ ̲ ̲ ̲ ̲depositsReserve, w̵i̵t̵h̵d̵r̵a̵w̵a̵l̵s̵R̵e̵s̵e̵r̵v̵e̵,̵ ̵hremaining, hunreserved, hdepositable, henough,
  ̲  ̲ ̲ ̲ ̲ ̲ ̲ ̲ ̲ ̲ ̲ ̲ ̲ ̲ ̲ ̲ ̲ ̲ ̲ ̲ ̲ ̲ ̲ ̲ ̲ ̲ ̲ ̲ ̲ ̲ ̲ ̲hpost, hbuffered, hnext]

Note: This linter can be disabled with `set_option linter.unusedSimpArgs false`
warning: LidoSRv3/Audit/Source/ReserveCorrespondence.lean:511:78: This simp argument is unused:
  depositsReserve

Hint: Omit it from the simp argument list.
  simp [ReserveContract.withdrawWithGuards, ReserveContract.withdraw,
  ̲  ̲ ̲ ̲ ̲ ̲ ̲ ̲ ̲ ̲ ̲ ̲ ̲ ̲ ̲ ̲ ̲ ̲ ̲ ̲ ̲ ̲ ̲ ̲ ̲ ̲ ̲ ̲ ̲ ̲ ̲ ̲observeVerity, specTx, ReserveContract.buffered,
                                  ReserveContract.storedDepositsReserve,
                                  ReserveContract.unfinalizedStETH,
                                  ReserveContract.depositedPostReport,
                                  ReserveContract.depositedNextReportAdjusted,
                                  modelWithdrawDepositableEther, spendDepositableEther,
  ̲  ̲ ̲ ̲ ̲ ̲ ̲ ̲ ̲ ̲ ̲ ̲ ̲ ̲ ̲ ̲ ̲ ̲ ̲ ̲ ̲ ̲ ̲ ̲ ̲ ̲ ̲ ̲ ̲ ̲ ̲ ̲getBufferedEtherAllocation, getDepositableEther, decode, min,
  ̲  ̲ ̲ ̲ ̲ ̲ ̲ ̲ ̲ ̲ ̲ ̲ ̲ ̲ ̲ ̲ ̲ ̲ ̲ ̲ ̲ ̲ ̲ ̲ ̲ ̲ ̲ ̲ ̲ ̲ ̲ ̲minWord, requireSomeUint, getStorage, setStorage,
                                  ContractState.readSlot, ContractState.writeSlot, Verity.require,
  ̲  ̲ ̲ ̲ ̲ ̲ ̲ ̲ ̲ ̲ ̲ ̲ ̲ ̲ ̲ ̲ ̲ ̲ ̲ ̲ ̲ ̲ ̲ ̲ ̲ ̲ ̲ ̲ ̲ ̲ ̲ ̲Verity.bind, Bind.bind, Pure.pure, Contract.run, hzero, hdeposits,
  ̲  ̲ ̲ ̲ ̲ ̲ ̲ ̲ ̲ ̲ ̲ ̲ ̲ ̲ ̲ ̲ ̲ ̲ ̲ ̲ ̲ ̲ ̲ ̲ ̲ ̲ ̲ ̲ ̲ ̲ ̲ ̲hwithdrawals, d̵e̵p̵o̵s̵i̵t̵s̵R̵e̵s̵e̵r̵v̵e̵,̵withdrawalsReserve, hremaining, hunreserved,
  ̲  ̲ ̲ ̲ ̲ ̲ ̲ ̲ ̲ ̲ ̲ ̲ ̲ ̲ ̲ ̲ ̲ ̲ ̲ ̲ ̲ ̲ ̲ ̲ ̲ ̲ ̲ ̲ ̲ ̲ ̲ ̲hdepositable, henough, hpost, hbuffered, hnext]

Note: This linter can be disabled with `set_option linter.unusedSimpArgs false`
warning: LidoSRv3/Audit/Source/ReserveCorrespondence.lean:512:32: This simp argument is unused:
  withdrawalsReserve

Hint: Omit it from the simp argument list.
  simp [ReserveContract.withdrawWithGuards, ReserveContract.withdraw,
  ̲  ̲ ̲ ̲ ̲ ̲ ̲ ̲ ̲ ̲ ̲ ̲ ̲ ̲ ̲ ̲ ̲ ̲ ̲ ̲ ̲ ̲ ̲ ̲ ̲ ̲ ̲ ̲ ̲ ̲ ̲ ̲observeVerity, specTx, ReserveContract.buffered,
                                  ReserveContract.storedDepositsReserve,
                                  ReserveContract.unfinalizedStETH,
                                  ReserveContract.depositedPostReport,
                                  ReserveContract.depositedNextReportAdjusted,
                                  modelWithdrawDepositableEther, spendDepositableEther,
  ̲  ̲ ̲ ̲ ̲ ̲ ̲ ̲ ̲ ̲ ̲ ̲ ̲ ̲ ̲ ̲ ̲ ̲ ̲ ̲ ̲ ̲ ̲ ̲ ̲ ̲ ̲ ̲ ̲ ̲ ̲ ̲getBufferedEtherAllocation, getDepositableEther, decode, min,
  ̲  ̲ ̲ ̲ ̲ ̲ ̲ ̲ ̲ ̲ ̲ ̲ ̲ ̲ ̲ ̲ ̲ ̲ ̲ ̲ ̲ ̲ ̲ ̲ ̲ ̲ ̲ ̲ ̲ ̲ ̲ ̲minWord, requireSomeUint, getStorage, setStorage,
                                  ContractState.readSlot, ContractState.writeSlot, Verity.require,
  ̲  ̲ ̲ ̲ ̲ ̲ ̲ ̲ ̲ ̲ ̲ ̲ ̲ ̲ ̲ ̲ ̲ ̲ ̲ ̲ ̲ ̲ ̲ ̲ ̲ ̲ ̲ ̲ ̲ ̲ ̲ ̲Verity.bind, Bind.bind, Pure.pure, Contract.run, hzero, hdeposits,
  ̲  ̲ ̲ ̲ ̲ ̲ ̲ ̲ ̲ ̲ ̲ ̲ ̲ ̲ ̲ ̲ ̲ ̲ ̲ ̲ ̲ ̲ ̲ ̲ ̲ ̲ ̲ ̲ ̲ ̲ ̲ ̲hwithdrawals, depositsReserve, w̵i̵t̵h̵d̵r̵a̵w̵a̵l̵s̵R̵e̵s̵e̵r̵v̵e̵,̵ ̵hremaining, hunreserved,
                                  hdepositable, henough, hpost, hbuffered, hnext]

Note: This linter can be disabled with `set_option linter.unusedSimpArgs false`
warning: LidoSRv3/Audit/Source/ReserveCorrespondence.lean:519:63: This simp argument is unused:
  setStorage

Hint: Omit it from the simp argument list.
  simp [ReserveContract.withdrawWithGuards, ReserveContract.withdraw,
  ̲  ̲ ̲ ̲ ̲ ̲ ̲ ̲ ̲ ̲ ̲ ̲ ̲ ̲ ̲ ̲ ̲ ̲observeVerity, specTx, modelWithdrawDepositableEther, spendDepositableEther,
                    getBufferedEtherAllocation, getDepositableEther, decode, min, minWord,
  ̲  ̲ ̲ ̲ ̲ ̲ ̲ ̲ ̲ ̲ ̲ ̲ ̲ ̲ ̲ ̲ ̲ ̲requireSomeUint, getStorage, s̵e̵t̵S̵t̵o̵r̵a̵g̵e̵,̵ContractState.readSlot, ContractState.writeSlot,
  ̲  ̲ ̲ ̲ ̲ ̲ ̲ ̲ ̲ ̲ ̲ ̲ ̲ ̲ ̲ ̲ ̲ ̲Verity.require, Verity.bind, Bind.bind, Pure.pure, Contract.run, hzero, hdeposits,
  ̲  ̲ ̲ ̲ ̲ ̲ ̲ ̲ ̲ ̲ ̲ ̲ ̲ ̲ ̲ ̲ ̲ ̲hwithdrawals, depositsReserve, withdrawalsReserve, hremaining, hunreserved,
  ̲  ̲ ̲ ̲ ̲ ̲ ̲ ̲ ̲ ̲ ̲ ̲ ̲ ̲ ̲ ̲ ̲ ̲hdepositable, henough]

Note: This linter can be disabled with `set_option linter.unusedSimpArgs false`
warning: LidoSRv3/Audit/Source/ReserveCorrespondence.lean:520:44: This simp argument is unused:
  ContractState.writeSlot

Hint: Omit it from the simp argument list.
  simp [ReserveContract.withdrawWithGuards, ReserveContract.withdraw,
  ̲  ̲ ̲ ̲ ̲ ̲ ̲ ̲ ̲ ̲ ̲ ̲ ̲ ̲ ̲ ̲ ̲ ̲observeVerity, specTx, modelWithdrawDepositableEther, spendDepositableEther,
                    getBufferedEtherAllocation, getDepositableEther, decode, min, minWord,
  ̲  ̲ ̲ ̲ ̲ ̲ ̲ ̲ ̲ ̲ ̲ ̲ ̲ ̲ ̲ ̲ ̲ ̲requireSomeUint, getStorage, setStorage, ContractState.readSlot, C̵o̵n̵t̵r̵a̵c̵t̵S̵t̵a̵t̵e̵.̵w̵r̵i̵t̵e̵S̵l̵o̵t̵,̵Verity.require,
                    Verity.bind, Bind.bind, Pure.pure, Contract.run, hzero, hdeposits, hwithdrawals,
  ̲  ̲ ̲ ̲ ̲ ̲ ̲ ̲ ̲ ̲ ̲ ̲ ̲ ̲ ̲ ̲ ̲ ̲depositsReserve, withdrawalsReserve, hremaining, hunreserved, hdepositable,
                    henough]

Note: This linter can be disabled with `set_option linter.unusedSimpArgs false`
warning: LidoSRv3/Audit/Source/ReserveCorrespondence.lean:522:66: This simp argument is unused:
  depositsReserve

Hint: Omit it from the simp argument list.
  simp [ReserveContract.withdrawWithGuards, ReserveContract.withdraw,
  ̲  ̲ ̲ ̲ ̲ ̲ ̲ ̲ ̲ ̲ ̲ ̲ ̲ ̲ ̲ ̲ ̲ ̲observeVerity, specTx, modelWithdrawDepositableEther, spendDepositableEther,
                    getBufferedEtherAllocation, getDepositableEther, decode, min, minWord,
  ̲  ̲ ̲ ̲ ̲ ̲ ̲ ̲ ̲ ̲ ̲ ̲ ̲ ̲ ̲ ̲ ̲ ̲requireSomeUint, getStorage, setStorage, ContractState.readSlot,
  ̲  ̲ ̲ ̲ ̲ ̲ ̲ ̲ ̲ ̲ ̲ ̲ ̲ ̲ ̲ ̲ ̲ ̲ContractState.writeSlot, Verity.require, Verity.bind, Bind.bind, Pure.pure,
                    Contract.run, hzero, hdeposits, hwithdrawals, d̵e̵p̵o̵s̵i̵t̵s̵R̵e̵s̵e̵r̵v̵e̵,̵withdrawalsReserve, hremaining,
  ̲  ̲ ̲ ̲ ̲ ̲ ̲ ̲ ̲ ̲ ̲ ̲ ̲ ̲ ̲ ̲ ̲ ̲hunreserved, hdepositable, henough]

Note: This linter can be disabled with `set_option linter.unusedSimpArgs false`
warning: LidoSRv3/Audit/Source/ReserveCorrespondence.lean:523:20: This simp argument is unused:
  withdrawalsReserve

Hint: Omit it from the simp argument list.
  simp [ReserveContract.withdrawWithGuards, ReserveContract.withdraw,
  ̲  ̲ ̲ ̲ ̲ ̲ ̲ ̲ ̲ ̲ ̲ ̲ ̲ ̲ ̲ ̲ ̲ ̲observeVerity, specTx, modelWithdrawDepositableEther, spendDepositableEther,
                    getBufferedEtherAllocation, getDepositableEther, decode, min, minWord,
  ̲  ̲ ̲ ̲ ̲ ̲ ̲ ̲ ̲ ̲ ̲ ̲ ̲ ̲ ̲ ̲ ̲ ̲requireSomeUint, getStorage, setStorage, ContractState.readSlot,
  ̲  ̲ ̲ ̲ ̲ ̲ ̲ ̲ ̲ ̲ ̲ ̲ ̲ ̲ ̲ ̲ ̲ ̲ContractState.writeSlot, Verity.require, Verity.bind, Bind.bind, Pure.pure,
                    Contract.run, hzero, hdeposits, hwithdrawals, depositsReserve, w̵i̵t̵h̵d̵r̵a̵w̵a̵l̵s̵R̵e̵s̵e̵r̵v̵e̵,̵ ̵hremaining,
  ̲  ̲ ̲ ̲ ̲ ̲ ̲ ̲ ̲ ̲ ̲ ̲ ̲ ̲ ̲ ̲ ̲ ̲hunreserved, hdepositable, henough]

Note: This linter can be disabled with `set_option linter.unusedSimpArgs false`
✔ [1271/1369] Built LidoSRv3.Audit.Spec.VaultHubScopeChild (282ms)
✔ [1272/1369] Built LidoSRv3.Audit.Spec.AllocExecCorrespondence (1.6s)
✔ [1273/1369] Built LidoSRv3.Audit.Source.VaultEthCorrespondence (1.3s)
✔ [1274/1369] Built LidoSRv3.Audit.Source.WithdrawalQueueRequestAmount (303ms)
✔ [1275/1369] Built LidoSRv3.Audit.Source.AddressTransferCorrespondence (335ms)
✔ [1276/1369] Built LidoSRv3.Audit.Source.Topup2Correspondence (1.5s)
✔ [1277/1369] Built Compiler.Proofs.YulGeneration.Backends.EvmYulLeanPureBuiltinLemmas (5.3s)
✔ [1278/1369] Built LidoSRv3.Audit.Source.DepositDataRootCorrespondence (1.2s)
✔ [1279/1369] Built LidoSRv3.Audit.Spec.ProductionGindexChild (282ms)
✔ [1280/1369] Built LidoSRv3.Audit.Guarantees.PDeposit1 (2.1s)
✔ [1281/1369] Built Verity.Core.Model.DenoteSha256 (1.2s)
✔ [1282/1369] Built LidoSRv3.Audit.Model.ReserveRelational (721ms)
✔ [1283/1369] Built LidoSRv3.Audit.Common.Bounded (309ms)
✔ [1284/1369] Built LidoSRv3.Audit.Common.Result (318ms)
✔ [1285/1369] Built LidoSRv3.Audit.Common.Trace (437ms)
✔ [1286/1369] Built LidoSRv3.Audit.Verity.PConsolidationEth1CompositionTx (3.4s)
✔ [1287/1369] Built LidoSRv3.Audit.Source.AddressCorrespondence (1.6s)
✔ [1288/1369] Built LidoSRv3.Audit.Source.SanityEnvelope (1.8s)
✔ [1289/1369] Built LidoSRv3.Audit.Verity.HandleOracleReportTx (1.9s)
✔ [1290/1369] Built LidoSRv3.Audit.Verity.ConsolidationValueTx (1.9s)
⚠ [1291/1369] Built LidoSRv3.Audit.Verity.ConsolidationTx (2.1s)
warning: LidoSRv3/Audit/Verity/ConsolidationTx.lean:726:36: This simp argument is unused:
  requestCall

Hint: Omit it from the simp argument list.
  simp [commitObservables,̵ ̵r̵e̵q̵u̵e̵s̵t̵C̵a̵l̵l̵]

Note: This linter can be disabled with `set_option linter.unusedSimpArgs false`
warning: LidoSRv3/Audit/Verity/ConsolidationTx.lean:770:53: This simp argument is unused:
  payload

Hint: Omit it from the simp argument list.
  simp [commitObservables, p̵a̵y̵l̵o̵a̵d̵,̵ ̵hLen]

Note: This linter can be disabled with `set_option linter.unusedSimpArgs false`
warning: LidoSRv3/Audit/Verity/ConsolidationTx.lean:930:23: This simp argument is unused:
  ih

Hint: Omit it from the simp argument list.
  simp ̵[̵i̵h̵]̵

Note: This linter can be disabled with `set_option linter.unusedSimpArgs false`
✔ [1292/1369] Built LidoSRv3.Audit.Source.TopupParentCorrespondence (1.6s)
✔ [1293/1369] Built LidoSRv3.Audit.Verity.TopupTx (3.5s)
✔ [1294/1369] Built LidoSRv3.Audit.Source.BeaconRootsCorrespondence (363ms)
✔ [1295/1369] Built LidoSRv3.Audit.Guarantees.PReserve1 (1.1s)
⚠ [1296/1369] Built LidoSRv3.Audit.Verity.VaultEthTx (1.8s)
warning: LidoSRv3/Audit/Verity/VaultEthTx.lean:94:23: This simp argument is unused:
  hRoute

Hint: Omit it from the simp argument list.
  simp [execute, hR̵o̵u̵t̵e̵,̵ ̵h̵Source, Contract.run] at hExecute

Note: This linter can be disabled with `set_option linter.unusedSimpArgs false`
warning: LidoSRv3/Audit/Verity/VaultEthTx.lean:109:25: This simp argument is unused:
  hRoute

Hint: Omit it from the simp argument list.
  simp [execute, hR̵o̵u̵t̵e̵,̵ ̵h̵Source, Contract.run] at hExecute

Note: This linter can be disabled with `set_option linter.unusedSimpArgs false`
warning: LidoSRv3/Audit/Verity/VaultEthTx.lean:113:21: This simp argument is unused:
  hRoute

Hint: Omit it from the simp argument list.
  simp [execute, hR̵o̵u̵t̵e̵,̵ ̵h̵Source, Contract.run] at hExecute

Note: This linter can be disabled with `set_option linter.unusedSimpArgs false`
warning: LidoSRv3/Audit/Verity/VaultEthTx.lean:121:23: This simp argument is unused:
  hRoute

Hint: Omit it from the simp argument list.
  simp [execute, hR̵o̵u̵t̵e̵,̵ ̵h̵Source, Contract.run] at hExecute

Note: This linter can be disabled with `set_option linter.unusedSimpArgs false`
warning: LidoSRv3/Audit/Verity/VaultEthTx.lean:136:25: This simp argument is unused:
  hRoute

Hint: Omit it from the simp argument list.
  simp [execute, hR̵o̵u̵t̵e̵,̵ ̵h̵Source, Contract.run] at hExecute

Note: This linter can be disabled with `set_option linter.unusedSimpArgs false`
✔ [1297/1369] Built LidoSRv3.Audit.Spec.VaultEthCorrespondence (1.1s)
✔ [1298/1369] Built LidoSRv3.Audit.Source.WithdrawalQueueSingleRequestControl (339ms)
✔ [1299/1369] Built LidoSRv3.Audit.Verity.AddressTransferTx (1.3s)
✔ [1300/1369] Built LidoSRv3.Audit.Verity.Topup2Tx (1.6s)
✔ [1301/1369] Built Compiler.Proofs.YulGeneration.Backends.EvmYulLeanBuiltinSemantics (1.8s)
⚠ [1302/1369] Built LidoSRv3.Audit.SszDepositEquivalence (911ms)
warning: LidoSRv3/Audit/SszDepositEquivalence.lean:93:4: This simp argument is unused:
  Ssz.traverseBranch

Hint: Omit it from the simp argument list.
  simp [structuralEncoding, structuralWitness, structuralCombine, Ssz.validatorRoot,̵
  ̵ ̵ ̵ ̵ ̵S̵s̵z̵.̵t̵r̵a̵v̵e̵r̵s̵e̵B̵r̵a̵n̵c̵h̵]

Note: This linter can be disabled with `set_option linter.unusedSimpArgs false`
warning: LidoSRv3/Audit/SszDepositEquivalence.lean:213:12: This simp argument is unused:
  sourceWitness

Hint: Omit it from the simp argument list.
  simp [̵s̵o̵u̵r̵c̵e̵W̵i̵t̵n̵e̵s̵s̵,̵ ̵s̵t̵r̵u̵c̵t̵u̵r̵a̵l̵W̵i̵t̵n̵e̵s̵s̵]̵[̲s̲t̲r̲u̲c̲t̲u̲r̲a̲l̲W̲i̲t̲n̲e̲s̲s̲]̲

Note: This linter can be disabled with `set_option linter.unusedSimpArgs false`
warning: LidoSRv3/Audit/SszDepositEquivalence.lean:213:27: This simp argument is unused:
  structuralWitness

Hint: Omit it from the simp argument list.
  simp [sourceWitness,̵ ̵s̵t̵r̵u̵c̵t̵u̵r̵a̵l̵W̵i̵t̵n̵e̵s̵s̵]

Note: This linter can be disabled with `set_option linter.unusedSimpArgs false`
✔ [1303/1369] Built LidoSRv3.Audit.Spec.SszCorrespondence (811ms)
✔ [1304/1369] Built LidoSRv3.Audit.Spec.SszLiveCorrespondence (529ms)
✔ [1305/1369] Built LidoSRv3.Audit.Guarantees.PAllocExec1 (1.7s)
✔ [1306/1369] Built LidoSRv3.Audit.Spec.DepositNFrameCorrespondence (1.6s)
✔ [1307/1369] Built LidoSRv3.Audit.Spec.DepositEthJournalCorrespondence (2.1s)
✔ [1308/1369] Built LidoSRv3.Audit.Provenance.Deposit (1.8s)
✔ [1309/1369] Built LidoSRv3.Audit.Verity.SszAbstractDigest (1.2s)
✔ [1310/1369] Built LidoSRv3.Audit.Source.ReserveRelationalCorrespondence (432ms)
✔ [1311/1369] Built LidoSRv3.Audit.Common.Atomicity (314ms)
✔ [1312/1369] Built LidoSRv3.Audit.Verity.PConsolidationEth1CompositionTxUniversal (15s)
⚠ [1313/1369] Built LidoSRv3.Audit.Verity.AddressTx (94s)
warning: LidoSRv3/Audit/Verity/AddressTx.lean:277:34: This simp argument is unused:
  AddressTxContract.paused

Hint: Omit it from the simp argument list.
  simp_all (config := { maxSteps := 1000000 })
  ̵  ̵ ̵ ̵[executePinnedSource, stateFor, observeAddress,
  ̲  ̲ ̲ ̲sourceAddressView, run, admitted,
  ̵  ̵ ̵ ̵successfulPost, AddressTxContract.transferFrom, ̵_̵r̵o̵o̵t̵_̵.̵V̵e̵r̵i̵t̵y̵.̵r̵e̵q̵u̵i̵r̵e̵,̵
      _root_.Verity.r̲e̲q̲u̲i̲r̲e̲,̲ ̲_̲r̲o̲o̲t̲_̲.̲V̲e̲r̲i̲t̲y̲.̲Contract.run, _root_.Verity.bind, Bind.bind,
      _root_.Verity.msgSender, _root_.Verity.getMappingUint,
  ̵  ̵ ̵ ̵_root_.Verity.setMappingUint, ̵A̵d̵d̵r̵e̵s̵s̵T̵x̵C̵o̵n̵t̵r̵a̵c̵t̵.̵p̵a̵u̵s̵e̵d̵,̵
      AddressTxContract.balances, AddressTxContract.allowances,
  ̵  ̵ ̵ ̵AddressTxContract.owners,
  ̲  ̲ ̲ ̲AddressTxContract.claimed,
  ̵  ̵ ̵ ̵AddressTxContract.recipients, ContractState.readSlot,
      ContractState.writeSlot, ContractState.readMap, ContractState.writeMap,
  ̵  ̵ ̵ ̵ContractState.readMap2,
  ̲  ̲ ̲ ̲ContractState.writeMap2,
  ̵  ̵ ̵ ̵ContractState.readMapUint, ContractState.writeMapUint,
      ContractState.storage, ContractState.storageMap,
  ̵  ̵ ̵ ̵ContractState.storageMap2,
  ̲  ̲ ̲ ̲ContractState.storageMapUint]

Note: This linter can be disabled with `set_option linter.unusedSimpArgs false`
warning: LidoSRv3/Audit/Verity/AddressTx.lean:278:4: This simp argument is unused:
  AddressTxContract.balances

Hint: Omit it from the simp argument list.
  simp_all (config := { maxSteps := 1000000 })
  ̵  ̵ ̵ ̵[executePinnedSource, stateFor, observeAddress,
  ̲  ̲ ̲ ̲sourceAddressView, run, admitted,
  ̵  ̵ ̵ ̵successfulPost, AddressTxContract.transferFrom, ̵_̵r̵o̵o̵t̵_̵.̵V̵e̵r̵i̵t̵y̵.̵r̵e̵q̵u̵i̵r̵e̵,̵
      _root_.Verity.r̲e̲q̲u̲i̲r̲e̲,̲ ̲_̲r̲o̲o̲t̲_̲.̲V̲e̲r̲i̲t̲y̲.̲Contract.run, _root_.Verity.bind, Bind.bind,
      _root_.Verity.msgSender, _root_.Verity.getMappingUint,
  ̵  ̵ ̵ ̵_root_.Verity.setMappingUint,
  ̲  ̲ ̲ ̲AddressTxContract.paused,
  ̵  ̵ ̵ ̵AddressTxContract.b̵all̲o̲w̲ances, AddressTxContract.a̵l̵l̵owa̵nc̵er̲s,
      AddressTxContract.o̵w̵n̵e̵r̵s̵,̵ ̵A̵d̵d̵r̵e̵s̵s̵T̵x̵C̵o̵n̵t̵r̵a̵ct̵.̵c̵laimed,
  ̵  ̵ ̵ ̵AddressTxContract.recipients, ContractState.readSlot,
      ContractState.writeSlot, ContractState.readMap, ContractState.writeMap,
  ̵  ̵ ̵ ̵ContractState.readMap2,
  ̲  ̲ ̲ ̲ContractState.writeMap2,
  ̵  ̵ ̵ ̵ContractState.readMapUint, ContractState.writeMapUint,
      ContractState.storage, ContractState.storageMap,
  ̵  ̵ ̵ ̵ContractState.storageMap2,
  ̲  ̲ ̲ ̲ContractState.storageMapUint]

Note: This linter can be disabled with `set_option linter.unusedSimpArgs false`
warning: LidoSRv3/Audit/Verity/AddressTx.lean:278:32: This simp argument is unused:
  AddressTxContract.allowances

Hint: Omit it from the simp argument list.
  simp_all (config := { maxSteps := 1000000 })
  ̵  ̵ ̵ ̵[executePinnedSource, stateFor, observeAddress,
  ̲  ̲ ̲ ̲sourceAddressView, run, admitted,
  ̵  ̵ ̵ ̵successfulPost, AddressTxContract.transferFrom, ̵_̵r̵o̵o̵t̵_̵.̵V̵e̵r̵i̵t̵y̵.̵r̵e̵q̵u̵i̵r̵e̵,̵
      _root_.Verity.r̲e̲q̲u̲i̲r̲e̲,̲ ̲_̲r̲o̲o̲t̲_̲.̲V̲e̲r̲i̲t̲y̲.̲Contract.run, _root_.Verity.bind, Bind.bind,
      _root_.Verity.msgSender, _root_.Verity.getMappingUint,
  ̵  ̵ ̵ ̵_root_.Verity.setMappingUint,
  ̲  ̲ ̲ ̲AddressTxContract.paused,
  ̵  ̵ ̵ ̵AddressTxContract.balances, AddressTxContract.a̵l̵l̵owa̵nc̵er̲s,
      AddressTxContract.o̵w̵n̵e̵r̵s̵,̵ ̵A̵d̵d̵r̵e̵s̵s̵T̵x̵C̵o̵n̵t̵r̵a̵ct̵.̵c̵laimed,
  ̵  ̵ ̵ ̵AddressTxContract.recipients, ContractState.readSlot,
      ContractState.writeSlot, ContractState.readMap, ContractState.writeMap,
  ̵  ̵ ̵ ̵ContractState.readMap2,
  ̲  ̲ ̲ ̲ContractState.writeMap2,
  ̵  ̵ ̵ ̵ContractState.readMapUint, ContractState.writeMapUint,
      ContractState.storage, ContractState.storageMap,
  ̵  ̵ ̵ ̵ContractState.storageMap2,
  ̲  ̲ ̲ ̲ContractState.storageMapUint]

Note: This linter can be disabled with `set_option linter.unusedSimpArgs false`
warning: LidoSRv3/Audit/Verity/AddressTx.lean:280:34: This simp argument is unused:
  ContractState.readSlot

Hint: Omit it from the simp argument list.
  simp_all (config := { maxSteps := 1000000 })
  ̵  ̵ ̵ ̵[executePinnedSource, stateFor, observeAddress,
  ̲  ̲ ̲ ̲sourceAddressView, run, admitted,
  ̵  ̵ ̵ ̵successfulPost, AddressTxContract.transferFrom, ̵_̵r̵o̵o̵t̵_̵.̵V̵e̵r̵i̵t̵y̵.̵r̵e̵q̵u̵i̵r̵e̵,̵
      _root_.Verity.r̲e̲q̲u̲i̲r̲e̲,̲ ̲_̲r̲o̲o̲t̲_̲.̲V̲e̲r̲i̲t̲y̲.̲Contract.run, _root_.Verity.bind, Bind.bind,
      _root_.Verity.msgSender, _root_.Verity.getMappingUint,
  ̵  ̵ ̵ ̵_root_.Verity.setMappingUint,
  ̲  ̲ ̲ ̲AddressTxContract.paused,
  ̵  ̵ ̵ ̵AddressTxContract.balances, AddressTxContract.allowances,
      AddressTxContract.owners, AddressTxContract.claimed,
  ̵  ̵ ̵ ̵AddressTxContract.recipients, ̵C̵o̵n̵t̵r̵a̵c̵t̵S̵t̵a̵t̵e̵.̵r̵e̵a̵d̵S̵l̵o̵t̵,̵
      ContractState.writeSlot, ContractState.readMap, ContractState.writeMap,
  ̵  ̵ ̵ ̵ContractState.readMap2,
  ̲  ̲ ̲ ̲ContractState.writeMap2,
  ̵  ̵ ̵ ̵ContractState.readMapUint, ContractState.writeMapUint,
      ContractState.storage, ContractState.storageMap,
  ̵  ̵ ̵ ̵ContractState.storageMap2,
  ̲  ̲ ̲ ̲ContractState.storageMapUint]

Note: This linter can be disabled with `set_option linter.unusedSimpArgs false`
warning: LidoSRv3/Audit/Verity/AddressTx.lean:281:29: This simp argument is unused:
  ContractState.readMap

Hint: Omit it from the simp argument list.
  simp_all (config := { maxSteps := 1000000 })
  ̵  ̵ ̵ ̵[executePinnedSource, stateFor, observeAddress,
  ̲  ̲ ̲ ̲sourceAddressView, run, admitted,
  ̵  ̵ ̵ ̵successfulPost, AddressTxContract.transferFrom, ̵_̵r̵o̵o̵t̵_̵.̵V̵e̵r̵i̵t̵y̵.̵r̵e̵q̵u̵i̵r̵e̵,̵
      _root_.Verity.r̲e̲q̲u̲i̲r̲e̲,̲ ̲_̲r̲o̲o̲t̲_̲.̲V̲e̲r̲i̲t̲y̲.̲Contract.run, _root_.Verity.bind, Bind.bind,
      _root_.Verity.msgSender, _root_.Verity.getMappingUint,
  ̵  ̵ ̵ ̵_root_.Verity.setMappingUint,
  ̲  ̲ ̲ ̲AddressTxContract.paused,
  ̵  ̵ ̵ ̵AddressTxContract.balances, AddressTxContract.allowances,
      AddressTxContract.owners, AddressTxContract.claimed,
  ̵  ̵ ̵ ̵AddressTxContract.recipients,
  ̲  ̲ ̲ ̲ContractState.readSlot,
  ̵  ̵ ̵ ̵ContractState.writeSlot, ContractState.r̵e̵a̵d̵M̵a̵p̵,̵ ̵C̵o̵n̵t̵r̵a̵c̵t̵S̵t̵a̵t̵e̵.̵writeMap,
  ̵  ̵ ̵ ̵ContractState.readMap2,
  ̲  ̲ ̲ ̲ContractState.writeMap2,
  ̵  ̵ ̵ ̵ContractState.readMapUint, ContractState.writeMapUint,
      ContractState.storage, ContractState.storageMap,
  ̵  ̵ ̵ ̵ContractState.storageMap2,
  ̲  ̲ ̲ ̲ContractState.storageMapUint]

Note: This linter can be disabled with `set_option linter.unusedSimpArgs false`
warning: LidoSRv3/Audit/Verity/AddressTx.lean:282:4: This simp argument is unused:
  ContractState.readMap2

Hint: Omit it from the simp argument list.
  simp_all (config := { maxSteps := 1000000 })
  ̵  ̵ ̵ ̵[executePinnedSource, stateFor, observeAddress,
  ̲  ̲ ̲ ̲sourceAddressView, run, admitted,
  ̵  ̵ ̵ ̵successfulPost, AddressTxContract.transferFrom, ̵_̵r̵o̵o̵t̵_̵.̵V̵e̵r̵i̵t̵y̵.̵r̵e̵q̵u̵i̵r̵e̵,̵
      _root_.Verity.r̲e̲q̲u̲i̲r̲e̲,̲ ̲_̲r̲o̲o̲t̲_̲.̲V̲e̲r̲i̲t̲y̲.̲Contract.run, _root_.Verity.bind, Bind.bind,
      _root_.Verity.msgSender, _root_.Verity.getMappingUint,
  ̵  ̵ ̵ ̵_root_.Verity.setMappingUint,
  ̲  ̲ ̲ ̲AddressTxContract.paused,
  ̵  ̵ ̵ ̵AddressTxContract.balances, AddressTxContract.allowances,
      AddressTxContract.owners, AddressTxContract.claimed,
  ̵  ̵ ̵ ̵AddressTxContract.recipients,
  ̲  ̲ ̲ ̲ContractState.readSlot,
  ̵  ̵ ̵ ̵ContractState.writeSlot, ContractState.readMap, ContractState.writeMap,
      ContractState.r̵e̵a̵d̵M̵a̵p̵2̵,̵ ̵C̵o̵n̵t̵r̵a̵c̵t̵S̵t̵a̵t̵e̵.̵writeMap2,
  ̵  ̵ ̵ ̵ContractState.readMapUint, ContractState.writeMapUint,
      ContractState.storage, ContractState.storageMap,
  ̵  ̵ ̵ ̵ContractState.storageMap2,
  ̲  ̲ ̲ ̲ContractState.storageMapUint]

Note: This linter can be disabled with `set_option linter.unusedSimpArgs false`
warning: LidoSRv3/Audit/Verity/AddressTx.lean:284:4: This simp argument is unused:
  ContractState.storage

Hint: Omit it from the simp argument list.
  simp_all (config := { maxSteps := 1000000 })
  ̵  ̵ ̵ ̵[executePinnedSource, stateFor, observeAddress,
  ̲  ̲ ̲ ̲sourceAddressView, run, admitted,
  ̵  ̵ ̵ ̵successfulPost, AddressTxContract.transferFrom, ̵_̵r̵o̵o̵t̵_̵.̵V̵e̵r̵i̵t̵y̵.̵r̵e̵q̵u̵i̵r̵e̵,̵
      _root_.Verity.r̲e̲q̲u̲i̲r̲e̲,̲ ̲_̲r̲o̲o̲t̲_̲.̲V̲e̲r̲i̲t̲y̲.̲Contract.run, _root_.Verity.bind, Bind.bind,
      _root_.Verity.msgSender, _root_.Verity.getMappingUint,
  ̵  ̵ ̵ ̵_root_.Verity.setMappingUint,
  ̲  ̲ ̲ ̲AddressTxContract.paused,
  ̵  ̵ ̵ ̵AddressTxContract.balances, AddressTxContract.allowances,
      AddressTxContract.owners, AddressTxContract.claimed,
  ̵  ̵ ̵ ̵AddressTxContract.recipients,
  ̲  ̲ ̲ ̲ContractState.readSlot,
  ̵  ̵ ̵ ̵ContractState.writeSlot, ContractState.readMap, ContractState.writeMap,
      ContractState.readMap2, ContractState.writeMap2,
  ̵  ̵ ̵ ̵ContractState.readMapUint,
  ̲  ̲ ̲ ̲ContractState.writeMapUint,
  ̵  ̵ ̵ ̵ContractState.storage,̵ ̵C̵o̵n̵t̵r̵a̵c̵t̵S̵t̵a̵t̵e̵.̵s̵t̵o̵r̵a̵g̵e̵Map,
  ̵  ̵ ̵ ̵ContractState.storageMap2,
  ̲  ̲ ̲ ̲ContractState.storageMapUint]

Note: This linter can be disabled with `set_option linter.unusedSimpArgs false`
warning: LidoSRv3/Audit/Verity/AddressTx.lean:284:27: This simp argument is unused:
  ContractState.storageMap

Hint: Omit it from the simp argument list.
  simp_all (config := { maxSteps := 1000000 })
  ̵  ̵ ̵ ̵[executePinnedSource, stateFor, observeAddress,
  ̲  ̲ ̲ ̲sourceAddressView, run, admitted,
  ̵  ̵ ̵ ̵successfulPost, AddressTxContract.transferFrom, ̵_̵r̵o̵o̵t̵_̵.̵V̵e̵r̵i̵t̵y̵.̵r̵e̵q̵u̵i̵r̵e̵,̵
      _root_.Verity.r̲e̲q̲u̲i̲r̲e̲,̲ ̲_̲r̲o̲o̲t̲_̲.̲V̲e̲r̲i̲t̲y̲.̲Contract.run, _root_.Verity.bind, Bind.bind,
      _root_.Verity.msgSender, _root_.Verity.getMappingUint,
  ̵  ̵ ̵ ̵_root_.Verity.setMappingUint,
  ̲  ̲ ̲ ̲AddressTxContract.paused,
  ̵  ̵ ̵ ̵AddressTxContract.balances, AddressTxContract.allowances,
      AddressTxContract.owners, AddressTxContract.claimed,
  ̵  ̵ ̵ ̵AddressTxContract.recipients,
  ̲  ̲ ̲ ̲ContractState.readSlot,
  ̵  ̵ ̵ ̵ContractState.writeSlot, ContractState.readMap, ContractState.writeMap,
      ContractState.readMap2, ContractState.writeMap2,
  ̵  ̵ ̵ ̵ContractState.readMapUint,
  ̲  ̲ ̲ ̲ContractState.writeMapUint,
  ̵  ̵ ̵ ̵ContractState.storage, ContractState.storageMap,̵
  ̵ ̵ ̵ ̵ ̵C̵o̵n̵t̵r̵a̵c̵t̵S̵t̵a̵t̵e̵.̵s̵t̵o̵r̵a̵g̵e̵M̵a̵p̵2,
  ̲  ̲ ̲ ̲ContractState.storageMapUint]

Note: This linter can be disabled with `set_option linter.unusedSimpArgs false`
warning: LidoSRv3/Audit/Verity/AddressTx.lean:285:4: This simp argument is unused:
  ContractState.storageMap2

Hint: Omit it from the simp argument list.
  simp_all (config := { maxSteps := 1000000 })
  ̵  ̵ ̵ ̵[executePinnedSource, stateFor, observeAddress,
  ̲  ̲ ̲ ̲sourceAddressView, run, admitted,
  ̵  ̵ ̵ ̵successfulPost, AddressTxContract.transferFrom, ̵_̵r̵o̵o̵t̵_̵.̵V̵e̵r̵i̵t̵y̵.̵r̵e̵q̵u̵i̵r̵e̵,̵
      _root_.Verity.r̲e̲q̲u̲i̲r̲e̲,̲ ̲_̲r̲o̲o̲t̲_̲.̲V̲e̲r̲i̲t̲y̲.̲Contract.run, _root_.Verity.bind, Bind.bind,
      _root_.Verity.msgSender, _root_.Verity.getMappingUint,
  ̵  ̵ ̵ ̵_root_.Verity.setMappingUint,
  ̲  ̲ ̲ ̲AddressTxContract.paused,
  ̵  ̵ ̵ ̵AddressTxContract.balances, AddressTxContract.allowances,
      AddressTxContract.owners, AddressTxContract.claimed,
  ̵  ̵ ̵ ̵AddressTxContract.recipients,
  ̲  ̲ ̲ ̲ContractState.readSlot,
  ̵  ̵ ̵ ̵ContractState.writeSlot, ContractState.readMap, ContractState.writeMap,
      ContractState.readMap2, ContractState.writeMap2,
  ̵  ̵ ̵ ̵ContractState.readMapUint,
  ̲  ̲ ̲ ̲ContractState.writeMapUint,
  ̵  ̵ ̵ ̵ContractState.storage, ContractState.storageMap,
      ContractState.storageMap2̵,̵ ̵C̵o̵n̵t̵r̵a̵c̵t̵S̵t̵a̵t̵e̵.̵s̵t̵o̵r̵a̵g̵e̵M̵a̵p̵Uint]

Note: This linter can be disabled with `set_option linter.unusedSimpArgs false`
warning: LidoSRv3/Audit/Verity/AddressTx.lean:290:5: This simp argument is unused:
  hone

Hint: Omit it from the simp argument list.
  simp_all (config :=
  ̲  ̲ ̲ ̲{ maxSteps := 1000000 })
  ̵  ̵ ̵ ̵[h̵o̵n̵e̵,̵ ̵_root_.Verity.Contract.run, _root_.Verity.bind, Bind.bind]

Note: This linter can be disabled with `set_option linter.unusedSimpArgs false`
warning: LidoSRv3/Audit/Verity/AddressTx.lean:290:11: This simp argument is unused:
  _root_.Verity.Contract.run

Hint: Omit it from the simp argument list.
  simp_all (config := { maxSteps := 1000000 }) [hone,
  ̲  ̲ ̲ ̲_̵r̵o̵o̵t̵_̵.̵V̵e̵r̵i̵t̵y̵.̵C̵o̵n̵t̵r̵a̵c̵t̵.̵r̵u̵n̵,̵ ̵_root_.Verity.bind, Bind.bind]

Note: This linter can be disabled with `set_option linter.unusedSimpArgs false`
warning: LidoSRv3/Audit/Verity/AddressTx.lean:290:39: This simp argument is unused:
  _root_.Verity.bind

Hint: Omit it from the simp argument list.
  simp_all (config := { maxSteps := 1000000 }) [hone,
  ̲  ̲ ̲ ̲_root_.Verity.Contract.run, _̵r̵o̵o̵t̵_̵.̵V̵e̵r̵i̵t̵y̵.̵b̵i̵n̵d̵,̵ ̵Bind.bind]

Note: This linter can be disabled with `set_option linter.unusedSimpArgs false`
warning: LidoSRv3/Audit/Verity/AddressTx.lean:290:59: This simp argument is unused:
  Bind.bind

Hint: Omit it from the simp argument list.
  simp_all (config := { maxSteps := 1000000 })
  ̵  ̵ ̵ ̵[hone,
  ̲  ̲ ̲ ̲_root_.Verity.Contract.run, _root_.Verity.bind,̵ ̵B̵i̵n̵d̵.̵b̵i̵n̵d̵]

Note: This linter can be disabled with `set_option linter.unusedSimpArgs false`
warning: LidoSRv3/Audit/Verity/AddressTx.lean:294:8: This simp argument is unused:
  _root_.Verity.Contract.run

Hint: Omit it from the simp argument list.
  simp_all (config :=
  ̲  ̲ ̲ ̲ ̲ ̲{
  ̲  ̲ ̲ ̲ ̲ ̲ ̲ ̲maxSteps :=
  ̲  ̲ ̲ ̲ ̲ ̲ ̲ ̲ ̲ ̲1000000 }) [show inp.requestOwner = inp.senderFrom ↔ inp.senderFrom = inp.requestOwner
  ̲  ̲ ̲ ̲ ̲ ̲ ̲ ̲ ̲ ̲from eq_comm,
        _̵r̵o̵o̵t̵_̵.̵V̵e̵r̵i̵t̵y̵.̵C̵o̵n̵t̵r̵a̵c̵t̵.̵r̵u̵n̵,̵ ̵_root_.Verity.bind, Bind.bind]

Note: This linter can be disabled with `set_option linter.unusedSimpArgs false`
warning: LidoSRv3/Audit/Verity/AddressTx.lean:294:36: This simp argument is unused:
  _root_.Verity.bind

Hint: Omit it from the simp argument list.
  simp_all (config :=
  ̲  ̲ ̲ ̲ ̲ ̲{
  ̲  ̲ ̲ ̲ ̲ ̲ ̲ ̲maxSteps :=
  ̲  ̲ ̲ ̲ ̲ ̲ ̲ ̲ ̲ ̲1000000 }) [show inp.requestOwner = inp.senderFrom ↔ inp.senderFrom = inp.requestOwner
  ̲  ̲ ̲ ̲ ̲ ̲ ̲ ̲ ̲ ̲from eq_comm,
        _root_.Verity.Contract.run, _̵r̵o̵o̵t̵_̵.̵V̵e̵r̵i̵t̵y̵.̵b̵i̵n̵d̵,̵ ̵Bind.bind]

Note: This linter can be disabled with `set_option linter.unusedSimpArgs false`
warning: LidoSRv3/Audit/Verity/AddressTx.lean:294:56: This simp argument is unused:
  Bind.bind

Hint: Omit it from the simp argument list.
  simp_all (config :=
  ̲  ̲ ̲ ̲ ̲ ̲{
  ̲  ̲ ̲ ̲ ̲ ̲ ̲ ̲maxSteps :=
  ̲  ̲ ̲ ̲ ̲ ̲ ̲ ̲ ̲ ̲1000000 }) [show inp.requestOwner = inp.senderFrom ↔ inp.senderFrom = inp.requestOwner
  ̲  ̲ ̲ ̲ ̲ ̲ ̲ ̲ ̲ ̲from eq_comm,
        _root_.Verity.Contract.run, _̵r̵o̵o̵t̵_̵.̵V̵e̵r̵i̵t̵y̵.̵b̵i̵n̵d̵,̵ ̵B̵i̵n̵d̵.̵b̵i̵n̵d̵]̵_̲r̲o̲o̲t̲_̲.̲V̲e̲r̲i̲t̲y̲.̲b̲i̲n̲d̲]̲

Note: This linter can be disabled with `set_option linter.unusedSimpArgs false`
warning: LidoSRv3/Audit/Verity/AddressTx.lean:317:4: This simp argument is unused:
  _root_.Verity.setMappingUint

Hint: Omit it from the simp argument list.
  simp_all (config := { maxSteps := 1000000 })
  ̵  ̵ ̵ ̵[executePinnedSource, stateFor, observeAddress,
  ̲  ̲ ̲ ̲sourceAddressView, run, admitted,
  ̵  ̵ ̵ ̵successfulPost, AddressTxContract.requestWithdrawal, ̵_̵r̵o̵o̵t̵_̵.̵V̵e̵r̵i̵t̵y̵.̵r̵e̵q̵u̵i̵r̵e̵,̵
      _root_.Verity.r̲e̲q̲u̲i̲r̲e̲,̲ ̲_̲r̲o̲o̲t̲_̲.̲V̲e̲r̲i̲t̲y̲.̲Contract.run, _root_.Verity.bind, Bind.bind,
      _root_.Verity.msgSender, _root_.Verity.getStorage, _root_.Verity.getMapping,
      _root_.Verity.getMapping2, _root_.Verity.setMapping,
  ̵  ̵ ̵ ̵_̵r̵o̵o̵t̵_̵.̵V̵e̵r̵i̵t̵y̵.̵s̵e̵t̵M̵a̵p̵p̵i̵n̵g̵U̵i̵n̵t̵,̵ ̵AddressTxContract.paused,
      AddressTxContract.balances, AddressTxContract.allowances,
  ̵  ̵ ̵ ̵AddressTxContract.owners,
  ̲  ̲ ̲ ̲AddressTxContract.claimed,
  ̵  ̵ ̵ ̵AddressTxContract.recipients, ContractState.readSlot,
  ̲  ̲ ̲ ̲ContractState.writeSlot,
  ̵  ̵ ̵ ̵ContractState.readMap, ContractState.writeMap,
  ̵  ̵ ̵ ̵ContractState.readMap2,
  ̲  ̲ ̲ ̲ContractState.writeMap2,
  ̵  ̵ ̵ ̵ContractState.readMapUint, ContractState.writeMapUint,
      ContractState.storage, ContractState.storageMap,
  ̵  ̵ ̵ ̵ContractState.storageMap2,
  ̲  ̲ ̲ ̲ContractState.storageMapUint,
  ̵  ̵ ̵ ̵Verity.Core.Uint256.ofNat, hmod]

Note: This linter can be disabled with `set_option linter.unusedSimpArgs false`
warning: LidoSRv3/Audit/Verity/AddressTx.lean:319:30: This simp argument is unused:
  AddressTxContract.claimed

Hint: Omit it from the simp argument list.
  simp_all (config := { maxSteps := 1000000 })
  ̵  ̵ ̵ ̵[executePinnedSource, stateFor, observeAddress,
  ̲  ̲ ̲ ̲sourceAddressView, run, admitted,
  ̵  ̵ ̵ ̵successfulPost, AddressTxContract.requestWithdrawal, ̵_̵r̵o̵o̵t̵_̵.̵V̵e̵r̵i̵t̵y̵.̵r̵e̵q̵u̵i̵r̵e̵,̵
      _root_.Verity.r̲e̲q̲u̲i̲r̲e̲,̲ ̲_̲r̲o̲o̲t̲_̲.̲V̲e̲r̲i̲t̲y̲.̲Contract.run, _root_.Verity.bind, Bind.bind,
      _root_.Verity.msgSender, _root_.Verity.getStorage, _root_.Verity.getMapping,
      _root_.Verity.getMapping2, _root_.Verity.setMapping,
  ̵  ̵ ̵ ̵_root_.Verity.setMappingUint,
  ̲  ̲ ̲ ̲AddressTxContract.paused,
  ̵  ̵ ̵ ̵AddressTxContract.balances, AddressTxContract.allowances,
      AddressTxContract.owners, AddressTxContract.c̵l̵a̵i̵m̵e̵d̵,̵
  ̵ ̵ ̵ ̵ ̵A̵d̵d̵res̵s̵T̵x̵C̵o̵n̵t̵r̵a̵ct̵.̵r̵e̵c̵ipients, ContractState.readSlot,
  ̲  ̲ ̲ ̲ContractState.writeSlot,
  ̵  ̵ ̵ ̵ContractState.readMap, ContractState.writeMap,
  ̵  ̵ ̵ ̵ContractState.readMap2,
  ̲  ̲ ̲ ̲ContractState.writeMap2,
  ̵  ̵ ̵ ̵ContractState.readMapUint, ContractState.writeMapUint,
      ContractState.storage, ContractState.storageMap,
  ̵  ̵ ̵ ̵ContractState.storageMap2,
  ̲  ̲ ̲ ̲ContractState.storageMapUint,
  ̵  ̵ ̵ ̵Verity.Core.Uint256.ofNat, hmod]

Note: This linter can be disabled with `set_option linter.unusedSimpArgs false`
warning: LidoSRv3/Audit/Verity/AddressTx.lean:326:31: This simp argument is unused:
  hmod

Hint: Omit it from the simp argument list.
  simp_all (config := { maxSteps := 1000000 })
  ̵  ̵ ̵ ̵[executePinnedSource, stateFor, observeAddress,
  ̲  ̲ ̲ ̲sourceAddressView, run, admitted,
  ̵  ̵ ̵ ̵successfulPost, AddressTxContract.requestWithdrawal, ̵_̵r̵o̵o̵t̵_̵.̵V̵e̵r̵i̵t̵y̵.̵r̵e̵q̵u̵i̵r̵e̵,̵
      _root_.Verity.r̲e̲q̲u̲i̲r̲e̲,̲ ̲_̲r̲o̲o̲t̲_̲.̲V̲e̲r̲i̲t̲y̲.̲Contract.run, _root_.Verity.bind, Bind.bind,
      _root_.Verity.msgSender, _root_.Verity.getStorage, _root_.Verity.getMapping,
      _root_.Verity.getMapping2, _root_.Verity.setMapping,
  ̵  ̵ ̵ ̵_root_.Verity.setMappingUint,
  ̲  ̲ ̲ ̲AddressTxContract.paused,
  ̵  ̵ ̵ ̵AddressTxContract.balances, AddressTxContract.allowances,
      AddressTxContract.owners, AddressTxContract.claimed,
  ̵  ̵ ̵ ̵AddressTxContract.recipients,
  ̲  ̲ ̲ ̲ContractState.readSlot, ContractState.writeSlot,
  ̵  ̵ ̵ ̵ContractState.readMap, ContractState.writeMap,
      ContractState.readMap2, ContractState.writeMap2,
  ̵  ̵ ̵ ̵ContractState.readMapUint,
  ̲  ̲ ̲ ̲ContractState.writeMapUint,
  ̵  ̵ ̵ ̵ContractState.storage, ContractState.storageMap,
      ContractState.storageMap2, ContractState.storageMapUint,
  ̵  ̵ ̵ ̵Verity.Core.Uint256.ofNat,̵ ̵h̵m̵o̵d̵]

Note: This linter can be disabled with `set_option linter.unusedSimpArgs false`
warning: LidoSRv3/Audit/Verity/AddressTx.lean:328:5: This simp argument is unused:
  hone

Hint: Omit it from the simp argument list.
  simp_all (config :=
  ̲  ̲ ̲ ̲{ maxSteps := 1000000 })
  ̵  ̵ ̵ ̵[h̵o̵n̵e̵,̵ ̵_root_.Verity.Contract.run, _root_.Verity.bind, Bind.bind]

Note: This linter can be disabled with `set_option linter.unusedSimpArgs false`
warning: LidoSRv3/Audit/Verity/AddressTx.lean:328:11: This simp argument is unused:
  _root_.Verity.Contract.run

Hint: Omit it from the simp argument list.
  simp_all (config := { maxSteps := 1000000 }) [hone,
  ̲  ̲ ̲ ̲_̵r̵o̵o̵t̵_̵.̵V̵e̵r̵i̵t̵y̵.̵C̵o̵n̵t̵r̵a̵c̵t̵.̵r̵u̵n̵,̵ ̵_root_.Verity.bind, Bind.bind]

Note: This linter can be disabled with `set_option linter.unusedSimpArgs false`
warning: LidoSRv3/Audit/Verity/AddressTx.lean:328:39: This simp argument is unused:
  _root_.Verity.bind

Hint: Omit it from the simp argument list.
  simp_all (config := { maxSteps := 1000000 }) [hone,
  ̲  ̲ ̲ ̲_root_.Verity.Contract.run, _̵r̵o̵o̵t̵_̵.̵V̵e̵r̵i̵t̵y̵.̵b̵i̵n̵d̵,̵ ̵Bind.bind]

Note: This linter can be disabled with `set_option linter.unusedSimpArgs false`
warning: LidoSRv3/Audit/Verity/AddressTx.lean:328:59: This simp argument is unused:
  Bind.bind

Hint: Omit it from the simp argument list.
  simp_all (config := { maxSteps := 1000000 })
  ̵  ̵ ̵ ̵[hone,
  ̲  ̲ ̲ ̲_root_.Verity.Contract.run, _root_.Verity.bind,̵ ̵B̵i̵n̵d̵.̵b̵i̵n̵d̵]

Note: This linter can be disabled with `set_option linter.unusedSimpArgs false`
warning: LidoSRv3/Audit/Verity/AddressTx.lean:330:5: This simp argument is unused:
  _root_.Verity.Contract.run

Hint: Omit it from the simp argument list.
  simp_all (config :=
  ̲  ̲ ̲ ̲{ maxSteps := 1000000 }) [̵_̵r̵o̵o̵t̵_̵.̵V̵e̵r̵i̵t̵y̵.̵C̵o̵n̵t̵r̵a̵c̵t̵.̵r̵u̵n̵,̵ ̵_̵r̵o̵o̵t̵_̵.̵V̵e̵r̵i̵t̵y̵.̵b̵i̵n̵d̵,̵[̲_̲r̲o̲o̲t̲_̲.̲V̲e̲r̲i̲t̲y̲.̲b̲i̲n̲d̲,̲ Bind.bind]

Note: This linter can be disabled with `set_option linter.unusedSimpArgs false`
warning: LidoSRv3/Audit/Verity/AddressTx.lean:330:33: This simp argument is unused:
  _root_.Verity.bind

Hint: Omit it from the simp argument list.
  simp_all (config :=
  ̲  ̲ ̲ ̲{ maxSteps := 1000000 }) [_root_.Verity.Contract.run, _̵r̵o̵o̵t̵_̵.̵V̵e̵r̵i̵t̵y̵.̵b̵i̵n̵d̵,̵ ̵Bind.bind]

Note: This linter can be disabled with `set_option linter.unusedSimpArgs false`
warning: LidoSRv3/Audit/Verity/AddressTx.lean:330:53: This simp argument is unused:
  Bind.bind

Hint: Omit it from the simp argument list.
  simp_all (config :=
  ̲  ̲ ̲ ̲{ maxSteps := 1000000 })
  ̵  ̵ ̵ ̵[_root_.Verity.Contract.run, _root_.Verity.bind,̵ ̵B̵i̵n̵d̵.̵b̵i̵n̵d̵]

Note: This linter can be disabled with `set_option linter.unusedSimpArgs false`
warning: LidoSRv3/Audit/Verity/AddressTx.lean:332:5: This simp argument is unused:
  _root_.Verity.Contract.run

Hint: Omit it from the simp argument list.
  simp_all (config :=
  ̲  ̲ ̲ ̲{ maxSteps := 1000000 }) [̵_̵r̵o̵o̵t̵_̵.̵V̵e̵r̵i̵t̵y̵.̵C̵o̵n̵t̵r̵a̵c̵t̵.̵r̵u̵n̵,̵ ̵_̵r̵o̵o̵t̵_̵.̵V̵e̵r̵i̵t̵y̵.̵b̵i̵n̵d̵,̵[̲_̲r̲o̲o̲t̲_̲.̲V̲e̲r̲i̲t̲y̲.̲b̲i̲n̲d̲,̲ Bind.bind]

Note: This linter can be disabled with `set_option linter.unusedSimpArgs false`
warning: LidoSRv3/Audit/Verity/AddressTx.lean:332:33: This simp argument is unused:
  _root_.Verity.bind

Hint: Omit it from the simp argument list.
  simp_all (config :=
  ̲  ̲ ̲ ̲{ maxSteps := 1000000 }) [_root_.Verity.Contract.run, _̵r̵o̵o̵t̵_̵.̵V̵e̵r̵i̵t̵y̵.̵b̵i̵n̵d̵,̵ ̵Bind.bind]

Note: This linter can be disabled with `set_option linter.unusedSimpArgs false`
warning: LidoSRv3/Audit/Verity/AddressTx.lean:332:53: This simp argument is unused:
  Bind.bind

Hint: Omit it from the simp argument list.
  simp_all (config :=
  ̲  ̲ ̲ ̲{ maxSteps := 1000000 })
  ̵  ̵ ̵ ̵[_root_.Verity.Contract.run, _root_.Verity.bind,̵ ̵B̵i̵n̵d̵.̵b̵i̵n̵d̵]

Note: This linter can be disabled with `set_option linter.unusedSimpArgs false`
warning: LidoSRv3/Audit/Verity/AddressTx.lean:334:5: This simp argument is unused:
  _root_.Verity.Contract.run

Hint: Omit it from the simp argument list.
  simp_all (config :=
  ̲  ̲ ̲ ̲{ maxSteps := 1000000 }) [̵_̵r̵o̵o̵t̵_̵.̵V̵e̵r̵i̵t̵y̵.̵C̵o̵n̵t̵r̵a̵c̵t̵.̵r̵u̵n̵,̵ ̵_̵r̵o̵o̵t̵_̵.̵V̵e̵r̵i̵t̵y̵.̵b̵i̵n̵d̵,̵[̲_̲r̲o̲o̲t̲_̲.̲V̲e̲r̲i̲t̲y̲.̲b̲i̲n̲d̲,̲ Bind.bind]

Note: This linter can be disabled with `set_option linter.unusedSimpArgs false`
warning: LidoSRv3/Audit/Verity/AddressTx.lean:334:33: This simp argument is unused:
  _root_.Verity.bind

Hint: Omit it from the simp argument list.
  simp_all (config :=
  ̲  ̲ ̲ ̲{ maxSteps := 1000000 }) [_root_.Verity.Contract.run, _̵r̵o̵o̵t̵_̵.̵V̵e̵r̵i̵t̵y̵.̵b̵i̵n̵d̵,̵ ̵Bind.bind]

Note: This linter can be disabled with `set_option linter.unusedSimpArgs false`
warning: LidoSRv3/Audit/Verity/AddressTx.lean:334:53: This simp argument is unused:
  Bind.bind

Hint: Omit it from the simp argument list.
  simp_all (config :=
  ̲  ̲ ̲ ̲{ maxSteps := 1000000 })
  ̵  ̵ ̵ ̵[_root_.Verity.Contract.run, _root_.Verity.bind,̵ ̵B̵i̵n̵d̵.̵b̵i̵n̵d̵]

Note: This linter can be disabled with `set_option linter.unusedSimpArgs false`
warning: LidoSRv3/Audit/Verity/AddressTx.lean:336:5: This simp argument is unused:
  _root_.Verity.Contract.run

Hint: Omit it from the simp argument list.
  simp_all (config :=
  ̲  ̲ ̲ ̲{ maxSteps := 1000000 }) [̵_̵r̵o̵o̵t̵_̵.̵V̵e̵r̵i̵t̵y̵.̵C̵o̵n̵t̵r̵a̵c̵t̵.̵r̵u̵n̵,̵ ̵_̵r̵o̵o̵t̵_̵.̵V̵e̵r̵i̵t̵y̵.̵b̵i̵n̵d̵,̵[̲_̲r̲o̲o̲t̲_̲.̲V̲e̲r̲i̲t̲y̲.̲b̲i̲n̲d̲,̲ Bind.bind, _root_.Verity.setMapping,
  ̲  ̲ ̲ ̲ContractState.writeMap]

Note: This linter can be disabled with `set_option linter.unusedSimpArgs false`
warning: LidoSRv3/Audit/Verity/AddressTx.lean:336:33: This simp argument is unused:
  _root_.Verity.bind

Hint: Omit it from the simp argument list.
  simp_all (config :=
  ̲  ̲ ̲ ̲{ maxSteps := 1000000 }) [_root_.Verity.Contract.run, _̵r̵o̵o̵t̵_̵.̵V̵e̵r̵i̵t̵y̵.̵b̵i̵n̵d̵,̵ ̵Bind.bind, _root_.Verity.setMapping,
  ̲  ̲ ̲ ̲ContractState.writeMap]

Note: This linter can be disabled with `set_option linter.unusedSimpArgs false`
warning: LidoSRv3/Audit/Verity/AddressTx.lean:336:53: This simp argument is unused:
  Bind.bind

Hint: Omit it from the simp argument list.
  simp_all (config :=
  ̲  ̲ ̲ ̲{ maxSteps := 1000000 })
  ̵  ̵ ̵ ̵[_root_.Verity.Contract.run, _root_.Verity.bind, ̵B̵i̵n̵d̵.̵b̵i̵n̵d̵,̵
       ̵ ̵_root_.Verity.setMapping, ContractState.writeMap]

Note: This linter can be disabled with `set_option linter.unusedSimpArgs false`
warning: LidoSRv3/Audit/Verity/AddressTx.lean:337:6: This simp argument is unused:
  _root_.Verity.setMapping

Hint: Omit it from the simp argument list.
  simp_all (config :=
  ̲  ̲ ̲ ̲{ maxSteps := 1000000 }) [_root_.Verity.Contract.run, _root_.Verity.bind, Bind.bind,
      _̵r̵o̵o̵t̵_̵.̵V̵e̵r̵i̵t̵y̵.̵s̵e̵t̵M̵a̵p̵p̵i̵n̵g̵,̵ ̵ContractState.writeMap]

Note: This linter can be disabled with `set_option linter.unusedSimpArgs false`
warning: LidoSRv3/Audit/Verity/AddressTx.lean:337:32: This simp argument is unused:
  ContractState.writeMap

Hint: Omit it from the simp argument list.
  simp_all (config :=
  ̲  ̲ ̲ ̲{ maxSteps := 1000000 }) [_root_.Verity.Contract.run, _root_.Verity.bind, Bind.bind,
      _̵r̵o̵o̵t̵_̵.̵V̵e̵r̵i̵t̵y̵.̵s̵e̵t̵M̵a̵p̵p̵i̵n̵g̵,̵ ̵C̵o̵n̵t̵r̵a̵c̵t̵S̵t̵a̵t̵e̵.̵w̵r̵i̵t̵e̵M̵a̵p̵]̵_̲r̲o̲o̲t̲_̲.̲V̲e̲r̲i̲t̲y̲.̲s̲e̲t̲M̲a̲p̲p̲i̲n̲g̲]̲

Note: This linter can be disabled with `set_option linter.unusedSimpArgs false`
warning: LidoSRv3/Audit/Verity/AddressTx.lean:339:25: This simp argument is unused:
  Bind.bind

Hint: Omit it from the simp argument list.
  simp_all (config :=
  ̲  ̲ ̲ ̲{ maxSteps := 1000000 }) [_root_.Verity.bind, B̵i̵n̵d̵.̵b̵i̵n̵d̵,̵ ̵_root_.Verity.setMappingUint,
      _root_.Verity.Contract.run, observeAddress, ContractState.writeMapUint,
  ̲  ̲ ̲ ̲ContractState.readMapUint, ContractState.storageMapUint, ContractState.storage]

Note: This linter can be disabled with `set_option linter.unusedSimpArgs false`
warning: LidoSRv3/Audit/Verity/AddressTx.lean:340:6: This simp argument is unused:
  _root_.Verity.Contract.run

Hint: Omit it from the simp argument list.
  simp_all (config :=
  ̲  ̲ ̲ ̲{ maxSteps := 1000000 })
  ̵  ̵ ̵ ̵[_root_.Verity.bind, Bind.bind, _root_.Verity.setMappingUint,
       ̵ ̵_̵r̵oo̵t̵_̵.̵V̵e̵r̵i̵t̵y̵.̵C̵o̵n̵t̵r̵a̵c̵t̵.̵r̵u̵n̵,̵ ̵o̵bserveAddress,
  ̵  ̵ ̵ ̵ ̵ ̵ContractState.writeMapUint, ContractState.readMapUint,
       ̵ ̵ContractState.storageMapUint, ContractState.storage]

Note: This linter can be disabled with `set_option linter.unusedSimpArgs false`
warning: LidoSRv3/Audit/Verity/AddressTx.lean:340:34: This simp argument is unused:
  observeAddress

Hint: Omit it from the simp argument list.
  simp_all (config :=
  ̲  ̲ ̲ ̲{ maxSteps := 1000000 })
  ̵  ̵ ̵ ̵[_root_.Verity.bind, Bind.bind, _root_.Verity.setMappingUint,
       ̵ ̵_root_.Verity.Contract.run, o̵b̵s̵e̵r̵v̵e̵A̵d̵d̵r̵e̵s̵s̵,̵
  ̵ ̵ ̵ ̵ ̵ ̵ ̵ContractState.writeMapUint, ContractState.readMapUint,
       ̵ ̵ContractState.storageMapUint, ContractState.storage]

Note: This linter can be disabled with `set_option linter.unusedSimpArgs false`
warning: LidoSRv3/Audit/Verity/AddressTx.lean:341:34: This simp argument is unused:
  ContractState.readMapUint

Hint: Omit it from the simp argument list.
  simp_all (config :=
  ̲  ̲ ̲ ̲{ maxSteps := 1000000 })
  ̵  ̵ ̵ ̵[_root_.Verity.bind, Bind.bind, _root_.Verity.setMappingUint,
       ̵ ̵_root_.Verity.Contract.run, observeAddress,
  ̵  ̵ ̵ ̵ ̵ ̵ContractState.writeMapUint, ̵C̵o̵n̵t̵r̵a̵c̵t̵S̵t̵a̵t̵e̵.̵r̵e̵a̵d̵M̵a̵p̵U̵i̵n̵t̵,̵
       ̵ ̵ContractState.storageMapUint, ContractState.storage]

Note: This linter can be disabled with `set_option linter.unusedSimpArgs false`
warning: LidoSRv3/Audit/Verity/AddressTx.lean:342:6: This simp argument is unused:
  ContractState.storageMapUint

Hint: Omit it from the simp argument list.
  simp_all (config :=
  ̲  ̲ ̲ ̲{ maxSteps := 1000000 }) [_root_.Verity.bind, Bind.bind, _root_.Verity.setMappingUint,
      _root_.Verity.Contract.run, observeAddress, ContractState.writeMapUint,
  ̲  ̲ ̲ ̲ContractState.readMapUint, C̵o̵n̵t̵r̵a̵c̵t̵S̵t̵a̵t̵e̵.̵s̵t̵o̵r̵a̵g̵e̵M̵a̵p̵U̵i̵n̵t̵,̵ ̵ContractState.storage]

Note: This linter can be disabled with `set_option linter.unusedSimpArgs false`
warning: LidoSRv3/Audit/Verity/AddressTx.lean:342:36: This simp argument is unused:
  ContractState.storage

Hint: Omit it from the simp argument list.
  simp_all (config :=
  ̲  ̲ ̲ ̲{ maxSteps := 1000000 })
  ̵  ̵ ̵ ̵[_root_.Verity.bind, Bind.bind, _root_.Verity.setMappingUint,
       ̵ ̵_root_.Verity.Contract.run, observeAddress,
  ̵  ̵ ̵ ̵ ̵ ̵ContractState.writeMapUint,
  ̲  ̲ ̲ ̲ContractState.readMapUint,
  ̵  ̵ ̵ ̵ ̵ ̵ContractState.storageMapUint,̵ ̵C̵o̵n̵t̵r̵a̵c̵t̵S̵t̵a̵t̵e̵.̵s̵t̵o̵r̵a̵g̵e̵]

Note: This linter can be disabled with `set_option linter.unusedSimpArgs false`
warning: LidoSRv3/Audit/Verity/AddressTx.lean:355:34: This simp argument is unused:
  AddressTxContract.paused

Hint: Omit it from the simp argument list.
  simp_all (config := { maxSteps := 1000000 })
  ̵  ̵ ̵ ̵[executePinnedSource, stateFor, observeAddress,
  ̲  ̲ ̲ ̲sourceAddressView, run, admitted,
  ̵  ̵ ̵ ̵successfulPost, AddressTxContract.claimWithdrawal, ̵_̵r̵o̵o̵t̵_̵.̵V̵e̵r̵i̵t̵y̵.̵r̵e̵q̵u̵i̵r̵e̵,̵
      _root_.Verity.r̲e̲q̲u̲i̲r̲e̲,̲ ̲_̲r̲o̲o̲t̲_̲.̲V̲e̲r̲i̲t̲y̲.̲Contract.run, _root_.Verity.bind, Bind.bind,
      _root_.Verity.msgSender, _root_.Verity.getMappingUint,
  ̵  ̵ ̵ ̵_root_.Verity.setMappingUint, ̵A̵d̵d̵r̵e̵s̵s̵T̵x̵C̵o̵n̵t̵r̵a̵c̵t̵.̵p̵a̵u̵s̵e̵d̵,̵
      AddressTxContract.balances, AddressTxContract.allowances,
  ̵  ̵ ̵ ̵AddressTxContract.owners,
  ̲  ̲ ̲ ̲AddressTxContract.claimed,
  ̵  ̵ ̵ ̵AddressTxContract.recipients, ContractState.readSlot,
      ContractState.writeSlot, ContractState.readMap, ContractState.writeMap,
  ̵  ̵ ̵ ̵ContractState.readMap2,
  ̲  ̲ ̲ ̲ContractState.writeMap2,
  ̵  ̵ ̵ ̵ContractState.readMapUint, ContractState.writeMapUint,
      ContractState.storage, ContractState.storageMap,
  ̵  ̵ ̵ ̵ContractState.storageMap2,
  ̲  ̲ ̲ ̲ContractState.storageMapUint]

Note: This linter can be disabled with `set_option linter.unusedSimpArgs false`
warning: LidoSRv3/Audit/Verity/AddressTx.lean:356:4: This simp argument is unused:
  AddressTxContract.balances

Hint: Omit it from the simp argument list.
  simp_all (config := { maxSteps := 1000000 })
  ̵  ̵ ̵ ̵[executePinnedSource, stateFor, observeAddress,
  ̲  ̲ ̲ ̲sourceAddressView, run, admitted,
  ̵  ̵ ̵ ̵successfulPost, AddressTxContract.claimWithdrawal, ̵_̵r̵o̵o̵t̵_̵.̵V̵e̵r̵i̵t̵y̵.̵r̵e̵q̵u̵i̵r̵e̵,̵
      _root_.Verity.r̲e̲q̲u̲i̲r̲e̲,̲ ̲_̲r̲o̲o̲t̲_̲.̲V̲e̲r̲i̲t̲y̲.̲Contract.run, _root_.Verity.bind, Bind.bind,
      _root_.Verity.msgSender, _root_.Verity.getMappingUint,
  ̵  ̵ ̵ ̵_root_.Verity.setMappingUint,
  ̲  ̲ ̲ ̲AddressTxContract.paused,
  ̵  ̵ ̵ ̵AddressTxContract.b̵all̲o̲w̲ances, AddressTxContract.a̵l̵l̵owa̵nc̵er̲s,
      AddressTxContract.o̵w̵n̵e̵r̵s̵,̵ ̵A̵d̵d̵r̵e̵s̵s̵T̵x̵C̵o̵n̵t̵r̵a̵ct̵.̵c̵laimed,
  ̵  ̵ ̵ ̵AddressTxContract.recipients, ContractState.readSlot,
      ContractState.writeSlot, ContractState.readMap, ContractState.writeMap,
  ̵  ̵ ̵ ̵ContractState.readMap2,
  ̲  ̲ ̲ ̲ContractState.writeMap2,
  ̵  ̵ ̵ ̵ContractState.readMapUint, ContractState.writeMapUint,
      ContractState.storage, ContractState.storageMap,
  ̵  ̵ ̵ ̵ContractState.storageMap2,
  ̲  ̲ ̲ ̲ContractState.storageMapUint]

Note: This linter can be disabled with `set_option linter.unusedSimpArgs false`
warning: LidoSRv3/Audit/Verity/AddressTx.lean:356:32: This simp argument is unused:
  AddressTxContract.allowances

Hint: Omit it from the simp argument list.
  simp_all (config := { maxSteps := 1000000 })
  ̵  ̵ ̵ ̵[executePinnedSource, stateFor, observeAddress,
  ̲  ̲ ̲ ̲sourceAddressView, run, admitted,
  ̵  ̵ ̵ ̵successfulPost, AddressTxContract.claimWithdrawal, ̵_̵r̵o̵o̵t̵_̵.̵V̵e̵r̵i̵t̵y̵.̵r̵e̵q̵u̵i̵r̵e̵,̵
      _root_.Verity.r̲e̲q̲u̲i̲r̲e̲,̲ ̲_̲r̲o̲o̲t̲_̲.̲V̲e̲r̲i̲t̲y̲.̲Contract.run, _root_.Verity.bind, Bind.bind,
      _root_.Verity.msgSender, _root_.Verity.getMappingUint,
  ̵  ̵ ̵ ̵_root_.Verity.setMappingUint,
  ̲  ̲ ̲ ̲AddressTxContract.paused,
  ̵  ̵ ̵ ̵AddressTxContract.balances, AddressTxContract.a̵l̵l̵owa̵nc̵er̲s,
      AddressTxContract.o̵w̵n̵e̵r̵s̵,̵ ̵A̵d̵d̵r̵e̵s̵s̵T̵x̵C̵o̵n̵t̵r̵a̵ct̵.̵c̵laimed,
  ̵  ̵ ̵ ̵AddressTxContract.recipients, ContractState.readSlot,
      ContractState.writeSlot, ContractState.readMap, ContractState.writeMap,
  ̵  ̵ ̵ ̵ContractState.readMap2,
  ̲  ̲ ̲ ̲ContractState.writeMap2,
  ̵  ̵ ̵ ̵ContractState.readMapUint, ContractState.writeMapUint,
      ContractState.storage, ContractState.storageMap,
  ̵  ̵ ̵ ̵ContractState.storageMap2,
  ̲  ̲ ̲ ̲ContractState.storageMapUint]

Note: This linter can be disabled with `set_option linter.unusedSimpArgs false`
warning: LidoSRv3/Audit/Verity/AddressTx.lean:358:34: This simp argument is unused:
  ContractState.readSlot

Hint: Omit it from the simp argument list.
  simp_all (config := { maxSteps := 1000000 })
  ̵  ̵ ̵ ̵[executePinnedSource, stateFor, observeAddress,
  ̲  ̲ ̲ ̲sourceAddressView, run, admitted,
  ̵  ̵ ̵ ̵successfulPost, AddressTxContract.claimWithdrawal, ̵_̵r̵o̵o̵t̵_̵.̵V̵e̵r̵i̵t̵y̵.̵r̵e̵q̵u̵i̵r̵e̵,̵
      _root_.Verity.r̲e̲q̲u̲i̲r̲e̲,̲ ̲_̲r̲o̲o̲t̲_̲.̲V̲e̲r̲i̲t̲y̲.̲Contract.run, _root_.Verity.bind, Bind.bind,
      _root_.Verity.msgSender, _root_.Verity.getMappingUint,
  ̵  ̵ ̵ ̵_root_.Verity.setMappingUint,
  ̲  ̲ ̲ ̲AddressTxContract.paused,
  ̵  ̵ ̵ ̵AddressTxContract.balances, AddressTxContract.allowances,
      AddressTxContract.owners, AddressTxContract.claimed,
  ̵  ̵ ̵ ̵AddressTxContract.recipients, ̵C̵o̵n̵t̵r̵a̵c̵t̵S̵t̵a̵t̵e̵.̵r̵e̵a̵d̵S̵l̵o̵t̵,̵
      ContractState.writeSlot, ContractState.readMap, ContractState.writeMap,
  ̵  ̵ ̵ ̵ContractState.readMap2,
  ̲  ̲ ̲ ̲ContractState.writeMap2,
  ̵  ̵ ̵ ̵ContractState.readMapUint, ContractState.writeMapUint,
      ContractState.storage, ContractState.storageMap,
  ̵  ̵ ̵ ̵ContractState.storageMap2,
  ̲  ̲ ̲ ̲ContractState.storageMapUint]

Note: This linter can be disabled with `set_option linter.unusedSimpArgs false`
warning: LidoSRv3/Audit/Verity/AddressTx.lean:359:29: This simp argument is unused:
  ContractState.readMap

Hint: Omit it from the simp argument list.
  simp_all (config := { maxSteps := 1000000 })
  ̵  ̵ ̵ ̵[executePinnedSource, stateFor, observeAddress,
  ̲  ̲ ̲ ̲sourceAddressView, run, admitted,
  ̵  ̵ ̵ ̵successfulPost, AddressTxContract.claimWithdrawal, ̵_̵r̵o̵o̵t̵_̵.̵V̵e̵r̵i̵t̵y̵.̵r̵e̵q̵u̵i̵r̵e̵,̵
      _root_.Verity.r̲e̲q̲u̲i̲r̲e̲,̲ ̲_̲r̲o̲o̲t̲_̲.̲V̲e̲r̲i̲t̲y̲.̲Contract.run, _root_.Verity.bind, Bind.bind,
      _root_.Verity.msgSender, _root_.Verity.getMappingUint,
  ̵  ̵ ̵ ̵_root_.Verity.setMappingUint,
  ̲  ̲ ̲ ̲AddressTxContract.paused,
  ̵  ̵ ̵ ̵AddressTxContract.balances, AddressTxContract.allowances,
      AddressTxContract.owners, AddressTxContract.claimed,
  ̵  ̵ ̵ ̵AddressTxContract.recipients,
  ̲  ̲ ̲ ̲ContractState.readSlot,
  ̵  ̵ ̵ ̵ContractState.writeSlot, ContractState.r̵e̵a̵d̵M̵a̵p̵,̵ ̵C̵o̵n̵t̵r̵a̵c̵t̵S̵t̵a̵t̵e̵.̵writeMap,
  ̵  ̵ ̵ ̵ContractState.readMap2,
  ̲  ̲ ̲ ̲ContractState.writeMap2,
  ̵  ̵ ̵ ̵ContractState.readMapUint, ContractState.writeMapUint,
      ContractState.storage, ContractState.storageMap,
  ̵  ̵ ̵ ̵ContractState.storageMap2,
  ̲  ̲ ̲ ̲ContractState.storageMapUint]

Note: This linter can be disabled with `set_option linter.unusedSimpArgs false`
warning: LidoSRv3/Audit/Verity/AddressTx.lean:360:4: This simp argument is unused:
  ContractState.readMap2

Hint: Omit it from the simp argument list.
  simp_all (config := { maxSteps := 1000000 })
  ̵  ̵ ̵ ̵[executePinnedSource, stateFor, observeAddress,
  ̲  ̲ ̲ ̲sourceAddressView, run, admitted,
  ̵  ̵ ̵ ̵successfulPost, AddressTxContract.claimWithdrawal, ̵_̵r̵o̵o̵t̵_̵.̵V̵e̵r̵i̵t̵y̵.̵r̵e̵q̵u̵i̵r̵e̵,̵
      _root_.Verity.r̲e̲q̲u̲i̲r̲e̲,̲ ̲_̲r̲o̲o̲t̲_̲.̲V̲e̲r̲i̲t̲y̲.̲Contract.run, _root_.Verity.bind, Bind.bind,
      _root_.Verity.msgSender, _root_.Verity.getMappingUint,
  ̵  ̵ ̵ ̵_root_.Verity.setMappingUint,
  ̲  ̲ ̲ ̲AddressTxContract.paused,
  ̵  ̵ ̵ ̵AddressTxContract.balances, AddressTxContract.allowances,
      AddressTxContract.owners, AddressTxContract.claimed,
  ̵  ̵ ̵ ̵AddressTxContract.recipients,
  ̲  ̲ ̲ ̲ContractState.readSlot,
  ̵  ̵ ̵ ̵ContractState.writeSlot, ContractState.readMap, ContractState.writeMap,
      ContractState.r̵e̵a̵d̵M̵a̵p̵2̵,̵ ̵C̵o̵n̵t̵r̵a̵c̵t̵S̵t̵a̵t̵e̵.̵writeMap2,
  ̵  ̵ ̵ ̵ContractState.readMapUint, ContractState.writeMapUint,
      ContractState.storage, ContractState.storageMap,
  ̵  ̵ ̵ ̵ContractState.storageMap2,
  ̲  ̲ ̲ ̲ContractState.storageMapUint]

Note: This linter can be disabled with `set_option linter.unusedSimpArgs false`
warning: LidoSRv3/Audit/Verity/AddressTx.lean:362:4: This simp argument is unused:
  ContractState.storage

Hint: Omit it from the simp argument list.
  simp_all (config := { maxSteps := 1000000 })
  ̵  ̵ ̵ ̵[executePinnedSource, stateFor, observeAddress,
  ̲  ̲ ̲ ̲sourceAddressView, run, admitted,
  ̵  ̵ ̵ ̵successfulPost, AddressTxContract.claimWithdrawal, ̵_̵r̵o̵o̵t̵_̵.̵V̵e̵r̵i̵t̵y̵.̵r̵e̵q̵u̵i̵r̵e̵,̵
      _root_.Verity.r̲e̲q̲u̲i̲r̲e̲,̲ ̲_̲r̲o̲o̲t̲_̲.̲V̲e̲r̲i̲t̲y̲.̲Contract.run, _root_.Verity.bind, Bind.bind,
      _root_.Verity.msgSender, _root_.Verity.getMappingUint,
  ̵  ̵ ̵ ̵_root_.Verity.setMappingUint,
  ̲  ̲ ̲ ̲AddressTxContract.paused,
  ̵  ̵ ̵ ̵AddressTxContract.balances, AddressTxContract.allowances,
      AddressTxContract.owners, AddressTxContract.claimed,
  ̵  ̵ ̵ ̵AddressTxContract.recipients,
  ̲  ̲ ̲ ̲ContractState.readSlot,
  ̵  ̵ ̵ ̵ContractState.writeSlot, ContractState.readMap, ContractState.writeMap,
      ContractState.readMap2, ContractState.writeMap2,
  ̵  ̵ ̵ ̵ContractState.readMapUint,
  ̲  ̲ ̲ ̲ContractState.writeMapUint,
  ̵  ̵ ̵ ̵ContractState.storage,̵ ̵C̵o̵n̵t̵r̵a̵c̵t̵S̵t̵a̵t̵e̵.̵s̵t̵o̵r̵a̵g̵e̵Map,
  ̵  ̵ ̵ ̵ContractState.storageMap2,
  ̲  ̲ ̲ ̲ContractState.storageMapUint]

Note: This linter can be disabled with `set_option linter.unusedSimpArgs false`
warning: LidoSRv3/Audit/Verity/AddressTx.lean:362:27: This simp argument is unused:
  ContractState.storageMap

Hint: Omit it from the simp argument list.
  simp_all (config := { maxSteps := 1000000 })
  ̵  ̵ ̵ ̵[executePinnedSource, stateFor, observeAddress,
  ̲  ̲ ̲ ̲sourceAddressView, run, admitted,
  ̵  ̵ ̵ ̵successfulPost, AddressTxContract.claimWithdrawal, ̵_̵r̵o̵o̵t̵_̵.̵V̵e̵r̵i̵t̵y̵.̵r̵e̵q̵u̵i̵r̵e̵,̵
      _root_.Verity.r̲e̲q̲u̲i̲r̲e̲,̲ ̲_̲r̲o̲o̲t̲_̲.̲V̲e̲r̲i̲t̲y̲.̲Contract.run, _root_.Verity.bind, Bind.bind,
      _root_.Verity.msgSender, _root_.Verity.getMappingUint,
  ̵  ̵ ̵ ̵_root_.Verity.setMappingUint,
  ̲  ̲ ̲ ̲AddressTxContract.paused,
  ̵  ̵ ̵ ̵AddressTxContract.balances, AddressTxContract.allowances,
      AddressTxContract.owners, AddressTxContract.claimed,
  ̵  ̵ ̵ ̵AddressTxContract.recipients,
  ̲  ̲ ̲ ̲ContractState.readSlot,
  ̵  ̵ ̵ ̵ContractState.writeSlot, ContractState.readMap, ContractState.writeMap,
      ContractState.readMap2, ContractState.writeMap2,
  ̵  ̵ ̵ ̵ContractState.readMapUint,
  ̲  ̲ ̲ ̲ContractState.writeMapUint,
  ̵  ̵ ̵ ̵ContractState.storage, ContractState.storageMap,̵
  ̵ ̵ ̵ ̵ ̵C̵o̵n̵t̵r̵a̵c̵t̵S̵t̵a̵t̵e̵.̵s̵t̵o̵r̵a̵g̵e̵M̵a̵p̵2,
  ̲  ̲ ̲ ̲ContractState.storageMapUint]

Note: This linter can be disabled with `set_option linter.unusedSimpArgs false`
warning: LidoSRv3/Audit/Verity/AddressTx.lean:363:4: This simp argument is unused:
  ContractState.storageMap2

Hint: Omit it from the simp argument list.
  simp_all (config := { maxSteps := 1000000 })
  ̵  ̵ ̵ ̵[executePinnedSource, stateFor, observeAddress,
  ̲  ̲ ̲ ̲sourceAddressView, run, admitted,
  ̵  ̵ ̵ ̵successfulPost, AddressTxContract.claimWithdrawal, ̵_̵r̵o̵o̵t̵_̵.̵V̵e̵r̵i̵t̵y̵.̵r̵e̵q̵u̵i̵r̵e̵,̵
      _root_.Verity.r̲e̲q̲u̲i̲r̲e̲,̲ ̲_̲r̲o̲o̲t̲_̲.̲V̲e̲r̲i̲t̲y̲.̲Contract.run, _root_.Verity.bind, Bind.bind,
      _root_.Verity.msgSender, _root_.Verity.getMappingUint,
  ̵  ̵ ̵ ̵_root_.Verity.setMappingUint,
  ̲  ̲ ̲ ̲AddressTxContract.paused,
  ̵  ̵ ̵ ̵AddressTxContract.balances, AddressTxContract.allowances,
      AddressTxContract.owners, AddressTxContract.claimed,
  ̵  ̵ ̵ ̵AddressTxContract.recipients,
  ̲  ̲ ̲ ̲ContractState.readSlot,
  ̵  ̵ ̵ ̵ContractState.writeSlot, ContractState.readMap, ContractState.writeMap,
      ContractState.readMap2, ContractState.writeMap2,
  ̵  ̵ ̵ ̵ContractState.readMapUint,
  ̲  ̲ ̲ ̲ContractState.writeMapUint,
  ̵  ̵ ̵ ̵ContractState.storage, ContractState.storageMap,
      ContractState.storageMap2̵,̵ ̵C̵o̵n̵t̵r̵a̵c̵t̵S̵t̵a̵t̵e̵.̵s̵t̵o̵r̵a̵g̵e̵M̵a̵p̵Uint]

Note: This linter can be disabled with `set_option linter.unusedSimpArgs false`
warning: LidoSRv3/Audit/Verity/AddressTx.lean:366:5: This simp argument is unused:
  _root_.Verity.Contract.run

Hint: Omit it from the simp argument list.
  simp_all (config :=
  ̲  ̲ ̲ ̲{ maxSteps := 1000000 }) [̵_̵r̵o̵o̵t̵_̵.̵V̵e̵r̵i̵t̵y̵.̵C̵o̵n̵t̵r̵a̵c̵t̵.̵r̵u̵n̵,̵ ̵_̵r̵o̵o̵t̵_̵.̵V̵e̵r̵i̵t̵y̵.̵b̵i̵n̵d̵,̵[̲_̲r̲o̲o̲t̲_̲.̲V̲e̲r̲i̲t̲y̲.̲b̲i̲n̲d̲,̲ Bind.bind]

Note: This linter can be disabled with `set_option linter.unusedSimpArgs false`
warning: LidoSRv3/Audit/Verity/AddressTx.lean:366:33: This simp argument is unused:
  _root_.Verity.bind

Hint: Omit it from the simp argument list.
  simp_all (config :=
  ̲  ̲ ̲ ̲{ maxSteps := 1000000 }) [_root_.Verity.Contract.run, _̵r̵o̵o̵t̵_̵.̵V̵e̵r̵i̵t̵y̵.̵b̵i̵n̵d̵,̵ ̵Bind.bind]

Note: This linter can be disabled with `set_option linter.unusedSimpArgs false`
warning: LidoSRv3/Audit/Verity/AddressTx.lean:366:53: This simp argument is unused:
  Bind.bind

Hint: Omit it from the simp argument list.
  simp_all (config :=
  ̲  ̲ ̲ ̲{ maxSteps := 1000000 })
  ̵  ̵ ̵ ̵[_root_.Verity.Contract.run, _root_.Verity.bind,̵ ̵B̵i̵n̵d̵.̵b̵i̵n̵d̵]

Note: This linter can be disabled with `set_option linter.unusedSimpArgs false`
warning: LidoSRv3/Audit/Verity/AddressTx.lean:368:5: This simp argument is unused:
  hone

Hint: Omit it from the simp argument list.
  simp_all (config :=
  ̲  ̲ ̲ ̲{ maxSteps := 1000000 })
  ̵  ̵ ̵ ̵[h̵o̵n̵e̵,̵ ̵_root_.Verity.Contract.run, _root_.Verity.bind, Bind.bind]

Note: This linter can be disabled with `set_option linter.unusedSimpArgs false`
warning: LidoSRv3/Audit/Verity/AddressTx.lean:368:11: This simp argument is unused:
  _root_.Verity.Contract.run

Hint: Omit it from the simp argument list.
  simp_all (config := { maxSteps := 1000000 }) [hone,
  ̲  ̲ ̲ ̲_̵r̵o̵o̵t̵_̵.̵V̵e̵r̵i̵t̵y̵.̵C̵o̵n̵t̵r̵a̵c̵t̵.̵r̵u̵n̵,̵ ̵_root_.Verity.bind, Bind.bind]

Note: This linter can be disabled with `set_option linter.unusedSimpArgs false`
warning: LidoSRv3/Audit/Verity/AddressTx.lean:368:39: This simp argument is unused:
  _root_.Verity.bind

Hint: Omit it from the simp argument list.
  simp_all (config := { maxSteps := 1000000 }) [hone,
  ̲  ̲ ̲ ̲_root_.Verity.Contract.run, _̵r̵o̵o̵t̵_̵.̵V̵e̵r̵i̵t̵y̵.̵b̵i̵n̵d̵,̵ ̵Bind.bind]

Note: This linter can be disabled with `set_option linter.unusedSimpArgs false`
warning: LidoSRv3/Audit/Verity/AddressTx.lean:368:59: This simp argument is unused:
  Bind.bind

Hint: Omit it from the simp argument list.
  simp_all (config := { maxSteps := 1000000 })
  ̵  ̵ ̵ ̵[hone,
  ̲  ̲ ̲ ̲_root_.Verity.Contract.run, _root_.Verity.bind,̵ ̵B̵i̵n̵d̵.̵b̵i̵n̵d̵]

Note: This linter can be disabled with `set_option linter.unusedSimpArgs false`
warning: LidoSRv3/Audit/Verity/AddressTx.lean:370:5: This simp argument is unused:
  _root_.Verity.Contract.run

Hint: Omit it from the simp argument list.
  simp_all (config :=
  ̲  ̲ ̲ ̲{ maxSteps := 1000000 }) [̵_̵r̵o̵o̵t̵_̵.̵V̵e̵r̵i̵t̵y̵.̵C̵o̵n̵t̵r̵a̵c̵t̵.̵r̵u̵n̵,̵ ̵_̵r̵o̵o̵t̵_̵.̵V̵e̵r̵i̵t̵y̵.̵b̵i̵n̵d̵,̵[̲_̲r̲o̲o̲t̲_̲.̲V̲e̲r̲i̲t̲y̲.̲b̲i̲n̲d̲,̲ Bind.bind]

Note: This linter can be disabled with `set_option linter.unusedSimpArgs false`
warning: LidoSRv3/Audit/Verity/AddressTx.lean:370:33: This simp argument is unused:
  _root_.Verity.bind

Hint: Omit it from the simp argument list.
  simp_all (config :=
  ̲  ̲ ̲ ̲{ maxSteps := 1000000 }) [_root_.Verity.Contract.run, _̵r̵o̵o̵t̵_̵.̵V̵e̵r̵i̵t̵y̵.̵b̵i̵n̵d̵,̵ ̵Bind.bind]

Note: This linter can be disabled with `set_option linter.unusedSimpArgs false`
warning: LidoSRv3/Audit/Verity/AddressTx.lean:370:53: This simp argument is unused:
  Bind.bind

Hint: Omit it from the simp argument list.
  simp_all (config :=
  ̲  ̲ ̲ ̲{ maxSteps := 1000000 })
  ̵  ̵ ̵ ̵[_root_.Verity.Contract.run, _root_.Verity.bind,̵ ̵B̵i̵n̵d̵.̵b̵i̵n̵d̵]

Note: This linter can be disabled with `set_option linter.unusedSimpArgs false`
warning: LidoSRv3/Audit/Verity/AddressTx.lean:372:5: This simp argument is unused:
  _root_.Verity.Contract.run

Hint: Omit it from the simp argument list.
  simp_all (config :=
  ̲  ̲ ̲ ̲{ maxSteps := 1000000 }) [̵_̵r̵o̵o̵t̵_̵.̵V̵e̵r̵i̵t̵y̵.̵C̵o̵n̵t̵r̵a̵c̵t̵.̵r̵u̵n̵,̵ ̵_̵r̵o̵o̵t̵_̵.̵V̵e̵r̵i̵t̵y̵.̵b̵i̵n̵d̵,̵[̲_̲r̲o̲o̲t̲_̲.̲V̲e̲r̲i̲t̲y̲.̲b̲i̲n̲d̲,̲ Bind.bind]

Note: This linter can be disabled with `set_option linter.unusedSimpArgs false`
warning: LidoSRv3/Audit/Verity/AddressTx.lean:372:33: This simp argument is unused:
  _root_.Verity.bind

Hint: Omit it from the simp argument list.
  simp_all (config :=
  ̲  ̲ ̲ ̲{ maxSteps := 1000000 }) [_root_.Verity.Contract.run, _̵r̵o̵o̵t̵_̵.̵V̵e̵r̵i̵t̵y̵.̵b̵i̵n̵d̵,̵ ̵Bind.bind]

Note: This linter can be disabled with `set_option linter.unusedSimpArgs false`
warning: LidoSRv3/Audit/Verity/AddressTx.lean:372:53: This simp argument is unused:
  Bind.bind

Hint: Omit it from the simp argument list.
  simp_all (config :=
  ̲  ̲ ̲ ̲{ maxSteps := 1000000 })
  ̵  ̵ ̵ ̵[_root_.Verity.Contract.run, _root_.Verity.bind,̵ ̵B̵i̵n̵d̵.̵b̵i̵n̵d̵]

Note: This linter can be disabled with `set_option linter.unusedSimpArgs false`
warning: LidoSRv3/Audit/Verity/AddressTx.lean:376:8: This simp argument is unused:
  _root_.Verity.Contract.run

Hint: Omit it from the simp argument list.
  simp_all (config :=
  ̲  ̲ ̲ ̲ ̲ ̲{
  ̲  ̲ ̲ ̲ ̲ ̲ ̲ ̲maxSteps :=
  ̲  ̲ ̲ ̲ ̲ ̲ ̲ ̲ ̲ ̲1000000 }) [show inp.requestOwner = inp.caller ↔ inp.caller = inp.requestOwner from
  ̲  ̲ ̲ ̲ ̲ ̲ ̲ ̲ ̲ ̲eq_comm,
        _̵r̵o̵o̵t̵_̵.̵V̵e̵r̵i̵t̵y̵.̵C̵o̵n̵t̵r̵a̵c̵t̵.̵r̵u̵n̵,̵ ̵_root_.Verity.bind, Bind.bind]

Note: This linter can be disabled with `set_option linter.unusedSimpArgs false`
warning: LidoSRv3/Audit/Verity/AddressTx.lean:376:36: This simp argument is unused:
  _root_.Verity.bind

Hint: Omit it from the simp argument list.
  simp_all (config :=
  ̲  ̲ ̲ ̲ ̲ ̲{
  ̲  ̲ ̲ ̲ ̲ ̲ ̲ ̲maxSteps :=
  ̲  ̲ ̲ ̲ ̲ ̲ ̲ ̲ ̲ ̲1000000 }) [show inp.requestOwner = inp.caller ↔ inp.caller = inp.requestOwner from
  ̲  ̲ ̲ ̲ ̲ ̲ ̲ ̲ ̲ ̲eq_comm,
        _root_.Verity.Contract.run, _̵r̵o̵o̵t̵_̵.̵V̵e̵r̵i̵t̵y̵.̵b̵i̵n̵d̵,̵ ̵Bind.bind]

Note: This linter can be disabled with `set_option linter.unusedSimpArgs false`
warning: LidoSRv3/Audit/Verity/AddressTx.lean:376:56: This simp argument is unused:
  Bind.bind

Hint: Omit it from the simp argument list.
  simp_all (config :=
  ̲  ̲ ̲ ̲ ̲ ̲{
  ̲  ̲ ̲ ̲ ̲ ̲ ̲ ̲maxSteps :=
  ̲  ̲ ̲ ̲ ̲ ̲ ̲ ̲ ̲ ̲1000000 }) [show inp.requestOwner = inp.caller ↔ inp.caller = inp.requestOwner from
  ̲  ̲ ̲ ̲ ̲ ̲ ̲ ̲ ̲ ̲eq_comm,
        _root_.Verity.Contract.run, _̵r̵o̵o̵t̵_̵.̵V̵e̵r̵i̵t̵y̵.̵b̵i̵n̵d̵,̵ ̵B̵i̵n̵d̵.̵b̵i̵n̵d̵]̵_̲r̲o̲o̲t̲_̲.̲V̲e̲r̲i̲t̲y̲.̲b̲i̲n̲d̲]̲

Note: This linter can be disabled with `set_option linter.unusedSimpArgs false`
warning: LidoSRv3/Audit/Verity/AddressTx.lean:378:5: This simp argument is unused:
  _root_.Verity.bind

Hint: Omit it from the simp argument list.
  simp_all (config :=
  ̲  ̲ ̲ ̲{ maxSteps := 1000000 }) [̵_̵r̵o̵o̵t̵_̵.̵V̵e̵r̵i̵t̵y̵.̵b̵i̵n̵d̵,̵ ̵B̵i̵n̵d̵.̵b̵i̵n̵d̵,̵[̲B̲i̲n̲d̲.̲b̲i̲n̲d̲,̲ _root_.Verity.setMappingUint, ContractState.writeMapUint,
  ̲  ̲ ̲ ̲ContractState.readMapUint, ContractState.storageMapUint]

Note: This linter can be disabled with `set_option linter.unusedSimpArgs false`
warning: LidoSRv3/Audit/Verity/AddressTx.lean:378:25: This simp argument is unused:
  Bind.bind

Hint: Omit it from the simp argument list.
  simp_all (config :=
  ̲  ̲ ̲ ̲{ maxSteps := 1000000 })
  ̵  ̵ ̵ ̵[_root_.Verity.bind, B̵i̵n̵d̵.̵b̵i̵n̵d̵,̵ ̵_root_.Verity.setMappingUint,
       ̵ ̵ContractState.writeMapUint, ContractState.readMapUint,
  ̵  ̵ ̵ ̵ ̵ ̵ContractState.storageMapUint]

Note: This linter can be disabled with `set_option linter.unusedSimpArgs false`
warning: LidoSRv3/Audit/Verity/AddressTx.lean:378:36: This simp argument is unused:
  _root_.Verity.setMappingUint

Hint: Omit it from the simp argument list.
  simp_all (config :=
  ̲  ̲ ̲ ̲{ maxSteps := 1000000 }) [_root_.Verity.bind, Bind.bind, _̵r̵o̵o̵t̵_̵.̵V̵e̵r̵i̵t̵y̵.̵s̵e̵t̵M̵a̵p̵p̵i̵n̵g̵U̵i̵n̵t̵,̵ContractState.writeMapUint,
      ContractState.readMapUint, ContractState.storageMapUint]

Note: This linter can be disabled with `set_option linter.unusedSimpArgs false`
warning: LidoSRv3/Audit/Verity/AddressTx.lean:379:6: This simp argument is unused:
  ContractState.writeMapUint

Hint: Omit it from the simp argument list.
  simp_all (config :=
  ̲  ̲ ̲ ̲{ maxSteps := 1000000 }) [_root_.Verity.bind, Bind.bind, _root_.Verity.setMappingUint,
      C̵o̵n̵t̵r̵a̵c̵t̵S̵t̵a̵t̵e̵.̵w̵r̵i̵t̵e̵M̵a̵p̵U̵i̵n̵t̵,̵ ̵ContractState.readMapUint, ContractState.storageMapUint]

Note: This linter can be disabled with `set_option linter.unusedSimpArgs false`
warning: LidoSRv3/Audit/Verity/AddressTx.lean:379:34: This simp argument is unused:
  ContractState.readMapUint

Hint: Omit it from the simp argument list.
  simp_all (config :=
  ̲  ̲ ̲ ̲{ maxSteps := 1000000 }) [_root_.Verity.bind, Bind.bind, _root_.Verity.setMappingUint,
      ContractState.writeMapUint, C̵o̵n̵t̵r̵a̵c̵t̵S̵t̵a̵t̵e̵.̵r̵e̵a̵d̵M̵a̵p̵U̵i̵n̵t̵,̵ContractState.storageMapUint]

Note: This linter can be disabled with `set_option linter.unusedSimpArgs false`
warning: LidoSRv3/Audit/Verity/AddressTx.lean:380:6: This simp argument is unused:
  ContractState.storageMapUint

Hint: Omit it from the simp argument list.
  simp_all (config :=
  ̲  ̲ ̲ ̲{ maxSteps := 1000000 }) [_root_.Verity.bind, Bind.bind, _root_.Verity.setMappingUint,
      ContractState.writeMapUint, C̵o̵n̵t̵r̵a̵c̵t̵S̵t̵a̵t̵e̵.̵r̵e̵a̵d̵M̵a̵p̵U̵i̵n̵t̵,̵
  ̵ ̵ ̵ ̵ ̵ ̵ ̵C̵o̵n̵t̵r̵a̵c̵t̵S̵t̵a̵t̵e̵.̵s̵t̵o̵r̵a̵g̵e̵M̵a̵p̵U̵i̵n̵t̵]̵C̲o̲n̲t̲r̲a̲c̲t̲S̲t̲a̲t̲e̲.̲r̲e̲a̲d̲M̲a̲p̲U̲i̲n̲t̲]̲

Note: This linter can be disabled with `set_option linter.unusedSimpArgs false`
warning: LidoSRv3/Audit/Verity/AddressTx.lean:398:6: try 'simp' instead of 'simpa'

Note: This linter can be disabled with `set_option linter.unnecessarySimpa false`
warning: LidoSRv3/Audit/Verity/AddressTx.lean:405:4: This simp argument is unused:
  AddressTxContract.paused

Hint: Omit it from the simp argument list.
  simp_all (config := { maxSteps := 1000000 })
  ̵  ̵ ̵ ̵[executePinnedSource, stateFor, observeAddress,
  ̲  ̲ ̲ ̲sourceAddressView, run, admitted,
  ̵  ̵ ̵ ̵successfulPost, AddressTxContract.redeem, ̵_̵r̵o̵o̵t̵_̵.̵V̵e̵r̵i̵t̵y̵.̵r̵e̵q̵u̵i̵r̵e̵,̵
      _root_.Verity.r̲e̲q̲u̲i̲r̲e̲,̲ ̲_̲r̲o̲o̲t̲_̲.̲V̲e̲r̲i̲t̲y̲.̲Contract.run, _root_.Verity.bind, Bind.bind,
      _root_.Verity.msgSender, _root_.Verity.getMapping,
  ̵  ̵ ̵ ̵_root_.Verity.setMapping,
  ̲  ̲ ̲ ̲_root_.Verity.setMappingUint,
  ̵  ̵ ̵ ̵AddressTxContract.p̵a̵u̵s̵e̵d̵,̵ ̵A̵d̵d̵r̵e̵s̵s̵T̵x̵C̵o̵n̵t̵r̵a̵c̵t̵.̵balances,
  ̵  ̵ ̵ ̵AddressTxContract.allowances,
  ̲  ̲ ̲ ̲AddressTxContract.owners,
  ̵  ̵ ̵ ̵AddressTxContract.claimed, AddressTxContract.recipients,
      ContractState.readSlot, ContractState.writeSlot,
  ̵  ̵ ̵ ̵ContractState.readMap, ContractState.writeMap,
      ContractState.readMap2, ContractState.writeMap2,
  ̵  ̵ ̵ ̵ContractState.readMapUint,
  ̲  ̲ ̲ ̲ContractState.writeMapUint,
  ̵  ̵ ̵ ̵ContractState.storage, ContractState.storageMap,
      ContractState.storageMap2, ContractState.storageMapUint,
  ̵  ̵ ̵ ̵Verity.Core.Uint256.ofNat, hzero]

Note: This linter can be disabled with `set_option linter.unusedSimpArgs false`
warning: LidoSRv3/Audit/Verity/AddressTx.lean:406:4: This simp argument is unused:
  AddressTxContract.allowances

Hint: Omit it from the simp argument list.
  simp_all (config := { maxSteps := 1000000 })
  ̵  ̵ ̵ ̵[executePinnedSource, stateFor, observeAddress,
  ̲  ̲ ̲ ̲sourceAddressView, run, admitted,
  ̵  ̵ ̵ ̵successfulPost, AddressTxContract.redeem, ̵_̵r̵o̵o̵t̵_̵.̵V̵e̵r̵i̵t̵y̵.̵r̵e̵q̵u̵i̵r̵e̵,̵
      _root_.Verity.r̲e̲q̲u̲i̲r̲e̲,̲ ̲_̲r̲o̲o̲t̲_̲.̲V̲e̲r̲i̲t̲y̲.̲Contract.run, _root_.Verity.bind, Bind.bind,
      _root_.Verity.msgSender, _root_.Verity.getMapping,
  ̵  ̵ ̵ ̵_root_.Verity.setMapping,
  ̲  ̲ ̲ ̲_root_.Verity.setMappingUint,
  ̵  ̵ ̵ ̵AddressTxContract.paused, AddressTxContract.balances,
      AddressTxContract.a̵l̵l̵owa̵nc̵es̵,̵ ̵A̵d̵d̵re̵ss̵T̵x̵C̵o̵n̵t̵r̵a̵c̵t̵.̵o̵w̵n̵e̵r̵s̵,
  ̵  ̵ ̵ ̵AddressTxContract.claimed, AddressTxContract.recipients,
      ContractState.readSlot, ContractState.writeSlot,
  ̵  ̵ ̵ ̵ContractState.readMap, ContractState.writeMap,
      ContractState.readMap2, ContractState.writeMap2,
  ̵  ̵ ̵ ̵ContractState.readMapUint,
  ̲  ̲ ̲ ̲ContractState.writeMapUint,
  ̵  ̵ ̵ ̵ContractState.storage, ContractState.storageMap,
      ContractState.storageMap2, ContractState.storageMapUint,
  ̵  ̵ ̵ ̵Verity.Core.Uint256.ofNat, hzero]

Note: This linter can be disabled with `set_option linter.unusedSimpArgs false`
warning: LidoSRv3/Audit/Verity/AddressTx.lean:406:34: This simp argument is unused:
  AddressTxContract.owners

Hint: Omit it from the simp argument list.
  simp_all (config := { maxSteps := 1000000 })
  ̵  ̵ ̵ ̵[executePinnedSource, stateFor, observeAddress,
  ̲  ̲ ̲ ̲sourceAddressView, run, admitted,
  ̵  ̵ ̵ ̵successfulPost, AddressTxContract.redeem, ̵_̵r̵o̵o̵t̵_̵.̵V̵e̵r̵i̵t̵y̵.̵r̵e̵q̵u̵i̵r̵e̵,̵
      _root_.Verity.r̲e̲q̲u̲i̲r̲e̲,̲ ̲_̲r̲o̲o̲t̲_̲.̲V̲e̲r̲i̲t̲y̲.̲Contract.run, _root_.Verity.bind, Bind.bind,
      _root_.Verity.msgSender, _root_.Verity.getMapping,
  ̵  ̵ ̵ ̵_root_.Verity.setMapping,
  ̲  ̲ ̲ ̲_root_.Verity.setMappingUint,
  ̵  ̵ ̵ ̵AddressTxContract.paused, AddressTxContract.balances,
      AddressTxContract.allowances, AddressTxContract.o̵w̵n̵e̵r̵s̵,̵
  ̵ ̵ ̵ ̵ ̵A̵d̵d̵r̵e̵s̵s̵T̵x̵C̵o̵n̵t̵r̵a̵ct̵.̵c̵laimed, AddressTxContract.recipients,
      ContractState.readSlot, ContractState.writeSlot,
  ̵  ̵ ̵ ̵ContractState.readMap, ContractState.writeMap,
      ContractState.readMap2, ContractState.writeMap2,
  ̵  ̵ ̵ ̵ContractState.readMapUint,
  ̲  ̲ ̲ ̲ContractState.writeMapUint,
  ̵  ̵ ̵ ̵ContractState.storage, ContractState.storageMap,
      ContractState.storageMap2, ContractState.storageMapUint,
  ̵  ̵ ̵ ̵Verity.Core.Uint256.ofNat, hzero]

Note: This linter can be disabled with `set_option linter.unusedSimpArgs false`
warning: LidoSRv3/Audit/Verity/AddressTx.lean:407:4: This simp argument is unused:
  AddressTxContract.claimed

Hint: Omit it from the simp argument list.
  simp_all (config := { maxSteps := 1000000 })
  ̵  ̵ ̵ ̵[executePinnedSource, stateFor, observeAddress,
  ̲  ̲ ̲ ̲sourceAddressView, run, admitted,
  ̵  ̵ ̵ ̵successfulPost, AddressTxContract.redeem, ̵_̵r̵o̵o̵t̵_̵.̵V̵e̵r̵i̵t̵y̵.̵r̵e̵q̵u̵i̵r̵e̵,̵
      _root_.Verity.r̲e̲q̲u̲i̲r̲e̲,̲ ̲_̲r̲o̲o̲t̲_̲.̲V̲e̲r̲i̲t̲y̲.̲Contract.run, _root_.Verity.bind, Bind.bind,
      _root_.Verity.msgSender, _root_.Verity.getMapping,
  ̵  ̵ ̵ ̵_root_.Verity.setMapping,
  ̲  ̲ ̲ ̲_root_.Verity.setMappingUint,
  ̵  ̵ ̵ ̵AddressTxContract.paused, AddressTxContract.balances,
      AddressTxContract.allowances, AddressTxContract.owners,
  ̵  ̵ ̵ ̵AddressTxContract.c̵l̵a̵i̵m̵e̵d̵,̵ ̵A̵d̵d̵res̵s̵T̵x̵C̵o̵n̵t̵r̵a̵ct̵.̵r̵e̵c̵ipients,
      ContractState.readSlot, ContractState.writeSlot,
  ̵  ̵ ̵ ̵ContractState.readMap, ContractState.writeMap,
      ContractState.readMap2, ContractState.writeMap2,
  ̵  ̵ ̵ ̵ContractState.readMapUint,
  ̲  ̲ ̲ ̲ContractState.writeMapUint,
  ̵  ̵ ̵ ̵ContractState.storage, ContractState.storageMap,
      ContractState.storageMap2, ContractState.storageMapUint,
  ̵  ̵ ̵ ̵Verity.Core.Uint256.ofNat, hzero]

Note: This linter can be disabled with `set_option linter.unusedSimpArgs false`
warning: LidoSRv3/Audit/Verity/AddressTx.lean:408:4: This simp argument is unused:
  ContractState.readSlot

Hint: Omit it from the simp argument list.
  simp_all (config := { maxSteps := 1000000 })
  ̵  ̵ ̵ ̵[executePinnedSource, stateFor, observeAddress,
  ̲  ̲ ̲ ̲sourceAddressView, run, admitted,
  ̵  ̵ ̵ ̵successfulPost, AddressTxContract.redeem, ̵_̵r̵o̵o̵t̵_̵.̵V̵e̵r̵i̵t̵y̵.̵r̵e̵q̵u̵i̵r̵e̵,̵
      _root_.Verity.r̲e̲q̲u̲i̲r̲e̲,̲ ̲_̲r̲o̲o̲t̲_̲.̲V̲e̲r̲i̲t̲y̲.̲Contract.run, _root_.Verity.bind, Bind.bind,
      _root_.Verity.msgSender, _root_.Verity.getMapping,
  ̵  ̵ ̵ ̵_root_.Verity.setMapping,
  ̲  ̲ ̲ ̲_root_.Verity.setMappingUint,
  ̵  ̵ ̵ ̵AddressTxContract.paused, AddressTxContract.balances,
      AddressTxContract.allowances, AddressTxContract.owners,
  ̵  ̵ ̵ ̵AddressTxContract.claimed,
  ̲  ̲ ̲ ̲AddressTxContract.recipients,
  ̵  ̵ ̵ ̵ContractState.r̵e̵a̵d̵S̵l̵o̵t̵,̵ ̵C̵o̵n̵t̵r̵a̵c̵t̵S̵t̵a̵t̵e̵.̵writeSlot,
  ̵  ̵ ̵ ̵ContractState.readMap,
  ̲  ̲ ̲ ̲ContractState.writeMap,
  ̵  ̵ ̵ ̵ContractState.readMap2, ContractState.writeMap2,
      ContractState.readMapUint, ContractState.writeMapUint,
  ̵  ̵ ̵ ̵ContractState.storage,
  ̲  ̲ ̲ ̲ContractState.storageMap,
  ̵  ̵ ̵ ̵ContractState.storageMap2, ContractState.storageMapUint,
      Verity.Core.Uint256.ofNat, hzero]

Note: This linter can be disabled with `set_option linter.unusedSimpArgs false`
warning: LidoSRv3/Audit/Verity/AddressTx.lean:410:4: This simp argument is unused:
  ContractState.readMap2

Hint: Omit it from the simp argument list.
  simp_all (config := { maxSteps := 1000000 })
  ̵  ̵ ̵ ̵[executePinnedSource, stateFor, observeAddress,
  ̲  ̲ ̲ ̲sourceAddressView, run, admitted,
  ̵  ̵ ̵ ̵successfulPost, AddressTxContract.redeem, ̵_̵r̵o̵o̵t̵_̵.̵V̵e̵r̵i̵t̵y̵.̵r̵e̵q̵u̵i̵r̵e̵,̵
      _root_.Verity.r̲e̲q̲u̲i̲r̲e̲,̲ ̲_̲r̲o̲o̲t̲_̲.̲V̲e̲r̲i̲t̲y̲.̲Contract.run, _root_.Verity.bind, Bind.bind,
      _root_.Verity.msgSender, _root_.Verity.getMapping,
  ̵  ̵ ̵ ̵_root_.Verity.setMapping,
  ̲  ̲ ̲ ̲_root_.Verity.setMappingUint,
  ̵  ̵ ̵ ̵AddressTxContract.paused, AddressTxContract.balances,
      AddressTxContract.allowances, AddressTxContract.owners,
  ̵  ̵ ̵ ̵AddressTxContract.claimed,
  ̲  ̲ ̲ ̲AddressTxContract.recipients,
  ̵  ̵ ̵ ̵ContractState.readSlot, ContractState.writeSlot,
      ContractState.readMap, ContractState.writeMap,
  ̵  ̵ ̵ ̵ContractState.r̵e̵a̵d̵M̵a̵p̵2̵,̵ ̵C̵o̵n̵t̵r̵a̵c̵t̵S̵t̵a̵t̵e̵.̵writeMap2,
      ContractState.readMapUint, ContractState.writeMapUint,
  ̵  ̵ ̵ ̵ContractState.storage,
  ̲  ̲ ̲ ̲ContractState.storageMap,
  ̵  ̵ ̵ ̵ContractState.storageMap2, ContractState.storageMapUint,
      Verity.Core.Uint256.ofNat, hzero]

Note: This linter can be disabled with `set_option linter.unusedSimpArgs false`
warning: LidoSRv3/Audit/Verity/AddressTx.lean:412:4: This simp argument is unused:
  ContractState.storage

Hint: Omit it from the simp argument list.
  simp_all (config := { maxSteps := 1000000 })
  ̵  ̵ ̵ ̵[executePinnedSource, stateFor, observeAddress,
  ̲  ̲ ̲ ̲sourceAddressView, run, admitted,
  ̵  ̵ ̵ ̵successfulPost, AddressTxContract.redeem, ̵_̵r̵o̵o̵t̵_̵.̵V̵e̵r̵i̵t̵y̵.̵r̵e̵q̵u̵i̵r̵e̵,̵
      _root_.Verity.r̲e̲q̲u̲i̲r̲e̲,̲ ̲_̲r̲o̲o̲t̲_̲.̲V̲e̲r̲i̲t̲y̲.̲Contract.run, _root_.Verity.bind, Bind.bind,
      _root_.Verity.msgSender, _root_.Verity.getMapping,
  ̵  ̵ ̵ ̵_root_.Verity.setMapping,
  ̲  ̲ ̲ ̲_root_.Verity.setMappingUint,
  ̵  ̵ ̵ ̵AddressTxContract.paused, AddressTxContract.balances,
      AddressTxContract.allowances, AddressTxContract.owners,
  ̵  ̵ ̵ ̵AddressTxContract.claimed,
  ̲  ̲ ̲ ̲AddressTxContract.recipients,
  ̵  ̵ ̵ ̵ContractState.readSlot, ContractState.writeSlot,
      ContractState.readMap, ContractState.writeMap,
  ̵  ̵ ̵ ̵ContractState.readMap2, ContractState.writeMap2,
      ContractState.readMapUint, ContractState.writeMapUint,
  ̵  ̵ ̵ ̵ContractState.storage,̵ ̵C̵o̵n̵t̵r̵a̵c̵t̵S̵t̵a̵t̵e̵.̵s̵t̵o̵r̵a̵g̵e̵Map,
      ContractState.storageMap2, ContractState.storageMapUint,
  ̵  ̵ ̵ ̵Verity.Core.Uint256.ofNat, hzero]

Note: This linter can be disabled with `set_option linter.unusedSimpArgs false`
warning: LidoSRv3/Audit/Verity/AddressTx.lean:413:4: This simp argument is unused:
  ContractState.storageMap2

Hint: Omit it from the simp argument list.
  simp_all (config := { maxSteps := 1000000 })
  ̵  ̵ ̵ ̵[executePinnedSource, stateFor, observeAddress,
  ̲  ̲ ̲ ̲sourceAddressView, run, admitted,
  ̵  ̵ ̵ ̵successfulPost, AddressTxContract.redeem, ̵_̵r̵o̵o̵t̵_̵.̵V̵e̵r̵i̵t̵y̵.̵r̵e̵q̵u̵i̵r̵e̵,̵
      _root_.Verity.r̲e̲q̲u̲i̲r̲e̲,̲ ̲_̲r̲o̲o̲t̲_̲.̲V̲e̲r̲i̲t̲y̲.̲Contract.run, _root_.Verity.bind, Bind.bind,
      _root_.Verity.msgSender, _root_.Verity.getMapping,
  ̵  ̵ ̵ ̵_root_.Verity.setMapping,
  ̲  ̲ ̲ ̲_root_.Verity.setMappingUint,
  ̵  ̵ ̵ ̵AddressTxContract.paused, AddressTxContract.balances,
      AddressTxContract.allowances, AddressTxContract.owners,
  ̵  ̵ ̵ ̵AddressTxContract.claimed,
  ̲  ̲ ̲ ̲AddressTxContract.recipients,
  ̵  ̵ ̵ ̵ContractState.readSlot, ContractState.writeSlot,
      ContractState.readMap, ContractState.writeMap,
  ̵  ̵ ̵ ̵ContractState.readMap2, ContractState.writeMap2,
      ContractState.readMapUint, ContractState.writeMapUint,
  ̵  ̵ ̵ ̵ContractState.storage, ̵C̵o̵n̵t̵r̵a̵c̵t̵S̵t̵a̵t̵e̵.̵s̵t̵o̵r̵a̵g̵e̵M̵a̵p̵,̵
      ContractState.storageMap2̵, ContractState.storageMapUint,
  ̵  ̵ ̵ ̵Verity.Core.Uint256.ofNat, hzero]

Note: This linter can be disabled with `set_option linter.unusedSimpArgs false`
warning: LidoSRv3/Audit/Verity/AddressTx.lean:414:31: This simp argument is unused:
  hzero

Hint: Omit it from the simp argument list.
  simp_all (config := { maxSteps := 1000000 })
  ̵  ̵ ̵ ̵[executePinnedSource, stateFor, observeAddress,
  ̲  ̲ ̲ ̲sourceAddressView, run, admitted,
  ̵  ̵ ̵ ̵successfulPost, AddressTxContract.redeem, ̵_̵r̵o̵o̵t̵_̵.̵V̵e̵r̵i̵t̵y̵.̵r̵e̵q̵u̵i̵r̵e̵,̵
      _root_.Verity.r̲e̲q̲u̲i̲r̲e̲,̲ ̲_̲r̲o̲o̲t̲_̲.̲V̲e̲r̲i̲t̲y̲.̲Contract.run, _root_.Verity.bind, Bind.bind,
      _root_.Verity.msgSender, _root_.Verity.getMapping,
  ̵  ̵ ̵ ̵_root_.Verity.setMapping,
  ̲  ̲ ̲ ̲_root_.Verity.setMappingUint,
  ̵  ̵ ̵ ̵AddressTxContract.paused, AddressTxContract.balances,
      AddressTxContract.allowances, AddressTxContract.owners,
  ̵  ̵ ̵ ̵AddressTxContract.claimed,
  ̲  ̲ ̲ ̲AddressTxContract.recipients,
  ̵  ̵ ̵ ̵ContractState.readSlot, ContractState.writeSlot,
      ContractState.readMap, ContractState.writeMap,
  ̵  ̵ ̵ ̵ContractState.readMap2, ContractState.writeMap2,
      ContractState.readMapUint, ContractState.writeMapUint,
  ̵  ̵ ̵ ̵ContractState.storage,
  ̲  ̲ ̲ ̲ContractState.storageMap,
  ̵  ̵ ̵ ̵ContractState.storageMap2, ContractState.storageMapUint,
      Verity.Core.Uint256.ofNat,̵ ̵h̵z̵e̵r̵o̵]

Note: This linter can be disabled with `set_option linter.unusedSimpArgs false`
warning: LidoSRv3/Audit/Verity/AddressTx.lean:418:5: This simp argument is unused:
  _root_.Verity.bind

Hint: Omit it from the simp argument list.
  simp_all (config :=
  ̲  ̲ ̲ ̲{ maxSteps := 1000000 }) [̵_̵r̵o̵o̵t̵_̵.̵V̵e̵r̵i̵t̵y̵.̵b̵i̵n̵d̵,̵ ̵B̵i̵n̵d̵.̵b̵i̵n̵d̵,̵[̲B̲i̲n̲d̲.̲b̲i̲n̲d̲,̲ _root_.Verity.setMappingUint, ContractState.writeMapUint,
  ̲  ̲ ̲ ̲ContractState.readMapUint, ContractState.storageMapUint]

Note: This linter can be disabled with `set_option linter.unusedSimpArgs false`
warning: LidoSRv3/Audit/Verity/AddressTx.lean:418:25: This simp argument is unused:
  Bind.bind

Hint: Omit it from the simp argument list.
  simp_all (config :=
  ̲  ̲ ̲ ̲{ maxSteps := 1000000 })
  ̵  ̵ ̵ ̵[_root_.Verity.bind, B̵i̵n̵d̵.̵b̵i̵n̵d̵,̵ ̵_root_.Verity.setMappingUint,
       ̵ ̵ContractState.writeMapUint, ContractState.readMapUint,
  ̵  ̵ ̵ ̵ ̵ ̵ContractState.storageMapUint]

Note: This linter can be disabled with `set_option linter.unusedSimpArgs false`
warning: LidoSRv3/Audit/Verity/AddressTx.lean:418:36: This simp argument is unused:
  _root_.Verity.setMappingUint

Hint: Omit it from the simp argument list.
  simp_all (config :=
  ̲  ̲ ̲ ̲{ maxSteps := 1000000 }) [_root_.Verity.bind, Bind.bind, _̵r̵o̵o̵t̵_̵.̵V̵e̵r̵i̵t̵y̵.̵s̵e̵t̵M̵a̵p̵p̵i̵n̵g̵U̵i̵n̵t̵,̵ContractState.writeMapUint,
      ContractState.readMapUint, ContractState.storageMapUint]

Note: This linter can be disabled with `set_option linter.unusedSimpArgs false`
warning: LidoSRv3/Audit/Verity/AddressTx.lean:419:6: This simp argument is unused:
  ContractState.writeMapUint

Hint: Omit it from the simp argument list.
  simp_all (config :=
  ̲  ̲ ̲ ̲{ maxSteps := 1000000 }) [_root_.Verity.bind, Bind.bind, _root_.Verity.setMappingUint,
      C̵o̵n̵t̵r̵a̵c̵t̵S̵t̵a̵t̵e̵.̵w̵r̵i̵t̵e̵M̵a̵p̵U̵i̵n̵t̵,̵ ̵ContractState.readMapUint, ContractState.storageMapUint]

Note: This linter can be disabled with `set_option linter.unusedSimpArgs false`
warning: LidoSRv3/Audit/Verity/AddressTx.lean:419:34: This simp argument is unused:
  ContractState.readMapUint

Hint: Omit it from the simp argument list.
  simp_all (config :=
  ̲  ̲ ̲ ̲{ maxSteps := 1000000 }) [_root_.Verity.bind, Bind.bind, _root_.Verity.setMappingUint,
      ContractState.writeMapUint, C̵o̵n̵t̵r̵a̵c̵t̵S̵t̵a̵t̵e̵.̵r̵e̵a̵d̵M̵a̵p̵U̵i̵n̵t̵,̵ContractState.storageMapUint]

Note: This linter can be disabled with `set_option linter.unusedSimpArgs false`
warning: LidoSRv3/Audit/Verity/AddressTx.lean:420:6: This simp argument is unused:
  ContractState.storageMapUint

Hint: Omit it from the simp argument list.
  simp_all (config :=
  ̲  ̲ ̲ ̲{ maxSteps := 1000000 }) [_root_.Verity.bind, Bind.bind, _root_.Verity.setMappingUint,
      ContractState.writeMapUint, C̵o̵n̵t̵r̵a̵c̵t̵S̵t̵a̵t̵e̵.̵r̵e̵a̵d̵M̵a̵p̵U̵i̵n̵t̵,̵
  ̵ ̵ ̵ ̵ ̵ ̵ ̵C̵o̵n̵t̵r̵a̵c̵t̵S̵t̵a̵t̵e̵.̵s̵t̵o̵r̵a̵g̵e̵M̵a̵p̵U̵i̵n̵t̵]̵C̲o̲n̲t̲r̲a̲c̲t̲S̲t̲a̲t̲e̲.̲r̲e̲a̲d̲M̲a̲p̲U̲i̲n̲t̲]̲

Note: This linter can be disabled with `set_option linter.unusedSimpArgs false`
✔ [1314/1369] Built LidoSRv3.Audit.Spec.PauseAdmissionCorrespondence (999ms)
✔ [1315/1369] Built LidoSRv3.Audit.Verity.AddressClaimBatchTx (2.1s)
✔ [1316/1369] Built LidoSRv3.Audit.Guarantees.POracleSanity1 (1.1s)
✔ [1317/1369] Built LidoSRv3.Audit.Guarantees.PAccount1 (1.0s)
✔ [1318/1369] Built LidoSRv3.Audit.Spec.ConsolidationValueCorrespondence (1.6s)
⚠ [1319/1369] Built LidoSRv3.Audit.Guarantees.PConsolidation1 (1.2s)
warning: LidoSRv3/Audit/Guarantees/PConsolidation1.lean:241:41: This simp argument is unused:
  List.mem_nil_iff

Hint: Omit it from the simp argument list.
  simp [List.mem_cons,̵ ̵L̵i̵s̵t̵.̵m̵e̵m̵_̵n̵i̵l̵_̵i̵f̵f̵] at hx

Note: This linter can be disabled with `set_option linter.unusedSimpArgs false`
✔ [1320/1369] Built LidoSRv3.Audit.Guarantees.PTopup1 (2.3s)
✔ [1321/1369] Built LidoSRv3.Audit.Verity.BeaconRootsTx (325ms)
✔ [1322/1369] Built LidoSRv3.Audit.Spec.ReserveQueueCacheChild (1.1s)
✔ [1323/1369] Built LidoSRv3.Audit.Guarantees.PVaultEth1 (2.1s)
✔ [1324/1369] Built LidoSRv3.Audit.Source.WithdrawalQueueRequestCustody (453ms)
✔ [1325/1369] Built Compiler.Proofs.IRGeneration.IRInterpreter (22s)
✔ [1326/1369] Built LidoSRv3.Audit.Spec.HashIdentificationChild (803ms)
⚠ [1327/1369] Built LidoSRv3.Audit.Verity.SszTxSimulation (1.4s)
warning: LidoSRv3/Audit/Verity/SszTxSimulation.lean:317:8: try 'simp' instead of 'simpa'

Note: This linter can be disabled with `set_option linter.unnecessarySimpa false`
info: LidoSRv3/Audit/Verity/SszTxSimulation.lean:346:0: LidoSRv3.Audit.Verity.SszTxSimulation.ssz_tx_simulation_correct {State : Type} (input : TxInputs) (before after : State)
  (attempts : List CallAttempt) (trace : CommitTrace) (hwidths : exactTxWidths input) :
  exactTxWidths input ∧
    (digestPreimages input.toInputs).length = 7 ∧
      (runVerification input = VerificationOutcome.accept ↔ computedRoot input = input.expectedDepositDataRoot) ∧
        (runVerification input = VerificationOutcome.revertRootMismatch →
          (transactionObservation input before after attempts trace).committedState = before)
info: LidoSRv3/Audit/Verity/SszTxSimulation.lean:347:0: LidoSRv3.Audit.Verity.SszTxSimulation.sha256_call_world_rollback (input : Inputs) (adversary : AdversaryModel)
  (state : CallState) : (DenoteExternalCalls.denote (sha256Calls input) adversary state).snd.world = state.world
info: LidoSRv3/Audit/Verity/SszTxSimulation.lean:348:0: Compiler.CompilationModel.Denote.Sha256.denote_success_compose (oracle : StaticCallOracle)
  (fipsSha256 : ByteArray → ByteArray) (world : Verity.ContractState) (inputOffset inputSize outputOffset : Nat)
  (digest : Digest) (sha256_correct : sha256_correct oracle fipsSha256)
  (hcall : oracle (request world.memory inputOffset inputSize outputOffset) = StaticCallResult.success digest) :
  Denote.Sha256.denote oracle world inputOffset inputSize outputOffset =
    Outcome.success (digestWord (fipsSha256 (memorySlice world.memory inputOffset inputSize)))
      (writeDigest world outputOffset (fipsSha256 (memorySlice world.memory inputOffset inputSize)))
⚠ [1328/1369] Built LidoSRv3.Audit.Verity.ReserveRelationalTx (13s)
warning: LidoSRv3/Audit/Verity/ReserveRelationalTx.lean:303:44: This simp argument is unused:
  memory_writeSlot

Hint: Omit it from the simp argument list.
  simp [readBatchEnd, arrayState, evalExpr,̵ ̵m̵e̵m̵o̵r̵y̵_̵w̵r̵i̵t̵e̵S̵l̵o̵t̵]

Note: This linter can be disabled with `set_option linter.unusedSimpArgs false`
✔ [1329/1369] Built LidoSRv3.Audit.Guarantees.PReserveRelational (268ms)
⚠ [1330/1369] Built LidoSRv3.Audit.Verity.PConsolidationEth1CompositionTxUniversalRevert (1.8s)
warning: LidoSRv3/Audit/Verity/PConsolidationEth1CompositionTxUniversalRevert.lean:75:66: This simp argument is unused:
  evalExprList

Hint: Omit it from the simp argument list.
  simp [executeFunctionWithCalls, gwTx, gatewayFn, gatewaySpec, declaredValueCheck, effectiveFields,
  ̲  ̲ ̲ ̲bindExternalParams, DynamicAbi.bindExternalParams, DynamicAbi.bindSupportedParams,
  ̲  ̲ ̲ ̲DynamicAbi.decodeSupportedParamWord, amountParam, batchParam, execStmtListWithCalls,
  ̲  ̲ ̲ ̲execStmtWithCalls, execStmt, evalExpr, e̵v̵a̵l̵E̵x̵p̵r̵L̵i̵s̵t̵,̵boolWord, lookupValue, bindValue, withPayableCallContext,
  ̲  ̲ ̲ ̲withTransactionContext, wordNormalize, DynamicAbi.wordNormalize, execExternalCallBind,
  ̲  ̲ ̲ ̲gatewayEnv, envWith, link, denoteCallJournaled, denoteCall, identityAdversary, chargedGas,
  ̲  ̲ ̲ ̲journalEntry, debitSelfBalance, bindResultWords, honest]

Note: This linter can be disabled with `set_option linter.unusedSimpArgs false`
warning: LidoSRv3/Audit/Verity/PConsolidationEth1CompositionTxUniversalRevert.lean:76:27: This simp argument is unused:
  bindValue

Hint: Omit it from the simp argument list.
  simp [executeFunctionWithCalls, gwTx, gatewayFn, gatewaySpec, declaredValueCheck, effectiveFields,
  ̲  ̲ ̲ ̲bindExternalParams, DynamicAbi.bindExternalParams, DynamicAbi.bindSupportedParams,
  ̲  ̲ ̲ ̲DynamicAbi.decodeSupportedParamWord, amountParam, batchParam, execStmtListWithCalls,
  ̲  ̲ ̲ ̲execStmtWithCalls, execStmt, evalExpr, evalExprList, boolWord, lookupValue,
  ̲  ̲ ̲ ̲b̵i̵n̵d̵V̵a̵l̵u̵e̵,̵ ̵withPayableCallContext, withTransactionContext, wordNormalize, DynamicAbi.wordNormalize,
  ̲  ̲ ̲ ̲execExternalCallBind, gatewayEnv, envWith, link, denoteCallJournaled, denoteCall,
  ̲  ̲ ̲ ̲identityAdversary, chargedGas, journalEntry, debitSelfBalance, bindResultWords, honest]

Note: This linter can be disabled with `set_option linter.unusedSimpArgs false`
warning: LidoSRv3/Audit/Verity/PConsolidationEth1CompositionTxUniversalRevert.lean:77:45: This simp argument is unused:
  execExternalCallBind

Hint: Omit it from the simp argument list.
  simp [executeFunctionWithCalls, gwTx, gatewayFn, gatewaySpec, declaredValueCheck, effectiveFields,
  ̲  ̲ ̲ ̲bindExternalParams, DynamicAbi.bindExternalParams, DynamicAbi.bindSupportedParams,
  ̲  ̲ ̲ ̲DynamicAbi.decodeSupportedParamWord, amountParam, batchParam, execStmtListWithCalls,
  ̲  ̲ ̲ ̲execStmtWithCalls, execStmt, evalExpr, evalExprList, boolWord, lookupValue, bindValue,
  ̲  ̲ ̲ ̲withPayableCallContext, withTransactionContext, wordNormalize, DynamicAbi.wordNormalize,
  ̲  ̲ ̲ ̲e̵x̵e̵c̵E̵x̵t̵e̵r̵n̵a̵l̵C̵a̵l̵l̵B̵i̵n̵d̵,̵ ̵gatewayEnv, envWith, link, denoteCallJournaled, denoteCall, identityAdversary, chargedGas,
  ̲  ̲ ̲ ̲journalEntry, debitSelfBalance, bindResultWords, honest]

Note: This linter can be disabled with `set_option linter.unusedSimpArgs false`
warning: LidoSRv3/Audit/Verity/PConsolidationEth1CompositionTxUniversalRevert.lean:78:10: This simp argument is unused:
  denoteCallJournaled

Hint: Omit it from the simp argument list.
  simp [executeFunctionWithCalls, gwTx, gatewayFn, gatewaySpec, declaredValueCheck, effectiveFields,
  ̲  ̲ ̲ ̲bindExternalParams, DynamicAbi.bindExternalParams, DynamicAbi.bindSupportedParams,
  ̲  ̲ ̲ ̲DynamicAbi.decodeSupportedParamWord, amountParam, batchParam, execStmtListWithCalls,
  ̲  ̲ ̲ ̲execStmtWithCalls, execStmt, evalExpr, evalExprList, boolWord, lookupValue, bindValue,
  ̲  ̲ ̲ ̲withPayableCallContext, withTransactionContext, wordNormalize, DynamicAbi.wordNormalize,
  ̲  ̲ ̲ ̲execExternalCallBind, gatewayEnv, envWith, link, d̵e̵n̵o̵t̵e̵C̵a̵l̵l̵J̵o̵u̵r̵n̵a̵l̵e̵d̵,̵ ̵denoteCall, identityAdversary, chargedGas,
  ̲  ̲ ̲ ̲journalEntry, debitSelfBalance, bindResultWords, honest]

Note: This linter can be disabled with `set_option linter.unusedSimpArgs false`
warning: LidoSRv3/Audit/Verity/PConsolidationEth1CompositionTxUniversalRevert.lean:78:31: This simp argument is unused:
  denoteCall

Hint: Omit it from the simp argument list.
  simp [executeFunctionWithCalls, gwTx, gatewayFn, gatewaySpec, declaredValueCheck, effectiveFields,
  ̲  ̲ ̲ ̲bindExternalParams, DynamicAbi.bindExternalParams, DynamicAbi.bindSupportedParams,
  ̲  ̲ ̲ ̲DynamicAbi.decodeSupportedParamWord, amountParam, batchParam, execStmtListWithCalls,
  ̲  ̲ ̲ ̲execStmtWithCalls, execStmt, evalExpr, evalExprList, boolWord, lookupValue, bindValue,
  ̲  ̲ ̲ ̲withPayableCallContext, withTransactionContext, wordNormalize, DynamicAbi.wordNormalize,
  ̲  ̲ ̲ ̲execExternalCallBind, gatewayEnv, envWith, link, denoteCallJournaled, d̵e̵n̵o̵t̵e̵C̵a̵l̵l̵,̵ ̵identityAdversary,
  ̲  ̲ ̲ ̲chargedGas, journalEntry, debitSelfBalance, bindResultWords, honest]

Note: This linter can be disabled with `set_option linter.unusedSimpArgs false`
warning: LidoSRv3/Audit/Verity/PConsolidationEth1CompositionTxUniversalRevert.lean:78:62: This simp argument is unused:
  chargedGas

Hint: Omit it from the simp argument list.
  simp [executeFunctionWithCalls, gwTx, gatewayFn, gatewaySpec, declaredValueCheck, effectiveFields,
  ̲  ̲ ̲ ̲bindExternalParams, DynamicAbi.bindExternalParams, DynamicAbi.bindSupportedParams,
  ̲  ̲ ̲ ̲DynamicAbi.decodeSupportedParamWord, amountParam, batchParam, execStmtListWithCalls,
  ̲  ̲ ̲ ̲execStmtWithCalls, execStmt, evalExpr, evalExprList, boolWord, lookupValue, bindValue,
  ̲  ̲ ̲ ̲withPayableCallContext, withTransactionContext, wordNormalize, DynamicAbi.wordNormalize,
  ̲  ̲ ̲ ̲execExternalCallBind, gatewayEnv, envWith, link, denoteCallJournaled, denoteCall,
  ̲  ̲ ̲ ̲identityAdversary, c̵h̵a̵r̵g̵e̵d̵G̵a̵s̵,̵ ̵journalEntry, debitSelfBalance, bindResultWords, honest]

Note: This linter can be disabled with `set_option linter.unusedSimpArgs false`
warning: LidoSRv3/Audit/Verity/PConsolidationEth1CompositionTxUniversalRevert.lean:78:74: This simp argument is unused:
  journalEntry

Hint: Omit it from the simp argument list.
  simp [executeFunctionWithCalls, gwTx, gatewayFn, gatewaySpec, declaredValueCheck, effectiveFields,
  ̲  ̲ ̲ ̲bindExternalParams, DynamicAbi.bindExternalParams, DynamicAbi.bindSupportedParams,
  ̲  ̲ ̲ ̲DynamicAbi.decodeSupportedParamWord, amountParam, batchParam, execStmtListWithCalls,
  ̲  ̲ ̲ ̲execStmtWithCalls, execStmt, evalExpr, evalExprList, boolWord, lookupValue, bindValue,
  ̲  ̲ ̲ ̲withPayableCallContext, withTransactionContext, wordNormalize, DynamicAbi.wordNormalize,
  ̲  ̲ ̲ ̲execExternalCallBind, gatewayEnv, envWith, link, denoteCallJournaled, denoteCall,
  ̲  ̲ ̲ ̲identityAdversary, chargedGas, j̵o̵u̵r̵n̵a̵l̵E̵n̵t̵r̵y̵,̵debitSelfBalance, bindResultWords, honest]

Note: This linter can be disabled with `set_option linter.unusedSimpArgs false`
warning: LidoSRv3/Audit/Verity/PConsolidationEth1CompositionTxUniversalRevert.lean:79:4: This simp argument is unused:
  debitSelfBalance

Hint: Omit it from the simp argument list.
  simp [executeFunctionWithCalls, gwTx, gatewayFn, gatewaySpec, declaredValueCheck, effectiveFields,
  ̲  ̲ ̲ ̲bindExternalParams, DynamicAbi.bindExternalParams, DynamicAbi.bindSupportedParams,
  ̲  ̲ ̲ ̲DynamicAbi.decodeSupportedParamWord, amountParam, batchParam, execStmtListWithCalls,
  ̲  ̲ ̲ ̲execStmtWithCalls, execStmt, evalExpr, evalExprList, boolWord, lookupValue, bindValue,
  ̲  ̲ ̲ ̲withPayableCallContext, withTransactionContext, wordNormalize, DynamicAbi.wordNormalize,
  ̲  ̲ ̲ ̲execExternalCallBind, gatewayEnv, envWith, link, denoteCallJournaled, denoteCall,
  ̲  ̲ ̲ ̲identityAdversary, chargedGas, journalEntry, d̵e̵b̵i̵t̵S̵e̵l̵f̵B̵a̵l̵a̵n̵c̵e̵,̵ ̵bindResultWords, honest]

Note: This linter can be disabled with `set_option linter.unusedSimpArgs false`
warning: LidoSRv3/Audit/Verity/PConsolidationEth1CompositionTxUniversalRevert.lean:79:22: This simp argument is unused:
  bindResultWords

Hint: Omit it from the simp argument list.
  simp [executeFunctionWithCalls, gwTx, gatewayFn, gatewaySpec, declaredValueCheck, effectiveFields,
  ̲  ̲ ̲ ̲bindExternalParams, DynamicAbi.bindExternalParams, DynamicAbi.bindSupportedParams,
  ̲  ̲ ̲ ̲DynamicAbi.decodeSupportedParamWord, amountParam, batchParam, execStmtListWithCalls,
  ̲  ̲ ̲ ̲execStmtWithCalls, execStmt, evalExpr, evalExprList, boolWord, lookupValue, bindValue,
  ̲  ̲ ̲ ̲withPayableCallContext, withTransactionContext, wordNormalize, DynamicAbi.wordNormalize,
  ̲  ̲ ̲ ̲execExternalCallBind, gatewayEnv, envWith, link, denoteCallJournaled, denoteCall,
  ̲  ̲ ̲ ̲identityAdversary, chargedGas, journalEntry, debitSelfBalance, b̵i̵n̵d̵R̵e̵s̵u̵l̵t̵W̵o̵r̵d̵s̵,̵ ̵honest]

Note: This linter can be disabled with `set_option linter.unusedSimpArgs false`
warning: LidoSRv3/Audit/Verity/PConsolidationEth1CompositionTxUniversalRevert.lean:83:38: Variable name `hn` is not explicitly referenced.

The binding can be removed (if unused) or named `_` (if used implicitly).

Note: This linter can be disabled with `set_option linter.unusedVariables false`
warning: LidoSRv3/Audit/Verity/PConsolidationEth1CompositionTxUniversalRevert.lean:135:66: This simp argument is unused:
  evalExprList

Hint: Omit it from the simp argument list.
  simp [executeFunctionWithCalls, gwTx, gatewayFn, gatewaySpec, declaredValueCheck,
  ̵  ̵ ̵ ̵effectiveFields,
  ̲  ̲ ̲ ̲bindExternalParams, DynamicAbi.bindE̵x̵E̲x̲ter̵n̵a̵l̵r̲n̲a̲l̲Params, ̲D̲y̲n̲a̲m̲i̲c̲A̲b̲i̲.̲b̲i̲n̲d̲S̲u̲p̲p̲o̲r̲t̲e̲d̲P̲a̲r̲a̲m̲s̲,̲
      DynamicAbi.b̵i̵n̵dS̵u̵p̵p̵o̵r̵t̵ed̵P̵a̵r̵a̵m̵s̵,̵ ̵D̵y̵n̵a̵m̵i̵cA̵b̵i̵.̵d̵e̵c̵odeSupportedParamWord, amountParam, batchParam,
  ̵  ̵ ̵ ̵execStmtListWithCalls,
  ̲  ̲ ̲ ̲execStmtWithCalls, execStmt, evalExpr, e̵v̵a̵l̵E̵x̵p̵r̵L̵i̵s̵t̵,̵
  ̵ ̵ ̵ ̵ ̵boolWord, lookupValue, bindValue, withPayableCallContext,
  ̲  ̲ ̲ ̲withTransactionContext,
  ̵  ̵ ̵ ̵wordNormalize, DynamicAbi.wordNormalize, execExternalCallBind,
  ̲  ̲ ̲ ̲gatewayEnv, envWith,
  ̵  ̵ ̵ ̵link, denoteCallJournaled, denoteCall, identityAdversary, chargedGas,
  ̲  ̲ ̲ ̲journalEntry,
  ̵  ̵ ̵ ̵debitSelfBalance, bindResultWords, honest, hpos, hmv', hnM', hn, hfee',
      gateway_fee_slot, readFieldWord, feeField, ContractState.readSlot, ContractState.storage,
      hstorageW, mul_ofNat_val, hwrap]

Note: This linter can be disabled with `set_option linter.unusedSimpArgs false`
warning: LidoSRv3/Audit/Verity/PConsolidationEth1CompositionTxUniversalRevert.lean:137:45: This simp argument is unused:
  execExternalCallBind

Hint: Omit it from the simp argument list.
  simp [executeFunctionWithCalls, gwTx, gatewayFn, gatewaySpec, declaredValueCheck,
  ̵  ̵ ̵ ̵effectiveFields,
  ̲  ̲ ̲ ̲bindExternalParams, DynamicAbi.bindE̵x̵E̲x̲ter̵n̵a̵l̵r̲n̲a̲l̲Params, ̲D̲y̲n̲a̲m̲i̲c̲A̲b̲i̲.̲b̲i̲n̲d̲S̲u̲p̲p̲o̲r̲t̲e̲d̲P̲a̲r̲a̲m̲s̲,̲
      DynamicAbi.b̵i̵n̵dS̵u̵p̵p̵o̵r̵t̵ed̵P̵a̵r̵a̵m̵s̵,̵ ̵D̵y̵n̵a̵m̵i̵cA̵b̵i̵.̵d̵e̵c̵odeSupportedParamWord, amountParam, batchParam,
  ̵  ̵ ̵ ̵execStmtListWithCalls,
  ̲  ̲ ̲ ̲execStmtWithCalls, execStmt, evalExpr, evalExprList,
  ̵  ̵ ̵ ̵boolWord, lookupValue, bindValue,
  ̲  ̲ ̲ ̲withPayableCallContext, withTransactionContext,
  ̵  ̵ ̵ ̵wordNormalize, DynamicAbi.wordNormalize,
  ̲ e̵x̵e̵c̵E̵x̵t̵e̵r̵n̵a̵l̵C̵a̵l̵l̵B̵i̵n̵d̵,̵  ̲ ̲gatewayEnv, envWith,
  ̵  ̵ ̵ ̵link, denoteCallJournaled, denoteCall, identityAdversary, chargedGas,
  ̲  ̲ ̲ ̲journalEntry,
  ̵  ̵ ̵ ̵debitSelfBalance, bindResultWords, honest, hpos, hmv', hnM', hn, hfee',
      gateway_fee_slot, readFieldWord, feeField, ContractState.readSlot, ContractState.storage,
      hstorageW, mul_ofNat_val, hwrap]

Note: This linter can be disabled with `set_option linter.unusedSimpArgs false`
warning: LidoSRv3/Audit/Verity/PConsolidationEth1CompositionTxUniversalRevert.lean:138:10: This simp argument is unused:
  denoteCallJournaled

Hint: Omit it from the simp argument list.
  simp [executeFunctionWithCalls, gwTx, gatewayFn, gatewaySpec, declaredValueCheck,
  ̵  ̵ ̵ ̵effectiveFields,
  ̲  ̲ ̲ ̲bindExternalParams, DynamicAbi.bindE̵x̵E̲x̲ter̵n̵a̵l̵r̲n̲a̲l̲Params, ̲D̲y̲n̲a̲m̲i̲c̲A̲b̲i̲.̲b̲i̲n̲d̲S̲u̲p̲p̲o̲r̲t̲e̲d̲P̲a̲r̲a̲m̲s̲,̲
      DynamicAbi.b̵i̵n̵dS̵u̵p̵p̵o̵r̵t̵ed̵P̵a̵r̵a̵m̵s̵,̵ ̵D̵y̵n̵a̵m̵i̵cA̵b̵i̵.̵d̵e̵c̵odeSupportedParamWord, amountParam, batchParam,
  ̵  ̵ ̵ ̵execStmtListWithCalls,
  ̲  ̲ ̲ ̲execStmtWithCalls, execStmt, evalExpr, evalExprList,
  ̵  ̵ ̵ ̵boolWord, lookupValue, bindValue,
  ̲  ̲ ̲ ̲withPayableCallContext, withTransactionContext,
  ̵  ̵ ̵ ̵wordNormalize, DynamicAbi.wordNormalize,
  ̲  ̲ ̲ ̲execExternalCallBind, gatewayEnv, envWith,
  ̵  ̵ ̵ ̵link, denoteCallJ̵o̵u̵r̵n̵a̵l̵e̵d̵, d̵e̵n̵o̵t̵e̵C̵a̵l̵l̵,̵ ̵identityAdversary, chargedGas,
  ̲  ̲ ̲ ̲journalEntry,
  ̵  ̵ ̵ ̵debitSelfBalance, bindResultWords, honest, hpos, hmv', hnM', hn, hfee',
      gateway_fee_slot, readFieldWord, feeField, ContractState.readSlot, ContractState.storage,
      hstorageW, mul_ofNat_val, hwrap]

Note: This linter can be disabled with `set_option linter.unusedSimpArgs false`
warning: LidoSRv3/Audit/Verity/PConsolidationEth1CompositionTxUniversalRevert.lean:138:31: This simp argument is unused:
  denoteCall

Hint: Omit it from the simp argument list.
  simp [executeFunctionWithCalls, gwTx, gatewayFn, gatewaySpec, declaredValueCheck,
  ̵  ̵ ̵ ̵effectiveFields,
  ̲  ̲ ̲ ̲bindExternalParams, DynamicAbi.bindE̵x̵E̲x̲ter̵n̵a̵l̵r̲n̲a̲l̲Params, ̲D̲y̲n̲a̲m̲i̲c̲A̲b̲i̲.̲b̲i̲n̲d̲S̲u̲p̲p̲o̲r̲t̲e̲d̲P̲a̲r̲a̲m̲s̲,̲
      DynamicAbi.b̵i̵n̵dS̵u̵p̵p̵o̵r̵t̵ed̵P̵a̵r̵a̵m̵s̵,̵ ̵D̵y̵n̵a̵m̵i̵cA̵b̵i̵.̵d̵e̵c̵odeSupportedParamWord, amountParam, batchParam,
  ̵  ̵ ̵ ̵execStmtListWithCalls,
  ̲  ̲ ̲ ̲execStmtWithCalls, execStmt, evalExpr, evalExprList,
  ̵  ̵ ̵ ̵boolWord, lookupValue, bindValue,
  ̲  ̲ ̲ ̲withPayableCallContext, withTransactionContext,
  ̵  ̵ ̵ ̵wordNormalize, DynamicAbi.wordNormalize,
  ̲  ̲ ̲ ̲execExternalCallBind, gatewayEnv, envWith,
  ̵  ̵ ̵ ̵link, denoteCallJournaled, d̵e̵n̵o̵t̵e̵C̵a̵l̵l̵,̵ ̵identityAdversary,
  ̲  ̲ ̲ ̲chargedGas, journalEntry,
  ̵  ̵ ̵ ̵debitSelfBalance, bindResultWords, honest, hpos, hmv', hnM', hn,
  ̲  ̲ ̲ ̲hfee',
  ̵  ̵ ̵ ̵gateway_fee_slot, readFieldWord, feeField, ContractState.readSlot, ContractState.storage,
      hstorageW, mul_ofNat_val, hwrap]

Note: This linter can be disabled with `set_option linter.unusedSimpArgs false`
warning: LidoSRv3/Audit/Verity/PConsolidationEth1CompositionTxUniversalRevert.lean:138:62: This simp argument is unused:
  chargedGas

Hint: Omit it from the simp argument list.
  simp [executeFunctionWithCalls, gwTx, gatewayFn, gatewaySpec, declaredValueCheck,
  ̵  ̵ ̵ ̵effectiveFields,
  ̲  ̲ ̲ ̲bindExternalParams, DynamicAbi.bindE̵x̵E̲x̲ter̵n̵a̵l̵r̲n̲a̲l̲Params, ̲D̲y̲n̲a̲m̲i̲c̲A̲b̲i̲.̲b̲i̲n̲d̲S̲u̲p̲p̲o̲r̲t̲e̲d̲P̲a̲r̲a̲m̲s̲,̲
      DynamicAbi.b̵i̵n̵dS̵u̵p̵p̵o̵r̵t̵ed̵P̵a̵r̵a̵m̵s̵,̵ ̵D̵y̵n̵a̵m̵i̵cA̵b̵i̵.̵d̵e̵c̵odeSupportedParamWord, amountParam, batchParam,
  ̵  ̵ ̵ ̵execStmtListWithCalls,
  ̲  ̲ ̲ ̲execStmtWithCalls, execStmt, evalExpr, evalExprList,
  ̵  ̵ ̵ ̵boolWord, lookupValue, bindValue,
  ̲  ̲ ̲ ̲withPayableCallContext, withTransactionContext,
  ̵  ̵ ̵ ̵wordNormalize, DynamicAbi.wordNormalize,
  ̲  ̲ ̲ ̲execExternalCallBind, gatewayEnv, envWith,
  ̵  ̵ ̵ ̵link, denoteCallJournaled, denoteCall,
  ̲  ̲ ̲ ̲identityAdversary, c̵h̵a̵r̵g̵e̵d̵G̵a̵s̵,̵ ̵journalEntry,
  ̵  ̵ ̵ ̵debitSelfBalance, bindResultWords, honest, hpos, hmv', hnM',
  ̲  ̲ ̲ ̲hn, hfee',
  ̵  ̵ ̵ ̵gateway_fee_slot, readFieldWord, feeField, ContractState.readSlot,
  ̲  ̲ ̲ ̲ContractState.storage,
  ̵  ̵ ̵ ̵hstorageW, mul_ofNat_val, hwrap]

Note: This linter can be disabled with `set_option linter.unusedSimpArgs false`
warning: LidoSRv3/Audit/Verity/PConsolidationEth1CompositionTxUniversalRevert.lean:138:74: This simp argument is unused:
  journalEntry

Hint: Omit it from the simp argument list.
  simp [executeFunctionWithCalls, gwTx, gatewayFn, gatewaySpec, declaredValueCheck,
  ̵  ̵ ̵ ̵effectiveFields,
  ̲  ̲ ̲ ̲bindExternalParams, DynamicAbi.bindE̵x̵E̲x̲ter̵n̵a̵l̵r̲n̲a̲l̲Params, ̲D̲y̲n̲a̲m̲i̲c̲A̲b̲i̲.̲b̲i̲n̲d̲S̲u̲p̲p̲o̲r̲t̲e̲d̲P̲a̲r̲a̲m̲s̲,̲
      DynamicAbi.b̵i̵n̵dS̵u̵p̵p̵o̵r̵t̵ed̵P̵a̵r̵a̵m̵s̵,̵ ̵D̵y̵n̵a̵m̵i̵cA̵b̵i̵.̵d̵e̵c̵odeSupportedParamWord, amountParam, batchParam,
  ̵  ̵ ̵ ̵execStmtListWithCalls,
  ̲  ̲ ̲ ̲execStmtWithCalls, execStmt, evalExpr, evalExprList,
  ̵  ̵ ̵ ̵boolWord, lookupValue, bindValue,
  ̲  ̲ ̲ ̲withPayableCallContext, withTransactionContext,
  ̵  ̵ ̵ ̵wordNormalize, DynamicAbi.wordNormalize,
  ̲  ̲ ̲ ̲execExternalCallBind, gatewayEnv, envWith,
  ̵  ̵ ̵ ̵link, denoteCallJournaled, denoteCall,
  ̲  ̲ ̲ ̲identityAdversary, chargedGas, j̵o̵u̵r̵n̵a̵l̵E̵n̵t̵r̵y̵,̵
  ̵ ̵ ̵ ̵ ̵debitSelfBalance, bindResultWords, honest, hpos, hmv', hnM', hn,
  ̲  ̲ ̲ ̲hfee',
  ̵  ̵ ̵ ̵gateway_fee_slot, readFieldWord, feeField, ContractState.readSlot, ContractState.storage,
      hstorageW, mul_ofNat_val, hwrap]

Note: This linter can be disabled with `set_option linter.unusedSimpArgs false`
warning: LidoSRv3/Audit/Verity/PConsolidationEth1CompositionTxUniversalRevert.lean:139:4: This simp argument is unused:
  debitSelfBalance

Hint: Omit it from the simp argument list.
  simp [executeFunctionWithCalls, gwTx, gatewayFn, gatewaySpec, declaredValueCheck,
  ̵  ̵ ̵ ̵effectiveFields,
  ̲  ̲ ̲ ̲bindExternalParams, DynamicAbi.bindE̵x̵E̲x̲ter̵n̵a̵l̵r̲n̲a̲l̲Params, ̲D̲y̲n̲a̲m̲i̲c̲A̲b̲i̲.̲b̲i̲n̲d̲S̲u̲p̲p̲o̲r̲t̲e̲d̲P̲a̲r̲a̲m̲s̲,̲
      DynamicAbi.b̵i̵n̵dS̵u̵p̵p̵o̵r̵t̵ed̵P̵a̵r̵a̵m̵s̵,̵ ̵D̵y̵n̵a̵m̵i̵cA̵b̵i̵.̵d̵e̵c̵odeSupportedParamWord, amountParam, batchParam,
  ̵  ̵ ̵ ̵execStmtListWithCalls,
  ̲  ̲ ̲ ̲execStmtWithCalls, execStmt, evalExpr, evalExprList,
  ̵  ̵ ̵ ̵boolWord, lookupValue, bindValue,
  ̲  ̲ ̲ ̲withPayableCallContext, withTransactionContext,
  ̵  ̵ ̵ ̵wordNormalize, DynamicAbi.wordNormalize,
  ̲  ̲ ̲ ̲execExternalCallBind, gatewayEnv, envWith,
  ̵  ̵ ̵ ̵link, denoteCallJournaled, denoteCall,
  ̲  ̲ ̲ ̲identityAdversary, chargedGas, journalEntry,
  ̵  ̵ ̵ ̵d̵e̵bit̵S̵e̵l̵f̵B̵a̵l̵a̵nc̵e̵,̵ ̵b̵i̵n̵dResultWords, honest, hpos, hmv', hnM', hn,
  ̲  ̲ ̲ ̲hfee',
  ̵  ̵ ̵ ̵gateway_fee_slot, readFieldWord, feeField, ContractState.readSlot, ContractState.storage,
      hstorageW, mul_ofNat_val, hwrap]

Note: This linter can be disabled with `set_option linter.unusedSimpArgs false`
warning: LidoSRv3/Audit/Verity/PConsolidationEth1CompositionTxUniversalRevert.lean:139:22: This simp argument is unused:
  bindResultWords

Hint: Omit it from the simp argument list.
  simp [executeFunctionWithCalls, gwTx, gatewayFn, gatewaySpec, declaredValueCheck,
  ̵  ̵ ̵ ̵effectiveFields,
  ̲  ̲ ̲ ̲bindExternalParams, DynamicAbi.bindE̵x̵E̲x̲ter̵n̵a̵l̵r̲n̲a̲l̲Params, ̲D̲y̲n̲a̲m̲i̲c̲A̲b̲i̲.̲b̲i̲n̲d̲S̲u̲p̲p̲o̲r̲t̲e̲d̲P̲a̲r̲a̲m̲s̲,̲
      DynamicAbi.b̵i̵n̵dS̵u̵p̵p̵o̵r̵t̵ed̵P̵a̵r̵a̵m̵s̵,̵ ̵D̵y̵n̵a̵m̵i̵cA̵b̵i̵.̵d̵e̵c̵odeSupportedParamWord, amountParam, batchParam,
  ̵  ̵ ̵ ̵execStmtListWithCalls,
  ̲  ̲ ̲ ̲execStmtWithCalls, execStmt, evalExpr, evalExprList,
  ̵  ̵ ̵ ̵boolWord, lookupValue, bindValue,
  ̲  ̲ ̲ ̲withPayableCallContext, withTransactionContext,
  ̵  ̵ ̵ ̵wordNormalize, DynamicAbi.wordNormalize,
  ̲  ̲ ̲ ̲execExternalCallBind, gatewayEnv, envWith,
  ̵  ̵ ̵ ̵link, denoteCallJournaled, denoteCall,
  ̲  ̲ ̲ ̲identityAdversary, chargedGas, journalEntry,
  ̵  ̵ ̵ ̵debitSelfBalance, b̵i̵n̵d̵R̵e̵s̵u̵l̵t̵W̵o̵r̵d̵s̵,̵ ̵honest, hpos, hmv', hnM', hn,
  ̲  ̲ ̲ ̲hfee',
  ̵  ̵ ̵ ̵gateway_fee_slot, readFieldWord, feeField, ContractState.readSlot, ContractState.storage,
      hstorageW, mul_ofNat_val, hwrap]

Note: This linter can be disabled with `set_option linter.unusedSimpArgs false`
warning: LidoSRv3/Audit/Verity/PConsolidationEth1CompositionTxUniversalRevert.lean:148:5: Variable name `hfee` is not explicitly referenced.

The binding can be removed (if unused) or named `_` (if used implicitly).

Note: This linter can be disabled with `set_option linter.unusedVariables false`
warning: LidoSRv3/Audit/Verity/PConsolidationEth1CompositionTxUniversalRevert.lean:169:66: This simp argument is unused:
  evalExprList

Hint: Omit it from the simp argument list.
  simp [executeFunctionWithCalls, gwTx, gatewayFn, gatewaySpec, declaredValueCheck,
  ̵  ̵ ̵ ̵effectiveFields,
  ̲  ̲ ̲ ̲bindExternalParams, DynamicAbi.bindE̵x̵E̲x̲ter̵n̵a̵l̵r̲n̲a̲l̲Params, ̲D̲y̲n̲a̲m̲i̲c̲A̲b̲i̲.̲b̲i̲n̲d̲S̲u̲p̲p̲o̲r̲t̲e̲d̲P̲a̲r̲a̲m̲s̲,̲
      DynamicAbi.b̵i̵n̵dS̵u̵p̵p̵o̵r̵t̵ed̵P̵a̵r̵a̵m̵s̵,̵ ̵D̵y̵n̵a̵m̵i̵cA̵b̵i̵.̵d̵e̵c̵odeSupportedParamWord, amountParam, batchParam,
  ̵  ̵ ̵ ̵execStmtListWithCalls,
  ̲  ̲ ̲ ̲execStmtWithCalls, execStmt, evalExpr, e̵v̵a̵l̵E̵x̵p̵r̵L̵i̵s̵t̵,̵
  ̵ ̵ ̵ ̵ ̵boolWord, lookupValue, bindValue, withPayableCallContext,
  ̲  ̲ ̲ ̲withTransactionContext,
  ̵  ̵ ̵ ̵wordNormalize, DynamicAbi.wordNormalize, execExternalCallBind,
  ̲  ̲ ̲ ̲gatewayEnv, envWith,
  ̵  ̵ ̵ ̵link, denoteCallJournaled, denoteCall, identityAdversary, chargedGas,
  ̲  ̲ ̲ ̲journalEntry,
  ̵  ̵ ̵ ̵debitSelfBalance, bindResultWords, honest, hpos, hmv', hnM', hn, hnf',
      gateway_fee_slot, readFieldWord, feeField, ContractState.readSlot, ContractState.storage,
      hstorageW, mul_ofNat_val, hdiv, hle]

Note: This linter can be disabled with `set_option linter.unusedSimpArgs false`
warning: LidoSRv3/Audit/Verity/PConsolidationEth1CompositionTxUniversalRevert.lean:171:45: This simp argument is unused:
  execExternalCallBind

Hint: Omit it from the simp argument list.
  simp [executeFunctionWithCalls, gwTx, gatewayFn, gatewaySpec, declaredValueCheck,
  ̵  ̵ ̵ ̵effectiveFields,
  ̲  ̲ ̲ ̲bindExternalParams, DynamicAbi.bindE̵x̵E̲x̲ter̵n̵a̵l̵r̲n̲a̲l̲Params, ̲D̲y̲n̲a̲m̲i̲c̲A̲b̲i̲.̲b̲i̲n̲d̲S̲u̲p̲p̲o̲r̲t̲e̲d̲P̲a̲r̲a̲m̲s̲,̲
      DynamicAbi.b̵i̵n̵dS̵u̵p̵p̵o̵r̵t̵ed̵P̵a̵r̵a̵m̵s̵,̵ ̵D̵y̵n̵a̵m̵i̵cA̵b̵i̵.̵d̵e̵c̵odeSupportedParamWord, amountParam, batchParam,
  ̵  ̵ ̵ ̵execStmtListWithCalls,
  ̲  ̲ ̲ ̲execStmtWithCalls, execStmt, evalExpr, evalExprList,
  ̵  ̵ ̵ ̵boolWord, lookupValue, bindValue,
  ̲  ̲ ̲ ̲withPayableCallContext, withTransactionContext,
  ̵  ̵ ̵ ̵wordNormalize, DynamicAbi.wordNormalize,
  ̲ e̵x̵e̵c̵E̵x̵t̵e̵r̵n̵a̵l̵C̵a̵l̵l̵B̵i̵n̵d̵,̵  ̲ ̲gatewayEnv, envWith,
  ̵  ̵ ̵ ̵link, denoteCallJournaled, denoteCall, identityAdversary, chargedGas,
  ̲  ̲ ̲ ̲journalEntry,
  ̵  ̵ ̵ ̵debitSelfBalance, bindResultWords, honest, hpos, hmv', hnM', hn, hnf',
      gateway_fee_slot, readFieldWord, feeField, ContractState.readSlot, ContractState.storage,
      hstorageW, mul_ofNat_val, hdiv, hle]

Note: This linter can be disabled with `set_option linter.unusedSimpArgs false`
warning: LidoSRv3/Audit/Verity/PConsolidationEth1CompositionTxUniversalRevert.lean:172:10: This simp argument is unused:
  denoteCallJournaled

Hint: Omit it from the simp argument list.
  simp [executeFunctionWithCalls, gwTx, gatewayFn, gatewaySpec, declaredValueCheck,
  ̵  ̵ ̵ ̵effectiveFields,
  ̲  ̲ ̲ ̲bindExternalParams, DynamicAbi.bindE̵x̵E̲x̲ter̵n̵a̵l̵r̲n̲a̲l̲Params, ̲D̲y̲n̲a̲m̲i̲c̲A̲b̲i̲.̲b̲i̲n̲d̲S̲u̲p̲p̲o̲r̲t̲e̲d̲P̲a̲r̲a̲m̲s̲,̲
      DynamicAbi.b̵i̵n̵dS̵u̵p̵p̵o̵r̵t̵ed̵P̵a̵r̵a̵m̵s̵,̵ ̵D̵y̵n̵a̵m̵i̵cA̵b̵i̵.̵d̵e̵c̵odeSupportedParamWord, amountParam, batchParam,
  ̵  ̵ ̵ ̵execStmtListWithCalls,
  ̲  ̲ ̲ ̲execStmtWithCalls, execStmt, evalExpr, evalExprList,
  ̵  ̵ ̵ ̵boolWord, lookupValue, bindValue,
  ̲  ̲ ̲ ̲withPayableCallContext, withTransactionContext,
  ̵  ̵ ̵ ̵wordNormalize, DynamicAbi.wordNormalize,
  ̲  ̲ ̲ ̲execExternalCallBind, gatewayEnv, envWith,
  ̵  ̵ ̵ ̵link, denoteCallJ̵o̵u̵r̵n̵a̵l̵e̵d̵, d̵e̵n̵o̵t̵e̵C̵a̵l̵l̵,̵ ̵identityAdversary, chargedGas,
  ̲  ̲ ̲ ̲journalEntry,
  ̵  ̵ ̵ ̵debitSelfBalance, bindResultWords, honest, hpos, hmv', hnM', hn, hnf',
      gateway_fee_slot, readFieldWord, feeField, ContractState.readSlot, ContractState.storage,
      hstorageW, mul_ofNat_val, hdiv, hle]

Note: This linter can be disabled with `set_option linter.unusedSimpArgs false`
warning: LidoSRv3/Audit/Verity/PConsolidationEth1CompositionTxUniversalRevert.lean:172:31: This simp argument is unused:
  denoteCall

Hint: Omit it from the simp argument list.
  simp [executeFunctionWithCalls, gwTx, gatewayFn, gatewaySpec, declaredValueCheck,
  ̵  ̵ ̵ ̵effectiveFields,
  ̲  ̲ ̲ ̲bindExternalParams, DynamicAbi.bindE̵x̵E̲x̲ter̵n̵a̵l̵r̲n̲a̲l̲Params, ̲D̲y̲n̲a̲m̲i̲c̲A̲b̲i̲.̲b̲i̲n̲d̲S̲u̲p̲p̲o̲r̲t̲e̲d̲P̲a̲r̲a̲m̲s̲,̲
      DynamicAbi.b̵i̵n̵dS̵u̵p̵p̵o̵r̵t̵ed̵P̵a̵r̵a̵m̵s̵,̵ ̵D̵y̵n̵a̵m̵i̵cA̵b̵i̵.̵d̵e̵c̵odeSupportedParamWord, amountParam, batchParam,
  ̵  ̵ ̵ ̵execStmtListWithCalls,
  ̲  ̲ ̲ ̲execStmtWithCalls, execStmt, evalExpr, evalExprList,
  ̵  ̵ ̵ ̵boolWord, lookupValue, bindValue,
  ̲  ̲ ̲ ̲withPayableCallContext, withTransactionContext,
  ̵  ̵ ̵ ̵wordNormalize, DynamicAbi.wordNormalize,
  ̲  ̲ ̲ ̲execExternalCallBind, gatewayEnv, envWith,
  ̵  ̵ ̵ ̵link, denoteCallJournaled, d̵e̵n̵o̵t̵e̵C̵a̵l̵l̵,̵ ̵identityAdversary,
  ̲  ̲ ̲ ̲chargedGas, journalEntry,
  ̵  ̵ ̵ ̵debitSelfBalance, bindResultWords, honest, hpos, hmv', hnM', hn, hnf',
      gateway_fee_slot, readFieldWord, feeField, ContractState.readSlot, ContractState.storage,
      hstorageW, mul_ofNat_val, hdiv, hle]

Note: This linter can be disabled with `set_option linter.unusedSimpArgs false`
warning: LidoSRv3/Audit/Verity/PConsolidationEth1CompositionTxUniversalRevert.lean:172:62: This simp argument is unused:
  chargedGas

Hint: Omit it from the simp argument list.
  simp [executeFunctionWithCalls, gwTx, gatewayFn, gatewaySpec, declaredValueCheck,
  ̵  ̵ ̵ ̵effectiveFields,
  ̲  ̲ ̲ ̲bindExternalParams, DynamicAbi.bindE̵x̵E̲x̲ter̵n̵a̵l̵r̲n̲a̲l̲Params, ̲D̲y̲n̲a̲m̲i̲c̲A̲b̲i̲.̲b̲i̲n̲d̲S̲u̲p̲p̲o̲r̲t̲e̲d̲P̲a̲r̲a̲m̲s̲,̲
      DynamicAbi.b̵i̵n̵dS̵u̵p̵p̵o̵r̵t̵ed̵P̵a̵r̵a̵m̵s̵,̵ ̵D̵y̵n̵a̵m̵i̵cA̵b̵i̵.̵d̵e̵c̵odeSupportedParamWord, amountParam, batchParam,
  ̵  ̵ ̵ ̵execStmtListWithCalls,
  ̲  ̲ ̲ ̲execStmtWithCalls, execStmt, evalExpr, evalExprList,
  ̵  ̵ ̵ ̵boolWord, lookupValue, bindValue,
  ̲  ̲ ̲ ̲withPayableCallContext, withTransactionContext,
  ̵  ̵ ̵ ̵wordNormalize, DynamicAbi.wordNormalize,
  ̲  ̲ ̲ ̲execExternalCallBind, gatewayEnv, envWith,
  ̵  ̵ ̵ ̵link, denoteCallJournaled, denoteCall,
  ̲  ̲ ̲ ̲identityAdversary, c̵h̵a̵r̵g̵e̵d̵G̵a̵s̵,̵ ̵journalEntry,
  ̵  ̵ ̵ ̵debitSelfBalance, bindResultWords, honest, hpos, hmv', hnM',
  ̲  ̲ ̲ ̲hn, hnf',
  ̵  ̵ ̵ ̵gateway_fee_slot, readFieldWord, feeField, ContractState.readSlot,
  ̲  ̲ ̲ ̲ContractState.storage,
  ̵  ̵ ̵ ̵hstorageW, mul_ofNat_val, hdiv, hle]

Note: This linter can be disabled with `set_option linter.unusedSimpArgs false`
warning: LidoSRv3/Audit/Verity/PConsolidationEth1CompositionTxUniversalRevert.lean:172:74: This simp argument is unused:
  journalEntry

Hint: Omit it from the simp argument list.
  simp [executeFunctionWithCalls, gwTx, gatewayFn, gatewaySpec, declaredValueCheck,
  ̵  ̵ ̵ ̵effectiveFields,
  ̲  ̲ ̲ ̲bindExternalParams, DynamicAbi.bindE̵x̵E̲x̲ter̵n̵a̵l̵r̲n̲a̲l̲Params, ̲D̲y̲n̲a̲m̲i̲c̲A̲b̲i̲.̲b̲i̲n̲d̲S̲u̲p̲p̲o̲r̲t̲e̲d̲P̲a̲r̲a̲m̲s̲,̲
      DynamicAbi.b̵i̵n̵dS̵u̵p̵p̵o̵r̵t̵ed̵P̵a̵r̵a̵m̵s̵,̵ ̵D̵y̵n̵a̵m̵i̵cA̵b̵i̵.̵d̵e̵c̵odeSupportedParamWord, amountParam, batchParam,
  ̵  ̵ ̵ ̵execStmtListWithCalls,
  ̲  ̲ ̲ ̲execStmtWithCalls, execStmt, evalExpr, evalExprList,
  ̵  ̵ ̵ ̵boolWord, lookupValue, bindValue,
  ̲  ̲ ̲ ̲withPayableCallContext, withTransactionContext,
  ̵  ̵ ̵ ̵wordNormalize, DynamicAbi.wordNormalize,
  ̲  ̲ ̲ ̲execExternalCallBind, gatewayEnv, envWith,
  ̵  ̵ ̵ ̵link, denoteCallJournaled, denoteCall,
  ̲  ̲ ̲ ̲identityAdversary, chargedGas, j̵o̵u̵r̵n̵a̵l̵E̵n̵t̵r̵y̵,̵
  ̵ ̵ ̵ ̵ ̵debitSelfBalance, bindResultWords, honest, hpos, hmv', hnM', hn,
  ̲  ̲ ̲ ̲hnf',
  ̵  ̵ ̵ ̵gateway_fee_slot, readFieldWord, feeField, ContractState.readSlot, ContractState.storage,
      hstorageW, mul_ofNat_val, hdiv, hle]

Note: This linter can be disabled with `set_option linter.unusedSimpArgs false`
warning: LidoSRv3/Audit/Verity/PConsolidationEth1CompositionTxUniversalRevert.lean:173:4: This simp argument is unused:
  debitSelfBalance

Hint: Omit it from the simp argument list.
  simp [executeFunctionWithCalls, gwTx, gatewayFn, gatewaySpec, declaredValueCheck,
  ̵  ̵ ̵ ̵effectiveFields,
  ̲  ̲ ̲ ̲bindExternalParams, DynamicAbi.bindE̵x̵E̲x̲ter̵n̵a̵l̵r̲n̲a̲l̲Params, ̲D̲y̲n̲a̲m̲i̲c̲A̲b̲i̲.̲b̲i̲n̲d̲S̲u̲p̲p̲o̲r̲t̲e̲d̲P̲a̲r̲a̲m̲s̲,̲
      DynamicAbi.b̵i̵n̵dS̵u̵p̵p̵o̵r̵t̵ed̵P̵a̵r̵a̵m̵s̵,̵ ̵D̵y̵n̵a̵m̵i̵cA̵b̵i̵.̵d̵e̵c̵odeSupportedParamWord, amountParam, batchParam,
  ̵  ̵ ̵ ̵execStmtListWithCalls,
  ̲  ̲ ̲ ̲execStmtWithCalls, execStmt, evalExpr, evalExprList,
  ̵  ̵ ̵ ̵boolWord, lookupValue, bindValue,
  ̲  ̲ ̲ ̲withPayableCallContext, withTransactionContext,
  ̵  ̵ ̵ ̵wordNormalize, DynamicAbi.wordNormalize,
  ̲  ̲ ̲ ̲execExternalCallBind, gatewayEnv, envWith,
  ̵  ̵ ̵ ̵link, denoteCallJournaled, denoteCall,
  ̲  ̲ ̲ ̲identityAdversary, chargedGas, journalEntry,
  ̵  ̵ ̵ ̵d̵e̵bit̵S̵e̵l̵f̵B̵a̵l̵a̵nc̵e̵,̵ ̵b̵i̵n̵dResultWords, honest, hpos, hmv', hnM', hn,
  ̲  ̲ ̲ ̲hnf',
  ̵  ̵ ̵ ̵gateway_fee_slot, readFieldWord, feeField, ContractState.readSlot, ContractState.storage,
      hstorageW, mul_ofNat_val, hdiv, hle]

Note: This linter can be disabled with `set_option linter.unusedSimpArgs false`
warning: LidoSRv3/Audit/Verity/PConsolidationEth1CompositionTxUniversalRevert.lean:173:22: This simp argument is unused:
  bindResultWords

Hint: Omit it from the simp argument list.
  simp [executeFunctionWithCalls, gwTx, gatewayFn, gatewaySpec, declaredValueCheck,
  ̵  ̵ ̵ ̵effectiveFields,
  ̲  ̲ ̲ ̲bindExternalParams, DynamicAbi.bindE̵x̵E̲x̲ter̵n̵a̵l̵r̲n̲a̲l̲Params, ̲D̲y̲n̲a̲m̲i̲c̲A̲b̲i̲.̲b̲i̲n̲d̲S̲u̲p̲p̲o̲r̲t̲e̲d̲P̲a̲r̲a̲m̲s̲,̲
      DynamicAbi.b̵i̵n̵dS̵u̵p̵p̵o̵r̵t̵ed̵P̵a̵r̵a̵m̵s̵,̵ ̵D̵y̵n̵a̵m̵i̵cA̵b̵i̵.̵d̵e̵c̵odeSupportedParamWord, amountParam, batchParam,
  ̵  ̵ ̵ ̵execStmtListWithCalls,
  ̲  ̲ ̲ ̲execStmtWithCalls, execStmt, evalExpr, evalExprList,
  ̵  ̵ ̵ ̵boolWord, lookupValue, bindValue,
  ̲  ̲ ̲ ̲withPayableCallContext, withTransactionContext,
  ̵  ̵ ̵ ̵wordNormalize, DynamicAbi.wordNormalize,
  ̲  ̲ ̲ ̲execExternalCallBind, gatewayEnv, envWith,
  ̵  ̵ ̵ ̵link, denoteCallJournaled, denoteCall,
  ̲  ̲ ̲ ̲identityAdversary, chargedGas, journalEntry,
  ̵  ̵ ̵ ̵debitSelfBalance, b̵i̵n̵d̵R̵e̵s̵u̵l̵t̵W̵o̵r̵d̵s̵,̵ ̵honest, hpos, hmv', hnM', hn,
  ̲  ̲ ̲ ̲hnf',
  ̵  ̵ ̵ ̵gateway_fee_slot, readFieldWord, feeField, ContractState.readSlot, ContractState.storage,
      hstorageW, mul_ofNat_val, hdiv, hle]

Note: This linter can be disabled with `set_option linter.unusedSimpArgs false`
✔ [1331/1369] Built LidoSRv3.Audit.Guarantees.PAddress1 (1.8s)
✔ [1332/1369] Built LidoSRv3.Audit.Spec.OracleMintCorrespondence (1.7s)
✔ [1333/1369] Built LidoSRv3.Audit.Spec.AddressClaimKeccakSlots (1.6s)
✔ [1334/1369] Built LidoSRv3.Audit.Spec.AddressClaimFuelCorrespondence (2.1s)
✔ [1335/1369] Built LidoSRv3.Audit.Spec.AddressClaimBatchCorrespondence (1.7s)
✔ [1336/1369] Built LidoSRv3.Audit.Spec.AddressClaimCorrespondence (2.0s)
✔ [1337/1369] Built LidoSRv3.Audit.Spec.ConsolidationObserveCorrespondence (1.0s)
✔ [1338/1369] Built LidoSRv3.Audit.Verity.ConsolidationCallFragment (3.7s)
✔ [1339/1369] Built LidoSRv3.Audit.Provenance.TopupBeacon (1.5s)
✔ [1340/1369] Built LidoSRv3.Audit.Spec.TopupEthJournalCorrespondence (1.9s)
✔ [1341/1369] Built LidoSRv3.Audit.Guarantees.PSszLive1 (402ms)
✔ [1342/1369] Built LidoSRv3.Audit.Guarantees.PToken1 (388ms)
✔ [1343/1369] Built Compiler.Proofs.IRGeneration.SupportedSpec (111s)
✔ [1344/1369] Built LidoSRv3.Audit.Verity.SszEncodingTx (4.2s)
✔ [1345/1369] Built LidoSRv3.Audit.Guarantees.PReserveRelationalVerity (1.0s)
✔ [1346/1369] Built LidoSRv3.Audit.Guarantees.PConsolidationEth1 (2.5s)
✔ [1347/1369] Built LidoSRv3.Audit.Source.SubmitReportFeeCorrespondence (1.0s)
✔ [1348/1369] Built LidoSRv3.Audit.Spec.AddressClaimUnboundedCorrespondence (1.6s)
✔ [1349/1369] Built LidoSRv3.Audit.Spec.ConsolidationDenoteCallsChild (1.5s)
✔ [1350/1369] Built LidoSRv3.Audit.Verity.ConsolidationOfficialDenoteSuccess (14s)
✔ [1351/1369] Built LidoSRv3.Audit.Spec.ConsolidationBridgeGap (1.1s)
✔ [1352/1369] Built Compiler.Proofs.IRGeneration.SourceSemantics (39s)
✔ [1353/1369] Built LidoSRv3.Audit.Guarantees.PSsz1 (1.9s)
✔ [1354/1369] Built LidoSRv3.Audit.Provenance.ConsolidationRequest (1.1s)
✔ [1355/1369] Built LidoSRv3.Audit.Spec.EthJournalCorrespondence (1.4s)
✔ [1356/1369] Built LidoSRv3.Audit.Verity.SubmitReportEntryTx (1.8s)
✔ [1357/1369] Built LidoSRv3.Audit.Guarantees.PAddressBatch1 (2.2s)
✔ [1358/1369] Built LidoSRv3.Audit.Guarantees.PConsolidationValue1 (1.7s)
✔ [1359/1369] Built Compiler.Proofs.IRGeneration.DenoteAgreement (16s)
✔ [1360/1369] Built LidoSRv3.Audit.Spec.EthJournalConfinement (1.7s)
⚠ [1361/1369] Built LidoSRv3.Audit.Verity.MinFirstDistributionTx (18s)
warning: LidoSRv3/Audit/Verity/MinFirstDistributionTx.lean:142:52: try 'simp' instead of 'simpa'

Note: This linter can be disabled with `set_option linter.unnecessarySimpa false`
warning: LidoSRv3/Audit/Verity/MinFirstDistributionTx.lean:485:22: This simp argument is unused:
  modelAllocateLoop

Hint: Omit it from the simp argument list.
  simp [m̵o̵d̵e̵l̵A̵l̵l̵o̵c̵a̵t̵e̵L̵o̵o̵p̵,̵ ̵hModelStep, hzv]

Note: This linter can be disabled with `set_option linter.unusedSimpArgs false`
warning: LidoSRv3/Audit/Verity/MinFirstDistributionTx.lean:485:53: This simp argument is unused:
  hzv

Hint: Omit it from the simp argument list.
  simp [modelAllocateLoop, hModelStep,̵ ̵h̵z̵v̵]

Note: This linter can be disabled with `set_option linter.unusedSimpArgs false`
warning: LidoSRv3/Audit/Verity/MinFirstDistributionTx.lean:492:25: This simp argument is unused:
  modelAllocateLoop

Hint: Omit it from the simp argument list.
  simp only [m̵o̵d̵e̵l̵A̵l̵l̵o̵c̵a̵t̵e̵L̵o̵o̵p̵,̵ ̵if_neg hzv, hModelStep, if_neg hav]

Note: This linter can be disabled with `set_option linter.unusedSimpArgs false`
warning: LidoSRv3/Audit/Verity/MinFirstDistributionTx.lean:492:44: This simp argument is unused:
  if_neg hzv

Hint: Omit it from the simp argument list.
  simp only [modelAllocateLoop, i̵f̵_̵n̵e̵g̵ ̵h̵z̵v̵,̵ ̵hModelStep, if_neg hav]

Note: This linter can be disabled with `set_option linter.unusedSimpArgs false`
✔ [1362/1369] Built LidoSRv3.Audit.Guarantees.PEthJournal1 (2.4s)
✔ [1363/1373] Built LidoSRv3.Audit.Guarantees.PAlloc2 (1.8s)
✔ [1364/1373] Built LidoSRv3.Audit.Guarantees.PAlloc1EugeneBound (1.9s)
✔ [1365/1373] Built LidoSRv3.Audit.Spec.AllocationCorrespondence (1.7s)
✔ [1366/1381] Built Compiler.Proofs.IRGeneration.ParamLoading (6.6s)
✔ [1367/1381] Built LidoSRv3.Audit.Guarantees.POracleSupply1 (1.7s)
✔ [1368/1384] Built LidoSRv3.Audit.Spec.OracleFrameCorrespondence (1.7s)
✔ [1369/1384] Built Compiler.Proofs.IRGeneration.FunctionBody.Base (28s)
✔ [1370/1384] Built Compiler.Proofs.YulGeneration.Backends.EvmYulLeanBridgePredicates (624ms)
✔ [1371/1384] Built LidoSRv3.Audit.AllGuarantees (1.9s)
✔ [1372/1384] Built Compiler.Proofs.IRGeneration.FunctionBody.Stmt (11s)
✔ [1373/1384] Built Compiler.Proofs.YulGeneration.Backends.EvmYulLeanBridgeLemmas (2.6s)
✔ [1374/1386] Built Compiler.Proofs.IRGeneration.FunctionBody (1.5s)
✔ [1375/1389] Built Compiler.Proofs.IRGeneration.GenericInduction.ResultRelation (2.7s)
✔ [1376/1389] Built Compiler.Hex (602ms)
✔ [1377/1390] Built Compiler.Proofs.IRGeneration.GenericInduction.InterfaceAssembly (2.3s)
✔ [1378/1390] Built Compiler.Yul.PatchFramework (1.8s)
✔ [1379/1390] Built Compiler.Yul.PrettyPrint (613ms)
✔ [1380/1393] Built Compiler.Proofs.IRGeneration.GenericInduction.Scope (8.6s)
✔ [1381/1393] Built Compiler.CodegenCommon (2.1s)
✔ [1382/1511] Built Compiler.Proofs.IRGeneration.GenericInduction.ExprStmt (2.2s)
✔ [1383/1511] Built Compiler.Proofs.IRGeneration.DenoteFunctionAgreement (1.9s)
✔ [1384/1511] Built Compiler.Proofs.IRGeneration.GenericInduction.Storage (22s)
⚠ [1385/1511] Built LidoSRv3.Audit.Verity.TopupHybrid (3.4s)
warning: LidoSRv3/Audit/Verity/TopupHybrid.lean:157:26: This simp argument is unused:
  _root_.Verity.pure

Hint: Omit it from the simp argument list.
  simp [executeSource, sourceTx, observeVerity, withCalls, topupCallJournal,
        TopupTxContract.executeTopup,
  ̵  ̵ ̵ ̵ ̵ ̵TopupTxContract.executeNoTopup,
  ̲  ̲ ̲ ̲ ̲ ̲TopupTxContract.executePullRevert,
  ̵  ̵ ̵ ̵ ̵ ̵TopupTxContract.executePushRevert, _root_.Verity.require,
        _root_.Contracts.externalCallBind, _root_.Contracts.externalCallStubSuccess,
        _root_.Contracts.linkedCallEntry, _root_.Verity.Contract.run,
  ̵  ̵ ̵ ̵ ̵ ̵_root_.Verity.bind, _̵r̵o̵o̵t̵_̵.̵V̵e̵r̵i̵t̵y̵.̵p̵u̵r̵e̵,̵ ̵Bind.bind,
  ̲  ̲ ̲ ̲ ̲ ̲Pure.pure,
  ̵  ̵ ̵ ̵ ̵ ̵Outcome.reverts, Outcome.pulled, Outcome.pushed, hrun] at hconserves ⊢

Note: This linter can be disabled with `set_option linter.unusedSimpArgs false`
✔ [1386/1511] Built LidoSRv3.Audit.Verity.ConsolidationAbstractFlowModel (364ms)
✔ [1387/1511] Built LidoSRv3.Audit.Model.EthWorld (731ms)
✔ [1388/1511] Built LidoSRv3.Audit.Guarantees.PAlloc1Phase3 (1.6s)
✔ [1389/1511] Built LidoSRv3.Audit.Verity.Topup2DistributionTx (1.0s)
✔ [1390/1511] Built LidoSRv3.Audit.Source.SszVerifierProgram (1.2s)
✔ [1391/1511] Built LidoSRv3.Audit.Source.TrioReserve1.Live (1.8s)
✔ [1392/1511] Built LidoSRv3.Audit.Source.TrioReserve1.RouterSpec (301ms)
✔ [1393/1511] Built LidoSRv3.Audit.Source.TrioReserve1.QueueSpec (324ms)
✔ [1394/1511] Built LidoSRv3.Audit.Source.TrioReserve1.PartitionSpec (1.3s)
✔ [1395/1511] Built LidoSRv3.Audit.Source.TrioReserve1.Packing (472ms)
✔ [1396/1511] Built LidoSRv3.Audit.Source.TrioReserve1.WriterSpec (272ms)
✔ [1397/1511] Built LidoSRv3.Audit.Source.TrioReserve1.OracleSpec (317ms)
✔ [1398/1511] Built LidoSRv3.Audit.Source.TrioReserve1.FrameSpec (534ms)
✔ [1399/1511] Built LidoSRv3.Audit.Source.TrioReserve1.AdmissionSpec (292ms)
✔ [1400/1511] Built LidoSRv3.Audit.Source.TrioAlloc1.Interface (505ms)
✔ [1401/1511] Built LidoSRv3.Audit.Source.TrioAlloc2.Word (420ms)
✔ [1402/1511] Built LidoSRv3.Audit.Source.TrioAlloc2.Spec (393ms)
✔ [1403/1511] Built LidoSRv3.Audit.Verity.AddressAdmission (14s)
✔ [1404/1511] Built LidoSRv3.Audit.Verity.AddressYulInterface (1.6s)
✔ [1405/1511] Built LidoSRv3.Audit.Verity.OfficialSemantics (1.1s)
⚠ [1406/1511] Built LidoSRv3.Audit.Verity.ConsolidationFee (1.7s)
warning: LidoSRv3/Audit/Verity/ConsolidationFee.lean:446:5: Variable name `hsize` is not explicitly referenced.

The binding can be removed (if unused) or named `_` (if used implicitly).

Note: This linter can be disabled with `set_option linter.unusedVariables false`
warning: LidoSRv3/Audit/Verity/ConsolidationFee.lean:446:35: Variable name `hdecode` is not explicitly referenced.

The binding can be removed (if unused) or named `_` (if used implicitly).

Note: This linter can be disabled with `set_option linter.unusedVariables false`
warning: LidoSRv3/Audit/Verity/ConsolidationFee.lean:447:5: Variable name `hvalue` is not explicitly referenced.

The binding can be removed (if unused) or named `_` (if used implicitly).

Note: This linter can be disabled with `set_option linter.unusedVariables false`
warning: LidoSRv3/Audit/Verity/ConsolidationFee.lean:452:70: This simp argument is unused:
  hsize

Hint: Omit it from the simp argument list.
  simp [batchCalls, batchCalls.loop, ObservedCalls, denoteCall, hfee, hs̵i̵z̵e̵,̵ ̵h̵decode,
  ̵  ̵ ̵ ̵hvalue, hkey]

Note: This linter can be disabled with `set_option linter.unusedSimpArgs false`
warning: LidoSRv3/Audit/Verity/ConsolidationFee.lean:452:77: This simp argument is unused:
  hdecode

Hint: Omit it from the simp argument list.
  simp [batchCalls, batchCalls.loop, ObservedCalls, denoteCall, hfee, hsize, hd̵e̵c̵o̵d̵e̵,̵
  ̵ ̵ ̵ ̵ ̵h̵value, hkey]

Note: This linter can be disabled with `set_option linter.unusedSimpArgs false`
warning: LidoSRv3/Audit/Verity/ConsolidationFee.lean:453:4: This simp argument is unused:
  hvalue

Hint: Omit it from the simp argument list.
  simp [batchCalls, batchCalls.loop, ObservedCalls, denoteCall, hfee, hsize, hdecode,
  ̵  ̵ ̵ ̵hv̵a̵l̵u̵e̵,̵ ̵h̵key]

Note: This linter can be disabled with `set_option linter.unusedSimpArgs false`
warning: LidoSRv3/Audit/Verity/ConsolidationFee.lean:466:5: Variable name `hrequest` is not explicitly referenced.

The binding can be removed (if unused) or named `_` (if used implicitly).

Note: This linter can be disabled with `set_option linter.unusedVariables false`
warning: LidoSRv3/Audit/Verity/ConsolidationFee.lean:477:32: This simp argument is unused:
  hrequest

Hint: Omit it from the simp argument list.
  simp [batchCalls, batchCalls.loop, ObservedCalls, denoteCall, hfee, hsize, hdecode,
  ̵  ̵ ̵ ̵hbound,
  ̲  ̲ ̲ ̲hvalid₀, hinvalid₁,̵ ̵h̵r̵e̵q̵u̵e̵s̵t̵]

Note: This linter can be disabled with `set_option linter.unusedSimpArgs false`
⚠ [1407/1511] Built LidoSRv3.Audit.Verity.DepositLedgerTx (2.4s)
warning: LidoSRv3/Audit/Verity/DepositLedgerTx.lean:140:35: Variable name `n` is not explicitly referenced.

The binding can be removed (if unused) or named `_` (if used implicitly).

Note: This linter can be disabled with `set_option linter.unusedVariables false`
⚠ [1408/1511] Built LidoSRv3.Audit.Verity.DepositTx (3.8s)
warning: LidoSRv3/Audit/Verity/DepositTx.lean:153:35: This simp argument is unused:
  Pure.pure

Hint: Omit it from the simp argument list.
  simp [executeOutcome, executeCalls, hRun, observe, DepositTxContract.execute,
      _root_.Contracts.externalCallBind, _root_.Contracts.externalCallStubSuccess,
      _root_.Verity.require,
  ̵  ̵ ̵ ̵_root_.Verity.Contract.run, _root_.Verity.bind,
  ̵  ̵ ̵ ̵_root_.Verity.pure,
  ̲  ̲ ̲ ̲Bind.bind, P̵u̵r̵e̵.̵p̵u̵r̵e̵,̵ ̵committedBalances, Nat.sub_add_cancel hFunds,
  ̵  ̵ ̵ ̵Core.Uint256.ofNat,
  ̲  ̲ ̲ ̲Nat.mod_eq_of_lt hAmountLt]

Note: This linter can be disabled with `set_option linter.unusedSimpArgs false`
✔ [1409/1511] Built LidoSRv3.Audit.Verity.MinFirstSourceEntry (1.8s)
✔ [1410/1511] Built LidoSRv3.Audit.Verity.PConsolidationEth1RefundTx (1.6s)
✔ [1411/1511] Built LidoSRv3.Audit.Verity.PConsolidationEth1RequestTx (1.5s)
✔ [1412/1511] Built LidoSRv3.Audit.Verity.TopupPackedStorage (3.6s)
✔ [1413/1511] Built LidoSRv3.Audit.Verity.TopupParent (1.1s)
✔ [1414/1511] Built Compiler.Proofs.IRGeneration.DenoteEquivalence (1.7s)
✔ [1415/1511] Built Compiler.Proofs.IRGeneration.GenericInduction.Loops (4.2s)
✔ [1416/1511] Built Compiler.Proofs.IRGeneration.GenericInduction.EventBridge (16s)
✔ [1417/1511] Built LidoSRv3.Audit.Model.EthConfinement (346ms)
✔ [1418/1511] Built LidoSRv3.Audit.Guarantees.PTopup2Verity (1.3s)
✔ [1419/1511] Built LidoSRv3.Audit.Source.TrioReserve1.Erasure (1.1s)
✔ [1420/1511] Built LidoSRv3.Audit.Source.TrioReserve1.Transfers (1.1s)
✔ [1421/1511] Built LidoSRv3.Audit.Source.TrioReserve1.StaticCall (1.0s)
✔ [1422/1511] Built LidoSRv3.Audit.Source.TrioReserve1.Locator (1.1s)
✔ [1423/1511] Built LidoSRv3.Audit.Source.TrioReserve1.ABI (1.2s)
✔ [1424/1511] Built LidoSRv3.Audit.Source.TrioReserve1.Router (1.2s)
✔ [1425/1511] Built LidoSRv3.Audit.Source.TrioReserve1.Queue (1.1s)
✔ [1426/1511] Built LidoSRv3.Audit.Source.TrioReserve1.AllocationSpec (819ms)
✔ [1427/1511] Built LidoSRv3.Audit.Source.TrioReserve1.PhysicalPacking (1.2s)
✔ [1428/1511] Built LidoSRv3.Audit.Source.TrioReserve1.Writers (1.2s)
✔ [1429/1511] Built LidoSRv3.Audit.Source.TrioAlloc1.Storage (406ms)
ℹ [1430/1511] Built LidoSRv3.Audit.Source.TrioAlloc2.MemoryPrefix (742ms)
info: LidoSRv3/Audit/Source/TrioAlloc2/MemoryPrefix.lean:148:0: 'LidoSRv3.Audit.Source.TrioAlloc2.MemoryPrefix.execute_success_iff' depends on axioms: [propext, Quot.sound]
info: LidoSRv3/Audit/Source/TrioAlloc2/MemoryPrefix.lean:149:0: 'LidoSRv3.Audit.Source.TrioAlloc2.MemoryPrefix.execute_overflow_iff' depends on axioms: [propext,
 Classical.choice,
 Quot.sound]
info: LidoSRv3/Audit/Source/TrioAlloc2/MemoryPrefix.lean:151:0: 'LidoSRv3.Audit.Source.TrioAlloc2.MemoryPrefix.reserve_success' depends on axioms: [propext, Quot.sound]
info: LidoSRv3/Audit/Source/TrioAlloc2/MemoryPrefix.lean:152:0: 'LidoSRv3.Audit.Source.TrioAlloc2.MemoryPrefix.execute_extent' depends on axioms: [propext, Quot.sound]
✔ [1431/1511] Built LidoSRv3.Audit.Source.TrioAlloc2.Step (436ms)
✔ [1432/1511] Built LidoSRv3.Audit.Source.TrioAlloc2.Arithmetic (522ms)
✔ [1433/1511] Built LidoSRv3.Audit.Source.TrioAlloc2.SpecProgress (426ms)
✔ [1434/1511] Built LidoSRv3.Audit.Verity.AllocCapacity (1.1s)
✔ [1435/1511] Built Compiler.Proofs.IRGeneration.GenericInduction.Helpers (8.9s)
✔ [1436/1511] Built LidoSRv3.Audit.Guarantees.PEthConfinement1 (279ms)
✔ [1437/1511] Built LidoSRv3.Audit.Source.TrioReserve1.Consensus (1.3s)
✔ [1438/1511] Built LidoSRv3.Audit.Source.TrioReserve1.Oracle (1.3s)
✔ [1439/1511] Built LidoSRv3.Audit.Source.TrioReserve1.CallResults (1.2s)
✔ [1440/1511] Built LidoSRv3.Audit.Source.TrioReserve1.Allocation (1.1s)
✔ [1441/1511] Built LidoSRv3.Audit.Source.TrioReserve1.SpendingSpec (509ms)
✔ [1442/1511] Built LidoSRv3.Audit.Source.TrioAlloc1.Execution (677ms)
✔ [1443/1511] Built LidoSRv3.Audit.Source.TrioAlloc2.StepBounds (480ms)
✔ [1444/1511] Built LidoSRv3.Audit.Source.TrioAlloc2.Loop (415ms)
✔ [1445/1511] Built LidoSRv3.Audit.Source.TrioAlloc2.ScanBounds (679ms)
✔ [1446/1511] Built Compiler.Proofs.IRGeneration.GenericInduction.Main (2.4s)
✔ [1447/1511] Built LidoSRv3.Audit.Source.TrioReserve1.QueueCalls (1.2s)
✔ [1448/1511] Built LidoSRv3.Audit.Source.TrioReserve1.Admission (1.5s)
✔ [1449/1511] Built LidoSRv3.Audit.Source.TrioReserve1.Spending (1.4s)
ℹ [1450/1511] Built LidoSRv3.Audit.Source.TrioComposition.MemoryGuard (372ms)
info: LidoSRv3/Audit/Source/TrioComposition/MemoryGuard.lean:38:0: 'LidoSRv3.Audit.Source.TrioComposition.MemoryGuard.run_eq' depends on axioms: [propext, Classical.choice, Quot.sound]
info: LidoSRv3/Audit/Source/TrioComposition/MemoryGuard.lean:39:0: 'LidoSRv3.Audit.Source.TrioComposition.MemoryGuard.check_eq' depends on axioms: [propext, Classical.choice, Quot.sound]
✔ [1451/1511] Built LidoSRv3.Audit.Source.TrioAlloc1.AllocationMemory (908ms)
✔ [1452/1511] Built LidoSRv3.Audit.Source.TrioAlloc1.Bytes (834ms)
✔ [1453/1511] Built LidoSRv3.Audit.Source.TrioAlloc1.CallTree (651ms)
✔ [1454/1511] Built LidoSRv3.Audit.Source.TrioAlloc1.Properties (567ms)
✔ [1455/1511] Built LidoSRv3.Audit.Source.TrioAlloc2.LoopBounds (513ms)
✔ [1456/1511] Built LidoSRv3.Audit.Source.TrioAlloc2.ScanCorrespondence (719ms)
✔ [1457/1511] Built Compiler.Proofs.Storage.SolidityStorage (3.5s)
✔ [1458/1511] Built LidoSRv3.Audit.Source.TrioReserve1.OracleCalls (1.1s)
✔ [1459/1511] Built LidoSRv3.Audit.Source.TrioReserve1.WithdrawalTail (1.2s)
✔ [1460/1511] Built LidoSRv3.Audit.Source.TrioAlloc1.ShareWriter (1.9s)
✔ [1461/1511] Built LidoSRv3.Audit.Source.TrioAlloc1.VerityProducer (1.1s)
✔ [1462/1511] Built LidoSRv3.Audit.Source.TrioAlloc1.Memory (568ms)
✔ [1463/1511] Built LidoSRv3.Audit.Source.TrioAlloc1.CapacitySpec (600ms)
✔ [1464/1511] Built LidoSRv3.Audit.Source.TrioAlloc2.Conservation (607ms)
⚠ [1465/1511] Built LidoSRv3.Audit.Source.TrioAlloc2.Selection (395ms)
warning: LidoSRv3/Audit/Source/TrioAlloc2/Selection.lean:53:10: This simp argument is unused:
  levelsEq

Hint: Omit it from the simp argument list.
  simp [l̵e̵v̵e̵l̵s̵E̵q̵,̵ ̵Spec.minimum, countEq]

Note: This linter can be disabled with `set_option linter.unusedSimpArgs false`
warning: LidoSRv3/Audit/Source/TrioAlloc2/Selection.lean:70:10: This simp argument is unused:
  levelsEq

Hint: Omit it from the simp argument list.
  simp [l̵e̵v̵e̵l̵s̵E̵q̵,̵ ̵Spec.minimum, nonzero, minimumEq]

Note: This linter can be disabled with `set_option linter.unusedSimpArgs false`
✔ [1466/1511] Built Compiler.Proofs.LoopSimulation (3.4s)
✔ [1467/1511] Built LidoSRv3.Audit.Source.TrioReserve1.ConsensusCalls (2.7s)
✔ [1468/1511] Built LidoSRv3.Audit.Source.TrioReserve1.WithdrawalComposition (1.6s)
✔ [1469/1511] Built LidoSRv3.Audit.Source.TrioAlloc1.AdmissionChecks (783ms)
✔ [1470/1511] Built LidoSRv3.Audit.Source.TrioAlloc1.StringStorage (388ms)
✔ [1471/1511] Built LidoSRv3.Audit.Source.TrioAlloc1.EnumerationWriter (533ms)
✔ [1472/1511] Built LidoSRv3.Audit.Source.TrioAlloc1.FirstPass (588ms)
✔ [1473/1511] Built LidoSRv3.Audit.Source.TrioAlloc2.Totality (551ms)
✔ [1474/1511] Built Verity.Core.Model.AllocationExtraction (2.6s)
✔ [1475/1511] Built Verity.Proofs.LoopSimulation (1.6s)
✔ [1476/1511] Built LidoSRv3.Audit.Source.TrioReserve1.Pipeline (1.5s)
✔ [1477/1511] Built LidoSRv3.Audit.Source.TrioAlloc1.ParameterWriter (2.6s)
✔ [1478/1511] Built LidoSRv3.Audit.Source.TrioAlloc1.Relational (476ms)
⚠ [1479/1511] Built LidoSRv3.Audit.Source.TrioAlloc2.RowBounds (777ms)
warning: LidoSRv3/Audit/Source/TrioAlloc2/RowBounds.lean:171:20: This simp argument is unused:
  ↓reduceDIte

Hint: Omit it from the simp argument list.
  simp only [bound,̵ ̵↓̵r̵e̵d̵u̵c̵e̵D̵I̵t̵e̵]

Note: This linter can be disabled with `set_option linter.unusedSimpArgs false`
info: LidoSRv3/Audit/Source/TrioAlloc2/RowBounds.lean:174:0: 'LidoSRv3.Audit.Source.TrioAlloc2.step_row_bounds' depends on axioms: [propext, Quot.sound]
info: LidoSRv3/Audit/Source/TrioAlloc2/RowBounds.lean:175:0: 'LidoSRv3.Audit.Source.TrioAlloc2.allocateLoop_row_bounds' depends on axioms: [propext, Quot.sound]
info: LidoSRv3/Audit/Source/TrioAlloc2/RowBounds.lean:176:0: 'LidoSRv3.Audit.Source.TrioAlloc2.allocate_row_bounds' depends on axioms: [propext, Quot.sound]
info: LidoSRv3/Audit/Source/TrioAlloc2/RowBounds.lean:177:0: 'LidoSRv3.Audit.Source.TrioAlloc2.allocate_delta_success' depends on axioms: [propext, Quot.sound]
✔ [1480/1511] Built LidoSRv3.Audit.Source.TrioAlloc2.ChoiceCorrespondence (456ms)
✔ [1481/1511] Built LidoSRv3.Audit.Source.TrioAlloc2.LoopTotality (428ms)
✔ [1482/1511] Built LidoSRv3.Audit.Verity.DepositRollback (1.8s)
✔ [1483/1511] Built LidoSRv3.Audit.Verity.TopupRollback (1.8s)
✔ [1484/1511] Built LidoSRv3.Audit.Source.TrioReserve1.PhysicalReserve (1.3s)
✔ [1485/1511] Built LidoSRv3.Audit.Source.TrioAlloc1.WriterInvariant (489ms)
✔ [1486/1511] Built LidoSRv3.Audit.Source.TrioAlloc1.AdmissionWriter (977ms)
✔ [1487/1511] Built LidoSRv3.Audit.Source.TrioAlloc1.Determinism (387ms)
ℹ [1488/1511] Built LidoSRv3.Audit.Source.TrioAlloc2.ParentConversion (692ms)
info: LidoSRv3/Audit/Source/TrioAlloc2/ParentConversion.lean:128:0: 'LidoSRv3.Audit.Source.TrioAlloc2.ParentConversion.rowArithmetic_success_iff' depends on axioms: [propext, Quot.sound]
info: LidoSRv3/Audit/Source/TrioAlloc2/ParentConversion.lean:129:0: 'LidoSRv3.Audit.Source.TrioAlloc2.ParentConversion.rowArithmetic_values' depends on axioms: [propext]
info: LidoSRv3/Audit/Source/TrioAlloc2/ParentConversion.lean:130:0: 'LidoSRv3.Audit.Source.TrioAlloc2.ParentConversion.positive_total_error_first' depends on axioms: [propext, Quot.sound]
info: LidoSRv3/Audit/Source/TrioAlloc2/ParentConversion.lean:131:0: 'LidoSRv3.Audit.Source.TrioAlloc2.ParentConversion.zeroDemand_overflow' depends on axioms: [propext, Quot.sound]
info: LidoSRv3/Audit/Source/TrioAlloc2/ParentConversion.lean:132:0: 'LidoSRv3.Audit.Source.TrioAlloc2.ParentConversion.allocated_total_mul_success' depends on axioms: [propext, Quot.sound]
⚠ [1489/1511] Built LidoSRv3.Audit.Source.TrioAlloc2.StepCorrespondence (614ms)
warning: LidoSRv3/Audit/Source/TrioAlloc2/StepCorrespondence.lean:16:71: This simp argument is unused:
  eq

Hint: Omit it from the simp argument list.
  simp [decodedRows, List.getElem?_zipWith, List.getElem?_set_ne eq,̵ ̵e̵q̵]

Note: This linter can be disabled with `set_option linter.unusedSimpArgs false`
✔ [1490/1511] Built LidoSRv3.Audit.Source.TrioAlloc2.Errors (445ms)
✔ [1491/1511] Built LidoSRv3 (1.6s)
⚠ [1492/1511] Built LidoSRv3.Audit.Source.TrioAlloc2.ParentArraySafety (486ms)
warning: LidoSRv3/Audit/Source/TrioAlloc2/ParentArraySafety.lean:27:46: This simp argument is unused:
  Except.bind

Hint: Omit it from the simp argument list.
  simp only [checkedSub, sub, ↓reduceIte,̵ ̵E̵x̵c̵e̵p̵t̵.̵b̵i̵n̵d̵]

Note: This linter can be disabled with `set_option linter.unusedSimpArgs false`
warning: LidoSRv3/Audit/Source/TrioAlloc2/ParentArraySafety.lean:29:51: This simp argument is unused:
  Except.bind

Hint: Omit it from the simp argument list.
  simp only [checkedMul, delta, ↓reduceDIte, E̵x̵c̵e̵p̵t̵.̵b̵i̵n̵d̵,̵ ̵read_at _ _ newInside]

Note: This linter can be disabled with `set_option linter.unusedSimpArgs false`
warning: LidoSRv3/Audit/Source/TrioAlloc2/ParentArraySafety.lean:29:64: This simp argument is unused:
  read_at _ _ newInside

Hint: Omit it from the simp argument list.
  simp only [checkedMul, delta, ↓reduceDIte, Except.bind,̵ ̵r̵e̵a̵d̵_̵a̵t̵ ̵_̵ ̵_̵ ̵n̵e̵w̵I̵n̵s̵i̵d̵e̵]

Note: This linter can be disabled with `set_option linter.unusedSimpArgs false`
warning: LidoSRv3/Audit/Source/TrioAlloc2/ParentArraySafety.lean:31:40: This simp argument is unused:
  Except.bind

Hint: Omit it from the simp argument list.
  simp only [next, ↓reduceDIte,̵ ̵E̵x̵c̵e̵p̵t̵.̵b̵i̵n̵d̵]

Note: This linter can be disabled with `set_option linter.unusedSimpArgs false`
warning: LidoSRv3/Audit/Source/TrioAlloc2/ParentArraySafety.lean:53:50: This simp argument is unused:
  Except.bind

Hint: Omit it from the simp argument list.
  simp only [checkedMul, scaled, ↓reduceDIte, E̵x̵c̵e̵p̵t̵.̵b̵i̵n̵d̵,̵
  ̵ ̵ ̵ ̵ ̵ ̵ ̵ ̵ ̵read_at _ _ oldInside, read_at _ _ newInside]

Note: This linter can be disabled with `set_option linter.unusedSimpArgs false`
warning: LidoSRv3/Audit/Source/TrioAlloc2/ParentArraySafety.lean:54:8: This simp argument is unused:
  read_at _ _ oldInside

Hint: Omit it from the simp argument list.
  simp only [checkedMul, scaled, ↓reduceDIte, Except.bind, read_at _ _ o̵l̵d̵I̵n̵s̵i̵d̵e̵,̵ ̵r̵e̵a̵d̵_̵a̵t̵ ̵_̵ ̵_̵ ̵newInside]

Note: This linter can be disabled with `set_option linter.unusedSimpArgs false`
warning: LidoSRv3/Audit/Source/TrioAlloc2/ParentArraySafety.lean:54:31: This simp argument is unused:
  read_at _ _ newInside

Hint: Omit it from the simp argument list.
  simp only [checkedMul, scaled, ↓reduceDIte, Except.bind, read_at _ _ o̵l̵d̵I̵n̵s̵i̵d̵e̵,̵ ̵r̵e̵a̵d̵_̵a̵t̵ ̵_̵ ̵_̵ ̵n̵e̵w̵I̵n̵s̵i̵d̵e̵]̵o̲l̲d̲I̲n̲s̲i̲d̲e̲]̲

Note: This linter can be disabled with `set_option linter.unusedSimpArgs false`
info: LidoSRv3/Audit/Source/TrioAlloc2/ParentArraySafety.lean:61:0: 'LidoSRv3.Audit.Source.TrioAlloc2.ParentConversion.positiveRows_array_safe' depends on axioms: [propext, Quot.sound]
info: LidoSRv3/Audit/Source/TrioAlloc2/ParentArraySafety.lean:62:0: 'LidoSRv3.Audit.Source.TrioAlloc2.ParentConversion.zeroRows_array_safe' depends on axioms: [propext, Quot.sound]
✔ [1493/1511] Built LidoSRv3.Audit.Source.TrioAlloc2.LoopCorrespondence (670ms)
ℹ [1494/1511] Built LidoSRv3.Audit.Source.TrioAlloc2.ParentValues (496ms)
info: LidoSRv3/Audit/Source/TrioAlloc2/ParentValues.lean:150:0: 'LidoSRv3.Audit.Source.TrioAlloc2.ParentConversion.positive_values' depends on axioms: [propext,
 Classical.choice,
 Quot.sound]
info: LidoSRv3/Audit/Source/TrioAlloc2/ParentValues.lean:151:0: 'LidoSRv3.Audit.Source.TrioAlloc2.ParentConversion.zeroDemand_values' depends on axioms: [propext,
 Classical.choice,
 Quot.sound]
info: LidoSRv3/Audit/Source/TrioAlloc2/ParentValues.lean:153:0: 'LidoSRv3.Audit.Source.TrioAlloc2.ParentConversion.positiveRows_values' depends on axioms: [propext,
 Classical.choice,
 Quot.sound]
info: LidoSRv3/Audit/Source/TrioAlloc2/ParentValues.lean:155:0: 'LidoSRv3.Audit.Source.TrioAlloc2.ParentConversion.zeroRows_values' depends on axioms: [propext,
 Classical.choice,
 Quot.sound]
ℹ [1495/1511] Built LidoSRv3.Audit.Source.TrioAlloc2.Composition (299ms)
info: LidoSRv3/Audit/Source/TrioAlloc2/Composition.lean:53:0: 'LidoSRv3.Audit.Source.TrioAlloc2.producer_success_establishes_consumer_premises' depends on axioms: [propext,
 Quot.sound]
info: LidoSRv3/Audit/Source/TrioAlloc2/Composition.lean:54:0: 'LidoSRv3.Audit.Source.TrioAlloc2.producer_then_consumer_succeeds' depends on axioms: [propext, Quot.sound]
info: LidoSRv3/Audit/Source/TrioAlloc2/Composition.lean:71:0: 'LidoSRv3.Audit.Source.TrioAlloc2.producer_then_consumer_distributes' depends on axioms: [propext,
 Classical.choice,
 Quot.sound]
ℹ [1496/1511] Built LidoSRv3.Audit.Source.TrioAlloc2.LibraryABI (1.7s)
info: LidoSRv3/Audit/Source/TrioAlloc2/LibraryABI.lean:169:0: 'LidoSRv3.Audit.Source.TrioAlloc2.LibraryABI.decodeArray_encoded' depends on axioms: [propext,
 Classical.choice,
 Quot.sound]
info: LidoSRv3/Audit/Source/TrioAlloc2/LibraryABI.lean:170:0: 'LidoSRv3.Audit.Source.TrioAlloc2.LibraryABI.decodeArguments_encoded' depends on axioms: [propext,
 Classical.choice,
 Quot.sound]
info: LidoSRv3/Audit/Source/TrioAlloc2/LibraryABI.lean:171:0: 'LidoSRv3.Audit.Source.TrioAlloc2.LibraryABI.decodeReturn_encoded' depends on axioms: [propext,
 Classical.choice,
 Quot.sound]
info: LidoSRv3/Audit/Source/TrioAlloc2/LibraryABI.lean:172:0: 'LidoSRv3.Audit.Source.TrioAlloc2.LibraryABI.run_encoded' depends on axioms: [propext, Classical.choice, Quot.sound]
info: LidoSRv3/Audit/Source/TrioAlloc2/LibraryABI.lean:173:0: 'LidoSRv3.Audit.Source.TrioAlloc2.LibraryABI.run_short' depends on axioms: [propext, Quot.sound]
ℹ [1497/1511] Built LidoSRv3.Audit.Source.TrioComposition.Parent (653ms)
info: LidoSRv3/Audit/Source/TrioComposition/Parent.lean:252:0: 'LidoSRv3.Audit.Source.TrioComposition.getDepositAllocations_total_bound' depends on axioms: [propext, Quot.sound]
info: LidoSRv3/Audit/Source/TrioComposition/Parent.lean:253:0: 'LidoSRv3.Audit.Source.TrioComposition.convertPositive_refines' depends on axioms: [propext,
 Classical.choice,
 Quot.sound]
info: LidoSRv3/Audit/Source/TrioComposition/Parent.lean:254:0: 'LidoSRv3.Audit.Source.TrioComposition.convertZero_refines' depends on axioms: [propext, Classical.choice, Quot.sound]
ℹ [1498/1511] Built LidoSRv3.Audit.Source.TrioAlloc2.MemoryComposition (301ms)
info: LidoSRv3/Audit/Source/TrioAlloc2/MemoryComposition.lean:71:0: 'LidoSRv3.Audit.Source.TrioAlloc2.producer_then_memory_consumer_distributes' depends on axioms: [propext,
 Classical.choice,
 Quot.sound]
info: LidoSRv3/Audit/Source/TrioAlloc2/MemoryComposition.lean:72:0: 'LidoSRv3.Audit.Source.TrioAlloc2.producer_then_byte_consumer_distributes' depends on axioms: [propext,
 Classical.choice,
 Quot.sound]
ℹ [1499/1511] Built LidoSRv3.Audit.Source.TrioAlloc2.ABIComposition (314ms)
info: LidoSRv3/Audit/Source/TrioAlloc2/ABIComposition.lean:46:0: 'LidoSRv3.Audit.Source.TrioAlloc2.producer_then_abi_distributes' depends on axioms: [propext,
 Classical.choice,
 Quot.sound]
ℹ [1500/1511] Built LidoSRv3.Audit.Source.TrioComposition.ParentComposition (319ms)
info: LidoSRv3/Audit/Source/TrioComposition/ParentComposition.lean:65:0: 'LidoSRv3.Audit.Source.TrioComposition.producer_consumer_conversion_refines' depends on axioms: [propext,
 Classical.choice,
 Quot.sound]
info: LidoSRv3/Audit/Source/TrioComposition/ParentComposition.lean:66:0: 'LidoSRv3.Audit.Source.TrioComposition.producer_zero_conversion_refines' depends on axioms: [propext,
 Classical.choice,
 Quot.sound]
info: LidoSRv3/Audit/Source/TrioComposition/ParentComposition.lean:67:0: 'LidoSRv3.Audit.Source.TrioComposition.producer_consumer_parent_subtraction' depends on axioms: [propext, Quot.sound]
ℹ [1501/1511] Built LidoSRv3.Audit.Source.TrioComposition.AllocationExtent (537ms)
info: LidoSRv3/Audit/Source/TrioComposition/AllocationExtent.lean:57:0: 'LidoSRv3.Audit.Source.TrioComposition.allocated_array_extent' depends on axioms: [propext,
 Classical.choice,
 Quot.sound]
info: LidoSRv3/Audit/Source/TrioComposition/AllocationExtent.lean:58:0: 'LidoSRv3.Audit.Source.TrioComposition.two_allocations_abi_extent' depends on axioms: [propext,
 Classical.choice,
 Quot.sound]
⚠ [1502/1511] Built LidoSRv3.Audit.Source.TrioComposition.ConversionBridge (525ms)
warning: LidoSRv3/Audit/Source/TrioComposition/ConversionBridge.lean:21:32: This simp argument is unused:
  hn

Hint: Omit it from the simp argument list.
  simp [h̵n̵,̵ ̵bind, Except.bind, Except.map]

Note: This linter can be disabled with `set_option linter.unusedSimpArgs false`
warning: LidoSRv3/Audit/Source/TrioComposition/ConversionBridge.lean:23:32: This simp argument is unused:
  hp

Hint: Omit it from the simp argument list.
  simp [h̵p̵,̵ ̵bind, Except.bind, Except.map]

Note: This linter can be disabled with `set_option linter.unusedSimpArgs false`
warning: LidoSRv3/Audit/Source/TrioComposition/ConversionBridge.lean:23:36: This simp argument is unused:
  bind

Hint: Omit it from the simp argument list.
  simp [hp, b̵i̵n̵d̵,̵ ̵Except.bind, Except.map]

Note: This linter can be disabled with `set_option linter.unusedSimpArgs false`
warning: LidoSRv3/Audit/Source/TrioComposition/ConversionBridge.lean:23:42: This simp argument is unused:
  Except.bind

Hint: Omit it from the simp argument list.
  simp [hp, bind, Except.b̵i̵n̵d̵,̵ ̵E̵x̵c̵e̵p̵t̵.̵map]

Note: This linter can be disabled with `set_option linter.unusedSimpArgs false`
warning: LidoSRv3/Audit/Source/TrioComposition/ConversionBridge.lean:23:55: This simp argument is unused:
  Except.map

Hint: Omit it from the simp argument list.
  simp [hp, bind, Except.bind,̵ ̵E̵x̵c̵e̵p̵t̵.̵m̵a̵p̵]

Note: This linter can be disabled with `set_option linter.unusedSimpArgs false`
warning: LidoSRv3/Audit/Source/TrioComposition/ConversionBridge.lean:25:61: This simp argument is unused:
  hs

Hint: Omit it from the simp argument list.
  simp [h̵s̵,̵ ̵bind, Except.bind, Except.map]

Note: This linter can be disabled with `set_option linter.unusedSimpArgs false`
warning: LidoSRv3/Audit/Source/TrioComposition/ConversionBridge.lean:25:65: This simp argument is unused:
  bind

Hint: Omit it from the simp argument list.
  simp [hs, b̵i̵n̵d̵,̵ ̵Except.bind, Except.map]

Note: This linter can be disabled with `set_option linter.unusedSimpArgs false`
warning: LidoSRv3/Audit/Source/TrioComposition/ConversionBridge.lean:25:71: This simp argument is unused:
  Except.bind

Hint: Omit it from the simp argument list.
  simp [hs, bind, Except.b̵i̵n̵d̵,̵ ̵E̵x̵c̵e̵p̵t̵.̵map]

Note: This linter can be disabled with `set_option linter.unusedSimpArgs false`
warning: LidoSRv3/Audit/Source/TrioComposition/ConversionBridge.lean:25:84: This simp argument is unused:
  Except.map

Hint: Omit it from the simp argument list.
  simp [hs, bind, Except.bind,̵ ̵E̵x̵c̵e̵p̵t̵.̵m̵a̵p̵]

Note: This linter can be disabled with `set_option linter.unusedSimpArgs false`
warning: LidoSRv3/Audit/Source/TrioComposition/ConversionBridge.lean:27:58: This simp argument is unused:
  hd

Hint: Omit it from the simp argument list.
  simp [h̵d̵,̵ ̵bind, Except.bind, Except.map]

Note: This linter can be disabled with `set_option linter.unusedSimpArgs false`
warning: LidoSRv3/Audit/Source/TrioComposition/ConversionBridge.lean:27:62: This simp argument is unused:
  bind

Hint: Omit it from the simp argument list.
  simp [hd, b̵i̵n̵d̵,̵ ̵Except.bind, Except.map]

Note: This linter can be disabled with `set_option linter.unusedSimpArgs false`
warning: LidoSRv3/Audit/Source/TrioComposition/ConversionBridge.lean:27:68: This simp argument is unused:
  Except.bind

Hint: Omit it from the simp argument list.
  simp [hd, bind, Except.b̵i̵n̵d̵,̵ ̵E̵x̵c̵e̵p̵t̵.̵map]

Note: This linter can be disabled with `set_option linter.unusedSimpArgs false`
warning: LidoSRv3/Audit/Source/TrioComposition/ConversionBridge.lean:27:81: This simp argument is unused:
  Except.map

Hint: Omit it from the simp argument list.
  simp [hd, bind, Except.bind,̵ ̵E̵x̵c̵e̵p̵t̵.̵m̵a̵p̵]

Note: This linter can be disabled with `set_option linter.unusedSimpArgs false`
warning: LidoSRv3/Audit/Source/TrioComposition/ConversionBridge.lean:29:57: This simp argument is unused:
  hm

Hint: Omit it from the simp argument list.
  simp [h̵m̵,̵ ̵bind, Except.bind, Except.map]

Note: This linter can be disabled with `set_option linter.unusedSimpArgs false`
warning: LidoSRv3/Audit/Source/TrioComposition/ConversionBridge.lean:29:61: This simp argument is unused:
  bind

Hint: Omit it from the simp argument list.
  simp [hm, b̵i̵n̵d̵,̵ ̵Except.bind, Except.map]

Note: This linter can be disabled with `set_option linter.unusedSimpArgs false`
warning: LidoSRv3/Audit/Source/TrioComposition/ConversionBridge.lean:29:67: This simp argument is unused:
  Except.bind

Hint: Omit it from the simp argument list.
  simp [hm, bind, Except.b̵i̵n̵d̵,̵ ̵E̵x̵c̵e̵p̵t̵.̵map]

Note: This linter can be disabled with `set_option linter.unusedSimpArgs false`
warning: LidoSRv3/Audit/Source/TrioComposition/ConversionBridge.lean:29:80: This simp argument is unused:
  Except.map

Hint: Omit it from the simp argument list.
  simp [hm, bind, Except.bind,̵ ̵E̵x̵c̵e̵p̵t̵.̵m̵a̵p̵]

Note: This linter can be disabled with `set_option linter.unusedSimpArgs false`
warning: LidoSRv3/Audit/Source/TrioComposition/ConversionBridge.lean:41:32: This simp argument is unused:
  hp

Hint: Omit it from the simp argument list.
  simp [h̵p̵,̵ ̵bind, Except.bind, Except.map]

Note: This linter can be disabled with `set_option linter.unusedSimpArgs false`
warning: LidoSRv3/Audit/Source/TrioComposition/ConversionBridge.lean:43:61: This simp argument is unused:
  hm

Hint: Omit it from the simp argument list.
  simp [h̵m̵,̵ ̵bind, Except.bind, Except.map]

Note: This linter can be disabled with `set_option linter.unusedSimpArgs false`
warning: LidoSRv3/Audit/Source/TrioComposition/ConversionBridge.lean:43:65: This simp argument is unused:
  bind

Hint: Omit it from the simp argument list.
  simp [hm, b̵i̵n̵d̵,̵ ̵Except.bind, Except.map]

Note: This linter can be disabled with `set_option linter.unusedSimpArgs false`
warning: LidoSRv3/Audit/Source/TrioComposition/ConversionBridge.lean:43:71: This simp argument is unused:
  Except.bind

Hint: Omit it from the simp argument list.
  simp [hm, bind, Except.b̵i̵n̵d̵,̵ ̵E̵x̵c̵e̵p̵t̵.̵map]

Note: This linter can be disabled with `set_option linter.unusedSimpArgs false`
warning: LidoSRv3/Audit/Source/TrioComposition/ConversionBridge.lean:43:84: This simp argument is unused:
  Except.map

Hint: Omit it from the simp argument list.
  simp [hm, bind, Except.bind,̵ ̵E̵x̵c̵e̵p̵t̵.̵m̵a̵p̵]

Note: This linter can be disabled with `set_option linter.unusedSimpArgs false`
warning: LidoSRv3/Audit/Source/TrioComposition/ConversionBridge.lean:45:32: This simp argument is unused:
  hn

Hint: Omit it from the simp argument list.
  simp [h̵n̵,̵ ̵bind, Except.bind, Except.map]

Note: This linter can be disabled with `set_option linter.unusedSimpArgs false`
warning: LidoSRv3/Audit/Source/TrioComposition/ConversionBridge.lean:45:36: This simp argument is unused:
  bind

Hint: Omit it from the simp argument list.
  simp [hn, b̵i̵n̵d̵,̵ ̵Except.bind, Except.map]

Note: This linter can be disabled with `set_option linter.unusedSimpArgs false`
warning: LidoSRv3/Audit/Source/TrioComposition/ConversionBridge.lean:45:42: This simp argument is unused:
  Except.bind

Hint: Omit it from the simp argument list.
  simp [hn, bind, Except.b̵i̵n̵d̵,̵ ̵E̵x̵c̵e̵p̵t̵.̵map]

Note: This linter can be disabled with `set_option linter.unusedSimpArgs false`
warning: LidoSRv3/Audit/Source/TrioComposition/ConversionBridge.lean:45:55: This simp argument is unused:
  Except.map

Hint: Omit it from the simp argument list.
  simp [hn, bind, Except.bind,̵ ̵E̵x̵c̵e̵p̵t̵.̵m̵a̵p̵]

Note: This linter can be disabled with `set_option linter.unusedSimpArgs false`
warning: LidoSRv3/Audit/Source/TrioComposition/ConversionBridge.lean:106:63: This simp argument is unused:
  hs

Hint: Omit it from the simp argument list.
  simp [h̵s̵,̵ ̵Except.map]

Note: This linter can be disabled with `set_option linter.unusedSimpArgs false`
warning: LidoSRv3/Audit/Source/TrioComposition/ConversionBridge.lean:108:58: This simp argument is unused:
  hd

Hint: Omit it from the simp argument list.
  simp [h̵d̵,̵ ̵Except.map]

Note: This linter can be disabled with `set_option linter.unusedSimpArgs false`
warning: LidoSRv3/Audit/Source/TrioComposition/ConversionBridge.lean:108:62: This simp argument is unused:
  Except.map

Hint: Omit it from the simp argument list.
  simp [hd,̵ ̵E̵x̵c̵e̵p̵t̵.̵m̵a̵p̵]

Note: This linter can be disabled with `set_option linter.unusedSimpArgs false`
warning: LidoSRv3/Audit/Source/TrioComposition/ConversionBridge.lean:110:54: This simp argument is unused:
  hm

Hint: Omit it from the simp argument list.
  simp [h̵m̵,̵ ̵Except.map]

Note: This linter can be disabled with `set_option linter.unusedSimpArgs false`
warning: LidoSRv3/Audit/Source/TrioComposition/ConversionBridge.lean:110:58: This simp argument is unused:
  Except.map

Hint: Omit it from the simp argument list.
  simp [hm,̵ ̵E̵x̵c̵e̵p̵t̵.̵m̵a̵p̵]

Note: This linter can be disabled with `set_option linter.unusedSimpArgs false`
warning: LidoSRv3/Audit/Source/TrioComposition/ConversionBridge.lean:137:54: This simp argument is unused:
  hm

Hint: Omit it from the simp argument list.
  simp [h̵m̵,̵ ̵Except.map]

Note: This linter can be disabled with `set_option linter.unusedSimpArgs false`
warning: LidoSRv3/Audit/Source/TrioComposition/ConversionBridge.lean:155:52: This simp argument is unused:
  hm

Hint: Omit it from the simp argument list.
  simp [h̵m̵,̵ ̵bind, Except.bind, Except.map]

Note: This linter can be disabled with `set_option linter.unusedSimpArgs false`
info: LidoSRv3/Audit/Source/TrioComposition/ConversionBridge.lean:192:0: 'LidoSRv3.Audit.Source.TrioComposition.ConversionBridge.positive_conversion_equiv' depends on axioms: [propext,
 Classical.choice,
 Quot.sound]
info: LidoSRv3/Audit/Source/TrioComposition/ConversionBridge.lean:193:0: 'LidoSRv3.Audit.Source.TrioComposition.ConversionBridge.zero_conversion_equiv' depends on axioms: [propext,
 Classical.choice,
 Quot.sound]
info: LidoSRv3/Audit/Source/TrioComposition/ConversionBridge.lean:194:0: 'LidoSRv3.Audit.Source.TrioComposition.ConversionBridge.producer_consumer_conversion_equiv' depends on axioms: [propext,
 Classical.choice,
 Quot.sound]
info: LidoSRv3/Audit/Source/TrioComposition/ConversionBridge.lean:196:0: 'LidoSRv3.Audit.Source.TrioComposition.ConversionBridge.positive_equiv' depends on axioms: [propext,
 Classical.choice,
 Quot.sound]
info: LidoSRv3/Audit/Source/TrioComposition/ConversionBridge.lean:197:0: 'LidoSRv3.Audit.Source.TrioComposition.ConversionBridge.zero_equiv' depends on axioms: [propext,
 Classical.choice,
 Quot.sound]
ℹ [1503/1511] Built LidoSRv3.Audit.Source.TrioComposition.ParentRelational (423ms)
info: LidoSRv3/Audit/Source/TrioComposition/ParentRelational.lean:185:0: 'LidoSRv3.Audit.Source.TrioComposition.ParentSpec.public_all_outcomes' depends on axioms: [propext,
 Classical.choice,
 Quot.sound]
ℹ [1504/1511] Built LidoSRv3.Audit.Source.TrioComposition.ParentDeterminism (342ms)
info: LidoSRv3/Audit/Source/TrioComposition/ParentDeterminism.lean:155:0: 'LidoSRv3.Audit.Source.TrioComposition.ParentSpec.public_iff' depends on axioms: [propext, Classical.choice, Quot.sound]
ℹ [1505/1511] Built LidoSRv3.Audit.Source.TrioComposition.ParentABI (876ms)
info: LidoSRv3/Audit/Source/TrioComposition/ParentABI.lean:110:0: 'LidoSRv3.Audit.Source.TrioComposition.public_abi_iff' depends on axioms: [propext, Classical.choice, Quot.sound]
ℹ [1506/1511] Built LidoSRv3.Audit.Source.TrioComposition.WriterExtent (327ms)
info: LidoSRv3/Audit/Source/TrioComposition/WriterExtent.lean:47:0: 'LidoSRv3.Audit.Source.TrioComposition.share_writer_abi_extent' depends on axioms: [propext,
 Classical.choice,
 Quot.sound]
info: LidoSRv3/Audit/Source/TrioComposition/WriterExtent.lean:61:0: 'LidoSRv3.Audit.Source.TrioComposition.parameter_writer_abi_extent' depends on axioms: [propext,
 Classical.choice,
 Quot.sound]
ℹ [1507/1511] Built LidoSRv3.Audit.Source.TrioComposition.ParentCalls (346ms)
info: LidoSRv3/Audit/Source/TrioComposition/ParentCalls.lean:42:0: 'LidoSRv3.Audit.Source.TrioComposition.ParentCalls.correspondence' depends on axioms: [propext, Quot.sound]
⚠ [1508/1511] Built LidoSRv3.Audit.Source.TrioComposition.AllocationParentCalls (354ms)
warning: LidoSRv3/Audit/Source/TrioComposition/AllocationParentCalls.lean:30:12: This simp argument is unused:
  divided

Hint: Omit it from the simp argument list.
  simp [d̵i̵v̵i̵d̵e̵d̵,̵ ̵success, CallTree.check, bind, CallTree.bind]

Note: This linter can be disabled with `set_option linter.unusedSimpArgs false`
info: LidoSRv3/Audit/Source/TrioComposition/AllocationParentCalls.lean:73:0: 'LidoSRv3.Audit.Source.TrioComposition.AllocationParentCalls.successful_prefix_extent' depends on axioms: [propext,
 Classical.choice,
 Quot.sound]
info: LidoSRv3/Audit/Source/TrioComposition/AllocationParentCalls.lean:75:0: 'LidoSRv3.Audit.Source.TrioComposition.AllocationParentCalls.successful_prefix_correspondence' depends on axioms: [propext,
 Quot.sound]
info: LidoSRv3/Audit/Source/TrioComposition/AllocationParentCalls.lean:76:0: 'LidoSRv3.Audit.Source.TrioComposition.AllocationParentCalls.division_failure' depends on axioms: [propext, Quot.sound]
info: LidoSRv3/Audit/Source/TrioComposition/AllocationParentCalls.lean:77:0: 'LidoSRv3.Audit.Source.TrioComposition.AllocationParentCalls.memory_failure' depends on axioms: [propext, Quot.sound]
ℹ [1509/1511] Built LidoSRv3.Audit.Source.TrioComposition.VerityParent (1.1s)
info: LidoSRv3/Audit/Source/TrioComposition/VerityParent.lean:78:0: 'LidoSRv3.Audit.Source.TrioComposition.VerityParent.memory_correspondence' depends on axioms: [propext, Quot.sound]
info: LidoSRv3/Audit/Source/TrioComposition/VerityParent.lean:79:0: 'LidoSRv3.Audit.Source.TrioComposition.VerityParent.memory_public_iff' depends on axioms: [propext,
 Classical.choice,
 Quot.sound]
info: LidoSRv3/Audit/Source/TrioComposition/VerityParent.lean:81:0: 'LidoSRv3.Audit.Source.TrioComposition.VerityParent.correspondence' depends on axioms: [propext, Quot.sound]
info: LidoSRv3/Audit/Source/TrioComposition/VerityParent.lean:82:0: 'LidoSRv3.Audit.Source.TrioComposition.VerityParent.public_iff' depends on axioms: [propext,
 Classical.choice,
 Quot.sound]
✔ [1511/1611] Built LidoSRv3.Tests.PackCGapMutants (1.0s)
ℹ [1512/1611] Built LidoSRv3.Tests.PConsolidationEth1RefundTxMutants (1.1s)
info: LidoSRv3/Tests/PConsolidationEth1RefundTxMutants.lean:69:0: LidoSRv3.Audit.Verity.PConsolidationEth1RefundTx.refund_failure_restores_snapshot (msgValue fee : Uint256)
  (vaultOk refundOk : Bool) (state rollback : ContractState) (reason : String)
  (h : (gatewayRefund msgValue fee vaultOk refundOk).run state = ContractResult.revert reason rollback) :
  rollback = state
info: LidoSRv3/Tests/PConsolidationEth1RefundTxMutants.lean:70:0: LidoSRv3.Audit.Verity.PConsolidationEth1RefundTx.withdraw_failure_restores_snapshot (amount : Uint256)
  (callerIsLido : Bool) (state rollback : ContractState) (reason : String)
  (h : (withdrawToLido amount callerIsLido).run state = ContractResult.revert reason rollback) : rollback = state
ℹ [1513/1611] Built LidoSRv3.Tests.AddressSourceMutants (1.8s)
info: LidoSRv3/Tests/AddressSourceMutants.lean:310:0: LidoSRv3.Audit.Verity.AddressTx.composed_verity_tx_address_equivariance :
  (∀ (a₁ a₂ : Address),
      a₁ ≠ 0 →
        a₂ ≠ 0 →
          ∀ (inp : Input),
            Audit.SolidityAddress.succeeds (run (renameInput a₁ a₂ inp)) = Audit.SolidityAddress.succeeds (run inp)) ∧
    (∀ (a₁ a₂ : Address),
        a₁ ≠ 0 →
          a₂ ≠ 0 →
            ∀ (inp : Input) (post : PostState),
              run inp = Outcome.committed post →
                run (renameInput a₁ a₂ inp) = Outcome.committed (renamePost a₁ a₂ post)) ∧
      (∀ (inp : Input),
          Audit.Verity.AddressTx.executePinnedSource inp =
            match inp.entryPoint with
            | EntryPoint.transferFrom =>
              Audit.Verity.AddressTx.AddressTxContract.transferFrom inp.senderFrom inp.recipient
                (Core.Uint256.ofNat inp.requestId) inp.requestExists
                (inp.callerIsApprovedForAll || inp.callerIsTokenApproved)
            | EntryPoint.requestWithdrawals =>
              Audit.Verity.AddressTx.AddressTxContract.requestWithdrawal (Core.Uint256.ofNat inp.amount)
                (Core.Uint256.ofNat inp.requestId) inp.recipient inp.amountInRange inp.externalCallSucceeds
            | EntryPoint.claimWithdrawalsTo =>
              Audit.Verity.AddressTx.AddressTxContract.claimWithdrawal (Core.Uint256.ofNat inp.requestId) inp.recipient
                inp.requestExists inp.requestFinalized inp.hintValid inp.externalCallSucceeds
            | EntryPoint.unwrap =>
              Audit.Verity.AddressTx.AddressTxContract.redeem (Core.Uint256.ofNat inp.amount)
                inp.externalCallSucceeds) ∧
        (∀ (inp : Input),
            inp.amount < 2 ^ 256 →
              ((!decide (inp.callerBalanceSufficient = true)) = true → inp.amount ≠ 0) →
                ((!decide (inp.callerAllowanceSufficient = true)) = true → inp.amount ≠ 0) →
                  Audit.Verity.AddressTx.observeAddress inp
                      ((Audit.Verity.AddressTx.executePinnedSource inp).run (Audit.Verity.AddressTx.stateFor inp)) =
                    Audit.Verity.AddressTx.sourceAddressView inp) ∧
          (∀ (program : Contract Unit) (state rollback : ContractState) (reason : String),
              program.run state = ContractResult.revert reason rollback → rollback = state) ∧
            (∀ (state rollback : ContractState) (reason : String),
                (Audit.Verity.AddressTx.AddressTxContract.requestWithdrawal 3 7 1 true false).run state =
                    ContractResult.revert reason rollback →
                  rollback = state) ∧
              (∀ (state rollback : ContractState) (reason : String),
                  (Audit.Verity.AddressTx.AddressTxContract.claimWithdrawal 7 1 true true true false).run state =
                      ContractResult.revert reason rollback →
                    rollback = state) ∧
                ∀ (a₁ a₂ : Address),
                  a₁ ≠ 0 →
                    a₂ ≠ 0 →
                      ∀ (inp : Input) (post : PostState),
                        run inp = Outcome.committed post →
                          inp.amount < 2 ^ 256 →
                            ((!decide (inp.callerBalanceSufficient = true)) = true → inp.amount ≠ 0) →
                              ((!decide (inp.callerAllowanceSufficient = true)) = true → inp.amount ≠ 0) →
                                Audit.Verity.AddressTx.observeAddress (renameInput a₁ a₂ inp)
                                    ((Audit.Verity.AddressTx.executePinnedSource (renameInput a₁ a₂ inp)).run
                                      (Audit.Verity.AddressTx.stateFor (renameInput a₁ a₂ inp))) =
                                  Audit.Verity.AddressTx.postAddressView inp.entryPoint (renamePost a₁ a₂ post)
info: LidoSRv3/Tests/AddressSourceMutants.lean:311:0: LidoSRv3.Audit.SolidityAddress.source_admission_nondiscriminatory (a₁ a₂ : Address) (h₁ : a₁ ≠ 0) (h₂ : a₂ ≠ 0)
  (inp : Input) :
  Audit.SolidityAddress.succeeds (run (renameInput a₁ a₂ inp)) = Audit.SolidityAddress.succeeds (run inp)
info: LidoSRv3/Tests/AddressSourceMutants.lean:312:0: LidoSRv3.Audit.SolidityAddress.source_success_post_state_equivariant (a₁ a₂ : Address) (h₁ : a₁ ≠ 0) (h₂ : a₂ ≠ 0)
  (inp : Input) (post : PostState) (h : run inp = Outcome.committed post) :
  run (renameInput a₁ a₂ inp) = Outcome.committed (renamePost a₁ a₂ post)
✔ [1514/1611] Built LidoSRv3.Tests.PackN5SszLiveMutants (334ms)
✔ [1515/1611] Built LidoSRv3.Tests.HandleOracleReportTxMutants (1.2s)
✔ [1516/1611] Built LidoSRv3.Tests.MinFirstDistributionTxMutants (1.9s)
✔ [1517/1611] Built LidoSRv3.Tests.PackGEth1ProvenanceMutants (1.1s)
✔ [1518/1611] Built LidoSRv3.Tests.PackW2ScopeMutants (1.1s)
✔ [1519/1611] Built LidoSRv3.Tests.PAlloc1EugeneBoundVectors (1.8s)
✔ [1520/1611] Built LidoSRv3.Tests.DepositNFrameTxMutants (1.7s)
✔ [1521/1611] Built LidoSRv3.Tests.PackN6ConsolValueMutants (1.6s)
✔ [1522/1611] Built LidoSRv3.Tests.PackW2Topup2WeiMutants (992ms)
✔ [1523/1611] Built LidoSRv3.Tests.PackFConsolidationObserveMutants (1.1s)
✔ [1524/1611] Built LidoSRv3.Tests.ReserveMutants (1.3s)
✔ [1525/1611] Built LidoSRv3.Tests.PackN4AddressBatchMutants (2.1s)
✔ [1526/1611] Built LidoSRv3.Tests.MinFirstVectors (1.7s)
✔ [1527/1611] Built LidoSRv3.Tests.TopupTxMutants (4.0s)
✔ [1528/1611] Built LidoSRv3.Tests.PackDAddressClaimMutants (1.6s)
✔ [1529/1611] Built LidoSRv3.Tests.PackW2Eip4788Mutants (280ms)
ℹ [1530/1611] Built LidoSRv3.Tests.TopupParentMutants (1.1s)
info: LidoSRv3/Tests/TopupParentMutants.lean:95:0: LidoSRv3.Audit.Verity.TopupParent.parent_transaction_closure (cfg : SourceTopupConfig) (base : SourceTopupInput)
  (gateway : Address) (iface : CalleeInterface) (state : ContractState) : ParentProposition cfg base gateway iface state
info: LidoSRv3/Tests/TopupParentMutants.lean:96:0: LidoSRv3.Audit.Verity.TopupParent.revert_restores_caller_frame (cfg : SourceTopupConfig) (base : SourceTopupInput)
  (gateway : Address) (iface : CalleeInterface) (state rollback : ContractState) (reason : String)
  (h : (execute cfg base gateway iface).run state = ContractResult.revert reason rollback) : rollback = state
ℹ [1531/1611] Built LidoSRv3.Tests.SszVerifierProgram (470ms)
info: LidoSRv3/Tests/SszVerifierProgram.lean:102:0: 'LidoSRv3.Audit.Source.SszVerifierProgram.deposit_call_preimages_exact' does not depend on any axioms
info: LidoSRv3/Tests/SszVerifierProgram.lean:103:0: 'LidoSRv3.Audit.Source.SszVerifierProgram.validator_root_preimages_exact' does not depend on any axioms
info: LidoSRv3/Tests/SszVerifierProgram.lean:104:0: 'LidoSRv3.Audit.Source.SszVerifierProgram.verifier_pair_preimage_exact' depends on axioms: [propext]
info: LidoSRv3/Tests/SszVerifierProgram.lean:105:0: 'LidoSRv3.Audit.Source.SszVerifierProgram.missing_memory_fails_closed' depends on axioms: [propext]
info: LidoSRv3/Tests/SszVerifierProgram.lean:106:0: 'LidoSRv3.Audit.Source.SszVerifierProgram.missing_abi_fails_closed' depends on axioms: [propext]
info: LidoSRv3/Tests/SszVerifierProgram.lean:107:0: 'LidoSRv3.Audit.Source.SszVerifierProgram.missing_sha_fails_closed' depends on axioms: [propext]
✔ [1532/1611] Built LidoSRv3.Tests.PackCSszMutants (922ms)
✔ [1533/1611] Built LidoSRv3.Tests.PackEOracleFrameMutants (1.6s)
ℹ [1534/1611] Built LidoSRv3.Tests.TrioReserve1.LiveTrust (1.6s)
info: LidoSRv3/Tests/TrioReserve1/LiveTrust.lean:23:0: 'LidoSRv3.Audit.Source.TrioReserve1.Queue.unfinalized_corresponds' depends on axioms: [propext, Quot.sound]
info: LidoSRv3/Tests/TrioReserve1/LiveTrust.lean:24:0: 'LidoSRv3.Audit.Source.TrioReserve1.Queue.cumulative_bound' does not depend on any axioms
info: LidoSRv3/Tests/TrioReserve1/LiveTrust.lean:25:0: 'LidoSRv3.Audit.Source.TrioReserve1.Erasure.erase_bind' depends on axioms: [propext, Quot.sound]
info: LidoSRv3/Tests/TrioReserve1/LiveTrust.lean:26:0: 'LidoSRv3.Audit.Source.TrioReserve1.Erasure.erase_pure' does not depend on any axioms
info: LidoSRv3/Tests/TrioReserve1/LiveTrust.lean:27:0: 'LidoSRv3.Audit.Source.TrioReserve1.Erasure.erase_run' depends on axioms: [propext]
info: LidoSRv3/Tests/TrioReserve1/LiveTrust.lean:28:0: 'LidoSRv3.Audit.Source.TrioReserve1.Erasure.failure_restores_world' depends on axioms: [propext]
info: LidoSRv3/Tests/TrioReserve1/LiveTrust.lean:29:0: 'LidoSRv3.Audit.Source.TrioReserve1.Erasure.replacing_attempts_preserves_observables' does not depend on any axioms
info: LidoSRv3/Tests/TrioReserve1/LiveTrust.lean:30:0: 'LidoSRv3.Audit.Source.TrioReserve1.PhysicalPacking.pack_matches_bitwise' depends on axioms: [propext,
 Classical.choice,
 Quot.sound]
info: LidoSRv3/Tests/TrioReserve1/LiveTrust.lean:31:0: 'LidoSRv3.Audit.Source.TrioReserve1.PhysicalPacking.physical_low_bound' does not depend on any axioms
info: LidoSRv3/Tests/TrioReserve1/LiveTrust.lean:32:0: 'LidoSRv3.Audit.Source.TrioReserve1.PhysicalPacking.physical_high_bound' depends on axioms: [propext, Quot.sound]
info: LidoSRv3/Tests/TrioReserve1/LiveTrust.lean:33:0: 'LidoSRv3.Audit.Source.TrioReserve1.PhysicalPacking.low_pack' depends on axioms: [propext, Quot.sound]
info: LidoSRv3/Tests/TrioReserve1/LiveTrust.lean:34:0: 'LidoSRv3.Audit.Source.TrioReserve1.PhysicalPacking.high_pack' depends on axioms: [propext, Quot.sound]
info: LidoSRv3/Tests/TrioReserve1/LiveTrust.lean:36:0: 'LidoSRv3.Audit.Source.TrioReserve1.Writers.target_corresponds' depends on axioms: [propext,
 Classical.choice,
 Quot.sound]
info: LidoSRv3/Tests/TrioReserve1/LiveTrust.lean:37:0: 'LidoSRv3.Audit.Source.TrioReserve1.Writers.rebalance_corresponds' depends on axioms: [propext,
 Classical.choice,
 Quot.sound]
info: LidoSRv3/Tests/TrioReserve1/LiveTrust.lean:38:0: 'LidoSRv3.Audit.Source.TrioReserve1.Writers.target_observations' depends on axioms: [propext,
 Classical.choice,
 Quot.sound]
info: LidoSRv3/Tests/TrioReserve1/LiveTrust.lean:39:0: 'LidoSRv3.Audit.Source.TrioReserve1.Writers.rebalance_observations' depends on axioms: [propext]
info: LidoSRv3/Tests/TrioReserve1/LiveTrust.lean:41:0: 'LidoSRv3.Audit.Source.TrioReserve1.AllocationSpec.unique' depends on axioms: [propext, Quot.sound]
info: LidoSRv3/Tests/TrioReserve1/LiveTrust.lean:42:0: 'LidoSRv3.Audit.Source.TrioReserve1.AllocationSpec.two_live_spends' depends on axioms: [propext, Quot.sound]
info: LidoSRv3/Tests/TrioReserve1/LiveTrust.lean:43:0: 'LidoSRv3.Audit.Source.TrioReserve1.Allocation.success_corresponds' depends on axioms: [propext, Quot.sound]
info: LidoSRv3/Tests/TrioReserve1/LiveTrust.lean:44:0: 'LidoSRv3.Audit.Source.TrioReserve1.Allocation.successful_queue_observation' depends on axioms: [propext, Quot.sound]
info: LidoSRv3/Tests/TrioReserve1/LiveTrust.lean:45:0: 'LidoSRv3.Audit.Source.TrioReserve1.Router.source_rule' depends on axioms: [propext]
info: LidoSRv3/Tests/TrioReserve1/LiveTrust.lean:46:0: 'LidoSRv3.Audit.Source.TrioReserve1.Router.authorized_call' depends on axioms: [propext, Quot.sound]
info: LidoSRv3/Tests/TrioReserve1/LiveTrust.lean:47:0: 'LidoSRv3.Audit.Source.TrioReserve1.Router.unauthorized_call' depends on axioms: [propext]
info: LidoSRv3/Tests/TrioReserve1/LiveTrust.lean:48:0: 'LidoSRv3.Audit.Source.TrioReserve1.Locator.queue_getter' depends on axioms: [propext]
info: LidoSRv3/Tests/TrioReserve1/LiveTrust.lean:49:0: 'LidoSRv3.Audit.Source.TrioReserve1.Locator.router_getter' depends on axioms: [propext]
info: LidoSRv3/Tests/TrioReserve1/LiveTrust.lean:50:0: 'LidoSRv3.Audit.Source.TrioReserve1.Locator.oracle_getter' depends on axioms: [propext]
info: LidoSRv3/Tests/TrioReserve1/LiveTrust.lean:51:0: 'LidoSRv3.Audit.Source.TrioReserve1.Transfers.conserves' depends on axioms: [propext, Quot.sound]
info: LidoSRv3/Tests/TrioReserve1/LiveTrust.lean:52:0: 'LidoSRv3.Audit.Source.TrioReserve1.Transfers.self_transfer_balance' depends on axioms: [propext, Quot.sound]
info: LidoSRv3/Tests/TrioReserve1/LiveTrust.lean:53:0: 'LidoSRv3.Audit.Source.TrioReserve1.Transfers.credit_bound_from_aggregate' depends on axioms: [propext, Quot.sound]
info: LidoSRv3/Tests/TrioReserve1/LiveTrust.lean:54:0: 'LidoSRv3.Audit.Source.TrioReserve1.Erasure.call_nested_erasure' depends on axioms: [propext, Quot.sound]
info: LidoSRv3/Tests/TrioReserve1/LiveTrust.lean:55:0: 'LidoSRv3.Audit.Source.TrioReserve1.StaticCall.state_change_rejected' depends on axioms: [propext]
info: LidoSRv3/Tests/TrioReserve1/LiveTrust.lean:56:0: 'LidoSRv3.Audit.Source.TrioReserve1.Oracle.timestamp_corresponds' depends on axioms: [propext, Quot.sound]
info: LidoSRv3/Tests/TrioReserve1/LiveTrust.lean:57:0: 'LidoSRv3.Audit.Source.TrioReserve1.Oracle.frame_preserves' depends on axioms: [propext]
info: LidoSRv3/Tests/TrioReserve1/LiveTrust.lean:58:0: 'LidoSRv3.Audit.Source.TrioReserve1.Oracle.frame_success' depends on axioms: [propext, Quot.sound]
info: LidoSRv3/Tests/TrioReserve1/LiveTrust.lean:59:0: 'LidoSRv3.Audit.Source.TrioReserve1.Consensus.compute_success' depends on axioms: [propext, Quot.sound]
info: LidoSRv3/Tests/TrioReserve1/LiveTrust.lean:60:0: 'LidoSRv3.Audit.Source.TrioReserve1.FrameSpec.unique' depends on axioms: [propext, Quot.sound]
info: LidoSRv3/Tests/TrioReserve1/LiveTrust.lean:61:0: 'LidoSRv3.Audit.Source.TrioReserve1.Admission.live_status' depends on axioms: [propext, Quot.sound]
info: LidoSRv3/Tests/TrioReserve1/LiveTrust.lean:62:0: 'LidoSRv3.Audit.Source.TrioReserve1.Admission.live_status_false' depends on axioms: [propext, Quot.sound]
info: LidoSRv3/Tests/TrioReserve1/LiveTrust.lean:63:0: 'LidoSRv3.Audit.Source.TrioReserve1.Admission.success_corresponds' depends on axioms: [propext, Quot.sound]
info: LidoSRv3/Tests/TrioReserve1/LiveTrust.lean:64:0: 'LidoSRv3.Audit.Source.TrioReserve1.Admission.status_failure_stops' depends on axioms: [propext]
info: LidoSRv3/Tests/TrioReserve1/LiveTrust.lean:65:0: 'LidoSRv3.Audit.Source.TrioReserve1.Admission.cannot_deposit_stops' depends on axioms: [propext]
info: LidoSRv3/Tests/TrioReserve1/LiveTrust.lean:66:0: 'LidoSRv3.Audit.Source.TrioReserve1.Admission.router_failure_stops' depends on axioms: [propext]
info: LidoSRv3/Tests/TrioReserve1/LiveTrust.lean:67:0: 'LidoSRv3.Audit.Source.TrioReserve1.Admission.unauthorized_stops' depends on axioms: [propext]
info: LidoSRv3/Tests/TrioReserve1/LiveTrust.lean:68:0: 'LidoSRv3.Audit.Source.TrioReserve1.Admission.zero_amount_stops' depends on axioms: [propext]
info: LidoSRv3/Tests/TrioReserve1/LiveTrust.lean:70:0: 'LidoSRv3.Audit.Source.TrioReserve1.ABI.decode_encode' depends on axioms: [propext, Classical.choice, Quot.sound]
info: LidoSRv3/Tests/TrioReserve1/LiveTrust.lean:71:0: 'LidoSRv3.Audit.Source.TrioReserve1.ABI.decode_encode_bounded' depends on axioms: [propext,
 Classical.choice,
 Quot.sound]
info: LidoSRv3/Tests/TrioReserve1/LiveTrust.lean:72:0: 'LidoSRv3.Audit.Source.TrioReserve1.ABI.decode_word' depends on axioms: [propext, Classical.choice, Quot.sound]
info: LidoSRv3/Tests/TrioReserve1/LiveTrust.lean:73:0: 'LidoSRv3.Audit.Source.TrioReserve1.ABI.decode_second_word' depends on axioms: [propext, Classical.choice, Quot.sound]
info: LidoSRv3/Tests/TrioReserve1/LiveTrust.lean:75:0: 'LidoSRv3.Audit.Source.TrioReserve1.CallResults.locator_reply' depends on axioms: [propext,
 Classical.choice,
 Quot.sound]
info: LidoSRv3/Tests/TrioReserve1/LiveTrust.lean:76:0: 'LidoSRv3.Audit.Source.TrioReserve1.CallResults.queue_lookup' depends on axioms: [propext, Classical.choice, Quot.sound]
info: LidoSRv3/Tests/TrioReserve1/LiveTrust.lean:77:0: 'LidoSRv3.Audit.Source.TrioReserve1.CallResults.frame_reply' depends on axioms: [propext, Classical.choice, Quot.sound]
info: LidoSRv3/Tests/TrioReserve1/LiveTrust.lean:78:0: 'LidoSRv3.Audit.Source.TrioReserve1.CallResults.adjusted_frame' depends on axioms: [propext, Quot.sound]
info: LidoSRv3/Tests/TrioReserve1/LiveTrust.lean:79:0: 'LidoSRv3.Audit.Source.TrioReserve1.CallResults.frame_call_failure' depends on axioms: [propext]
info: LidoSRv3/Tests/TrioReserve1/LiveTrust.lean:80:0: 'LidoSRv3.Audit.Source.TrioReserve1.CallResults.frame_short_reply' depends on axioms: [propext]
info: LidoSRv3/Tests/TrioReserve1/LiveTrust.lean:81:0: 'LidoSRv3.Audit.Source.TrioReserve1.WithdrawalTail.source_decomposition' depends on axioms: [propext, Quot.sound]
info: LidoSRv3/Tests/TrioReserve1/LiveTrust.lean:82:0: 'LidoSRv3.Audit.Source.TrioReserve1.WithdrawalTail.seeds_zero' depends on axioms: [propext]
info: LidoSRv3/Tests/TrioReserve1/LiveTrust.lean:83:0: 'LidoSRv3.Audit.Source.TrioReserve1.WithdrawalTail.seeds_success' depends on axioms: [propext]
info: LidoSRv3/Tests/TrioReserve1/LiveTrust.lean:84:0: 'LidoSRv3.Audit.Source.TrioReserve1.WithdrawalTail.seeds_overflow' depends on axioms: [propext]
info: LidoSRv3/Tests/TrioReserve1/LiveTrust.lean:85:0: 'LidoSRv3.Audit.Source.TrioReserve1.WithdrawalTail.actual_receiver' depends on axioms: [propext, Quot.sound]
info: LidoSRv3/Tests/TrioReserve1/LiveTrust.lean:86:0: 'LidoSRv3.Audit.Source.TrioReserve1.WithdrawalTail.finish_rejection' depends on axioms: [propext]
info: LidoSRv3/Tests/TrioReserve1/LiveTrust.lean:87:0: 'LidoSRv3.Audit.Source.TrioReserve1.WithdrawalTail.seed_failure_stops' depends on axioms: [propext]
info: LidoSRv3/Tests/TrioReserve1/LiveTrust.lean:88:0: 'LidoSRv3.Audit.Source.TrioReserve1.WithdrawalTail.after_spend' depends on axioms: [propext, Quot.sound]
info: LidoSRv3/Tests/TrioReserve1/LiveTrust.lean:89:0: 'LidoSRv3.Audit.Source.TrioReserve1.WithdrawalTail.tail_failure_rolls_back' depends on axioms: [propext, Quot.sound]
info: LidoSRv3/Tests/TrioReserve1/LiveTrust.lean:91:0: 'LidoSRv3.Audit.Source.TrioReserve1.SpendingSpec.admitted_bound' depends on axioms: [propext, Quot.sound]
info: LidoSRv3/Tests/TrioReserve1/LiveTrust.lean:92:0: 'LidoSRv3.Audit.Source.TrioReserve1.SpendingSpec.accounting_corresponds' depends on axioms: [propext, Quot.sound]
info: LidoSRv3/Tests/TrioReserve1/LiveTrust.lean:93:0: 'LidoSRv3.Audit.Source.TrioReserve1.Spending.allocation_bounds' depends on axioms: [propext, Quot.sound]
info: LidoSRv3/Tests/TrioReserve1/LiveTrust.lean:94:0: 'LidoSRv3.Audit.Source.TrioReserve1.Spending.accounting_add_bound' depends on axioms: [propext,
 Classical.choice,
 Quot.sound]
info: LidoSRv3/Tests/TrioReserve1/LiveTrust.lean:95:0: 'LidoSRv3.Audit.Source.TrioReserve1.Spending.adjusted_next_bound' depends on axioms: [propext]
info: LidoSRv3/Tests/TrioReserve1/LiveTrust.lean:96:0: 'LidoSRv3.Audit.Source.TrioReserve1.Spending.success_world' depends on axioms: [propext, Classical.choice, Quot.sound]
info: LidoSRv3/Tests/TrioReserve1/LiveTrust.lean:97:0: 'LidoSRv3.Audit.Source.TrioReserve1.Spending.success_corresponds' depends on axioms: [propext,
 Classical.choice,
 Quot.sound]
info: LidoSRv3/Tests/TrioReserve1/LiveTrust.lean:98:0: 'LidoSRv3.Audit.Source.TrioReserve1.Spending.allocation_failure' depends on axioms: [propext]
info: LidoSRv3/Tests/TrioReserve1/LiveTrust.lean:99:0: 'LidoSRv3.Audit.Source.TrioReserve1.Spending.insufficient' depends on axioms: [propext, Quot.sound]
info: LidoSRv3/Tests/TrioReserve1/LiveTrust.lean:100:0: 'LidoSRv3.Audit.Source.TrioReserve1.Spending.frame_failure' depends on axioms: [propext, Classical.choice, Quot.sound]
info: LidoSRv3/Tests/TrioReserve1/LiveTrust.lean:101:0: 'LidoSRv3.Audit.Source.TrioReserve1.WithdrawalComposition.after_frame' depends on axioms: [propext,
 Classical.choice,
 Quot.sound]
info: LidoSRv3/Tests/TrioReserve1/LiveTrust.lean:102:0: 'LidoSRv3.Audit.Source.TrioReserve1.WithdrawalComposition.late_failure' depends on axioms: [propext,
 Classical.choice,
 Quot.sound]
info: LidoSRv3/Tests/TrioReserve1/LiveTrust.lean:103:0: 'LidoSRv3.Audit.Source.TrioReserve1.WithdrawalComposition.spending_failure' depends on axioms: [propext, Quot.sound]
info: LidoSRv3/Tests/TrioReserve1/LiveTrust.lean:105:0: 'LidoSRv3.Audit.Source.TrioReserve1.CallResults.router_lookup' depends on axioms: [propext,
 Classical.choice,
 Quot.sound]
info: LidoSRv3/Tests/TrioReserve1/LiveTrust.lean:106:0: 'LidoSRv3.Audit.Source.TrioReserve1.CallResults.oracle_lookup' depends on axioms: [propext,
 Classical.choice,
 Quot.sound]
info: LidoSRv3/Tests/TrioReserve1/LiveTrust.lean:107:0: 'LidoSRv3.Audit.Source.TrioReserve1.QueueCalls.bunker_call' depends on axioms: [propext, Quot.sound]
info: LidoSRv3/Tests/TrioReserve1/LiveTrust.lean:108:0: 'LidoSRv3.Audit.Source.TrioReserve1.QueueCalls.status' depends on axioms: [propext, Classical.choice, Quot.sound]
info: LidoSRv3/Tests/TrioReserve1/LiveTrust.lean:109:0: 'LidoSRv3.Audit.Source.TrioReserve1.QueueCalls.demand_call' depends on axioms: [propext, Quot.sound]
info: LidoSRv3/Tests/TrioReserve1/LiveTrust.lean:110:0: 'LidoSRv3.Audit.Source.TrioReserve1.QueueCalls.demand_panic' depends on axioms: [propext, Quot.sound]
info: LidoSRv3/Tests/TrioReserve1/LiveTrust.lean:111:0: 'LidoSRv3.Audit.Source.TrioReserve1.QueueCalls.demand_bound' depends on axioms: [propext]
info: LidoSRv3/Tests/TrioReserve1/LiveTrust.lean:112:0: 'LidoSRv3.Audit.Source.TrioReserve1.QueueCalls.allocation_success' depends on axioms: [propext,
 Classical.choice,
 Quot.sound]
info: LidoSRv3/Tests/TrioReserve1/LiveTrust.lean:113:0: 'LidoSRv3.Audit.Source.TrioReserve1.QueueCalls.allocation_panic' depends on axioms: [propext,
 Classical.choice,
 Quot.sound]
info: LidoSRv3/Tests/TrioReserve1/LiveTrust.lean:114:0: 'LidoSRv3.Audit.Source.TrioReserve1.QueueCalls.live_allocation_spec' depends on axioms: [propext, Quot.sound]
info: LidoSRv3/Tests/TrioReserve1/LiveTrust.lean:115:0: 'LidoSRv3.Audit.Source.TrioReserve1.OracleCalls.frame_call' depends on axioms: [propext, Quot.sound]
info: LidoSRv3/Tests/TrioReserve1/LiveTrust.lean:116:0: 'LidoSRv3.Audit.Source.TrioReserve1.OracleCalls.frame_rejection' depends on axioms: [propext, Quot.sound]
info: LidoSRv3/Tests/TrioReserve1/LiveTrust.lean:117:0: 'LidoSRv3.Audit.Source.TrioReserve1.OracleCalls.current_frame' depends on axioms: [propext,
 Classical.choice,
 Quot.sound]
info: LidoSRv3/Tests/TrioReserve1/LiveTrust.lean:118:0: 'LidoSRv3.Audit.Source.TrioReserve1.OracleCalls.current_frame_rejection' depends on axioms: [propext,
 Classical.choice,
 Quot.sound]
info: LidoSRv3/Tests/TrioReserve1/LiveTrust.lean:120:0: 'LidoSRv3.Audit.Source.TrioReserve1.ConsensusCalls.compute_bounds' depends on axioms: [propext, Quot.sound]
info: LidoSRv3/Tests/TrioReserve1/LiveTrust.lean:121:0: 'LidoSRv3.Audit.Source.TrioReserve1.ConsensusCalls.static_success' depends on axioms: [propext]
info: LidoSRv3/Tests/TrioReserve1/LiveTrust.lean:122:0: 'LidoSRv3.Audit.Source.TrioReserve1.ConsensusCalls.static_rejection' depends on axioms: [propext]
info: LidoSRv3/Tests/TrioReserve1/LiveTrust.lean:123:0: 'LidoSRv3.Audit.Source.TrioReserve1.ConsensusCalls.decode_reference' depends on axioms: [propext,
 Classical.choice,
 Quot.sound]
info: LidoSRv3/Tests/TrioReserve1/LiveTrust.lean:124:0: 'LidoSRv3.Audit.Source.TrioReserve1.ConsensusCalls.oracle_frame' depends on axioms: [propext,
 Classical.choice,
 Quot.sound]
info: LidoSRv3/Tests/TrioReserve1/LiveTrust.lean:125:0: 'LidoSRv3.Audit.Source.TrioReserve1.ConsensusCalls.oracle_rejection' depends on axioms: [propext]
info: LidoSRv3/Tests/TrioReserve1/LiveTrust.lean:126:0: 'LidoSRv3.Audit.Source.TrioReserve1.ConsensusCalls.oracle_overflow' depends on axioms: [propext,
 Classical.choice,
 Quot.sound]
info: LidoSRv3/Tests/TrioReserve1/LiveTrust.lean:127:0: 'LidoSRv3.Audit.Source.TrioReserve1.ConsensusCalls.oracle_no_code' depends on axioms: [propext]
info: LidoSRv3/Tests/TrioReserve1/LiveTrust.lean:128:0: 'LidoSRv3.Audit.Source.TrioReserve1.ConsensusCalls.independent_rules' depends on axioms: [propext, Quot.sound]
info: LidoSRv3/Tests/TrioReserve1/LiveTrust.lean:129:0: 'LidoSRv3.Audit.Source.TrioReserve1.ConsensusCalls.lido_frame' depends on axioms: [propext,
 Classical.choice,
 Quot.sound]
info: LidoSRv3/Tests/TrioReserve1/LiveTrust.lean:131:0: 'LidoSRv3.Audit.Source.TrioReserve1.Pipeline.read_other_slot' depends on axioms: [propext, Classical.choice, Quot.sound]
info: LidoSRv3/Tests/TrioReserve1/LiveTrust.lean:132:0: 'LidoSRv3.Audit.Source.TrioReserve1.Pipeline.prepared_locator' depends on axioms: [propext,
 Classical.choice,
 Quot.sound]
info: LidoSRv3/Tests/TrioReserve1/LiveTrust.lean:133:0: 'LidoSRv3.Audit.Source.TrioReserve1.Pipeline.prepared_consensus' depends on axioms: [propext,
 Classical.choice,
 Quot.sound]
info: LidoSRv3/Tests/TrioReserve1/LiveTrust.lean:134:0: 'LidoSRv3.Audit.Source.TrioReserve1.Pipeline.frame_result' depends on axioms: [propext, Classical.choice, Quot.sound]
info: LidoSRv3/Tests/TrioReserve1/LiveTrust.lean:135:0: 'LidoSRv3.Audit.Source.TrioReserve1.Pipeline.status_result' depends on axioms: [propext, Classical.choice, Quot.sound]
info: LidoSRv3/Tests/TrioReserve1/LiveTrust.lean:136:0: 'LidoSRv3.Audit.Source.TrioReserve1.Pipeline.router_result' depends on axioms: [propext, Classical.choice, Quot.sound]
info: LidoSRv3/Tests/TrioReserve1/LiveTrust.lean:137:0: 'LidoSRv3.Audit.Source.TrioReserve1.Pipeline.allocation_result' depends on axioms: [propext,
 Classical.choice,
 Quot.sound]
info: LidoSRv3/Tests/TrioReserve1/LiveTrust.lean:138:0: 'LidoSRv3.Audit.Source.TrioReserve1.Pipeline.before_tail' depends on axioms: [propext, Classical.choice, Quot.sound]
info: LidoSRv3/Tests/TrioReserve1/LiveTrust.lean:139:0: 'LidoSRv3.Audit.Source.TrioReserve1.Pipeline.seed_result' depends on axioms: [propext, Quot.sound]
info: LidoSRv3/Tests/TrioReserve1/LiveTrust.lean:140:0: 'LidoSRv3.Audit.Source.TrioReserve1.Pipeline.final_code' depends on axioms: [propext]
info: LidoSRv3/Tests/TrioReserve1/LiveTrust.lean:141:0: 'LidoSRv3.Audit.Source.TrioReserve1.Pipeline.final_balances' depends on axioms: [propext]
info: LidoSRv3/Tests/TrioReserve1/LiveTrust.lean:142:0: 'LidoSRv3.Audit.Source.TrioReserve1.Pipeline.receiver' depends on axioms: [propext, Quot.sound]
info: LidoSRv3/Tests/TrioReserve1/LiveTrust.lean:143:0: 'LidoSRv3.Audit.Source.TrioReserve1.Pipeline.receiver_rejection' depends on axioms: [propext]
info: LidoSRv3/Tests/TrioReserve1/LiveTrust.lean:144:0: 'LidoSRv3.Audit.Source.TrioReserve1.Pipeline.receiver_shortage' depends on axioms: [propext]
info: LidoSRv3/Tests/TrioReserve1/LiveTrust.lean:145:0: 'LidoSRv3.Audit.Source.TrioReserve1.Pipeline.success' depends on axioms: [propext, Classical.choice, Quot.sound]
info: LidoSRv3/Tests/TrioReserve1/LiveTrust.lean:146:0: 'LidoSRv3.Audit.Source.TrioReserve1.Pipeline.rejected' depends on axioms: [propext, Classical.choice, Quot.sound]
info: LidoSRv3/Tests/TrioReserve1/LiveTrust.lean:147:0: 'LidoSRv3.Audit.Source.TrioReserve1.Pipeline.shortage' depends on axioms: [propext, Classical.choice, Quot.sound]
info: LidoSRv3/Tests/TrioReserve1/LiveTrust.lean:149:0: 'LidoSRv3.Audit.Source.TrioReserve1.PhysicalReserve.committed_fields' depends on axioms: [propext,
 Classical.choice,
 Quot.sound]
info: LidoSRv3/Tests/TrioReserve1/LiveTrust.lean:150:0: 'LidoSRv3.Audit.Source.TrioReserve1.PhysicalReserve.admitted' depends on axioms: [propext, Quot.sound]
info: LidoSRv3/Tests/TrioReserve1/LiveTrust.lean:151:0: 'LidoSRv3.Audit.Source.TrioReserve1.PhysicalReserve.committed_protection' depends on axioms: [propext,
 Classical.choice,
 Quot.sound]
info: LidoSRv3/Tests/TrioReserve1/LiveTrust.lean:152:0: 'LidoSRv3.Audit.Source.TrioReserve1.PhysicalReserve.committed_other_account' depends on axioms: [propext,
 Classical.choice,
 Quot.sound]
info: LidoSRv3/Tests/TrioReserve1/LiveTrust.lean:153:0: 'LidoSRv3.Audit.Source.TrioReserve1.PhysicalReserve.committed_queue' depends on axioms: [propext,
 Classical.choice,
 Quot.sound]
info: LidoSRv3/Tests/TrioReserve1/LiveTrust.lean:154:0: 'LidoSRv3.Audit.Source.TrioReserve1.PhysicalReserve.success_preserves' depends on axioms: [propext,
 Classical.choice,
 Quot.sound]
✔ [1535/1611] Built LidoSRv3.Tests.TrioReserve1.OracleMutants (1.4s)
ℹ [1536/1611] Built LidoSRv3.Tests.TrioReserve1.Foundations (521ms)
info: LidoSRv3/Tests/TrioReserve1/Foundations.lean:23:0: 'LidoSRv3.Audit.Source.TrioReserve1.Packing.low_pack' depends on axioms: [propext]
info: LidoSRv3/Tests/TrioReserve1/Foundations.lean:24:0: 'LidoSRv3.Audit.Source.TrioReserve1.Packing.high_pack' depends on axioms: [propext]
info: LidoSRv3/Tests/TrioReserve1/Foundations.lean:25:0: 'LidoSRv3.Audit.Source.TrioReserve1.Packing.companion_preserved' depends on axioms: [propext]
info: LidoSRv3/Tests/TrioReserve1/Foundations.lean:26:0: 'LidoSRv3.Audit.Source.TrioReserve1.PartitionSpec.spend_preserves' depends on axioms: [propext, Quot.sound]
info: LidoSRv3/Tests/TrioReserve1/Foundations.lean:27:0: 'LidoSRv3.Audit.Source.TrioReserve1.PartitionSpec.lowering_reserve' depends on axioms: [propext, Quot.sound]
info: LidoSRv3/Tests/TrioReserve1/Foundations.lean:28:0: 'LidoSRv3.Audit.Source.TrioReserve1.PartitionSpec.demand_monotone' depends on axioms: [propext, Quot.sound]
info: LidoSRv3/Tests/TrioReserve1/Foundations.lean:29:0: 'LidoSRv3.Audit.Source.TrioReserve1.PartitionSpec.two_spends' depends on axioms: [propext, Quot.sound]
✔ [1537/1611] Built LidoSRv3.Tests.PackGDepositProvenanceMutants (1.6s)
✔ [1538/1611] Built LidoSRv3.Tests.PackW2DenoteMutants (1.1s)
✔ [1539/1611] Built LidoSRv3.Tests.MinFirstAmountTxMutants (1.7s)
✔ [1540/1611] Built LidoSRv3.Tests.TrioAlloc1.Execution (2.4s)
✔ [1541/1611] Built LidoSRv3.Tests.SanityEnvelopeParentMutants (1.1s)
✔ [1542/1611] Built LidoSRv3.Tests.PackN2EthJournalMutants (1.7s)
✔ [1543/1611] Built LidoSRv3.Tests.PConsolidationEth1CompositionTxMutants (3.3s)
✔ [1544/1611] Built LidoSRv3.Tests.PackP2VaultEthMutants (1.8s)
✔ [1545/1611] Built LidoSRv3.Tests.TopupVectors (2.7s)
✔ [1546/1611] Built LidoSRv3.Tests.TrioIntegration.ParentFixtures (317ms)
✔ [1547/1611] Built LidoSRv3.Tests.TrioIntegration.MemoryComposition (351ms)
✔ [1548/1611] Built LidoSRv3.Tests.TrioIntegration.VMFixtures (1.1s)
ℹ [1549/1611] Built LidoSRv3.Tests.TrioIntegration.LibraryABI (349ms)
info: LidoSRv3/Tests/TrioIntegration/LibraryABI.lean:17:0: ALLOC2_ABI_VECTOR {"name":"empty","arguments":"0x00000000000000000000000000000000000000000000000000000000000000600000000000000000000000000000000000000000000000000000000000000080000000000000000000000000000000000000000000000000000000000000000300000000000000000000000000000000000000000000000000000000000000000000000000000000000000000000000000000000000000000000000000000000","reverted":false,"data":"0x000000000000000000000000000000000000000000000000000000000000000000000000000000000000000000000000000000000000000000000000000000400000000000000000000000000000000000000000000000000000000000000000"}
ALLOC2_ABI_VECTOR {"name":"zero-short","arguments":"0x000000000000000000000000000000000000000000000000000000000000006000000000000000000000000000000000000000000000000000000000000000a00000000000000000000000000000000000000000000000000000000000000000000000000000000000000000000000000000000000000000000000000000000100000000000000000000000000000000000000000000000000000000000000070000000000000000000000000000000000000000000000000000000000000000","reverted":false,"data":"0x0000000000000000000000000000000000000000000000000000000000000000000000000000000000000000000000000000000000000000000000000000004000000000000000000000000000000000000000000000000000000000000000010000000000000000000000000000000000000000000000000000000000000007"}
ALLOC2_ABI_VECTOR {"name":"positive-short","arguments":"0x000000000000000000000000000000000000000000000000000000000000006000000000000000000000000000000000000000000000000000000000000000a00000000000000000000000000000000000000000000000000000000000000001000000000000000000000000000000000000000000000000000000000000000100000000000000000000000000000000000000000000000000000000000000000000000000000000000000000000000000000000000000000000000000000000","reverted":true,"data":"0x4e487b710000000000000000000000000000000000000000000000000000000000000032"}
ALLOC2_ABI_VECTOR {"name":"ties","arguments":"0x000000000000000000000000000000000000000000000000000000000000006000000000000000000000000000000000000000000000000000000000000000c0000000000000000000000000000000000000000000000000000000000000001f000000000000000000000000000000000000000000000000000000000000000200000000000000000000000000000000000000000000000000000000000000000000000000000000000000000000000000000000000000000000000000000000000000000000000000000000000000000000000000000000000000000000000200000000000000000000000000000000000000000000000000000000000000640000000000000000000000000000000000000000000000000000000000000064","reverted":false,"data":"0x000000000000000000000000000000000000000000000000000000000000001f000000000000000000000000000000000000000000000000000000000000004000000000000000000000000000000000000000000000000000000000000000020000000000000000000000000000000000000000000000000000000000000010000000000000000000000000000000000000000000000000000000000000000f"}
ALLOC2_ABI_VECTOR {"name":"maximum","arguments":"0x000000000000000000000000000000000000000000000000000000000000006000000000000000000000000000000000000000000000000000000000000000a0ffffffffffffffffffffffffffffffffffffffffffffffffffffffffffffffff000000000000000000000000000000000000000000000000000000000000000100000000000000000000000000000000000000000000000000000000000000000000000000000000000000000000000000000000000000000000000000000001ffffffffffffffffffffffffffffffffffffffffffffffffffffffffffffffff","reverted":false,"data":"0xffffffffffffffffffffffffffffffffffffffffffffffffffffffffffffffff00000000000000000000000000000000000000000000000000000000000000400000000000000000000000000000000000000000000000000000000000000001ffffffffffffffffffffffffffffffffffffffffffffffffffffffffffffffff"}
ALLOC2_ABI_VECTOR {"name":"surplus","arguments":"0x000000000000000000000000000000000000000000000000000000000000006000000000000000000000000000000000000000000000000000000000000000a0000000000000000000000000000000000000000000000000000000000000000300000000000000000000000000000000000000000000000000000000000000010000000000000000000000000000000000000000000000000000000000000000000000000000000000000000000000000000000000000000000000000000000200000000000000000000000000000000000000000000000000000000000000050000000000000000000000000000000000000000000000000000000000000000","reverted":false,"data":"0x0000000000000000000000000000000000000000000000000000000000000003000000000000000000000000000000000000000000000000000000000000004000000000000000000000000000000000000000000000000000000000000000010000000000000000000000000000000000000000000000000000000000000003"}
ALLOC2_ABI_VECTOR {"name":"overfull","arguments":"0x000000000000000000000000000000000000000000000000000000000000006000000000000000000000000000000000000000000000000000000000000000a000000000000000000000000000000000000000000000000000000000000000030000000000000000000000000000000000000000000000000000000000000001000000000000000000000000000000000000000000000000000000000000000900000000000000000000000000000000000000000000000000000000000000010000000000000000000000000000000000000000000000000000000000000008","reverted":false,"data":"0x0000000000000000000000000000000000000000000000000000000000000000000000000000000000000000000000000000000000000000000000000000004000000000000000000000000000000000000000000000000000000000000000010000000000000000000000000000000000000000000000000000000000000009"}
ALLOC2_ABI_VECTOR {"name":"illustration","arguments":"0x000000000000000000000000000000000000000000000000000000000000006000000000000000000000000000000000000000000000000000000000000000e000000000000000000000000000000000000000000000000000000000000000650000000000000000000000000000000000000000000000000000000000000003000000000000000000000000000000000000000000000000000000000000270e000000000000000000000000000000000000000000000000000000000000004600000000000000000000000000000000000000000000000000000000000000000000000000000000000000000000000000000000000000000000000000000003000000000000000000000000000000000000000000000000000000000000271000000000000000000000000000000000000000000000000000000000000000650000000000000000000000000000000000000000000000000000000000000064","reverted":false,"data":"0x000000000000000000000000000000000000000000000000000000000000006500000000000000000000000000000000000000000000000000000000000000400000000000000000000000000000000000000000000000000000000000000003000000000000000000000000000000000000000000000000000000000000270e00000000000000000000000000000000000000000000000000000000000000560000000000000000000000000000000000000000000000000000000000000055"}
ALLOC2_ABI_VECTOR {"name":"short-head","arguments":"0x","reverted":true,"data":"0x"}
ALLOC2_ABI_VECTOR {"name":"oversized-offset","arguments":"0xffffffffffffffffffffffffffffffffffffffffffffffffffffffffffffffff000000000000000000000000000000000000000000000000000000000000006000000000000000000000000000000000000000000000000000000000000000000000000000000000000000000000000000000000000000000000000000000000","reverted":true,"data":"0x"}
ALLOC2_ABI_VECTOR {"name":"truncated-tail-zero-demand","arguments":"0x000000000000000000000000000000000000000000000000000000000000006000000000000000000000000000000000000000000000000000000000000000a0000000000000000000000000000000000000000000000000000000000000000000000000000000000000000000000000000000000000000000000000000000010000000000000000000000000000000000000000000000000000000000000000000000000000000000000000000000000000000000000000000000000000000100000000000000000000000000000000000000000000000000000000000000","reverted":true,"data":"0x"}
✔ [1550/1611] Built LidoSRv3.Tests.AllocationTxMutants (2.4s)
✔ [1551/1611] Built LidoSRv3.Tests.DepositParentTxMutants (12s)
ℹ [1552/1611] Built LidoSRv3.Tests.TopupHybridMutants (1.7s)
info: LidoSRv3/Tests/TopupHybridMutants.lean:108:0: LidoSRv3.Audit.Verity.TopupHybrid.verity_tx_simulates_source (cfg : SourceTopupConfig) (inp : SourceTopupInput)
  (state : ContractState) : observeVerity state ((executeSource cfg inp).run state) = sourceTx cfg inp state
info: LidoSRv3/Tests/TopupHybridMutants.lean:109:0: LidoSRv3.Audit.Verity.TopupHybrid.verity_revert_restores_snapshot (cfg : SourceTopupConfig) (inp : SourceTopupInput)
  (state rollback : ContractState) (reason : String)
  (h : (executeSource cfg inp).run state = ContractResult.revert reason rollback) : rollback = state
info: LidoSRv3/Tests/TopupHybridMutants.lean:110:0: LidoSRv3.Audit.Verity.TopupHybrid.source_value_observation_adequate (cfg : SourceTopupConfig) (inp : SourceTopupInput) :
  (run cfg inp).pulled = (run cfg inp).pushed
✔ [1553/1611] Built LidoSRv3.Tests.MinFirstDifferentialMain (1.7s)
ℹ [1554/1611] Built LidoSRv3.Tests.GIndexConcatMutants (381ms)
info: LidoSRv3/Tests/GIndexConcatMutants.lean:59:0: 'LidoSRv3.Audit.Source.GIndexConcatCorrespondence.source_concat_matches_spec' depends on axioms: [propext]
info: LidoSRv3/Tests/GIndexConcatMutants.lean:60:0: 'LidoSRv3.Audit.Source.GIndexConcatCorrespondence.source_concat_value_of_fits' depends on axioms: [propext]
info: LidoSRv3/Tests/GIndexConcatMutants.lean:61:0: 'LidoSRv3.Audit.Source.GIndexConcatCorrespondence.source_concat_depth_overflow' depends on axioms: [propext]
✔ [1555/1611] Built LidoSRv3.Tests.ConsolidationTxMutants (1.4s)
✔ [1556/1611] Built LidoSRv3.Tests.PackAAllocSpecMutants (1.8s)
✔ [1557/1611] Built LidoSRv3.Tests.AccountingVectors (1.1s)
✔ [1558/1611] Built LidoSRv3.Tests.DepositVectors (1.8s)
✔ [1559/1611] Built LidoSRv3.Tests.PackBEthJournalMutants (1.2s)
✔ [1560/1611] Built LidoSRv3.Tests.ReserveRelationalTxMutants (3.2s)
✔ [1561/1611] Built LidoSRv3.Tests.PackN1AllocExecMutants (1.7s)
✔ [1562/1611] Built LidoSRv3.Tests.SszEncodingTxMutants (1.0s)
⚠ [1563/1611] Built LidoSRv3.Tests.Topup2DistributionTxMutants (4.0s)
warning: LidoSRv3/Tests/Topup2DistributionTxMutants.lean:254:7: Variable name `effective` is not explicitly referenced.

The binding can be removed (if unused) or named `_` (if used implicitly).

Note: This linter can be disabled with `set_option linter.unusedVariables false`
warning: LidoSRv3/Tests/Topup2DistributionTxMutants.lean:254:17: Variable name `pending` is not explicitly referenced.

The binding can be removed (if unused) or named `_` (if used implicitly).

Note: This linter can be disabled with `set_option linter.unusedVariables false`
✔ [1564/1611] Built LidoSRv3.Tests.PackP3SubmitReportEntryMutants (1.8s)
✔ [1565/1611] Built LidoSRv3.Tests.PackJTopupEthJournalMutants (1.7s)
✔ [1566/1611] Built LidoSRv3.Tests.TrioAlloc2.Sequential (347ms)
ℹ [1567/1611] Built LidoSRv3.Tests.TrioAlloc2.Axioms (270ms)
info: LidoSRv3/Tests/TrioAlloc2/Axioms.lean:19:0: 'LidoSRv3.Audit.Source.TrioAlloc2.allocateLoop' depends on axioms: [propext, Quot.sound]
info: LidoSRv3/Tests/TrioAlloc2/Axioms.lean:20:0: 'LidoSRv3.Audit.Source.TrioAlloc2.allocate_zero_demand' depends on axioms: [propext, Quot.sound]
info: LidoSRv3/Tests/TrioAlloc2/Axioms.lean:21:0: 'LidoSRv3.Audit.Source.TrioAlloc2.step_invariants' depends on axioms: [propext, Quot.sound]
info: LidoSRv3/Tests/TrioAlloc2/Axioms.lean:22:0: 'LidoSRv3.Audit.Source.TrioAlloc2.allocateLoop_amount_between' depends on axioms: [propext, Quot.sound]
info: LidoSRv3/Tests/TrioAlloc2/Axioms.lean:23:0: 'LidoSRv3.Audit.Source.TrioAlloc2.allocate_amount_le_demand' depends on axioms: [propext, Quot.sound]
info: LidoSRv3/Tests/TrioAlloc2/Axioms.lean:24:0: 'LidoSRv3.Audit.Source.TrioAlloc2.allocateLoop_preserves_length' depends on axioms: [propext, Quot.sound]
info: LidoSRv3/Tests/TrioAlloc2/Axioms.lean:25:0: 'LidoSRv3.Audit.Source.TrioAlloc2.allocate_preserves_length' depends on axioms: [propext, Quot.sound]
info: LidoSRv3/Tests/TrioAlloc2/Axioms.lean:26:0: 'LidoSRv3.Audit.Source.TrioAlloc2.Spec.Distributes.preserves_length' depends on axioms: [propext]
info: LidoSRv3/Tests/TrioAlloc2/Axioms.lean:28:0: 'LidoSRv3.Audit.Source.TrioAlloc2.bucketTotal_set' depends on axioms: [propext]
info: LidoSRv3/Tests/TrioAlloc2/Axioms.lean:29:0: 'LidoSRv3.Audit.Source.TrioAlloc2.step_conserves' depends on axioms: [propext]
info: LidoSRv3/Tests/TrioAlloc2/Axioms.lean:30:0: 'LidoSRv3.Audit.Source.TrioAlloc2.allocateLoop_conserves' depends on axioms: [propext, Quot.sound]
info: LidoSRv3/Tests/TrioAlloc2/Axioms.lean:31:0: 'LidoSRv3.Audit.Source.TrioAlloc2.allocate_conserves' depends on axioms: [propext, Quot.sound]
info: LidoSRv3/Tests/TrioAlloc2/Axioms.lean:32:0: 'LidoSRv3.Audit.Source.TrioAlloc2.allocate_twice_conserves' depends on axioms: [propext, Quot.sound]
info: LidoSRv3/Tests/TrioAlloc2/Axioms.lean:34:0: 'LidoSRv3.Audit.Source.TrioAlloc2.firstScan_count_bound' depends on axioms: [propext, Quot.sound]
info: LidoSRv3/Tests/TrioAlloc2/Axioms.lean:35:0: 'LidoSRv3.Audit.Source.TrioAlloc2.initialScan_count_bound' depends on axioms: [propext, Quot.sound]
info: LidoSRv3/Tests/TrioAlloc2/Axioms.lean:36:0: 'LidoSRv3.Audit.Source.TrioAlloc2.secondScan_upper_bound' depends on axioms: [propext, Quot.sound]
info: LidoSRv3/Tests/TrioAlloc2/Axioms.lean:38:0: 'LidoSRv3.Audit.Source.TrioAlloc2.firstScan_index_bound' depends on axioms: [propext, Quot.sound]
info: LidoSRv3/Tests/TrioAlloc2/Axioms.lean:39:0: 'LidoSRv3.Audit.Source.TrioAlloc2.initialScan_index_bound' depends on axioms: [propext, Quot.sound]
info: LidoSRv3/Tests/TrioAlloc2/Axioms.lean:41:0: 'LidoSRv3.Audit.Source.TrioAlloc2.firstScan_minimum' depends on axioms: [propext, Quot.sound]
info: LidoSRv3/Tests/TrioAlloc2/Axioms.lean:42:0: 'LidoSRv3.Audit.Source.TrioAlloc2.secondScan_higher_minimum' depends on axioms: [propext, Classical.choice, Quot.sound]
info: LidoSRv3/Tests/TrioAlloc2/Axioms.lean:44:0: 'LidoSRv3.Audit.Source.TrioAlloc2.firstScan_tie_count' depends on axioms: [propext, Quot.sound]
info: LidoSRv3/Tests/TrioAlloc2/Axioms.lean:45:0: 'LidoSRv3.Audit.Source.TrioAlloc2.initialScan_tie_count' depends on axioms: [propext, Quot.sound]
info: LidoSRv3/Tests/TrioAlloc2/Axioms.lean:47:0: 'LidoSRv3.Audit.Source.TrioAlloc2.firstScan_first_index' depends on axioms: [propext, Quot.sound]
info: LidoSRv3/Tests/TrioAlloc2/Axioms.lean:48:0: 'LidoSRv3.Audit.Source.TrioAlloc2.initialScan_first_index' depends on axioms: [propext, Quot.sound]
info: LidoSRv3/Tests/TrioAlloc2/Axioms.lean:50:0: 'LidoSRv3.Audit.Source.TrioAlloc2.initialScan_minimum_option' depends on axioms: [propext, Quot.sound]
info: LidoSRv3/Tests/TrioAlloc2/Axioms.lean:51:0: 'LidoSRv3.Audit.Source.TrioAlloc2.initialScan_no_candidate_iff' depends on axioms: [propext, Quot.sound]
info: LidoSRv3/Tests/TrioAlloc2/Axioms.lean:53:0: 'LidoSRv3.Audit.Source.TrioAlloc2.ceilDiv_success' depends on axioms: [propext, Quot.sound]
info: LidoSRv3/Tests/TrioAlloc2/Axioms.lean:54:0: 'LidoSRv3.Audit.Source.TrioAlloc2.ceilDiv_zero_denominator' depends on axioms: [propext, Quot.sound]
info: LidoSRv3/Tests/TrioAlloc2/Axioms.lean:55:0: 'LidoSRv3.Audit.Source.TrioAlloc2.ceilDiv_formula' depends on axioms: [propext, Quot.sound]
info: LidoSRv3/Tests/TrioAlloc2/Axioms.lean:57:0: 'LidoSRv3.Audit.Source.TrioAlloc2.initialScan_success' depends on axioms: [propext, Quot.sound]
info: LidoSRv3/Tests/TrioAlloc2/Axioms.lean:58:0: 'LidoSRv3.Audit.Source.TrioAlloc2.secondScan_success' depends on axioms: [propext, Quot.sound]
info: LidoSRv3/Tests/TrioAlloc2/Axioms.lean:60:0: 'LidoSRv3.Audit.Source.TrioAlloc2.initialScan_selected_row' depends on axioms: [propext, Quot.sound]
info: LidoSRv3/Tests/TrioAlloc2/Axioms.lean:61:0: 'LidoSRv3.Audit.Source.TrioAlloc2.secondScan_above_best' depends on axioms: [propext]
info: LidoSRv3/Tests/TrioAlloc2/Axioms.lean:63:0: 'LidoSRv3.Audit.Source.TrioAlloc2.step_success' depends on axioms: [propext, Quot.sound]
info: LidoSRv3/Tests/TrioAlloc2/Axioms.lean:65:0: 'LidoSRv3.Audit.Source.TrioAlloc2.allocateLoop_success' depends on axioms: [propext, Quot.sound]
info: LidoSRv3/Tests/TrioAlloc2/Axioms.lean:66:0: 'LidoSRv3.Audit.Source.TrioAlloc2.allocate_success' depends on axioms: [propext, Quot.sound]
info: LidoSRv3/Tests/TrioAlloc2/Axioms.lean:68:0: 'LidoSRv3.Audit.Source.TrioAlloc2.firstScan_short_error' depends on axioms: [propext, Quot.sound]
info: LidoSRv3/Tests/TrioAlloc2/Axioms.lean:69:0: 'LidoSRv3.Audit.Source.TrioAlloc2.step_short_error' depends on axioms: [propext, Quot.sound]
info: LidoSRv3/Tests/TrioAlloc2/Axioms.lean:70:0: 'LidoSRv3.Audit.Source.TrioAlloc2.allocate_short_error' depends on axioms: [propext, Quot.sound]
info: LidoSRv3/Tests/TrioAlloc2/Axioms.lean:71:0: 'LidoSRv3.Audit.Source.TrioAlloc2.allocate_success_iff' depends on axioms: [propext, Quot.sound]
info: LidoSRv3/Tests/TrioAlloc2/Axioms.lean:73:0: 'LidoSRv3.Audit.Source.TrioAlloc2.choose_of_scans' depends on axioms: [propext, Classical.choice, Quot.sound]
info: LidoSRv3/Tests/TrioAlloc2/Axioms.lean:75:0: 'LidoSRv3.Audit.Source.TrioAlloc2.step_refines' depends on axioms: [propext, Classical.choice, Quot.sound]
info: LidoSRv3/Tests/TrioAlloc2/Axioms.lean:77:0: 'LidoSRv3.Audit.Source.TrioAlloc2.Spec.choose_positive' depends on axioms: [propext, Quot.sound]
info: LidoSRv3/Tests/TrioAlloc2/Axioms.lean:79:0: 'LidoSRv3.Audit.Source.TrioAlloc2.allocateLoop_refines' depends on axioms: [propext, Classical.choice, Quot.sound]
info: LidoSRv3/Tests/TrioAlloc2/Axioms.lean:80:0: 'LidoSRv3.Audit.Source.TrioAlloc2.allocate_refines' depends on axioms: [propext, Classical.choice, Quot.sound]
info: LidoSRv3/Tests/TrioAlloc2/Axioms.lean:81:0: 'LidoSRv3.Audit.Source.TrioAlloc2.distribution_exists' depends on axioms: [propext, Classical.choice, Quot.sound]
✔ [1568/1611] Built LidoSRv3.Tests.TrioAlloc2.Step (321ms)
ℹ [1569/1611] Built LidoSRv3.Tests.TrioAlloc2.DifferentialVectors (421ms)
info: LidoSRv3/Tests/TrioAlloc2/DifferentialVectors.lean:21:0: ALLOC2_VECTOR {"name":"zero-short","buckets":["7"],"capacities":[],"demand":"0","step":{"amount":"0","buckets":["7"]},"run":{"amount":"0","buckets":["7"]}}
ALLOC2_VECTOR {"name":"empty","buckets":[],"capacities":[],"demand":"5","step":{"amount":"0","buckets":[]},"run":{"amount":"0","buckets":[]}}
ALLOC2_VECTOR {"name":"short-first","buckets":["0"],"capacities":[],"demand":"1","step":{"panic":50},"run":{"panic":50}}
ALLOC2_VECTOR {"name":"short-after-open","buckets":["0","1"],"capacities":["9"],"demand":"3","step":{"panic":50},"run":{"panic":50}}
ALLOC2_VECTOR {"name":"short-after-closed","buckets":["8","1"],"capacities":["7"],"demand":"3","step":{"panic":50},"run":{"panic":50}}
ALLOC2_VECTOR {"name":"surplus","buckets":["0"],"capacities":["5","0"],"demand":"3","step":{"amount":"3","buckets":["3"]},"run":{"amount":"3","buckets":["3"]}}
ALLOC2_VECTOR {"name":"overfull","buckets":["9"],"capacities":["8"],"demand":"3","step":{"amount":"0","buckets":["9"]},"run":{"amount":"0","buckets":["9"]}}
ALLOC2_VECTOR {"name":"illustration","buckets":["9998","70","0"],"capacities":["10000","101","100"],"demand":"101","step":{"amount":"70","buckets":["9998","70","70"]},"run":{"amount":"101","buckets":["9998","86","85"]}}
ALLOC2_VECTOR {"name":"max-demand","buckets":["0"],"capacities":["115792089237316195423570985008687907853269984665640564039457584007913129639935"],"demand":"115792089237316195423570985008687907853269984665640564039457584007913129639935","step":{"amount":"115792089237316195423570985008687907853269984665640564039457584007913129639935","buckets":["115792089237316195423570985008687907853269984665640564039457584007913129639935"]},"run":{"amount":"115792089237316195423570985008687907853269984665640564039457584007913129639935","buckets":["115792089237316195423570985008687907853269984665640564039457584007913129639935"]}}
ALLOC2_VECTOR {"name":"max-saturated","buckets":["115792089237316195423570985008687907853269984665640564039457584007913129639935"],"capacities":["115792089237316195423570985008687907853269984665640564039457584007913129639935"],"demand":"115792089237316195423570985008687907853269984665640564039457584007913129639935","step":{"amount":"0","buckets":["115792089237316195423570985008687907853269984665640564039457584007913129639935"]},"run":{"amount":"0","buckets":["115792089237316195423570985008687907853269984665640564039457584007913129639935"]}}
ALLOC2_VECTOR {"name":"max-last-unit","buckets":["115792089237316195423570985008687907853269984665640564039457584007913129639934"],"capacities":["115792089237316195423570985008687907853269984665640564039457584007913129639935"],"demand":"115792089237316195423570985008687907853269984665640564039457584007913129639935","step":{"amount":"1","buckets":["115792089237316195423570985008687907853269984665640564039457584007913129639935"]},"run":{"amount":"1","buckets":["115792089237316195423570985008687907853269984665640564039457584007913129639935"]}}
ALLOC2_VECTOR {"name":"two-ties","buckets":["0","0"],"capacities":["100","100"],"demand":"31","step":{"amount":"16","buckets":["16","0"]},"run":{"amount":"31","buckets":["16","15"]}}
ALLOC2_VECTOR {"name":"three-ties","buckets":["4","4","4"],"capacities":["50","50","50"],"demand":"8","step":{"amount":"3","buckets":["7","4","4"]},"run":{"amount":"8","buckets":["7","7","6"]}}
ALLOC2_VECTOR {"name":"tie-first-cap","buckets":["0","0"],"capacities":["1","20"],"demand":"9","step":{"amount":"1","buckets":["1","0"]},"run":{"amount":"9","buckets":["1","8"]}}
ALLOC2_VECTOR {"name":"skip-saturated-tie","buckets":["0","0","0"],"capacities":["0","5","6"],"demand":"3","step":{"amount":"2","buckets":["0","2","0"]},"run":{"amount":"3","buckets":["0","2","1"]}}
ALLOC2_VECTOR {"name":"higher-closed","buckets":["0","1","3"],"capacities":["20","1","30"],"demand":"9","step":{"amount":"3","buckets":["3","1","3"]},"run":{"amount":"9","buckets":["6","1","6"]}}
ALLOC2_VECTOR {"name":"higher-open","buckets":["0","7","4"],"capacities":["20","8","30"],"demand":"6","step":{"amount":"4","buckets":["4","7","4"]},"run":{"amount":"6","buckets":["5","7","5"]}}
ALLOC2_VECTOR {"name":"tiny-demand","buckets":["3","3","3","3"],"capacities":["4","4","4","4"],"demand":"1","step":{"amount":"1","buckets":["4","3","3","3"]},"run":{"amount":"1","buckets":["4","3","3","3"]}}
ALLOC2_VECTOR {"name":"zero-capacities","buckets":["0","0"],"capacities":["0","0"],"demand":"115792089237316195423570985008687907853269984665640564039457584007913129639935","step":{"amount":"0","buckets":["0","0"]},"run":{"amount":"0","buckets":["0","0"]}}
ALLOC2_VECTOR {"name":"nonmonotone","buckets":["10","1","7","1"],"capacities":["9","13","15","3"],"demand":"25","step":{"amount":"6","buckets":["10","7","7","1"]},"run":{"amount":"22","buckets":["10","13","15","3"]}}
ALLOC2_VECTOR {"name":"generated-0","buckets":["0","0","4"],"capacities":["3","0","2"],"demand":"1","step":{"amount":"1","buckets":["1","0","4"]},"run":{"amount":"1","buckets":["1","0","4"]}}
ALLOC2_VECTOR {"name":"generated-1","buckets":["1","7","5"],"capacities":["4","3","3"],"demand":"3","step":{"amount":"3","buckets":["4","7","5"]},"run":{"amount":"3","buckets":["4","7","5"]}}
ALLOC2_VECTOR {"name":"generated-2","buckets":["2","5","0"],"capacities":["5","6","4"],"demand":"5","step":{"amount":"2","buckets":["2","5","2"]},"run":{"amount":"5","buckets":["4","5","3"]}}
ALLOC2_VECTOR {"name":"generated-3","buckets":["3","3","1"],"capacities":["6","9","5"],"demand":"7","step":{"amount":"2","buckets":["3","3","3"]},"run":{"amount":"7","buckets":["5","5","4"]}}
ALLOC2_VECTOR {"name":"generated-4","buckets":["4","1","2"],"capacities":["7","12","6"],"demand":"9","step":{"amount":"1","buckets":["4","2","2"]},"run":{"amount":"9","buckets":["6","5","5"]}}
ALLOC2_VECTOR {"name":"generated-5","buckets":["0","8","3"],"capacities":["8","2","7"],"demand":"11","step":{"amount":"3","buckets":["3","8","3"]},"run":{"amount":"11","buckets":["7","8","7"]}}
ALLOC2_VECTOR {"name":"generated-6","buckets":["1","6","4"],"capacities":["9","5","8"],"demand":"13","step":{"amount":"3","buckets":["4","6","4"]},"run":{"amount":"12","buckets":["9","6","8"]}}
ALLOC2_VECTOR {"name":"generated-7","buckets":["2","4","5"],"capacities":["0","8","9"],"demand":"15","step":{"amount":"1","buckets":["2","5","5"]},"run":{"amount":"8","buckets":["2","8","9"]}}
ALLOC2_VECTOR {"name":"generated-8","buckets":["3","2","0"],"capacities":["1","11","10"],"demand":"17","step":{"amount":"2","buckets":["3","2","2"]},"run":{"amount":"17","buckets":["3","10","9"]}}
ALLOC2_VECTOR {"name":"generated-9","buckets":["4","0","1"],"capacities":["2","1","11"],"demand":"19","step":{"amount":"1","buckets":["4","1","1"]},"run":{"amount":"11","buckets":["4","1","11"]}}
ALLOC2_VECTOR {"name":"generated-10","buckets":["0","7","2"],"capacities":["3","4","12"],"demand":"21","step":{"amount":"2","buckets":["2","7","2"]},"run":{"amount":"13","buckets":["3","7","12"]}}
ALLOC2_VECTOR {"name":"generated-11","buckets":["1","5","3"],"capacities":["4","7","13"],"demand":"23","step":{"amount":"2","buckets":["3","5","3"]},"run":{"amount":"15","buckets":["4","7","13"]}}
✔ [1570/1611] Built LidoSRv3.Tests.TrioAlloc2.Loop (336ms)
✔ [1571/1611] Built LidoSRv3.Tests.AddressEquivariance (1.1s)
✔ [1572/1611] Built LidoSRv3.Tests.SszRegression (1.5s)
✔ [1573/1611] Built LidoSRv3.Tests.EthConfinementMutants (501ms)
✔ [1574/1611] Built LidoSRv3.Tests.WithdrawalQueueRequestAmountMutants (286ms)
✔ [1575/1611] Built LidoSRv3.Tests.Topup2TxMutants (1.3s)
⚠ [1576/1611] Built LidoSRv3.Tests.WithdrawalQueueRequestCustodyMutants (432ms)
warning: LidoSRv3/Tests/WithdrawalQueueRequestCustodyMutants.lean:77:32: Variable name `s` is not explicitly referenced.

The binding can be removed (if unused) or named `_` (if used implicitly).

Note: This linter can be disabled with `set_option linter.unusedVariables false`
✔ [1577/1611] Built LidoSRv3.Tests.PackN3OracleMintMutants (1.7s)
✔ [1578/1611] Built LidoSRv3.Tests.AllocCapacityPhase3Mutants (1.8s)
✔ [1579/1611] Built LidoSRv3.Tests.WithdrawalQueueSingleRequestControlMutants (279ms)
ℹ [1580/1611] Built LidoSRv3.Tests.PConsolidationEth1RequestTxMutants (1.1s)
info: LidoSRv3/Tests/PConsolidationEth1RequestTxMutants.lean:56:0: LidoSRv3.Audit.Verity.PConsolidationEth1RequestTx.bus_failure_restores_snapshot (msgValue : Uint256) (gatewayOk : Bool)
  (state rollback : ContractState) (reason : String)
  (h : (busForward msgValue gatewayOk).run state = ContractResult.revert reason rollback) : rollback = state
info: LidoSRv3/Tests/PConsolidationEth1RequestTxMutants.lean:57:0: LidoSRv3.Audit.Verity.PConsolidationEth1RequestTx.consolidation_prefix_failure_restores_snapshot (fee : Uint256)
  (secondOk : Bool) (state rollback : ContractState) (reason : String)
  (h : (sendTwoConsolidationFees fee secondOk).run state = ContractResult.revert reason rollback) : rollback = state
✔ [1581/1611] Built LidoSRv3.Tests.AddressYulInterface (2.1s)
✔ [1582/1611] Built LidoSRv3.Tests.ReserveRelationalMutants (377ms)
✔ [1583/1611] Built LidoSRv3.Tests.SanityEnvelopeMutants (1.2s)
✔ [1584/1611] Built LidoSRv3.Tests.PackJDepositEthJournalMutants (1.6s)
✔ [1585/1611] Built LidoSRv3.Tests.PackGTopupProvenanceMutants (1.6s)
✔ [1586/1611] Built LidoSRv3.Tests.EthWorldMutants (392ms)
✔ [1587/1611] Built LidoSRv3.Tests.DepositTxMutants (1.6s)
✔ [1588/1611] Built LidoSRv3.Tests.PackO2SupplyDomainMutants (1.7s)
✔ [1589/1611] Built LidoSRv3.Tests.AllocCapacityRegression (1.1s)
✔ [1590/1611] Built LidoSRv3.Tests.PackW2AddressBatchMutants (1.6s)
✔ [1591/1611] Built LidoSRv3.Tests.Topup2Mutants (1.6s)
✔ [1592/1611] Built LidoSRv3.Tests.PackW2GindexMutants (280ms)
✔ [1593/1611] Built LidoSRv3.Tests.PackP6OfficialSuccessMutants (1.8s)
✔ [1594/1611] Built LidoSRv3.Audit.Verity.Tests.DepositRollback (2.0s)
ℹ [1595/1611] Built LidoSRv3.Audit.Verity.Tests.SszTxSimulation (1.1s)
info: LidoSRv3/Audit/Verity/Tests/SszTxSimulation.lean:35:0: LidoSRv3.Audit.Verity.SszTxSimulation.root_mutant_rejected (input : TxInputs)
  (hmutant : computedRoot input ≠ input.expectedDepositDataRoot) :
  runVerification input = VerificationOutcome.revertRootMismatch
info: LidoSRv3/Audit/Verity/Tests/SszTxSimulation.lean:36:0: LidoSRv3.Audit.Verity.SszTxSimulation.verification_failure_rolls_back {State : Type} (input : TxInputs)
  (before after : State) (attempts : List CallAttempt) (trace : CommitTrace)
  (hfail : runVerification input = VerificationOutcome.revertRootMismatch) :
  (transactionObservation input before after attempts trace).committedState = before ∧
    (transactionObservation input before after attempts trace).committedTrace.ethMoves = [] ∧
      (transactionObservation input before after attempts trace).committedTrace.logs = []
info: LidoSRv3/Audit/Verity/Tests/SszTxSimulation.lean:37:0: LidoSRv3.Audit.Verity.SszTxSimulation.ssz_tx_simulation_correct {State : Type} (input : TxInputs) (before after : State)
  (attempts : List CallAttempt) (trace : CommitTrace) (hwidths : exactTxWidths input) :
  exactTxWidths input ∧
    (digestPreimages input.toInputs).length = 7 ∧
      (runVerification input = VerificationOutcome.accept ↔ computedRoot input = input.expectedDepositDataRoot) ∧
        (runVerification input = VerificationOutcome.revertRootMismatch →
          (transactionObservation input before after attempts trace).committedState = before)
ℹ [1596/1611] Built LidoSRv3.Audit.Verity.Tests.TopupRollback (1.7s)
info: LidoSRv3/Audit/Verity/Tests/TopupRollback.lean:41:0: LidoSRv3.Audit.Verity.TopupRollback.topup_program_declared : spec.functions = [topUpEntry]
info: LidoSRv3/Audit/Verity/Tests/TopupRollback.lean:42:0: LidoSRv3.Audit.Verity.TopupRollback.topup_success_post_state_equiv (cfg : SourceTopupConfig) (inp : SourceTopupInput)
  {keys pulled pushed balanceAfter : ℕ} (hRun : run cfg inp = Outcome.committedTopUp keys pulled pushed balanceAfter) :
  pulled = pushed ∧ balanceAfter = inp.routerBalanceBefore
info: LidoSRv3/Audit/Verity/Tests/TopupRollback.lean:43:0: LidoSRv3.Audit.Verity.TopupRollback.topup_rollback_restores_state {State : Type} (cfg : SourceTopupConfig)
  (inp : SourceTopupInput) (before after : State) (attempts : List CallAttempt) (trace : CommitTrace)
  (hRevert : (topupProgram cfg inp before).sourceOutcome.reverts = true) :
  (transactionObservation (topupProgram cfg inp before) after attempts trace).committedState = before ∧
    (transactionObservation (topupProgram cfg inp before) after attempts trace).committedTrace.ethMoves = [] ∧
      (transactionObservation (topupProgram cfg inp before) after attempts trace).committedTrace.logs = []
info: LidoSRv3/Audit/Verity/Tests/TopupRollback.lean:44:0: LidoSRv3.Audit.Verity.TopupRollback.topup_allocation_extracted_from_pinned_source :
  Verity.Core.Model.AllocationExtraction.extractAllocation spec topUpEntry =
    Verity.Core.Model.AllocationExtraction.extractAllocationFromSource spec pinnedSolidityTopUp
info: LidoSRv3/Audit/Verity/Tests/TopupRollback.lean:45:0: LidoSRv3.Audit.Verity.TopupRollback.topup_amount_extraction_correct (inp : SourceTopupInput)
  (hNoWrap : NoUncheckedWrap inp) : allocSumUnchecked inp.allocations = totalAllocated inp
info: LidoSRv3/Audit/Verity/Tests/TopupRollback.lean:46:0: LidoSRv3.Audit.Verity.TopupRollback.topup_call_world_rollback {State : Type} (program : TopupProgram State)
  (adversary : Compiler.CompilationModel.DenoteExternalCalls.AdversaryModel)
  (state : Compiler.CompilationModel.DenoteExternalCalls.CallState)
  (h :
    ∀ entry ∈ Compiler.CompilationModel.DenoteExternalCalls.ObservedCalls program.calls adversary state,
      Compiler.CompilationModel.DenoteExternalCalls.RollsBack adversary entry) :
  (Compiler.CompilationModel.DenoteExternalCalls.denote program.calls adversary state).2.world = state.world
✔ [1597/1613] Built LidoSRv3.Audit.Verity.Tests.ConsolidationFee (1.2s)
✔ [1598/1613] Built LidoSRv3.Legacy.Model (1.8s)
✔ [1599/1613] Built LidoSRv3.Tests.PackW2ReserveMutants (1.1s)
✔ [1601/1615] Built LidoSRv3.Tests.PackS1HashMutants (753ms)
✔ [1602/1615] Built LidoSRv3.Tests.TrioReserve1.Differential (2.2s)
✔ [1603/1615] Built LidoSRv3.Tests.TrioAlloc1.Correspondence (671ms)
✔ [1604/1615] Built LidoSRv3.Tests.TrioAlloc1.VectorCases (352ms)
ℹ [1605/1615] Built LidoSRv3.Tests.TrioIntegration.Parent (470ms)
info: LidoSRv3/Tests/TrioIntegration/Parent.lean:102:0: 'LidoSRv3.Tests.TrioIntegration.Parent.changed_observation_rejected' depends on axioms: [propext,
 Classical.choice,
 Quot.sound]
✔ [1606/1615] Built LidoSRv3.Tests.TrioIntegration.VerityParent (1.1s)
✔ [1607/1615] Built LidoSRv3.Tests.TrioIntegration.ParentDifferential (1.3s)
✔ [1608/1615] Built LidoSRv3.Audit.Regression.AllocCapacityLegacy (1.1s)
ℹ [1609/1615] Built LidoSRv3.Audit.Trust (1.8s)
info: LidoSRv3/Audit/Trust.lean:162:0: 'LidoSRv3.Audit.Quantity.checkedDiv_zero' depends on axioms: [propext]
info: LidoSRv3/Audit/Trust.lean:163:0: 'LidoSRv3.Audit.SolidityAccounting.SanityEnvelope.checker_implies_simulated' depends on axioms: [propext]
info: LidoSRv3/Audit/Trust.lean:164:0: 'LidoSRv3.Audit.Quantity.saturatingSub_zero_of_le' depends on axioms: [propext, Quot.sound]
info: LidoSRv3/Audit/Trust.lean:165:0: 'LidoSRv3.Audit.revert_restores_state_value_and_logs' depends on axioms: [propext]
info: LidoSRv3/Audit/Trust.lean:166:0: 'LidoSRv3.Audit.revert_may_retain_attempts' does not depend on any axioms
info: LidoSRv3/Audit/Trust.lean:167:0: 'LidoSRv3.Audit.valid_result_preserves_router_order' depends on axioms: [propext]
info: LidoSRv3/Audit/Trust.lean:168:0: 'LidoSRv3.Audit.Guarantees.PAlloc1.checked_execute' depends on axioms: [propext, Quot.sound]
info: LidoSRv3/Audit/Trust.lean:169:0: 'LidoSRv3.Audit.Guarantees.PAlloc1.verity_tx_simulates_allocation_count_from_storage' depends on axioms: [propext,
 Classical.choice,
 Quot.sound]
info: LidoSRv3/Audit/Trust.lean:170:0: 'LidoSRv3.Audit.Spec.AllocationCorrespondence.alloc1_spec_capacity_correspondence' depends on axioms: [propext,
 Quot.sound]
info: LidoSRv3/Audit/Trust.lean:171:0: 'LidoSRv3.Audit.Spec.AllocationCorrespondence.alloc2_spec_step_amount_correspondence' depends on axioms: [propext,
 Classical.choice,
 Quot.sound]
info: LidoSRv3/Audit/Trust.lean:172:0: 'LidoSRv3.Audit.Spec.AllocationCorrespondence.topup2_per_key_remains_gwei' depends on axioms: [propext, Quot.sound]
info: LidoSRv3/Audit/Trust.lean:173:0: 'LidoSRv3.Audit.Guarantees.PTopup2.verity_tx_simulates_topup2_spec' depends on axioms: [propext,
 Classical.choice,
 Quot.sound]
info: LidoSRv3/Audit/Trust.lean:174:0: 'LidoSRv3.Audit.Spec.AllocationCorrespondence.spec_amounts_do_not_imply_linkssource' depends on axioms: [propext]
info: LidoSRv3/Audit/Trust.lean:175:0: 'LidoSRv3.Tests.PackAAllocSpecMutants.target_as_capacity_kill_line_refutes_alloc1_spec' depends on axioms: [propext,
 Quot.sound]
info: LidoSRv3/Audit/Trust.lean:176:0: 'LidoSRv3.Tests.PackAAllocSpecMutants.spec_amounts_kill_line_refutes_linkssource' depends on axioms: [propext]
info: LidoSRv3/Audit/Trust.lean:177:0: 'LidoSRv3.Audit.Spec.EthJournalCorrespondence.success_journal_projects_to_spec' depends on axioms: [propext]
info: LidoSRv3/Audit/Trust.lean:178:0: 'LidoSRv3.Tests.PackBEthJournalMutants.third_destination_other_kill_line_refutes_spec_journal' depends on axioms: [propext]
info: LidoSRv3/Audit/Trust.lean:179:0: 'LidoSRv3.Tests.PackBEthJournalMutants.third_destination_lido_kill_line_refutes_spec_journal' depends on axioms: [propext]
info: LidoSRv3/Audit/Trust.lean:180:0: 'LidoSRv3.Audit.Spec.SszCorrespondence.verifyProof_implies_gindex' depends on axioms: [propext, Quot.sound]
info: LidoSRv3/Audit/Trust.lean:181:0: 'LidoSRv3.Audit.Spec.SszCorrespondence.gindex_concat_matches_spec' depends on axioms: [propext]
info: LidoSRv3/Audit/Trust.lean:182:0: 'LidoSRv3.Audit.Verity.SszAbstractDigest.abstract_digest_refinement' depends on axioms: [propext,
 Classical.choice,
 Quot.sound,
 LidoSRv3.Audit.Verity.SszAbstractDigest.deposit_data_root_compiles._native.native_decide.ax_1_1]
info: LidoSRv3/Audit/Trust.lean:183:0: 'LidoSRv3.Tests.PackCSszMutants.skip_gindex_kill_line_refutes_structural_child' does not depend on any axioms
info: LidoSRv3/Audit/Trust.lean:184:0: 'LidoSRv3.Tests.PackCSszMutants.engine_mutant_disagrees_with_sha256engine' depends on axioms: [propext,
 Quot.sound,
 LidoSRv3.Tests.PackCSszMutants.engine_mutant_disagrees_with_sha256engine._native.native_decide.ax_1_1]
info: LidoSRv3/Audit/Trust.lean:185:0: 'LidoSRv3.Audit.Spec.AddressClaimCorrespondence.two_claim_payouts_match_reads' depends on axioms: [propext,
 Classical.choice,
 Quot.sound]
info: LidoSRv3/Audit/Trust.lean:186:0: 'LidoSRv3.Tests.PackDAddressClaimMutants.swapped_payout_order_kill_line_refutes_batch' depends on axioms: [propext,
 Classical.choice,
 Quot.sound]
info: LidoSRv3/Audit/Trust.lean:187:0: 'LidoSRv3.Tests.PackDAddressClaimMutants.wrong_recipient_kill_line_refutes_batch' depends on axioms: [propext,
 Classical.choice,
 Quot.sound]
info: LidoSRv3/Audit/Trust.lean:188:0: 'LidoSRv3.Audit.Spec.OracleFrameCorrespondence.oracle_frame_shares_are_the_argument' does not depend on any axioms
info: LidoSRv3/Audit/Trust.lean:189:0: 'LidoSRv3.Audit.Spec.OracleFrameCorrespondence.account_parent_remains_order_only' depends on axioms: [propext,
 Quot.sound]
info: LidoSRv3/Audit/Trust.lean:190:0: 'LidoSRv3.Audit.Spec.OracleFrameCorrespondence.eugene_bound_cited' depends on axioms: [propext, Quot.sound]
info: LidoSRv3/Audit/Trust.lean:191:0: 'LidoSRv3.Tests.PackEOracleFrameMutants.computed_fee_kill_line_refutes_oracle_frame' depends on axioms: [propext]
info: LidoSRv3/Audit/Trust.lean:192:0: 'LidoSRv3.Audit.Spec.ConsolidationObserveCorrespondence.observe_success_payloads_reread_maps' depends on axioms: [propext]
info: LidoSRv3/Audit/Trust.lean:193:0: 'LidoSRv3.Audit.Verity.ConsolidationAbstractFlowModel.abstract_flow_refinement' depends on axioms: [propext,
 Classical.choice,
 Quot.sound,
 LidoSRv3.Audit.Verity.ConsolidationAbstractFlowModel.forward_compiles._native.native_decide.ax_1_1]
info: LidoSRv3/Audit/Trust.lean:194:0: 'LidoSRv3.Audit.Spec.ConsolidationObserveCorrespondence.persist_payloads_reread' depends on axioms: [propext,
 Quot.sound]
info: LidoSRv3/Audit/Trust.lean:195:0: 'LidoSRv3.Audit.Spec.ConsolidationObserveCorrespondence.gateway_nonzero_remains_named_hyp' depends on axioms: [propext]
info: LidoSRv3/Audit/Trust.lean:196:0: 'LidoSRv3.Tests.PackFConsolidationObserveMutants.swapped_map_reread_kill_line_refutes_observe' depends on axioms: [propext,
 LidoSRv3.Tests.PackFConsolidationObserveMutants.swapped_map_reread_kill_line_refutes_observe._native.native_decide.ax_1_1]
info: LidoSRv3/Audit/Trust.lean:197:0: 'LidoSRv3.Audit.Provenance.Deposit.canonical_deposit_contract_pin' does not depend on any axioms
info: LidoSRv3/Audit/Trust.lean:198:0: 'LidoSRv3.Audit.Provenance.Deposit.canonical_thirty_two_ether_pin' depends on axioms: [propext]
info: LidoSRv3/Audit/Trust.lean:199:0: 'LidoSRv3.Audit.Provenance.Deposit.production_conserving_config_at_thirty_two_ether' depends on axioms: [propext]
info: LidoSRv3/Audit/Trust.lean:200:0: 'LidoSRv3.Tests.PackGDepositProvenanceMutants.wrong_beacon_pin_kill_line' does not depend on any axioms
info: LidoSRv3/Audit/Trust.lean:201:0: 'LidoSRv3.Audit.Provenance.TopupBeacon.topup_verity_beacon_is_production_pin' depends on axioms: [propext]
info: LidoSRv3/Audit/Trust.lean:202:0: 'LidoSRv3.Audit.Provenance.TopupBeacon.topup_canonical_eq_deposit_canonical' does not depend on any axioms
info: LidoSRv3/Audit/Trust.lean:203:0: 'LidoSRv3.Tests.PackGTopupProvenanceMutants.dead_beacon_model_kill_line_disagrees_with_pin' depends on axioms: [propext,
 LidoSRv3.Tests.PackGTopupProvenanceMutants.dead_beacon_model_kill_line_disagrees_with_pin._native.native_decide.ax_1_1]
info: LidoSRv3/Audit/Trust.lean:204:0: 'LidoSRv3.Audit.Provenance.ConsolidationRequest.ensemble_request_is_not_canonical' does not depend on any axioms
info: LidoSRv3/Audit/Trust.lean:205:0: 'LidoSRv3.Audit.Provenance.ConsolidationRequest.rewrite_maps_ensemble_to_canonical' does not depend on any axioms
info: LidoSRv3/Audit/Trust.lean:206:0: 'LidoSRv3.Tests.PackGEth1ProvenanceMutants.dead_rewrite_kill_line_refutes_canonical_rewrite' does not depend on any axioms
info: LidoSRv3/Audit/Trust.lean:207:0: 'LidoSRv3.Audit.Spec.DepositEthJournalCorrespondence.deposit_success_journal_projects_to_spec' depends on axioms: [propext,
 Quot.sound]
info: LidoSRv3/Audit/Trust.lean:208:0: 'LidoSRv3.Tests.PackJDepositEthJournalMutants.third_destination_beacon_push_kill_line_refutes_projection_totality' depends on axioms: [propext]
info: LidoSRv3/Audit/Trust.lean:209:0: 'LidoSRv3.Audit.Spec.TopupEthJournalCorrespondence.topup_value_moving_journal_projects' depends on axioms: [propext]
info: LidoSRv3/Audit/Trust.lean:210:0: 'LidoSRv3.Audit.Spec.TopupEthJournalCorrespondence.topup_wrap_to_zero_journal_empty' depends on axioms: [propext]
info: LidoSRv3/Audit/Trust.lean:211:0: 'LidoSRv3.Tests.PackJTopupEthJournalMutants.beacon_as_consolidation_kill_line_refutes_dest_restriction' depends on axioms: [propext,
 Quot.sound,
 LidoSRv3.Tests.PackJTopupEthJournalMutants.beacon_as_consolidation_kill_line_refutes_dest_restriction._native.native_decide.ax_1_1]
info: LidoSRv3/Audit/Trust.lean:212:0: 'LidoSRv3.Audit.Spec.HashIdentificationChild.hash_identification_agrees_on_bytes' depends on axioms: [propext,
 Quot.sound]
info: LidoSRv3/Audit/Trust.lean:213:0: 'LidoSRv3.Tests.PackS1HashMutants.engine_mutant_still_disagrees' depends on axioms: [propext,
 Quot.sound,
 LidoSRv3.Tests.PackCSszMutants.engine_mutant_disagrees_with_sha256engine._native.native_decide.ax_1_1]
info: LidoSRv3/Audit/Trust.lean:214:0: 'LidoSRv3.Audit.Spec.ConsolidationBridgeGap.official_external_call_reverts' depends on axioms: [propext, Quot.sound]
info: LidoSRv3/Audit/Trust.lean:215:0: 'LidoSRv3.Audit.Spec.ConsolidationBridgeGap.gateway_nonzero_remains_named_hyp' depends on axioms: [propext]
info: LidoSRv3/Audit/Trust.lean:216:0: 'LidoSRv3.Tests.PackCGapMutants.dropping_gateway_nonzero_admits_free_batch' depends on axioms: [propext]
info: LidoSRv3/Audit/Trust.lean:217:0: 'LidoSRv3.Audit.Spec.Eip4788AnchorChild.ageCheck_ok_of_le' depends on axioms: [propext]
info: LidoSRv3/Audit/Trust.lean:218:0: 'LidoSRv3.Tests.PackW2Eip4788Mutants.skip_age_bound_kill_line' does not depend on any axioms
info: LidoSRv3/Audit/Trust.lean:219:0: 'LidoSRv3.Audit.Spec.ProductionGindexChild.cl_validator_index_is_toy' does not depend on any axioms
info: LidoSRv3/Audit/Trust.lean:220:0: 'LidoSRv3.Tests.PackW2GindexMutants.claimed_cl_validator_index_ten_is_false' does not depend on any axioms
info: LidoSRv3/Audit/Trust.lean:221:0: 'LidoSRv3.Audit.Spec.ProductionGindexChild.production_gindex_binding' depends on axioms: [propext]
info: LidoSRv3/Audit/Trust.lean:222:0: 'LidoSRv3.Tests.PackW2GindexMutants.wrong_packed_word_is_not_production_binding' depends on axioms: [propext]
info: LidoSRv3/Audit/Trust.lean:223:0: 'LidoSRv3.Audit.Spec.ConsolidationDenoteCallsChild.requestOne_uses_widened_call_constructor' does not depend on any axioms
info: LidoSRv3/Audit/Trust.lean:224:0: 'LidoSRv3.Audit.Spec.ConsolidationDenoteCallsChild.official_raw_call_still_reverts' depends on axioms: [propext,
 Quot.sound]
info: LidoSRv3/Audit/Trust.lean:225:0: 'LidoSRv3.Tests.PackW2DenoteMutants.official_revert_with_widened_bind' depends on axioms: [propext, Quot.sound]
info: LidoSRv3/Audit/Trust.lean:226:0: 'LidoSRv3.Audit.Spec.AddressClaimBatchCorrespondence.three_claim_payouts_match_reads' depends on axioms: [propext,
 Classical.choice,
 Quot.sound]
info: LidoSRv3/Audit/Trust.lean:227:0: 'LidoSRv3.Audit.Spec.AddressClaimBatchCorrespondence.length_mismatch_reverts' depends on axioms: [propext,
 Classical.choice,
 Quot.sound]
info: LidoSRv3/Audit/Trust.lean:228:0: 'LidoSRv3.Tests.PackW2AddressBatchMutants.swapped_payout_order_kill_line_refutes_three_item_batch' depends on axioms: [propext,
 Classical.choice,
 Quot.sound]
info: LidoSRv3/Audit/Trust.lean:229:0: 'LidoSRv3.Audit.Spec.Topup2WeiConversionChild.aligned_five_gwei_budget' depends on axioms: [propext, Quot.sound]
info: LidoSRv3/Audit/Trust.lean:230:0: 'LidoSRv3.Tests.PackW2Topup2WeiMutants.raw_valueWei_mutant_on_five_gwei_eq_five_billion_ne_five' depends on axioms: [propext,
 Quot.sound]
info: LidoSRv3/Audit/Trust.lean:231:0: 'LidoSRv3.Audit.Spec.ReserveQueueCacheChild.fresh_queue_cache_is_equality' does not depend on any axioms
info: LidoSRv3/Audit/Trust.lean:232:0: 'LidoSRv3.Tests.PackW2ReserveMutants.fresh_queue_cache_not_universal' depends on axioms: [propext]
info: LidoSRv3/Audit/Trust.lean:233:0: 'LidoSRv3.Audit.Spec.PauseAdmissionCorrespondence.request_or_unwrap_pause_balance_is_permissionless' depends on axioms: [propext]
info: LidoSRv3/Audit/Trust.lean:234:0: 'LidoSRv3.Audit.Spec.VaultHubScopeChild.approved_destination_cases' depends on axioms: [propext]
info: LidoSRv3/Audit/Trust.lean:235:0: 'LidoSRv3.Tests.PackW2ScopeMutants.approved_destination_has_only_six_scoped_ctors' does not depend on any axioms
info: LidoSRv3/Audit/Trust.lean:236:0: 'LidoSRv3.Audit.Guarantees.PAllocExec1.router_produces_executes_allocation' depends on axioms: [propext]
info: LidoSRv3/Audit/Trust.lean:237:0: 'LidoSRv3.Audit.Guarantees.PAllocExec1.allocated_amount_times_deposit_size' depends on axioms: [propext]
info: LidoSRv3/Audit/Trust.lean:238:0: 'LidoSRv3.Tests.PackN1AllocExecMutants.raw_count_router_kill_line_refutes_parent' depends on axioms: [propext]
info: LidoSRv3/Audit/Trust.lean:239:0: 'LidoSRv3.Tests.PackN1AllocExecMutants.raw_count_as_wei_kill_line' depends on axioms: [propext]
info: LidoSRv3/Audit/Trust.lean:240:0: 'LidoSRv3.Audit.Guarantees.PEthJournal1.journal_approved_excludes_protocol_return_paths' depends on axioms: [propext,
 Quot.sound]
info: LidoSRv3/Audit/Trust.lean:241:0: 'LidoSRv3.Audit.Guarantees.PEthJournal1.every_modeled_success_journal_approved' depends on axioms: [propext]
info: LidoSRv3/Audit/Trust.lean:242:0: 'LidoSRv3.Tests.PackN2EthJournalMutants.mutant_lido_approved_not_excluded_kill_line' depends on axioms: [propext]
info: LidoSRv3/Audit/Trust.lean:243:0: 'LidoSRv3.Tests.PackN2EthJournalMutants.fifth_destination_kill_line_retains_success_premises' depends on axioms: [propext,
 Quot.sound]
info: LidoSRv3/Audit/Trust.lean:244:0: 'LidoSRv3.Audit.Guarantees.PVaultEth1.protocol_return_value_hops' depends on axioms: [propext,
 Classical.choice,
 Quot.sound]
info: LidoSRv3/Audit/Trust.lean:245:0: 'LidoSRv3.Audit.Guarantees.PVaultEth1.vault_to_lido_value_frame_inhabited' depends on axioms: [propext,
 Classical.choice,
 Quot.sound]
info: LidoSRv3/Audit/Trust.lean:246:0: 'LidoSRv3.Audit.Guarantees.PVaultEth1.vault_to_withdrawal_queue_value_frame_inhabited' depends on axioms: [propext,
 Classical.choice,
 Quot.sound]
info: LidoSRv3/Audit/Trust.lean:247:0: 'LidoSRv3.Tests.PackP2VaultEthMutants.zero_value_frame_kill_line_refutes_parent' depends on axioms: [propext,
 Classical.choice,
 Quot.sound]
info: LidoSRv3/Audit/Trust.lean:248:0: 'LidoSRv3.Tests.PackP2VaultEthMutants.mutant_vault_lido_as_lidoPull_refutes_projection' depends on axioms: [propext]
info: LidoSRv3/Audit/Trust.lean:249:0: 'LidoSRv3.Tests.PackP2VaultEthMutants.input_caller_guard_refutes_exact_parent' depends on axioms: [propext,
 Classical.choice,
 Quot.sound]
info: LidoSRv3/Audit/Trust.lean:250:0: 'LidoSRv3.Audit.Guarantees.PToken1.request_owner_custody_invariant' depends on axioms: [propext, Quot.sound]
info: LidoSRv3/Audit/Trust.lean:251:0: 'LidoSRv3.Audit.Guarantees.PToken1.custody_premises_inhabited' does not depend on any axioms
info: LidoSRv3/Audit/Trust.lean:252:0: 'LidoSRv3.Audit.Guarantees.PToken1.supplied_owner_premises_inhabited' depends on axioms: [propext, Quot.sound]
info: LidoSRv3/Audit/Trust.lean:253:0: 'LidoSRv3.Audit.Source.WithdrawalQueueRequestCustody.custody_chain_preserved' depends on axioms: [propext, Quot.sound]
info: LidoSRv3/Audit/Trust.lean:254:0: 'LidoSRv3.Tests.WithdrawalQueueRequestCustodyMutants.zero_recipient_drop_kill_line_refutes_exact_parent' does not depend on any axioms
info: LidoSRv3/Audit/Trust.lean:255:0: 'LidoSRv3.Tests.WithdrawalQueueRequestCustodyMutants.caller_authorization_drop_kill_line_refutes_exact_parent' does not depend on any axioms
info: LidoSRv3/Audit/Trust.lean:256:0: 'LidoSRv3.Tests.WithdrawalQueueRequestCustodyMutants.owner_fallback_drop_kill_line_refutes_exact_parent' does not depend on any axioms
info: LidoSRv3/Audit/Trust.lean:257:0: 'LidoSRv3.Tests.WithdrawalQueueRequestCustodyMutants.owner_guard_drop_kill_line_refutes_exact_parent' does not depend on any axioms
info: LidoSRv3/Audit/Trust.lean:258:0: 'LidoSRv3.Audit.Guarantees.POracleSupply1.oracle_supply_mint_and_cap' depends on axioms: [propext]
info: LidoSRv3/Audit/Trust.lean:259:0: 'LidoSRv3.Audit.Guarantees.POracleSupply1.oracle_supply_entry_source_domain' depends on axioms: [propext, Quot.sound]
info: LidoSRv3/Audit/Trust.lean:260:0: 'LidoSRv3.Audit.Guarantees.POracleSupply1.oracle_supply_live_computed_mint' depends on axioms: [propext, Quot.sound]
info: LidoSRv3/Audit/Trust.lean:261:0: 'LidoSRv3.Tests.PackN3OracleMintMutants.sum_balances_mutant_killed' depends on axioms: [propext]
info: LidoSRv3/Audit/Trust.lean:262:0: 'LidoSRv3.Tests.PackN3OracleMintMutants.raw_fee_mutant_killed' does not depend on any axioms
info: LidoSRv3/Audit/Trust.lean:263:0: 'LidoSRv3.Tests.PackN3OracleMintMutants.free_argument_does_not_satisfy_computed_observe' depends on axioms: [propext,
 Quot.sound]
info: LidoSRv3/Audit/Trust.lean:264:0: 'LidoSRv3.Audit.Guarantees.POracleSupply1.oracle_supply_submit_report_data_computed_entry' depends on axioms: [propext,
 Quot.sound]
info: LidoSRv3/Audit/Trust.lean:265:0: 'LidoSRv3.Audit.SolidityAccounting.SubmitReportEntry.entry_mint_le_pinned_shares' depends on axioms: [propext]
info: LidoSRv3/Audit/Trust.lean:266:0: 'LidoSRv3.Audit.SolidityAccounting.SubmitReportEntry.entry_mint_eq_pinned_of_exact' depends on axioms: [propext]
info: LidoSRv3/Audit/Trust.lean:267:0: 'LidoSRv3.Tests.PackP3SubmitReportEntryMutants.still_free_entry_kill_line_refutes_parent' depends on axioms: [propext,
 Classical.choice,
 Quot.sound]
info: LidoSRv3/Audit/Trust.lean:268:0: 'LidoSRv3.Tests.PackP3SubmitReportEntryMutants.skips_simulate_kill_line_refutes_parent' depends on axioms: [propext,
 Classical.choice,
 Quot.sound]
info: LidoSRv3/Audit/Trust.lean:269:0: 'LidoSRv3.Tests.PackP3SubmitReportEntryMutants.hash_premise_is_load_bearing' depends on axioms: [propext]
info: LidoSRv3/Audit/Trust.lean:270:0: 'LidoSRv3.Audit.Guarantees.PAddressBatch1.p_address_batch_1_fuel_bounded_live_claim_batch' depends on axioms: [propext,
 Classical.choice,
 Quot.sound]
info: LidoSRv3/Audit/Trust.lean:271:0: 'LidoSRv3.Audit.Guarantees.PAddressBatch1.p_address_batch_1_unbounded_recipient_rename' depends on axioms: [propext,
 Classical.choice,
 Quot.sound]
info: LidoSRv3/Audit/Trust.lean:272:0: 'LidoSRv3.Audit.Guarantees.PAddressBatch1.p_address_batch_1_fuel_bounded_recipient_rename' depends on axioms: [propext,
 Classical.choice,
 Quot.sound]
info: LidoSRv3/Audit/Trust.lean:273:0: 'LidoSRv3.Tests.PackN4AddressBatchMutants.swapped_three_payout_order_kill_line_refutes_parent' depends on axioms: [propext,
 Classical.choice,
 Quot.sound]
info: LidoSRv3/Audit/Trust.lean:274:0: 'LidoSRv3.Tests.PackN4AddressBatchMutants.fixed_dest_rename_kill_line_refutes_parent' depends on axioms: [propext,
 Classical.choice,
 Quot.sound]
info: LidoSRv3/Audit/Trust.lean:275:0: 'LidoSRv3.Audit.Guarantees.PSszLive1.modeled_beacon_roots_live_ssz_consume' depends on axioms: [propext, Quot.sound]
info: LidoSRv3/Audit/Trust.lean:276:0: 'LidoSRv3.Audit.Verity.SszTxSimulation.digest_preimages_length' depends on axioms: [propext, Quot.sound]
info: LidoSRv3/Audit/Trust.lean:277:0: 'LidoSRv3.Audit.Spec.Eip4788AnchorChild.eip4788_parent_root_identified' depends on axioms: [propext]
info: LidoSRv3/Audit/Trust.lean:278:0: 'LidoSRv3.Audit.Verity.BeaconRootsTx.spec_source_verity_beacon_roots' depends on axioms: [propext]
info: LidoSRv3/Audit/Trust.lean:279:0: 'LidoSRv3.Audit.Guarantees.PSszLive1.production_witness_admission_correspondence' depends on axioms: [propext,
 Quot.sound]
info: LidoSRv3/Audit/Trust.lean:280:0: 'LidoSRv3.Tests.PackN5SszLiveMutants.skip_lookup_kill_line_refutes_parent' depends on axioms: [propext,
 Classical.choice,
 Quot.sound]
info: LidoSRv3/Audit/Trust.lean:281:0: 'LidoSRv3.Tests.PackN5SszLiveMutants.ignore_timestamp_kill_line_refutes_consume_parent' depends on axioms: [propext]
info: LidoSRv3/Audit/Trust.lean:282:0: 'LidoSRv3.Audit.Guarantees.PConsolidationValue1.official_denote_succeeds_and_justified_forwards_msg_value' depends on axioms: [propext,
 Classical.choice,
 Quot.sound]
info: LidoSRv3/Audit/Trust.lean:283:0: 'LidoSRv3.Audit.Guarantees.PConsolidationValue1.justified_interpreter_forwards_exactly_msg_value' depends on axioms: [propext,
 Classical.choice,
 Quot.sound]
info: LidoSRv3/Audit/Trust.lean:284:0: 'LidoSRv3.Audit.Verity.ConsolidationOfficialDenoteSuccess.official_denote_succeeds_on_value_bearing_request_calls' depends on axioms: [propext,
 Classical.choice,
 Quot.sound]
info: LidoSRv3/Audit/Trust.lean:285:0: 'LidoSRv3.Tests.PackN6ConsolValueMutants.official_denote_success_kill_line_refutes_parent' depends on axioms: [propext,
 Quot.sound]
info: LidoSRv3/Audit/Trust.lean:286:0: 'LidoSRv3.Tests.PackN6ConsolValueMutants.zero_value_calls_refute_exact_forwarding' depends on axioms: [propext,
 Classical.choice,
 Quot.sound]
info: LidoSRv3/Audit/Trust.lean:287:0: 'LidoSRv3.Tests.PackP6OfficialSuccessMutants.official_denote_mutant_still_reverts_refutes_parent' depends on axioms: [propext,
 Classical.choice,
 Quot.sound]
info: LidoSRv3/Audit/Trust.lean:288:0: 'LidoSRv3.Tests.PackP6OfficialSuccessMutants.zero_value_link_mutant_refutes_value_bearing_conjunct' depends on axioms: [propext,
 Classical.choice,
 Quot.sound]
info: LidoSRv3/Audit/Trust.lean:289:0: 'LidoSRv3.Tests.PackP6OfficialSuccessMutants.rejecting_predeploy_refutes_unpremised_success' depends on axioms: [propext,
 Classical.choice,
 Quot.sound]
info: LidoSRv3/Audit/Trust.lean:290:0: 'LidoSRv3.Audit.Guarantees.PAlloc1.active_capacity_bounded' depends on axioms: [propext]
info: LidoSRv3/Audit/Trust.lean:291:0: 'LidoSRv3.Audit.Guarantees.PAlloc1.source_capacities_match_canonical' depends on axioms: [propext, Quot.sound]
info: LidoSRv3/Audit/Trust.lean:292:0: 'LidoSRv3.Audit.Guarantees.PAlloc1.source_capacities_and_mapped_summary_transaction' depends on axioms: [propext,
 Classical.choice,
 Quot.sound,
 LidoSRv3.Audit.Verity.AllocCapacityPhase3.consumed_summary_function_spec_compiles._native.native_decide.ax_1_1]
info: LidoSRv3/Audit/Trust.lean:293:0: 'LidoSRv3.Audit.Guarantees.PAlloc1.verity_tx_simulates_allocation' depends on axioms: [propext,
 Classical.choice,
 Quot.sound]
info: LidoSRv3/Audit/Trust.lean:294:0: 'LidoSRv3.Audit.Guarantees.PAlloc1.verity_tx_revert_restores_snapshot' depends on axioms: [propext]
info: LidoSRv3/Audit/Trust.lean:295:0: 'LidoSRv3.Audit.Verity.AllocationTx.revert_restores_snapshot' depends on axioms: [propext]
info: LidoSRv3/Audit/Trust.lean:296:0: 'LidoSRv3.Audit.Guarantees.PAlloc1.router_order_preserved' depends on axioms: [propext, Quot.sound]
info: LidoSRv3/Audit/Trust.lean:297:0: 'LidoSRv3.Audit.Guarantees.PAlloc1Phase3.mapped_summary_call_transaction' depends on axioms: [propext,
 Classical.choice,
 Quot.sound,
 LidoSRv3.Audit.Verity.AllocCapacityPhase3.consumed_summary_function_spec_compiles._native.native_decide.ax_1_1]
info: LidoSRv3/Audit/Trust.lean:298:0: 'LidoSRv3.Audit.Guarantees.PAlloc2.selects_least_open_bucket' depends on axioms: [propext, Quot.sound]
info: LidoSRv3/Audit/Trust.lean:299:0: 'LidoSRv3.Audit.Guarantees.PAlloc2.verity_tx_simulates_min_first_distribution' depends on axioms: [propext,
 Classical.choice,
 Quot.sound]
info: LidoSRv3/Audit/Trust.lean:300:0: 'LidoSRv3.Audit.Verity.MinFirstDistributionTx.revert_restores_snapshot' depends on axioms: [propext,
 Classical.choice,
 Quot.sound]
info: LidoSRv3/Audit/Trust.lean:301:0: 'LidoSRv3.Audit.Guarantees.PAlloc2.source_selects_same_next_target' depends on axioms: [propext]
info: LidoSRv3/Audit/Trust.lean:302:0: 'LidoSRv3.Audit.Guarantees.PAlloc2.full_candidate_correspondence' depends on axioms: [propext]
info: LidoSRv3/Audit/Trust.lean:303:0: 'LidoSRv3.Audit.Guarantees.PAlloc2.source_amount_correspondence' depends on axioms: [propext, Quot.sound]
info: LidoSRv3/Audit/Trust.lean:304:0: 'LidoSRv3.Audit.Guarantees.PAlloc2.source_pinned_expression_shape' depends on axioms: [propext, Quot.sound]
info: LidoSRv3/Audit/Trust.lean:305:0: 'LidoSRv3.Audit.Guarantees.PAlloc2.source_amount_totality' depends on axioms: [propext, Quot.sound]
info: LidoSRv3/Audit/Trust.lean:306:0: 'LidoSRv3.Audit.Guarantees.PAlloc2.proportional_step_correspondence_and_bounded' depends on axioms: [propext,
 Quot.sound]
info: LidoSRv3/Audit/Trust.lean:307:0: 'LidoSRv3.Audit.Guarantees.PAlloc2.forall_proportional_step_correspondence_and_bounded' depends on axioms: [propext,
 Quot.sound]
info: LidoSRv3/Audit/Trust.lean:308:0: 'LidoSRv3.Audit.Verity.MinFirstDistributionTx.allocateLoop_conserves_total' depends on axioms: [propext, Quot.sound]
info: LidoSRv3/Audit/Trust.lean:309:0: 'LidoSRv3.Audit.Guarantees.PAlloc2.source_allocate_loop_conserves_requested' depends on axioms: [propext, Quot.sound]
info: LidoSRv3/Audit/Trust.lean:310:0: 'LidoSRv3.Audit.Guarantees.PAlloc2.step_correspondence_and_full_loop_conservation' depends on axioms: [propext,
 Classical.choice,
 Quot.sound]
info: LidoSRv3/Audit/Trust.lean:311:0: 'LidoSRv3.Audit.Guarantees.PAlloc2.tx_step_matches_source' depends on axioms: [propext, Quot.sound]
info: LidoSRv3/Audit/Trust.lean:312:0: 'LidoSRv3.Audit.Guarantees.PAlloc2.tx_step_is_safe' depends on axioms: [propext, Quot.sound]
info: LidoSRv3/Audit/Trust.lean:313:0: 'LidoSRv3.Audit.Guarantees.PAlloc2.tx_revert_restores_snapshot' depends on axioms: [propext]
info: LidoSRv3/Audit/Trust.lean:314:0: 'LidoSRv3.Audit.Guarantees.PAlloc1EugeneBound.checked_amount_le_bond' depends on axioms: [propext, Quot.sound]
info: LidoSRv3/Audit/Trust.lean:315:0: 'LidoSRv3.Audit.Guarantees.PAlloc1EugeneBound.operator_reward_share_le_configured_bond' depends on axioms: [propext,
 Quot.sound]
info: LidoSRv3/Audit/Trust.lean:316:0: 'LidoSRv3.Audit.MinFirstAllocation.Model.success_conservation' depends on axioms: [propext]
info: LidoSRv3/Audit/Trust.lean:317:0: 'LidoSRv3.Audit.MinFirstAllocation.Model.success_capacity' depends on axioms: [propext, Quot.sound]
info: LidoSRv3/Audit/Trust.lean:318:0: 'LidoSRv3.Audit.MinFirstAllocation.Model.failure_rolls_back' does not depend on any axioms
info: LidoSRv3/Audit/Trust.lean:319:0: 'LidoSRv3.Audit.MinFirstAllocation.Source.success_conservation' depends on axioms: [propext]
info: LidoSRv3/Audit/Trust.lean:320:0: 'LidoSRv3.Audit.MinFirstAllocation.Source.success_capacity' depends on axioms: [propext, Quot.sound]
info: LidoSRv3/Audit/Trust.lean:321:0: 'LidoSRv3.Audit.MinFirstAllocation.Source.revert_rolls_back' depends on axioms: [propext]
info: LidoSRv3/Audit/Trust.lean:322:0: 'LidoSRv3.Audit.Guarantees.PAccount1.source_report_before_reward' depends on axioms: [propext, Quot.sound]
info: LidoSRv3/Audit/Trust.lean:323:0: 'LidoSRv3.Audit.Guarantees.PAccount1.verity_tx_simulates_oracle_report' depends on axioms: [propext, Quot.sound]
info: LidoSRv3/Audit/Trust.lean:324:0: 'LidoSRv3.Audit.Guarantees.PAccount1.verity_tx_revert_restores_snapshot' depends on axioms: [propext]
info: LidoSRv3/Audit/Trust.lean:325:0: 'LidoSRv3.Audit.Guarantees.PAccount1.mint_after_read_discipline' depends on axioms: [propext, Quot.sound]
info: LidoSRv3/Audit/Trust.lean:326:0: 'LidoSRv3.Audit.Guarantees.PAccount1.mint_order_kill_line' depends on axioms: [propext, Quot.sound]
info: LidoSRv3/Audit/Trust.lean:327:0: 'LidoSRv3.Audit.Verity.HandleOracleReportTx.verity_tx_simulates_pinned_source' depends on axioms: [propext, Quot.sound]
info: LidoSRv3/Audit/Trust.lean:328:0: 'LidoSRv3.Audit.Verity.HandleOracleReportTx.revert_restores_snapshot' depends on axioms: [propext]
info: LidoSRv3/Audit/Trust.lean:329:0: 'LidoSRv3.Audit.Verity.HandleOracleReportTx.mintAfterReadDiscipline_holds' depends on axioms: [propext, Quot.sound]
info: LidoSRv3/Audit/Trust.lean:330:0: 'LidoSRv3.Audit.Verity.HandleOracleReportTx.mintOrderKillLine_holds' depends on axioms: [propext, Quot.sound]
info: LidoSRv3/Audit/Trust.lean:331:0: 'LidoSRv3.Tests.HandleOracleReportTxMutants.reordered_mint_read_kill_line_refutes_parent' depends on axioms: [propext,
 Quot.sound]
info: LidoSRv3/Audit/Trust.lean:332:0: 'LidoSRv3.Audit.Verity.AddressAdmission.run_claim_success' depends on axioms: [propext, Quot.sound]
info: LidoSRv3/Audit/Trust.lean:333:0: 'LidoSRv3.Audit.Verity.AddressAdmission.admission_address_equivariant' depends on axioms: [propext, Quot.sound]
info: LidoSRv3/Audit/Trust.lean:334:0: 'LidoSRv3.Audit.Verity.AddressAdmission.claim_admits' depends on axioms: [propext, Quot.sound]
info: LidoSRv3/Audit/Trust.lean:335:0: 'LidoSRv3.Audit.Verity.AddressAdmission.claim_rejects_empty_balance' depends on axioms: [propext, Quot.sound]
info: LidoSRv3/Audit/Trust.lean:336:0: 'LidoSRv3.Audit.Verity.AddressAdmission.claim_rejects_when_paused' depends on axioms: [propext, Quot.sound]
info: LidoSRv3/Audit/Trust.lean:337:0: 'LidoSRv3.Audit.Verity.AddressAdmission.ownerGated_not_admission_equivariant' depends on axioms: [propext, Quot.sound]
info: LidoSRv3/Audit/Trust.lean:338:0: 'LidoSRv3.Audit.Verity.ConsolidationCallFragment.raw_call_entrypoint_always_reverts' depends on axioms: [propext,
 Quot.sound]
info: LidoSRv3/Audit/Trust.lean:339:0: 'LidoSRv3.Audit.Verity.ConsolidationCallFragment.external_call_bind_entrypoint_always_reverts' depends on axioms: [propext,
 Quot.sound]
info: LidoSRv3/Audit/Trust.lean:341:0: 'LidoSRv3.Audit.Verity.ConsolidationCallFragment.requestConsolidationBind_registered' depends on axioms: [propext]
info: LidoSRv3/Audit/Trust.lean:342:0: 'LidoSRv3.Audit.Verity.ConsolidationCallFragment.registered_external_call_bind_entrypoint_always_reverts' depends on axioms: [propext,
 Quot.sound]
info: LidoSRv3/Audit/Trust.lean:344:0: 'LidoSRv3.Audit.Verity.ConsolidationCallFragment.guards_only_succeeds' depends on axioms: [propext, Quot.sound]
info: LidoSRv3/Audit/Trust.lean:345:0: 'LidoSRv3.Audit.Verity.ConsolidationCallFragment.success_hypotheses_are_vacuous' depends on axioms: [propext,
 Quot.sound]
info: LidoSRv3/Audit/Trust.lean:346:0: 'LidoSRv3.Audit.Guarantees.PAddress1.universal_address_writer_equivariance' depends on axioms: [propext, Quot.sound]
info: LidoSRv3/Audit/Trust.lean:347:0: 'LidoSRv3.Audit.Guarantees.PAddress1.abstract_source_verity_tx_address_equivariance' depends on axioms: [propext,
 Classical.choice,
 Quot.sound]
info: LidoSRv3/Audit/Trust.lean:348:0: 'LidoSRv3.Audit.Verity.AddressTx.pinned_source_observable_correspondence' depends on axioms: [propext,
 Classical.choice,
 Quot.sound]
info: LidoSRv3/Audit/Trust.lean:349:0: 'LidoSRv3.Audit.Verity.AddressTx.executed_address_writes_follow_renamed_source' depends on axioms: [propext,
 Classical.choice,
 Quot.sound]
info: LidoSRv3/Audit/Trust.lean:350:0: 'LidoSRv3.Audit.Verity.AddressTx.every_revert_restores_snapshot' depends on axioms: [propext]
info: LidoSRv3/Audit/Trust.lean:351:0: 'LidoSRv3.Tests.AddressSourceMutants.verity_wrong_recipient_mutant_rejected' depends on axioms: [propext]
info: LidoSRv3/Audit/Trust.lean:352:0: 'LidoSRv3.Tests.AddressSourceMutants.verity_fixed_owner_writer_mutant_rejected' depends on axioms: [propext]
info: LidoSRv3/Audit/Trust.lean:353:0: 'LidoSRv3.Tests.AddressSourceMutants.verity_zero_amount_rejected' depends on axioms: [propext]
info: LidoSRv3/Audit/Trust.lean:354:0: 'LidoSRv3.Tests.AddressSourceMutants.fixed_owner_gate_not_admission_equivariant' depends on axioms: [propext]
info: LidoSRv3/Audit/Trust.lean:355:0: 'LidoSRv3.Tests.AddressSourceMutants.fixed_owner_gate_kill_line_refutes_parent' depends on axioms: [propext]
info: LidoSRv3/Audit/Trust.lean:356:0: 'LidoSRv3.Tests.AddressSourceMutants.fixed_owner_writer_kill_line_refutes_parent' depends on axioms: [propext]
info: LidoSRv3/Audit/Trust.lean:357:0: 'LidoSRv3.Audit.Guarantees.PConsolidation1.source_consolidation_preserves_eligibility_value_atomicity' depends on axioms: [propext,
 Classical.choice,
 Quot.sound]
info: LidoSRv3/Audit/Trust.lean:359:0: 'LidoSRv3.Audit.Guarantees.PConsolidation1.verity_tx_simulates_consolidation' depends on axioms: [propext, Quot.sound]
info: LidoSRv3/Audit/Trust.lean:361:0: 'LidoSRv3.Audit.Guarantees.PConsolidation1.verity_tx_revert_restores_snapshot' depends on axioms: [propext]
info: LidoSRv3/Audit/Trust.lean:363:0: 'LidoSRv3.Audit.Guarantees.PConsolidation1.verity_tx_journal_forwards_msg_value' depends on axioms: [propext,
 Quot.sound]
info: LidoSRv3/Audit/Trust.lean:365:0: 'LidoSRv3.Audit.Guarantees.PConsolidation1.verity_tx_preserves_eth_balance' depends on axioms: [propext, Quot.sound]
info: LidoSRv3/Audit/Trust.lean:367:0: 'LidoSRv3.Audit.Verity.ConsolidationTx.function_spec_bridge_constructors' does not depend on any axioms
info: LidoSRv3/Audit/Trust.lean:368:0: 'LidoSRv3.Audit.Verity.ConsolidationTx.committed_journal_forwards_msg_value' depends on axioms: [propext, Quot.sound]
info: LidoSRv3/Audit/Trust.lean:369:0: 'LidoSRv3.Audit.Verity.ConsolidationTx.committed_preserves_eth_balance' depends on axioms: [propext, Quot.sound]
info: LidoSRv3/Audit/Trust.lean:370:0: 'LidoSRv3.Audit.Verity.ConsolidationTx.entry_credit_overflow_reverts' depends on axioms: [propext, Quot.sound]
info: LidoSRv3/Audit/Trust.lean:371:0: 'LidoSRv3.Tests.ConsolidationTxMutants.value_blind_debit_kill_line_refutes_preserves_eth_balance' depends on axioms: [propext,
 LidoSRv3.Tests.ConsolidationTxMutants.value_blind_debit_kill_line_refutes_preserves_eth_balance._native.native_decide.ax_1_1,
 LidoSRv3.Tests.ConsolidationTxMutants.value_blind_debit_kill_line_refutes_preserves_eth_balance._native.native_decide.ax_1_2,
 LidoSRv3.Tests.ConsolidationTxMutants.value_blind_debit_kill_line_refutes_preserves_eth_balance._native.native_decide.ax_1_3,
 LidoSRv3.Tests.ConsolidationTxMutants.value_blind_debit_kill_line_refutes_preserves_eth_balance._native.native_decide.ax_1_4,
 LidoSRv3.Tests.ConsolidationTxMutants.value_blind_debit_kill_line_refutes_preserves_eth_balance._native.native_decide.ax_1_5,
 LidoSRv3.Tests.ConsolidationTxMutants.value_blind_debit_kill_line_refutes_preserves_eth_balance._native.native_decide.ax_1_6]
info: LidoSRv3/Audit/Trust.lean:373:0: 'LidoSRv3.Tests.ConsolidationTxMutants.double_debit_kill_line_refutes_preserves_eth_balance' depends on axioms: [propext,
 LidoSRv3.Tests.ConsolidationTxMutants.double_debit_kill_line_refutes_preserves_eth_balance._native.native_decide.ax_1_1,
 LidoSRv3.Tests.ConsolidationTxMutants.double_debit_kill_line_refutes_preserves_eth_balance._native.native_decide.ax_1_2,
 LidoSRv3.Tests.ConsolidationTxMutants.double_debit_kill_line_refutes_preserves_eth_balance._native.native_decide.ax_1_3,
 LidoSRv3.Tests.ConsolidationTxMutants.double_debit_kill_line_refutes_preserves_eth_balance._native.native_decide.ax_1_4,
 LidoSRv3.Tests.ConsolidationTxMutants.double_debit_kill_line_refutes_preserves_eth_balance._native.native_decide.ax_1_5,
 LidoSRv3.Tests.ConsolidationTxMutants.double_debit_kill_line_refutes_preserves_eth_balance._native.native_decide.ax_1_6]
info: LidoSRv3/Audit/Trust.lean:375:0: 'LidoSRv3.Tests.ConsolidationTxMutants.journal_value_blind_kill_line_refutes_exact_forwarding' depends on axioms: [propext,
 LidoSRv3.Tests.ConsolidationTxMutants.journal_value_blind_kill_line_refutes_exact_forwarding._native.native_decide.ax_1_1,
 LidoSRv3.Tests.ConsolidationTxMutants.journal_value_blind_kill_line_refutes_exact_forwarding._native.native_decide.ax_1_2,
 LidoSRv3.Tests.ConsolidationTxMutants.journal_value_blind_kill_line_refutes_exact_forwarding._native.native_decide.ax_1_3,
 LidoSRv3.Tests.ConsolidationTxMutants.journal_value_blind_kill_line_refutes_exact_forwarding._native.native_decide.ax_1_4,
 LidoSRv3.Tests.ConsolidationTxMutants.journal_value_blind_kill_line_refutes_exact_forwarding._native.native_decide.ax_1_5,
 LidoSRv3.Tests.ConsolidationTxMutants.journal_value_blind_kill_line_refutes_exact_forwarding._native.native_decide.ax_1_6,
 LidoSRv3.Tests.ConsolidationTxMutants.journal_value_blind_kill_line_refutes_exact_forwarding._native.native_decide.ax_1_7]
info: LidoSRv3/Audit/Trust.lean:377:0: 'LidoSRv3.Audit.Guarantees.PAddress1.bounded_transfer_model_source_tx' depends on axioms: [propext, Quot.sound]
info: LidoSRv3/Audit/Trust.lean:378:0: 'LidoSRv3.Audit.Guarantees.PAddress1.bounded_live_claim_batch_storage_call_surface' depends on axioms: [propext,
 Classical.choice,
 Quot.sound]
info: LidoSRv3/Audit/Trust.lean:379:0: 'LidoSRv3.Audit.Verity.AddressClaimBatchTx.two_claim_batch_observe' depends on axioms: [propext,
 Classical.choice,
 Quot.sound]
info: LidoSRv3/Audit/Trust.lean:380:0: 'LidoSRv3.Audit.Verity.AddressClaimBatchTx.every_revert_restores_snapshot' depends on axioms: [propext,
 Classical.choice,
 Quot.sound]
info: LidoSRv3/Audit/Trust.lean:381:0: 'LidoSRv3.Audit.Verity.AddressTransferTx.tx_refines_source_witness' depends on axioms: [propext, Quot.sound]
info: LidoSRv3/Audit/Trust.lean:382:0: 'LidoSRv3.Audit.Source.AddressTransferCorrespondence.fixed_caller_mutant_rejected' does not depend on any axioms
info: LidoSRv3/Audit/Trust.lean:383:0: 'LidoSRv3.Audit.Guarantees.PDeposit1.source_deposit_conserves_and_rolls_back' depends on axioms: [propext]
info: LidoSRv3/Audit/Trust.lean:384:0: 'LidoSRv3.Audit.Guarantees.PDeposit1.source_router_balance_unchanged' depends on axioms: [propext]
info: LidoSRv3/Audit/Trust.lean:385:0: 'LidoSRv3.Audit.Guarantees.PDeposit1.source_reverting_branch_moves_no_ether' depends on axioms: [propext]
info: LidoSRv3/Audit/Trust.lean:386:0: 'LidoSRv3.Audit.Guarantees.PDeposit1.source_nonconserving_deployment_reverts' depends on axioms: [propext]
info: LidoSRv3/Audit/Trust.lean:387:0: 'LidoSRv3.Audit.Guarantees.PDeposit1.verity_tx_revert_restores_snapshot' depends on axioms: [propext,
 Classical.choice,
 Quot.sound]
info: LidoSRv3/Audit/Trust.lean:388:0: 'LidoSRv3.Audit.Verity.DepositTx.run_simulates_source' depends on axioms: [propext, Classical.choice, Quot.sound]
info: LidoSRv3/Audit/Trust.lean:389:0: 'LidoSRv3.Tests.DepositTxMutants.double_beacon_send_rejected' depends on axioms: [propext, Classical.choice, Quot.sound]
info: LidoSRv3/Audit/Trust.lean:390:0: 'LidoSRv3.Audit.Guarantees.PDeposit1.verity_tx_composes_deposit_conservation_and_rollback' depends on axioms: [propext,
 Classical.choice,
 Quot.sound]
info: LidoSRv3/Audit/Trust.lean:392:0: 'LidoSRv3.Audit.Guarantees.PDeposit1.canonical_composition_witness' depends on axioms: [propext,
 Classical.choice,
 Quot.sound]
info: LidoSRv3/Audit/Trust.lean:393:0: 'LidoSRv3.Audit.Guarantees.PDeposit1.linked_deployment_push_is_word_bounded' depends on axioms: [propext, Quot.sound]
info: LidoSRv3/Audit/Trust.lean:394:0: 'LidoSRv3.Audit.Guarantees.PDeposit1.linked_conserving_deployment_pull_is_word_bounded' depends on axioms: [propext,
 Quot.sound]
info: LidoSRv3/Audit/Trust.lean:396:0: 'LidoSRv3.Audit.Guarantees.PDeposit1.linked_hypotheses_do_not_bound_the_line_972_product' depends on axioms: [propext]
info: LidoSRv3/Audit/Trust.lean:398:0: 'LidoSRv3.Audit.Guarantees.PDeposit1.skewed_pull_witness_turned_away_before_line_972' depends on axioms: [propext]
info: LidoSRv3/Audit/Trust.lean:400:0: 'LidoSRv3.Audit.Guarantees.PDeposit1.line_972_product_le_module_allocation' depends on axioms: [propext]
info: LidoSRv3/Audit/Trust.lean:402:0: 'LidoSRv3.Audit.Guarantees.PDeposit1.encodable_allocation_bounds_line_972_product' depends on axioms: [propext]
info: LidoSRv3/Audit/Trust.lean:404:0: 'LidoSRv3.Audit.Guarantees.PDeposit1.in_range_commit_is_word_bounded' depends on axioms: [propext, Quot.sound]
info: LidoSRv3/Audit/Trust.lean:406:0: 'LidoSRv3.Audit.Guarantees.PDeposit1.oversized_run_commits' depends on axioms: [propext, Quot.sound]
info: LidoSRv3/Audit/Trust.lean:407:0: 'LidoSRv3.Audit.Guarantees.PDeposit1.oversized_input_is_outside_the_source_domain' depends on axioms: [propext]
info: LidoSRv3/Audit/Trust.lean:409:0: 'LidoSRv3.Audit.Guarantees.PDeposit1.oversized_input_exceeds_word' depends on axioms: [propext, Quot.sound]
info: LidoSRv3/Audit/Trust.lean:411:0: 'LidoSRv3.Audit.Guarantees.PDeposit1.abstract_parent_covers_inputs_the_verity_plane_omits' depends on axioms: [propext,
 Quot.sound]
info: LidoSRv3/Audit/Trust.lean:413:0: 'LidoSRv3.Audit.Guarantees.PDeposit1.manyKey_input_is_within_the_source_domain' does not depend on any axioms
info: LidoSRv3/Audit/Trust.lean:415:0: 'LidoSRv3.Audit.Guarantees.PDeposit1.manyKey_run_commits' depends on axioms: [propext]
info: LidoSRv3/Audit/Trust.lean:416:0: 'LidoSRv3.Audit.Guarantees.PDeposit1.manyKey_links_source_two_legs' depends on axioms: [propext]
info: LidoSRv3/Audit/Trust.lean:418:0: 'LidoSRv3.Audit.Guarantees.PDeposit1.manyKey_entry_state_guards_are_load_bearing' depends on axioms: [propext]
info: LidoSRv3/Audit/Trust.lean:420:0: 'LidoSRv3.Audit.Guarantees.PDeposit1.manyKey_underfunded_entry_reverts_at_not_enough_ether' depends on axioms: [propext,
 Classical.choice,
 Quot.sound]
info: LidoSRv3/Audit/Trust.lean:422:0: 'LidoSRv3.Audit.Verity.DepositParentTx.execute_observes_source' depends on axioms: [propext,
 Classical.choice,
 Quot.sound]
info: LidoSRv3/Audit/Trust.lean:423:0: 'LidoSRv3.Audit.Verity.DepositParentTx.revert_after_intermediate_writes_restores_snapshot' depends on axioms: [propext,
 Classical.choice,
 Quot.sound]
info: LidoSRv3/Audit/Trust.lean:425:0: 'LidoSRv3.Audit.Verity.DepositParentTx.revert_observes_idle' depends on axioms: [propext, Classical.choice, Quot.sound]
info: LidoSRv3/Audit/Trust.lean:426:0: 'LidoSRv3.Tests.DepositParentTxMutants.mutant_none_reproduces_execute' depends on axioms: [propext,
 Classical.choice,
 Quot.sound]
info: LidoSRv3/Audit/Trust.lean:427:0: 'LidoSRv3.Tests.DepositParentTxMutants.skipped_allocation_write_rejected' depends on axioms: [propext,
 Classical.choice,
 Quot.sound]
info: LidoSRv3/Audit/Trust.lean:428:0: 'LidoSRv3.Tests.DepositParentTxMutants.skipped_dynamic_data_write_rejected' depends on axioms: [propext,
 Classical.choice,
 Quot.sound]
info: LidoSRv3/Audit/Trust.lean:429:0: 'LidoSRv3.Tests.DepositParentTxMutants.skipped_root_write_rejected' depends on axioms: [propext,
 Classical.choice,
 Quot.sound]
info: LidoSRv3/Audit/Trust.lean:430:0: 'LidoSRv3.Tests.DepositParentTxMutants.misrouted_push_rejected' depends on axioms: [propext,
 Classical.choice,
 Quot.sound]
info: LidoSRv3/Audit/Trust.lean:431:0: 'LidoSRv3.Tests.DepositParentTxMutants.dropped_push_rejected' depends on axioms: [propext, Classical.choice, Quot.sound]
info: LidoSRv3/Audit/Trust.lean:432:0: 'LidoSRv3.Tests.DepositParentTxMutants.root_failure_observes_idle' depends on axioms: [propext,
 Classical.choice,
 Quot.sound]
info: LidoSRv3/Audit/Trust.lean:433:0: 'LidoSRv3.Audit.Guarantees.PDeposit1.NFrame.verity_tx_composes_nframe_deposit' depends on axioms: [propext,
 Classical.choice,
 Quot.sound]
info: LidoSRv3/Audit/Trust.lean:435:0: 'LidoSRv3.Audit.Verity.DepositNFrameTx.nframe_deposit_parent' depends on axioms: [propext, Classical.choice, Quot.sound]
info: LidoSRv3/Audit/Trust.lean:436:0: 'LidoSRv3.Audit.Verity.DepositNFrameTx.wrapping_fold_reverts_without_journal' depends on axioms: [propext,
 Classical.choice,
 Quot.sound]
info: LidoSRv3/Audit/Trust.lean:438:0: 'LidoSRv3.Audit.Spec.DepositNFrameCorrespondence.router_links_source' depends on axioms: [propext, Quot.sound]
info: LidoSRv3/Audit/Trust.lean:439:0: 'LidoSRv3.Tests.DepositNFrameTxMutants.fixed_two_only_refutes_nframe_parent' depends on axioms: [propext,
 Classical.choice,
 Quot.sound]
info: LidoSRv3/Audit/Trust.lean:441:0: 'LidoSRv3.Audit.Guarantees.PConsolidationEth1.eth_flow_confined' depends on axioms: [propext, Quot.sound]
info: LidoSRv3/Audit/Trust.lean:442:0: 'LidoSRv3.Audit.Guarantees.PConsolidationEth1.consolidation_fee_path_confined' depends on axioms: [propext]
info: LidoSRv3/Audit/Trust.lean:443:0: 'LidoSRv3.Audit.Guarantees.PConsolidationEth1.eth_flow_parent' depends on axioms: [propext, Quot.sound]
info: LidoSRv3/Audit/Trust.lean:444:0: 'LidoSRv3.Audit.Guarantees.PConsolidationEth1.eth_flow_parent_at_canonical' depends on axioms: [propext, Quot.sound]
info: LidoSRv3/Audit/Trust.lean:445:0: 'LidoSRv3.Audit.Guarantees.PConsolidationEth1.verity_tx_universal_success_shape' depends on axioms: [propext,
 Classical.choice,
 Quot.sound]
info: LidoSRv3/Audit/Trust.lean:446:0: 'LidoSRv3.Audit.Guarantees.PConsolidationEth1.verity_tx_universal_revert_partition' depends on axioms: [propext,
 Classical.choice,
 Quot.sound]
info: LidoSRv3/Audit/Trust.lean:447:0: 'LidoSRv3.Audit.Guarantees.PConsolidationEth1.verity_tx_universal_zero_remainder_boundary' depends on axioms: [propext,
 Classical.choice,
 Quot.sound]
info: LidoSRv3/Audit/Trust.lean:448:0: 'LidoSRv3.Audit.Guarantees.PConsolidationEth1.verity_tx_success_and_revert_partition' depends on axioms: [propext,
 Classical.choice,
 Quot.sound]
info: LidoSRv3/Audit/Trust.lean:449:0: 'LidoSRv3.Audit.Guarantees.PConsolidationEth1.verity_tx_composes_value_flow_and_rollback' depends on axioms: [propext,
 Quot.sound]
info: LidoSRv3/Audit/Trust.lean:450:0: 'LidoSRv3.Tests.PConsolidationEth1CompositionTxMutants.rejects_dropped_refund_leg' depends on axioms: [propext,
 Quot.sound]
info: LidoSRv3/Audit/Trust.lean:451:0: 'LidoSRv3.Tests.PConsolidationEth1CompositionTxMutants.rejects_misrouted_vault_leg' depends on axioms: [propext,
 Quot.sound]
info: LidoSRv3/Audit/Trust.lean:452:0: 'LidoSRv3.Tests.PConsolidationEth1CompositionTxMutants.rejects_corrupted_refund_amount' depends on axioms: [propext,
 Quot.sound]
info: LidoSRv3/Audit/Trust.lean:453:0: 'LidoSRv3.Tests.PConsolidationEth1CompositionTxMutants.rejects_preserved_prefix_after_failed_hop' depends on axioms: [propext,
 Quot.sound]
info: LidoSRv3/Audit/Trust.lean:454:0: 'LidoSRv3.Tests.PConsolidationEth1CompositionTxMutants.rejects_single_request_for_two_request_batch' depends on axioms: [propext,
 Quot.sound]
info: LidoSRv3/Audit/Trust.lean:455:0: 'LidoSRv3.Tests.PConsolidationEth1CompositionTxMutants.universal_parent_is_predicate_at_honest' depends on axioms: [propext,
 Classical.choice,
 Quot.sound]
info: LidoSRv3/Audit/Trust.lean:456:0: 'LidoSRv3.Tests.PConsolidationEth1CompositionTxMutants.dropped_refund_leg_kill_line_refutes_universal_parent' depends on axioms: [propext,
 Quot.sound]
info: LidoSRv3/Audit/Trust.lean:457:0: 'LidoSRv3.Tests.PConsolidationEth1CompositionTxMutants.misrouted_vault_kill_line_refutes_universal_parent' depends on axioms: [propext,
 Quot.sound]
info: LidoSRv3/Audit/Trust.lean:458:0: 'LidoSRv3.Tests.PConsolidationEth1CompositionTxMutants.corrupted_refund_kill_line_refutes_universal_parent' depends on axioms: [propext,
 Quot.sound]
info: LidoSRv3/Audit/Trust.lean:459:0: 'LidoSRv3.Tests.PConsolidationEth1CompositionTxMutants.single_request_kill_line_refutes_universal_parent' depends on axioms: [propext,
 Quot.sound]
info: LidoSRv3/Audit/Trust.lean:460:0: 'LidoSRv3.Tests.PConsolidationEth1CompositionTxMutants.zero_value_kill_line_refutes_dropped_positivity' depends on axioms: [propext,
 Quot.sound]
info: LidoSRv3/Audit/Trust.lean:461:0: 'LidoSRv3.Tests.PConsolidationEth1CompositionTxMutants.underfunded_kill_line_refutes_dropped_funding' depends on axioms: [propext,
 Quot.sound]
info: LidoSRv3/Audit/Trust.lean:462:0: 'LidoSRv3.Tests.PConsolidationEth1CompositionTxMutants.fuel_exhaustion_kill_line_refutes_dropped_fuel_premise' depends on axioms: [propext,
 Quot.sound]
info: LidoSRv3/Audit/Trust.lean:463:0: 'LidoSRv3.Audit.Verity.PConsolidationEth1RefundTx.gateway_refund_success_moves_value' depends on axioms: [propext]
info: LidoSRv3/Audit/Trust.lean:464:0: 'LidoSRv3.Audit.Verity.PConsolidationEth1RefundTx.gateway_refund_failure_keeps_prefix_out' depends on axioms: [propext]
info: LidoSRv3/Audit/Trust.lean:465:0: 'LidoSRv3.Audit.Verity.PConsolidationEth1RefundTx.withdraw_success_moves_to_lido' depends on axioms: [propext]
info: LidoSRv3/Audit/Trust.lean:466:0: 'LidoSRv3.Audit.Verity.PConsolidationEth1RefundTx.refund_failure_restores_snapshot' depends on axioms: [propext]
info: LidoSRv3/Audit/Trust.lean:467:0: 'LidoSRv3.Audit.Verity.PConsolidationEth1RequestTx.bus_forward_success' depends on axioms: [propext]
info: LidoSRv3/Audit/Trust.lean:468:0: 'LidoSRv3.Audit.Verity.PConsolidationEth1RequestTx.consolidation_fee_target_success' depends on axioms: [propext]
info: LidoSRv3/Audit/Trust.lean:469:0: 'LidoSRv3.Audit.Verity.PConsolidationEth1RequestTx.withdrawal_fee_success' depends on axioms: [propext]
info: LidoSRv3/Audit/Trust.lean:470:0: 'LidoSRv3.Audit.Verity.PConsolidationEth1RequestTx.consolidation_second_failure_discards_prefix' depends on axioms: [propext]
info: LidoSRv3/Audit/Trust.lean:471:0: 'LidoSRv3.Audit.Verity.PConsolidationEth1RequestTx.bus_failure_restores_snapshot' depends on axioms: [propext]
info: LidoSRv3/Audit/Trust.lean:472:0: 'LidoSRv3.Audit.Verity.PConsolidationEth1RefundTx.sourceGateway_committed_splits_to_vault_and_refund' depends on axioms: [propext]
info: LidoSRv3/Audit/Trust.lean:473:0: 'LidoSRv3.Tests.PConsolidationEth1RefundTxMutants.refund_misroute_kill_line' depends on axioms: [propext]
info: LidoSRv3/Audit/Trust.lean:474:0: 'LidoSRv3.Tests.PConsolidationEth1RefundTxMutants.double_refund_rejected' depends on axioms: [propext]
info: LidoSRv3/Audit/Trust.lean:475:0: 'LidoSRv3.Tests.PConsolidationEth1RefundTxMutants.leak_on_refund_failure_rejected' depends on axioms: [propext]
info: LidoSRv3/Audit/Trust.lean:476:0: 'LidoSRv3.Tests.PConsolidationEth1RequestTxMutants.keep_first_consolidation_fee_rejected' depends on axioms: [propext]
info: LidoSRv3/Audit/Trust.lean:477:0: 'LidoSRv3.Audit.Guarantees.PTopup1.source_wrap_precludes_value_moving_commit' depends on axioms: [propext, Quot.sound]
info: LidoSRv3/Audit/Trust.lean:478:0: 'LidoSRv3.Audit.Guarantees.PTopup1.source_module_guard_required' depends on axioms: [propext]
info: LidoSRv3/Audit/Trust.lean:479:0: 'LidoSRv3.Audit.Guarantees.PTopup1.source_wc_type2_guard_required' depends on axioms: [propext]
info: LidoSRv3/Audit/Trust.lean:480:0: 'LidoSRv3.Audit.Guarantees.PTopup1.source_topup_conserves_and_rolls_back' depends on axioms: [propext, Quot.sound]
info: LidoSRv3/Audit/Trust.lean:481:0: 'LidoSRv3.Audit.Guarantees.PTopup1.source_router_balance_unchanged' depends on axioms: [propext, Quot.sound]
info: LidoSRv3/Audit/Trust.lean:482:0: 'LidoSRv3.Audit.Guarantees.PTopup1.source_reverting_branch_moves_no_ether' depends on axioms: [propext]
info: LidoSRv3/Audit/Trust.lean:483:0: 'LidoSRv3.Audit.Guarantees.PTopup1.source_balance_guards_discharged' depends on axioms: [propext, Quot.sound]
info: LidoSRv3/Audit/Trust.lean:484:0: 'LidoSRv3.Audit.Guarantees.PTopup1.source_unchecked_accumulation_faithful' depends on axioms: [propext]
info: LidoSRv3/Audit/Trust.lean:485:0: 'LidoSRv3.Audit.Guarantees.PTopup1.source_pinned_config_discharges_pubkey_guard' depends on axioms: [propext,
 Quot.sound]
info: LidoSRv3/Audit/Trust.lean:486:0: 'LidoSRv3.Audit.Guarantees.PTopup1.verity_tx_simulates_source' depends on axioms: [propext,
 Classical.choice,
 Quot.sound]
info: LidoSRv3/Audit/Trust.lean:487:0: 'LidoSRv3.Audit.Guarantees.PTopup1.verity_wrap_to_zero_is_empty_commit' depends on axioms: [propext,
 Classical.choice,
 Quot.sound]
info: LidoSRv3/Audit/Trust.lean:488:0: 'LidoSRv3.Audit.Guarantees.PTopup1.verity_nonzero_wrap_witness_reverts_and_restores' depends on axioms: [propext,
 Classical.choice,
 Quot.sound]
info: LidoSRv3/Audit/Trust.lean:489:0: 'LidoSRv3.Audit.Guarantees.PTopup1.verity_nonzero_wrap_reverts_and_restores' depends on axioms: [propext,
 Classical.choice,
 Quot.sound]
info: LidoSRv3/Audit/Trust.lean:490:0: 'LidoSRv3.Audit.Guarantees.PTopup1.verity_tx_simulates_source_with_nonzero_wrap_close' depends on axioms: [propext,
 Classical.choice,
 Quot.sound]
info: LidoSRv3/Audit/Trust.lean:492:0: 'LidoSRv3.Audit.Verity.TopupHybrid.verity_tx_simulates_source' depends on axioms: [propext,
 Classical.choice,
 Quot.sound]
info: LidoSRv3/Audit/Trust.lean:493:0: 'LidoSRv3.Tests.TopupHybridMutants.hybrid_simulation_covers_nonzero_wrap' depends on axioms: [propext,
 Classical.choice,
 Quot.sound]
info: LidoSRv3/Audit/Trust.lean:494:0: 'LidoSRv3.Tests.TopupHybridMutants.hybrid_simulation_covers_wrap_to_zero' depends on axioms: [propext,
 Classical.choice,
 Quot.sound]
info: LidoSRv3/Audit/Trust.lean:495:0: 'LidoSRv3.Tests.TopupTxMutants.mutant_none_reproduces_execute' depends on axioms: [propext,
 Classical.choice,
 Quot.sound]
info: LidoSRv3/Audit/Trust.lean:496:0: 'LidoSRv3.Tests.TopupTxMutants.honest_run_matches_source' depends on axioms: [propext, Classical.choice, Quot.sound]
info: LidoSRv3/Audit/Trust.lean:497:0: 'LidoSRv3.Tests.TopupTxMutants.skipped_allocation_write_rejected' depends on axioms: [propext,
 Classical.choice,
 Quot.sound]
info: LidoSRv3/Audit/Trust.lean:498:0: 'LidoSRv3.Tests.TopupTxMutants.dropped_push_rejected' depends on axioms: [propext, Classical.choice, Quot.sound]
info: LidoSRv3/Audit/Trust.lean:499:0: 'LidoSRv3.Tests.TopupTxMutants.misrouted_push_rejected' depends on axioms: [propext, Classical.choice, Quot.sound]
info: LidoSRv3/Audit/Trust.lean:500:0: 'LidoSRv3.Tests.TopupTxMutants.corrupted_amount_rejected' depends on axioms: [propext, Classical.choice, Quot.sound]
info: LidoSRv3/Audit/Trust.lean:501:0: 'LidoSRv3.Tests.TopupTxMutants.swapped_order_rejected' depends on axioms: [propext, Classical.choice, Quot.sound]
info: LidoSRv3/Audit/Trust.lean:502:0: 'LidoSRv3.Tests.TopupTxMutants.duplicated_push_rejected' depends on axioms: [propext, Classical.choice, Quot.sound]
info: LidoSRv3/Audit/Trust.lean:503:0: 'LidoSRv3.Tests.TopupTxMutants.allocation_write_failure_rolls_back' depends on axioms: [propext,
 Classical.choice,
 Quot.sound]
info: LidoSRv3/Audit/Trust.lean:504:0: 'LidoSRv3.Tests.TopupTxMutants.lido_pull_failure_rolls_back' depends on axioms: [propext, Classical.choice, Quot.sound]
info: LidoSRv3/Audit/Trust.lean:505:0: 'LidoSRv3.Tests.TopupTxMutants.first_beacon_failure_rolls_back' depends on axioms: [propext,
 Classical.choice,
 Quot.sound]
info: LidoSRv3/Audit/Trust.lean:506:0: 'LidoSRv3.Tests.TopupTxMutants.guard_discharge_at_wrapping_input' depends on axioms: [propext, Quot.sound]
info: LidoSRv3/Audit/Trust.lean:507:0: 'LidoSRv3.Tests.TopupTxMutants.wrap_to_zero_commits_no_topup' depends on axioms: [propext]
info: LidoSRv3/Audit/Trust.lean:508:0: 'LidoSRv3.Tests.TopupTxMutants.guard_discharge_at_unregistered_module_input' depends on axioms: [propext, Quot.sound]
info: LidoSRv3/Audit/Trust.lean:509:0: 'LidoSRv3.Tests.TopupTxMutants.guard_discharge_at_non_type2_wc_input' depends on axioms: [propext, Quot.sound]
info: LidoSRv3/Audit/Trust.lean:510:0: 'LidoSRv3.Tests.TopupTxMutants.mutantRunNoAssert_eq_run_of_assert_passing' does not depend on any axioms
info: LidoSRv3/Audit/Trust.lean:511:0: 'LidoSRv3.Tests.TopupTxMutants.mutantRunNoAssert_commits_where_assert_fires' depends on axioms: [propext]
info: LidoSRv3/Audit/Trust.lean:512:0: 'LidoSRv3.Tests.TopupTxMutants.dropped_conservation_assert_kill_line_refutes_parent' depends on axioms: [propext]
info: LidoSRv3/Audit/Trust.lean:513:0: 'LidoSRv3.Tests.TopupTxMutants.dropped_module_guard_kill_line_refutes_parent' depends on axioms: [propext]
info: LidoSRv3/Audit/Trust.lean:514:0: 'LidoSRv3.Tests.TopupTxMutants.dropped_wc_guard_kill_line_refutes_parent' depends on axioms: [propext]
info: LidoSRv3/Audit/Trust.lean:515:0: 'LidoSRv3.Tests.TopupTxMutants.unwrapped_accumulator_kill_line_refutes_parent' depends on axioms: [propext]
info: LidoSRv3/Audit/Trust.lean:516:0: 'LidoSRv3.Audit.Source.Topup2.source_aggregate_bounded_by_block_cap' depends on axioms: [propext]
info: LidoSRv3/Audit/Trust.lean:517:0: 'LidoSRv3.Audit.Guarantees.PTopup2.aggregate_bounded_by_block_cap' depends on axioms: [propext]
info: LidoSRv3/Audit/Trust.lean:518:0: 'LidoSRv3.Audit.Guarantees.PTopup2.per_key_bounded_by_candidate' depends on axioms: [propext, Quot.sound]
info: LidoSRv3/Audit/Trust.lean:519:0: 'LidoSRv3.Audit.Verity.Topup2Tx.tx_aggregate_bounded_by_block_cap' depends on axioms: [propext, Quot.sound]
info: LidoSRv3/Audit/Trust.lean:520:0: 'LidoSRv3.Audit.Verity.Topup2Tx.tx_all_success_value_exact' depends on axioms: [propext]
info: LidoSRv3/Audit/Trust.lean:521:0: 'LidoSRv3.Audit.Verity.Topup2Tx.tx_revert_restores_world' depends on axioms: [propext]
info: LidoSRv3/Audit/Trust.lean:522:0: 'LidoSRv3.Audit.Verity.Topup2Tx.tx_committed_world_is_commit_fold' depends on axioms: [propext]
info: LidoSRv3/Audit/Trust.lean:523:0: 'LidoSRv3.Tests.Topup2TxMutants.over_cap_aggregate_rejected' depends on axioms: [propext]
info: LidoSRv3/Audit/Trust.lean:524:0: 'LidoSRv3.Tests.Topup2TxMutants.double_send_rejected' depends on axioms: [propext]
info: LidoSRv3/Audit/Trust.lean:525:0: 'LidoSRv3.Tests.Topup2TxMutants.reverting_adversary_cannot_leak_state' depends on axioms: [propext]
info: LidoSRv3/Audit/Trust.lean:526:0: 'LidoSRv3.Audit.Guarantees.PReserve1.source_spend_preserves_withdrawal_reserve' depends on axioms: [propext, Quot.sound]
info: LidoSRv3/Audit/Trust.lean:527:0: 'LidoSRv3.Audit.Guarantees.PReserve1.verity_tx_simulates_reserve_spec' depends on axioms: [propext, Quot.sound]
info: LidoSRv3/Audit/Trust.lean:528:0: 'LidoSRv3.Audit.Guarantees.PReserve1.verity_tx_preserves_withdrawal_reserve' depends on axioms: [propext, Quot.sound]
info: LidoSRv3/Audit/Trust.lean:529:0: 'LidoSRv3.Audit.Guarantees.PReserveRelational.abstract_reserve_does_not_change_finalization' depends on axioms: [propext,
 Quot.sound]
info: LidoSRv3/Audit/Trust.lean:530:0: 'LidoSRv3.Audit.Guarantees.PReserveRelational.source_reserve_does_not_change_finalization' depends on axioms: [propext,
 Quot.sound]
info: LidoSRv3/Audit/Trust.lean:531:0: 'LidoSRv3.Audit.Guarantees.PReserveRelational.verity_tx_simulates_reserve_relational_spec' depends on axioms: [propext,
 Classical.choice,
 Quot.sound]
info: LidoSRv3/Audit/Trust.lean:532:0: 'LidoSRv3.Audit.Guarantees.PReserveRelational.verity_tx_reverts_on_locked_overflow' depends on axioms: [propext]
info: LidoSRv3/Audit/Trust.lean:533:0: 'LidoSRv3.Audit.Guarantees.PReserveRelational.verity_reserve_slot_is_not_read' depends on axioms: [propext, Quot.sound]
info: LidoSRv3/Audit/Trust.lean:534:0: 'LidoSRv3.Audit.Guarantees.PReserveRelational.verity_reserve_does_not_change_finalization' depends on axioms: [propext,
 Quot.sound]
info: LidoSRv3/Audit/Trust.lean:535:0: 'LidoSRv3.Audit.Guarantees.PReserveRelational.verity_revert_restores_snapshot' depends on axioms: [propext]
info: LidoSRv3/Audit/Trust.lean:536:0: 'LidoSRv3.Audit.Guarantees.PSsz1.deposit_root_iff' depends on axioms: [propext, Classical.choice, Quot.sound]
info: LidoSRv3/Audit/Trust.lean:537:0: 'LidoSRv3.Audit.Guarantees.PSsz1.deposit_unique_of_perfect' depends on axioms: [propext]
info: LidoSRv3/Audit/Trust.lean:538:0: 'LidoSRv3.Audit.Guarantees.PSsz1.sourceNode_mutant_kill_line_refutes_parent' depends on axioms: [propext, Quot.sound]
info: LidoSRv3/Audit/Trust.lean:539:0: 'LidoSRv3.Audit.Guarantees.PSsz1.composed_ssz_encoding' depends on axioms: [propext, Quot.sound]
info: LidoSRv3/Audit/Trust.lean:540:0: 'LidoSRv3.Audit.Guarantees.PSsz1.swapped_combine_kill_line_refutes_parent' depends on axioms: [propext,
 Classical.choice,
 Quot.sound]
info: LidoSRv3/Audit/Trust.lean:541:0: 'LidoSRv3.Audit.Guarantees.PSsz1.composedEncodingOkFull_not_trivial_crossed_witness' depends on axioms: [propext,
 Quot.sound]
info: LidoSRv3/Audit/Trust.lean:542:0: 'LidoSRv3.Audit.Guarantees.PSsz1.inconsistent_witness_kill_line' depends on axioms: [propext,
 Classical.choice,
 Quot.sound]
info: LidoSRv3/Audit/Trust.lean:543:0: 'LidoSRv3.Audit.Guarantees.PSsz1.inconsistent_operation_index_kill_line' depends on axioms: [propext]
info: LidoSRv3/Audit/Trust.lean:544:0: 'LidoSRv3.Audit.Guarantees.PSsz1.sourceWitness_binds_sourceNode' depends on axioms: [propext, Quot.sound]
info: LidoSRv3/Audit/Trust.lean:545:0: 'LidoSRv3.Audit.Guarantees.PSsz1.verity_tx_simulates_ssz_encoding' depends on axioms: [propext,
 Classical.choice,
 Quot.sound]
info: LidoSRv3/Audit/Trust.lean:546:0: 'LidoSRv3.Audit.Guarantees.PSsz1.verity_tx_two_batch_rolls_back' depends on axioms: [propext, Quot.sound]
info: LidoSRv3/Audit/Trust.lean:547:0: 'LidoSRv3.Audit.Verity.SszEncodingTx.verity_tx_simulates_pinned_source' depends on axioms: [propext,
 Classical.choice,
 Quot.sound]
info: LidoSRv3/Audit/Trust.lean:548:0: 'LidoSRv3.Audit.Verity.SszEncodingTx.encoding_commits_structural_witness' depends on axioms: [propext,
 Classical.choice,
 Quot.sound]
info: LidoSRv3/Audit/Trust.lean:549:0: 'LidoSRv3.Audit.Verity.SszEncodingTx.revert_restores_snapshot' depends on axioms: [propext, Quot.sound]
info: LidoSRv3/Audit/Trust.lean:550:0: 'LidoSRv3.Audit.Source.GIndexConcatCorrespondence.source_concat_matches_spec' depends on axioms: [propext]
info: LidoSRv3/Audit/Trust.lean:551:0: 'LidoSRv3.Audit.Source.GIndexConcatCorrespondence.source_concat_value_of_fits' depends on axioms: [propext]
info: LidoSRv3/Audit/Trust.lean:552:0: 'LidoSRv3.Audit.Source.GIndexConcatCorrespondence.source_concat_depth_overflow' depends on axioms: [propext]
info: LidoSRv3/Audit/Trust.lean:553:0: 'LidoSRv3.Audit.Verity.SszTxSimulation.ssz_tx_simulation_correct' depends on axioms: [propext, Quot.sound]
info: LidoSRv3/Audit/Trust.lean:554:0: 'LidoSRv3.Audit.Verity.SszTxSimulation.sha256_call_world_rollback' depends on axioms: [propext, Quot.sound]
info: LidoSRv3/Audit/Trust.lean:555:0: 'LidoSRv3.Audit.Verity.SszTxSimulation.root_mutant_rejected' depends on axioms: [propext, Quot.sound]
info: LidoSRv3/Audit/Trust.lean:556:0: 'LidoSRv3.Audit.Source.DepositDataRootCorrespondence.source_pinned_config_discharges_deposit_data_root' depends on axioms: [propext,
 Quot.sound]
info: LidoSRv3/Audit/Trust.lean:558:0: 'LidoSRv3.Audit.MinFirst.candidate_mem' depends on axioms: [propext]
info: LidoSRv3/Audit/Trust.lean:559:0: 'LidoSRv3.Audit.MinFirst.candidate_open' depends on axioms: [propext]
info: LidoSRv3/Audit/Trust.lean:560:0: 'LidoSRv3.Audit.MinFirst.candidate_none_no_open' depends on axioms: [propext]
info: LidoSRv3/Audit/Trust.lean:561:0: 'LidoSRv3.Audit.MinFirst.candidate_minimal' depends on axioms: [propext, Quot.sound]
info: LidoSRv3/Audit/Trust.lean:562:0: 'LidoSRv3.Audit.MinFirst.candidate_router_tie' depends on axioms: [propext, Quot.sound]
info: LidoSRv3/Audit/Trust.lean:563:0: 'LidoSRv3.Audit.MinFirst.incrementSelected_moduleId' does not depend on any axioms
info: LidoSRv3/Audit/Trust.lean:564:0: 'LidoSRv3.Audit.MinFirst.incrementSelected_active' does not depend on any axioms
info: LidoSRv3/Audit/Trust.lean:565:0: 'LidoSRv3.Audit.MinFirst.incrementSelected_monotone' depends on axioms: [propext, Quot.sound]
info: LidoSRv3/Audit/Trust.lean:566:0: 'LidoSRv3.Audit.MinFirst.incrementSelected_eq_of_ne' depends on axioms: [propext]
info: LidoSRv3/Audit/Trust.lean:567:0: 'LidoSRv3.Audit.MinFirst.step_preserves_length' depends on axioms: [propext]
info: LidoSRv3/Audit/Trust.lean:568:0: 'LidoSRv3.Audit.MinFirst.step_preserves_module_order' depends on axioms: [propext, Quot.sound]
info: LidoSRv3/Audit/Trust.lean:569:0: 'LidoSRv3.Audit.MinFirst.loop_preserves_length' depends on axioms: [propext]
info: LidoSRv3/Audit/Trust.lean:570:0: 'LidoSRv3.Audit.MinFirst.loop_preserves_module_order' depends on axioms: [propext, Quot.sound]
info: LidoSRv3/Audit/Trust.lean:571:0: 'LidoSRv3.Audit.MinFirst.allocate_preserves_length' depends on axioms: [propext]
info: LidoSRv3/Audit/Trust.lean:572:0: 'LidoSRv3.Audit.MinFirst.allocate_preserves_module_order' depends on axioms: [propext, Quot.sound]
info: LidoSRv3/Audit/Trust.lean:573:0: 'LidoSRv3.Audit.MinFirst.run_spent_le' depends on axioms: [propext, Quot.sound]
info: LidoSRv3/Audit/Trust.lean:574:0: 'LidoSRv3.Audit.MinFirst.totalAllocated_le_requested' depends on axioms: [propext, Quot.sound]
info: LidoSRv3/Audit/Trust.lean:575:0: 'LidoSRv3.Audit.Common.BoundedAmount.checkedAdd_sound' does not depend on any axioms
info: LidoSRv3/Audit/Trust.lean:576:0: 'LidoSRv3.Audit.Common.revert_rolls_back_state_and_committed_effects' depends on axioms: [propext]
info: LidoSRv3/Audit/Trust.lean:577:0: 'LidoSRv3.Audit.Common.success_exposes_exact_committed_effects' depends on axioms: [propext]
info: LidoSRv3/Audit/Trust.lean:579:0: 'LidoSRv3.Tests.WithdrawalQueueRequestCustodyMutants.ownership_write_drop_kill_line_refutes_exact_parent' does not depend on any axioms
info: LidoSRv3/Audit/Trust.lean:580:0: 'LidoSRv3.Tests.WithdrawalQueueRequestCustodyMutants.ownership_write_mutant_preserves_admission' does not depend on any axioms
info: LidoSRv3/Audit/Trust.lean:581:0: 'LidoSRv3.Audit.Guarantees.PEthConfinement1.modeled_positive_value_is_confined_or_residual' depends on axioms: [propext]
info: LidoSRv3/Audit/Trust.lean:582:0: 'LidoSRv3.Audit.Verity.MinFirstSourceEntry.zero_demand' depends on axioms: [propext]
info: LidoSRv3/Audit/Trust.lean:583:0: 'LidoSRv3.Audit.Verity.MinFirstSourceEntry.short_capacity' depends on axioms: [propext]
info: LidoSRv3/Audit/Trust.lean:584:0: 'LidoSRv3.Audit.Verity.MinFirstSourceEntry.success_preserves_state' depends on axioms: [propext]
info: LidoSRv3/Audit/Trust.lean:585:0: 'LidoSRv3.Audit.Verity.MinFirstSourceEntry.revert_restores_snapshot' depends on axioms: [propext]
info: LidoSRv3/Audit/Trust.lean:586:0: 'LidoSRv3.Audit.Verity.MinFirstSourceEntry.success_refines_proportional_model' depends on axioms: [propext,
 Classical.choice,
 Quot.sound]
info: LidoSRv3/Audit/Trust.lean:587:0: 'LidoSRv3.Audit.Verity.AllocationTx.live_revert_restores_snapshot' depends on axioms: [propext]
info: LidoSRv3/Audit/Trust.lean:589:0: 'LidoSRv3.Audit.Verity.MinFirstSourceEntry.eager_guard_disagrees_on_zero_demand' depends on axioms: [propext,
 Classical.choice,
 Quot.sound]
info: LidoSRv3/Audit/Trust.lean:591:0: 'LidoSRv3.Audit.Guarantees.PEthConfinement1.modeled_inventory_matches_exact_assignments' depends on axioms: [propext]
info: LidoSRv3/Audit/Trust.lean:592:0: 'LidoSRv3.Tests.EthConfinementMutants.swaps_preserve_presence' does not depend on any axioms
info: LidoSRv3/Audit/Trust.lean:593:0: 'LidoSRv3.Tests.EthConfinementMutants.kill_exact_assignment_parent_swap' does not depend on any axioms
info: LidoSRv3/Audit/Trust.lean:594:0: 'LidoSRv3.Tests.EthConfinementMutants.kill_exact_assignment_approval_swap' does not depend on any axioms
info: LidoSRv3/Audit/Trust.lean:595:0: 'LidoSRv3.Tests.EthConfinementMutants.kill_exact_assignment_destination_swap' does not depend on any axioms
✖ [1611/1615] Building audit.trio.integration.IndexedParentBridge (165ms)
trace: .> LEAN_PATH=/var/lib/sandboxed-node/work/checkouts/9acda983bdcdf557/8bf49588a3de0ea0c22b58e16376cecdb03e69c5/.lake/packages/Cli/.lake/build/lib/lean:/var/lib/sandboxed-node/work/checkouts/9acda983bdcdf557/8bf49588a3de0ea0c22b58e16376cecdb03e69c5/.lake/packages/batteries/.lake/build/lib/lean:/var/lib/sandboxed-node/work/checkouts/9acda983bdcdf557/8bf49588a3de0ea0c22b58e16376cecdb03e69c5/.lake/packages/Qq/.lake/build/lib/lean:/var/lib/sandboxed-node/work/checkouts/9acda983bdcdf557/8bf49588a3de0ea0c22b58e16376cecdb03e69c5/.lake/packages/aesop/.lake/build/lib/lean:/var/lib/sandboxed-node/work/checkouts/9acda983bdcdf557/8bf49588a3de0ea0c22b58e16376cecdb03e69c5/.lake/packages/proofwidgets/.lake/build/lib/lean:/var/lib/sandboxed-node/work/checkouts/9acda983bdcdf557/8bf49588a3de0ea0c22b58e16376cecdb03e69c5/.lake/packages/importGraph/.lake/build/lib/lean:/var/lib/sandboxed-node/work/checkouts/9acda983bdcdf557/8bf49588a3de0ea0c22b58e16376cecdb03e69c5/.lake/packages/LeanSearchClient/.lake/build/lib/lean:/var/lib/sandboxed-node/work/checkouts/9acda983bdcdf557/8bf49588a3de0ea0c22b58e16376cecdb03e69c5/.lake/packages/plausible/.lake/build/lib/lean:/var/lib/sandboxed-node/work/checkouts/9acda983bdcdf557/8bf49588a3de0ea0c22b58e16376cecdb03e69c5/.lake/packages/mathlib/.lake/build/lib/lean:/var/lib/sandboxed-node/work/checkouts/9acda983bdcdf557/8bf49588a3de0ea0c22b58e16376cecdb03e69c5/.lake/packages/evmyul/.lake/build/lib/lean:/var/lib/sandboxed-node/work/checkouts/9acda983bdcdf557/8bf49588a3de0ea0c22b58e16376cecdb03e69c5/.lake/packages/verity/.lake/build/lib/lean:/var/lib/sandboxed-node/work/checkouts/9acda983bdcdf557/8bf49588a3de0ea0c22b58e16376cecdb03e69c5/.lake/build/lib/lean /var/lib/sandboxed-node/work/caches/elan/toolchains/leanprover--lean4---v4.31.0/bin/lean /var/lib/sandboxed-node/work/checkouts/9acda983bdcdf557/8bf49588a3de0ea0c22b58e16376cecdb03e69c5/audit/trio/integration/IndexedParentBridge.lean -o /var/lib/sandboxed-node/work/checkouts/9acda983bdcdf557/8bf49588a3de0ea0c22b58e16376cecdb03e69c5/.lake/build/lib/lean/audit/trio/integration/IndexedParentBridge.olean -i /var/lib/sandboxed-node/work/checkouts/9acda983bdcdf557/8bf49588a3de0ea0c22b58e16376cecdb03e69c5/.lake/build/lib/lean/audit/trio/integration/IndexedParentBridge.ilean -c /var/lib/sandboxed-node/work/checkouts/9acda983bdcdf557/8bf49588a3de0ea0c22b58e16376cecdb03e69c5/.lake/build/ir/audit/trio/integration/IndexedParentBridge.c --setup /var/lib/sandboxed-node/work/checkouts/9acda983bdcdf557/8bf49588a3de0ea0c22b58e16376cecdb03e69c5/.lake/build/ir/audit/trio/integration/IndexedParentBridge.setup.json --json
error: audit/trio/integration/IndexedParentBridge.lean:1:0: object file '/var/lib/sandboxed-node/work/checkouts/9acda983bdcdf557/8bf49588a3de0ea0c22b58e16376cecdb03e69c5/.lake/build/lib/lean/audit/trio/alloc2/composition/Parent.olean' of module audit.trio.alloc2.composition.Parent does not exist
error: Lean exited with code 1
✔ [1613/1615] Built LidoSRv3.Tests.TrioAlloc1.VerityVectors (1.1s)
✔ [1614/1615] Built LidoSRv3.Tests.TrioAlloc1.SolidityVectors (257ms)
Some required targets logged failures:
- audit.trio.integration.IndexedParentBridge
error: build failed
INTEGRATION_GATE_EXIT 1 lake build LidoSRv3 LidoSRv3Test LidoSRv3Audit TrioIntegrationChecks
INTEGRATION_GATE_START make prove
verified_source_tree=2f679334627812a986bf9fd5af76a0fb43857ebd
lean_version=Lean (version 4.31.0, x86_64-unknown-linux-gnu, commit 68218e876d2a38b1985b8590fff244a83c321783, Release)
proof_targets=LidoSRv3 LidoSRv3Legacy
⚠ [11/178] Replayed Verity.Core
warning: Verity/Core.lean:606:2: try 'simp' instead of 'simpa'

Note: This linter can be disabled with `set_option linter.unnecessarySimpa false`
warning: Verity/Core.lean:1041:2: try 'simp' instead of 'simpa'

Note: This linter can be disabled with `set_option linter.unnecessarySimpa false`
warning: Verity/Core.lean:1273:2: try 'simp' instead of 'simpa'

Note: This linter can be disabled with `set_option linter.unnecessarySimpa false`
⚠ [1159/1204] Replayed Conform.Wheels
warning: Conform/Wheels.lean:106:47: `IsAntisymm` has been deprecated: Use `Std.Antisymm` instead

Note: The updated constant has a different type:
  {α : Sort u} → (α → α → Prop) → Prop
instead of
  (α : Sort u_1) → (α → α → Prop) → Prop
warning: Conform/Wheels.lean:106:70: `IsTotal` has been deprecated: Use `Std.Total` instead

Note: The updated constant has a different type:
  {α : Sort u} → (α → α → Prop) → Prop
instead of
  (α : Sort u_1) → (α → α → Prop) → Prop
⚠ [1160/1204] Replayed EvmYul.Pretty
warning: EvmYul/Pretty.lean:35:32: `IsAntisymm` has been deprecated: Use `Std.Antisymm` instead

Note: The updated constant has a different type:
  {α : Sort u} → (α → α → Prop) → Prop
instead of
  (α : Sort u_1) → (α → α → Prop) → Prop
warning: EvmYul/Pretty.lean:36:32: `IsTotal` has been deprecated: Use `Std.Total` instead

Note: The updated constant has a different type:
  {α : Sort u} → (α → α → Prop) → Prop
instead of
  (α : Sort u_1) → (α → α → Prop) → Prop
⚠ [1207/1504] Replayed EvmYul.Semantics
warning: EvmYul/Semantics.lean:1:0: 'Mathlib.Data.Array.Defs' has been deprecated: please replace this import by

import Mathlib.Init
⚠ [1208/1504] Replayed EvmYul.EVM.Semantics
warning: EvmYul/EVM/Semantics.lean:1:0: 'Mathlib.Data.Array.Defs' has been deprecated: please replace this import by

import Mathlib.Init
⚠ [1253/1504] Replayed LidoSRv3.Audit.Verity.MinFirstDistributionTx
warning: LidoSRv3/Audit/Verity/MinFirstDistributionTx.lean:142:52: try 'simp' instead of 'simpa'

Note: This linter can be disabled with `set_option linter.unnecessarySimpa false`
warning: LidoSRv3/Audit/Verity/MinFirstDistributionTx.lean:485:22: This simp argument is unused:
  modelAllocateLoop

Hint: Omit it from the simp argument list.
  simp [m̵o̵d̵e̵l̵A̵l̵l̵o̵c̵a̵t̵e̵L̵o̵o̵p̵,̵ ̵hModelStep, hzv]

Note: This linter can be disabled with `set_option linter.unusedSimpArgs false`
warning: LidoSRv3/Audit/Verity/MinFirstDistributionTx.lean:485:53: This simp argument is unused:
  hzv

Hint: Omit it from the simp argument list.
  simp [modelAllocateLoop, hModelStep,̵ ̵h̵z̵v̵]

Note: This linter can be disabled with `set_option linter.unusedSimpArgs false`
warning: LidoSRv3/Audit/Verity/MinFirstDistributionTx.lean:492:25: This simp argument is unused:
  modelAllocateLoop

Hint: Omit it from the simp argument list.
  simp only [m̵o̵d̵e̵l̵A̵l̵l̵o̵c̵a̵t̵e̵L̵o̵o̵p̵,̵ ̵if_neg hzv, hModelStep, if_neg hav]

Note: This linter can be disabled with `set_option linter.unusedSimpArgs false`
warning: LidoSRv3/Audit/Verity/MinFirstDistributionTx.lean:492:44: This simp argument is unused:
  if_neg hzv

Hint: Omit it from the simp argument list.
  simp only [modelAllocateLoop, i̵f̵_̵n̵e̵g̵ ̵h̵z̵v̵,̵ ̵hModelStep, if_neg hav]

Note: This linter can be disabled with `set_option linter.unusedSimpArgs false`
⚠ [1258/1504] Replayed LidoSRv3.Audit.Verity.DepositNFrameTx
warning: LidoSRv3/Audit/Verity/DepositNFrameTx.lean:299:26: This simp argument is unused:
  Nat.add_assoc

Hint: Omit it from the simp argument list.
  simp [afterBatches, N̵a̵t̵.̵a̵d̵d̵_̵a̵s̵s̵o̵c̵,̵ ̵Nat.add_comm, Nat.add_left_comm]

Note: This linter can be disabled with `set_option linter.unusedSimpArgs false`
warning: LidoSRv3/Audit/Verity/DepositNFrameTx.lean:448:25: This simp argument is unused:
  Nat.add_assoc

Hint: Omit it from the simp argument list.
  simp [afterPushes, N̵a̵t̵.̵a̵d̵d̵_̵a̵s̵s̵o̵c̵,̵ ̵Nat.add_comm, Nat.add_left_comm]

Note: This linter can be disabled with `set_option linter.unusedSimpArgs false`
warning: LidoSRv3/Audit/Verity/DepositNFrameTx.lean:505:13: This simp argument is unused:
  Bind.bind

Hint: Omit it from the simp argument list.
  simp only [B̵i̵n̵d̵.̵b̵i̵n̵d̵,̵ ̵_root_.Verity.bind, hValueGuard, _root_.Verity.require, if_true]

Note: This linter can be disabled with `set_option linter.unusedSimpArgs false`
warning: LidoSRv3/Audit/Verity/DepositNFrameTx.lean:505:24: This simp argument is unused:
  _root_.Verity.bind

Hint: Omit it from the simp argument list.
  simp only [Bind.bind, _̵r̵o̵o̵t̵_̵.̵V̵e̵r̵i̵t̵y̵.̵b̵i̵n̵d̵,̵ ̵hValueGuard, _root_.Verity.require, if_true]

Note: This linter can be disabled with `set_option linter.unusedSimpArgs false`
warning: LidoSRv3/Audit/Verity/DepositNFrameTx.lean:505:57: This simp argument is unused:
  _root_.Verity.require

Hint: Omit it from the simp argument list.
  simp only [Bind.bind, _root_.Verity.bind, hValueGuard, _̵r̵o̵o̵t̵_̵.̵V̵e̵r̵i̵t̵y̵.̵r̵e̵q̵u̵i̵r̵e̵,̵ ̵if_true]

Note: This linter can be disabled with `set_option linter.unusedSimpArgs false`
warning: LidoSRv3/Audit/Verity/DepositNFrameTx.lean:507:13: This simp argument is unused:
  Bind.bind

Hint: Omit it from the simp argument list.
  simp only [B̵i̵n̵d̵.̵b̵i̵n̵d̵,̵ ̵_root_.Verity.bind]

Note: This linter can be disabled with `set_option linter.unusedSimpArgs false`
warning: LidoSRv3/Audit/Verity/DepositNFrameTx.lean:507:24: This simp argument is unused:
  _root_.Verity.bind

Hint: Omit it from the simp argument list.
  simp only [Bind.bind,̵ ̵_̵r̵o̵o̵t̵_̵.̵V̵e̵r̵i̵t̵y̵.̵b̵i̵n̵d̵]

Note: This linter can be disabled with `set_option linter.unusedSimpArgs false`
warning: LidoSRv3/Audit/Verity/DepositNFrameTx.lean:509:13: This simp argument is unused:
  Bind.bind

Hint: Omit it from the simp argument list.
  simp only [B̵i̵n̵d̵.̵b̵i̵n̵d̵,̵ ̵_root_.Verity.bind, DepositParentTx.getState, hClose,
  ̵  ̵ ̵ ̵beq_self_eq_true,
  ̲  ̲ ̲ ̲_root_.Verity.require, if_true, committedState, entry, processed, pulled]

Note: This linter can be disabled with `set_option linter.unusedSimpArgs false`
warning: LidoSRv3/Audit/Verity/DepositNFrameTx.lean:509:24: This simp argument is unused:
  _root_.Verity.bind

Hint: Omit it from the simp argument list.
  simp only [Bind.bind, _̵r̵o̵o̵t̵_̵.̵V̵e̵r̵i̵t̵y̵.̵b̵i̵n̵d̵,̵ ̵DepositParentTx.getState, hClose,
  ̵  ̵ ̵ ̵beq_self_eq_true, _root_.Verity.require,
  ̲  ̲ ̲ ̲if_true, committedState, entry, processed, pulled]

Note: This linter can be disabled with `set_option linter.unusedSimpArgs false`
warning: LidoSRv3/Audit/Verity/DepositNFrameTx.lean:509:44: This simp argument is unused:
  DepositParentTx.getState

Hint: Omit it from the simp argument list.
  simp only [Bind.bind, _root_.Verity.bind, D̵e̵p̵o̵s̵i̵t̵P̵a̵r̵e̵n̵t̵T̵x̵.̵g̵e̵t̵S̵t̵a̵t̵e̵,̵ ̵hClose, beq_self_eq_true, _root_.Verity.require,
  ̲  ̲ ̲ ̲if_true, committedState, entry, processed, pulled]

Note: This linter can be disabled with `set_option linter.unusedSimpArgs false`
warning: LidoSRv3/Audit/Verity/DepositNFrameTx.lean:510:22: This simp argument is unused:
  _root_.Verity.require

Hint: Omit it from the simp argument list.
  simp only [Bind.bind, _root_.Verity.bind, DepositParentTx.getState, hClose,
  ̵  ̵ ̵ ̵beq_self_eq_true,
  ̲ _̵r̵o̵o̵t̵_̵.̵V̵e̵r̵i̵t̵y̵.̵r̵e̵q̵u̵i̵r̵e̵,̵  ̲ ̲if_true, committedState, entry, processed, pulled]

Note: This linter can be disabled with `set_option linter.unusedSimpArgs false`
warning: LidoSRv3/Audit/Verity/DepositNFrameTx.lean:553:6: This simp argument is unused:
  List.drop_left

Hint: Omit it from the simp argument list.
  simp [observe, sourceObservables, committed_balance inputs state h, committed_calls,̵
  ̵ ̵ ̵ ̵ ̵ ̵ ̵L̵i̵s̵t̵.̵d̵r̵o̵p̵_̵l̵e̵f̵t̵]

Note: This linter can be disabled with `set_option linter.unusedSimpArgs false`
⚠ [1265/1504] Replayed LidoSRv3.Audit.Verity.PConsolidationEth1CompositionTxUniversalRevert
warning: LidoSRv3/Audit/Verity/PConsolidationEth1CompositionTxUniversalRevert.lean:75:66: This simp argument is unused:
  evalExprList

Hint: Omit it from the simp argument list.
  simp [executeFunctionWithCalls, gwTx, gatewayFn, gatewaySpec, declaredValueCheck, effectiveFields,
  ̲  ̲ ̲ ̲bindExternalParams, DynamicAbi.bindExternalParams, DynamicAbi.bindSupportedParams,
  ̲  ̲ ̲ ̲DynamicAbi.decodeSupportedParamWord, amountParam, batchParam, execStmtListWithCalls,
  ̲  ̲ ̲ ̲execStmtWithCalls, execStmt, evalExpr, e̵v̵a̵l̵E̵x̵p̵r̵L̵i̵s̵t̵,̵boolWord, lookupValue, bindValue, withPayableCallContext,
  ̲  ̲ ̲ ̲withTransactionContext, wordNormalize, DynamicAbi.wordNormalize, execExternalCallBind,
  ̲  ̲ ̲ ̲gatewayEnv, envWith, link, denoteCallJournaled, denoteCall, identityAdversary, chargedGas,
  ̲  ̲ ̲ ̲journalEntry, debitSelfBalance, bindResultWords, honest]

Note: This linter can be disabled with `set_option linter.unusedSimpArgs false`
warning: LidoSRv3/Audit/Verity/PConsolidationEth1CompositionTxUniversalRevert.lean:76:27: This simp argument is unused:
  bindValue

Hint: Omit it from the simp argument list.
  simp [executeFunctionWithCalls, gwTx, gatewayFn, gatewaySpec, declaredValueCheck, effectiveFields,
  ̲  ̲ ̲ ̲bindExternalParams, DynamicAbi.bindExternalParams, DynamicAbi.bindSupportedParams,
  ̲  ̲ ̲ ̲DynamicAbi.decodeSupportedParamWord, amountParam, batchParam, execStmtListWithCalls,
  ̲  ̲ ̲ ̲execStmtWithCalls, execStmt, evalExpr, evalExprList, boolWord, lookupValue,
  ̲  ̲ ̲ ̲b̵i̵n̵d̵V̵a̵l̵u̵e̵,̵ ̵withPayableCallContext, withTransactionContext, wordNormalize, DynamicAbi.wordNormalize,
  ̲  ̲ ̲ ̲execExternalCallBind, gatewayEnv, envWith, link, denoteCallJournaled, denoteCall,
  ̲  ̲ ̲ ̲identityAdversary, chargedGas, journalEntry, debitSelfBalance, bindResultWords, honest]

Note: This linter can be disabled with `set_option linter.unusedSimpArgs false`
warning: LidoSRv3/Audit/Verity/PConsolidationEth1CompositionTxUniversalRevert.lean:77:45: This simp argument is unused:
  execExternalCallBind

Hint: Omit it from the simp argument list.
  simp [executeFunctionWithCalls, gwTx, gatewayFn, gatewaySpec, declaredValueCheck, effectiveFields,
  ̲  ̲ ̲ ̲bindExternalParams, DynamicAbi.bindExternalParams, DynamicAbi.bindSupportedParams,
  ̲  ̲ ̲ ̲DynamicAbi.decodeSupportedParamWord, amountParam, batchParam, execStmtListWithCalls,
  ̲  ̲ ̲ ̲execStmtWithCalls, execStmt, evalExpr, evalExprList, boolWord, lookupValue, bindValue,
  ̲  ̲ ̲ ̲withPayableCallContext, withTransactionContext, wordNormalize, DynamicAbi.wordNormalize,
  ̲  ̲ ̲ ̲e̵x̵e̵c̵E̵x̵t̵e̵r̵n̵a̵l̵C̵a̵l̵l̵B̵i̵n̵d̵,̵ ̵gatewayEnv, envWith, link, denoteCallJournaled, denoteCall, identityAdversary, chargedGas,
  ̲  ̲ ̲ ̲journalEntry, debitSelfBalance, bindResultWords, honest]

Note: This linter can be disabled with `set_option linter.unusedSimpArgs false`
warning: LidoSRv3/Audit/Verity/PConsolidationEth1CompositionTxUniversalRevert.lean:78:10: This simp argument is unused:
  denoteCallJournaled

Hint: Omit it from the simp argument list.
  simp [executeFunctionWithCalls, gwTx, gatewayFn, gatewaySpec, declaredValueCheck, effectiveFields,
  ̲  ̲ ̲ ̲bindExternalParams, DynamicAbi.bindExternalParams, DynamicAbi.bindSupportedParams,
  ̲  ̲ ̲ ̲DynamicAbi.decodeSupportedParamWord, amountParam, batchParam, execStmtListWithCalls,
  ̲  ̲ ̲ ̲execStmtWithCalls, execStmt, evalExpr, evalExprList, boolWord, lookupValue, bindValue,
  ̲  ̲ ̲ ̲withPayableCallContext, withTransactionContext, wordNormalize, DynamicAbi.wordNormalize,
  ̲  ̲ ̲ ̲execExternalCallBind, gatewayEnv, envWith, link, d̵e̵n̵o̵t̵e̵C̵a̵l̵l̵J̵o̵u̵r̵n̵a̵l̵e̵d̵,̵ ̵denoteCall, identityAdversary, chargedGas,
  ̲  ̲ ̲ ̲journalEntry, debitSelfBalance, bindResultWords, honest]

Note: This linter can be disabled with `set_option linter.unusedSimpArgs false`
warning: LidoSRv3/Audit/Verity/PConsolidationEth1CompositionTxUniversalRevert.lean:78:31: This simp argument is unused:
  denoteCall

Hint: Omit it from the simp argument list.
  simp [executeFunctionWithCalls, gwTx, gatewayFn, gatewaySpec, declaredValueCheck, effectiveFields,
  ̲  ̲ ̲ ̲bindExternalParams, DynamicAbi.bindExternalParams, DynamicAbi.bindSupportedParams,
  ̲  ̲ ̲ ̲DynamicAbi.decodeSupportedParamWord, amountParam, batchParam, execStmtListWithCalls,
  ̲  ̲ ̲ ̲execStmtWithCalls, execStmt, evalExpr, evalExprList, boolWord, lookupValue, bindValue,
  ̲  ̲ ̲ ̲withPayableCallContext, withTransactionContext, wordNormalize, DynamicAbi.wordNormalize,
  ̲  ̲ ̲ ̲execExternalCallBind, gatewayEnv, envWith, link, denoteCallJournaled, d̵e̵n̵o̵t̵e̵C̵a̵l̵l̵,̵ ̵identityAdversary,
  ̲  ̲ ̲ ̲chargedGas, journalEntry, debitSelfBalance, bindResultWords, honest]

Note: This linter can be disabled with `set_option linter.unusedSimpArgs false`
warning: LidoSRv3/Audit/Verity/PConsolidationEth1CompositionTxUniversalRevert.lean:78:62: This simp argument is unused:
  chargedGas

Hint: Omit it from the simp argument list.
  simp [executeFunctionWithCalls, gwTx, gatewayFn, gatewaySpec, declaredValueCheck, effectiveFields,
  ̲  ̲ ̲ ̲bindExternalParams, DynamicAbi.bindExternalParams, DynamicAbi.bindSupportedParams,
  ̲  ̲ ̲ ̲DynamicAbi.decodeSupportedParamWord, amountParam, batchParam, execStmtListWithCalls,
  ̲  ̲ ̲ ̲execStmtWithCalls, execStmt, evalExpr, evalExprList, boolWord, lookupValue, bindValue,
  ̲  ̲ ̲ ̲withPayableCallContext, withTransactionContext, wordNormalize, DynamicAbi.wordNormalize,
  ̲  ̲ ̲ ̲execExternalCallBind, gatewayEnv, envWith, link, denoteCallJournaled, denoteCall,
  ̲  ̲ ̲ ̲identityAdversary, c̵h̵a̵r̵g̵e̵d̵G̵a̵s̵,̵ ̵journalEntry, debitSelfBalance, bindResultWords, honest]

Note: This linter can be disabled with `set_option linter.unusedSimpArgs false`
warning: LidoSRv3/Audit/Verity/PConsolidationEth1CompositionTxUniversalRevert.lean:78:74: This simp argument is unused:
  journalEntry

Hint: Omit it from the simp argument list.
  simp [executeFunctionWithCalls, gwTx, gatewayFn, gatewaySpec, declaredValueCheck, effectiveFields,
  ̲  ̲ ̲ ̲bindExternalParams, DynamicAbi.bindExternalParams, DynamicAbi.bindSupportedParams,
  ̲  ̲ ̲ ̲DynamicAbi.decodeSupportedParamWord, amountParam, batchParam, execStmtListWithCalls,
  ̲  ̲ ̲ ̲execStmtWithCalls, execStmt, evalExpr, evalExprList, boolWord, lookupValue, bindValue,
  ̲  ̲ ̲ ̲withPayableCallContext, withTransactionContext, wordNormalize, DynamicAbi.wordNormalize,
  ̲  ̲ ̲ ̲execExternalCallBind, gatewayEnv, envWith, link, denoteCallJournaled, denoteCall,
  ̲  ̲ ̲ ̲identityAdversary, chargedGas, j̵o̵u̵r̵n̵a̵l̵E̵n̵t̵r̵y̵,̵debitSelfBalance, bindResultWords, honest]

Note: This linter can be disabled with `set_option linter.unusedSimpArgs false`
warning: LidoSRv3/Audit/Verity/PConsolidationEth1CompositionTxUniversalRevert.lean:79:4: This simp argument is unused:
  debitSelfBalance

Hint: Omit it from the simp argument list.
  simp [executeFunctionWithCalls, gwTx, gatewayFn, gatewaySpec, declaredValueCheck, effectiveFields,
  ̲  ̲ ̲ ̲bindExternalParams, DynamicAbi.bindExternalParams, DynamicAbi.bindSupportedParams,
  ̲  ̲ ̲ ̲DynamicAbi.decodeSupportedParamWord, amountParam, batchParam, execStmtListWithCalls,
  ̲  ̲ ̲ ̲execStmtWithCalls, execStmt, evalExpr, evalExprList, boolWord, lookupValue, bindValue,
  ̲  ̲ ̲ ̲withPayableCallContext, withTransactionContext, wordNormalize, DynamicAbi.wordNormalize,
  ̲  ̲ ̲ ̲execExternalCallBind, gatewayEnv, envWith, link, denoteCallJournaled, denoteCall,
  ̲  ̲ ̲ ̲identityAdversary, chargedGas, journalEntry, d̵e̵b̵i̵t̵S̵e̵l̵f̵B̵a̵l̵a̵n̵c̵e̵,̵ ̵bindResultWords, honest]

Note: This linter can be disabled with `set_option linter.unusedSimpArgs false`
warning: LidoSRv3/Audit/Verity/PConsolidationEth1CompositionTxUniversalRevert.lean:79:22: This simp argument is unused:
  bindResultWords

Hint: Omit it from the simp argument list.
  simp [executeFunctionWithCalls, gwTx, gatewayFn, gatewaySpec, declaredValueCheck, effectiveFields,
  ̲  ̲ ̲ ̲bindExternalParams, DynamicAbi.bindExternalParams, DynamicAbi.bindSupportedParams,
  ̲  ̲ ̲ ̲DynamicAbi.decodeSupportedParamWord, amountParam, batchParam, execStmtListWithCalls,
  ̲  ̲ ̲ ̲execStmtWithCalls, execStmt, evalExpr, evalExprList, boolWord, lookupValue, bindValue,
  ̲  ̲ ̲ ̲withPayableCallContext, withTransactionContext, wordNormalize, DynamicAbi.wordNormalize,
  ̲  ̲ ̲ ̲execExternalCallBind, gatewayEnv, envWith, link, denoteCallJournaled, denoteCall,
  ̲  ̲ ̲ ̲identityAdversary, chargedGas, journalEntry, debitSelfBalance, b̵i̵n̵d̵R̵e̵s̵u̵l̵t̵W̵o̵r̵d̵s̵,̵ ̵honest]

Note: This linter can be disabled with `set_option linter.unusedSimpArgs false`
warning: LidoSRv3/Audit/Verity/PConsolidationEth1CompositionTxUniversalRevert.lean:83:38: Variable name `hn` is not explicitly referenced.

The binding can be removed (if unused) or named `_` (if used implicitly).

Note: This linter can be disabled with `set_option linter.unusedVariables false`
warning: LidoSRv3/Audit/Verity/PConsolidationEth1CompositionTxUniversalRevert.lean:135:66: This simp argument is unused:
  evalExprList

Hint: Omit it from the simp argument list.
  simp [executeFunctionWithCalls, gwTx, gatewayFn, gatewaySpec, declaredValueCheck,
  ̵  ̵ ̵ ̵effectiveFields,
  ̲  ̲ ̲ ̲bindExternalParams, DynamicAbi.bindE̵x̵E̲x̲ter̵n̵a̵l̵r̲n̲a̲l̲Params, ̲D̲y̲n̲a̲m̲i̲c̲A̲b̲i̲.̲b̲i̲n̲d̲S̲u̲p̲p̲o̲r̲t̲e̲d̲P̲a̲r̲a̲m̲s̲,̲
      DynamicAbi.b̵i̵n̵dS̵u̵p̵p̵o̵r̵t̵ed̵P̵a̵r̵a̵m̵s̵,̵ ̵D̵y̵n̵a̵m̵i̵cA̵b̵i̵.̵d̵e̵c̵odeSupportedParamWord, amountParam, batchParam,
  ̵  ̵ ̵ ̵execStmtListWithCalls,
  ̲  ̲ ̲ ̲execStmtWithCalls, execStmt, evalExpr, e̵v̵a̵l̵E̵x̵p̵r̵L̵i̵s̵t̵,̵
  ̵ ̵ ̵ ̵ ̵boolWord, lookupValue, bindValue, withPayableCallContext,
  ̲  ̲ ̲ ̲withTransactionContext,
  ̵  ̵ ̵ ̵wordNormalize, DynamicAbi.wordNormalize, execExternalCallBind,
  ̲  ̲ ̲ ̲gatewayEnv, envWith,
  ̵  ̵ ̵ ̵link, denoteCallJournaled, denoteCall, identityAdversary, chargedGas,
  ̲  ̲ ̲ ̲journalEntry,
  ̵  ̵ ̵ ̵debitSelfBalance, bindResultWords, honest, hpos, hmv', hnM', hn, hfee',
      gateway_fee_slot, readFieldWord, feeField, ContractState.readSlot, ContractState.storage,
      hstorageW, mul_ofNat_val, hwrap]

Note: This linter can be disabled with `set_option linter.unusedSimpArgs false`
warning: LidoSRv3/Audit/Verity/PConsolidationEth1CompositionTxUniversalRevert.lean:137:45: This simp argument is unused:
  execExternalCallBind

Hint: Omit it from the simp argument list.
  simp [executeFunctionWithCalls, gwTx, gatewayFn, gatewaySpec, declaredValueCheck,
  ̵  ̵ ̵ ̵effectiveFields,
  ̲  ̲ ̲ ̲bindExternalParams, DynamicAbi.bindE̵x̵E̲x̲ter̵n̵a̵l̵r̲n̲a̲l̲Params, ̲D̲y̲n̲a̲m̲i̲c̲A̲b̲i̲.̲b̲i̲n̲d̲S̲u̲p̲p̲o̲r̲t̲e̲d̲P̲a̲r̲a̲m̲s̲,̲
      DynamicAbi.b̵i̵n̵dS̵u̵p̵p̵o̵r̵t̵ed̵P̵a̵r̵a̵m̵s̵,̵ ̵D̵y̵n̵a̵m̵i̵cA̵b̵i̵.̵d̵e̵c̵odeSupportedParamWord, amountParam, batchParam,
  ̵  ̵ ̵ ̵execStmtListWithCalls,
  ̲  ̲ ̲ ̲execStmtWithCalls, execStmt, evalExpr, evalExprList,
  ̵  ̵ ̵ ̵boolWord, lookupValue, bindValue,
  ̲  ̲ ̲ ̲withPayableCallContext, withTransactionContext,
  ̵  ̵ ̵ ̵wordNormalize, DynamicAbi.wordNormalize,
  ̲ e̵x̵e̵c̵E̵x̵t̵e̵r̵n̵a̵l̵C̵a̵l̵l̵B̵i̵n̵d̵,̵  ̲ ̲gatewayEnv, envWith,
  ̵  ̵ ̵ ̵link, denoteCallJournaled, denoteCall, identityAdversary, chargedGas,
  ̲  ̲ ̲ ̲journalEntry,
  ̵  ̵ ̵ ̵debitSelfBalance, bindResultWords, honest, hpos, hmv', hnM', hn, hfee',
      gateway_fee_slot, readFieldWord, feeField, ContractState.readSlot, ContractState.storage,
      hstorageW, mul_ofNat_val, hwrap]

Note: This linter can be disabled with `set_option linter.unusedSimpArgs false`
warning: LidoSRv3/Audit/Verity/PConsolidationEth1CompositionTxUniversalRevert.lean:138:10: This simp argument is unused:
  denoteCallJournaled

Hint: Omit it from the simp argument list.
  simp [executeFunctionWithCalls, gwTx, gatewayFn, gatewaySpec, declaredValueCheck,
  ̵  ̵ ̵ ̵effectiveFields,
  ̲  ̲ ̲ ̲bindExternalParams, DynamicAbi.bindE̵x̵E̲x̲ter̵n̵a̵l̵r̲n̲a̲l̲Params, ̲D̲y̲n̲a̲m̲i̲c̲A̲b̲i̲.̲b̲i̲n̲d̲S̲u̲p̲p̲o̲r̲t̲e̲d̲P̲a̲r̲a̲m̲s̲,̲
      DynamicAbi.b̵i̵n̵dS̵u̵p̵p̵o̵r̵t̵ed̵P̵a̵r̵a̵m̵s̵,̵ ̵D̵y̵n̵a̵m̵i̵cA̵b̵i̵.̵d̵e̵c̵odeSupportedParamWord, amountParam, batchParam,
  ̵  ̵ ̵ ̵execStmtListWithCalls,
  ̲  ̲ ̲ ̲execStmtWithCalls, execStmt, evalExpr, evalExprList,
  ̵  ̵ ̵ ̵boolWord, lookupValue, bindValue,
  ̲  ̲ ̲ ̲withPayableCallContext, withTransactionContext,
  ̵  ̵ ̵ ̵wordNormalize, DynamicAbi.wordNormalize,
  ̲  ̲ ̲ ̲execExternalCallBind, gatewayEnv, envWith,
  ̵  ̵ ̵ ̵link, denoteCallJ̵o̵u̵r̵n̵a̵l̵e̵d̵, d̵e̵n̵o̵t̵e̵C̵a̵l̵l̵,̵ ̵identityAdversary, chargedGas,
  ̲  ̲ ̲ ̲journalEntry,
  ̵  ̵ ̵ ̵debitSelfBalance, bindResultWords, honest, hpos, hmv', hnM', hn, hfee',
      gateway_fee_slot, readFieldWord, feeField, ContractState.readSlot, ContractState.storage,
      hstorageW, mul_ofNat_val, hwrap]

Note: This linter can be disabled with `set_option linter.unusedSimpArgs false`
warning: LidoSRv3/Audit/Verity/PConsolidationEth1CompositionTxUniversalRevert.lean:138:31: This simp argument is unused:
  denoteCall

Hint: Omit it from the simp argument list.
  simp [executeFunctionWithCalls, gwTx, gatewayFn, gatewaySpec, declaredValueCheck,
  ̵  ̵ ̵ ̵effectiveFields,
  ̲  ̲ ̲ ̲bindExternalParams, DynamicAbi.bindE̵x̵E̲x̲ter̵n̵a̵l̵r̲n̲a̲l̲Params, ̲D̲y̲n̲a̲m̲i̲c̲A̲b̲i̲.̲b̲i̲n̲d̲S̲u̲p̲p̲o̲r̲t̲e̲d̲P̲a̲r̲a̲m̲s̲,̲
      DynamicAbi.b̵i̵n̵dS̵u̵p̵p̵o̵r̵t̵ed̵P̵a̵r̵a̵m̵s̵,̵ ̵D̵y̵n̵a̵m̵i̵cA̵b̵i̵.̵d̵e̵c̵odeSupportedParamWord, amountParam, batchParam,
  ̵  ̵ ̵ ̵execStmtListWithCalls,
  ̲  ̲ ̲ ̲execStmtWithCalls, execStmt, evalExpr, evalExprList,
  ̵  ̵ ̵ ̵boolWord, lookupValue, bindValue,
  ̲  ̲ ̲ ̲withPayableCallContext, withTransactionContext,
  ̵  ̵ ̵ ̵wordNormalize, DynamicAbi.wordNormalize,
  ̲  ̲ ̲ ̲execExternalCallBind, gatewayEnv, envWith,
  ̵  ̵ ̵ ̵link, denoteCallJournaled, d̵e̵n̵o̵t̵e̵C̵a̵l̵l̵,̵ ̵identityAdversary,
  ̲  ̲ ̲ ̲chargedGas, journalEntry,
  ̵  ̵ ̵ ̵debitSelfBalance, bindResultWords, honest, hpos, hmv', hnM', hn,
  ̲  ̲ ̲ ̲hfee',
  ̵  ̵ ̵ ̵gateway_fee_slot, readFieldWord, feeField, ContractState.readSlot, ContractState.storage,
      hstorageW, mul_ofNat_val, hwrap]

Note: This linter can be disabled with `set_option linter.unusedSimpArgs false`
warning: LidoSRv3/Audit/Verity/PConsolidationEth1CompositionTxUniversalRevert.lean:138:62: This simp argument is unused:
  chargedGas

Hint: Omit it from the simp argument list.
  simp [executeFunctionWithCalls, gwTx, gatewayFn, gatewaySpec, declaredValueCheck,
  ̵  ̵ ̵ ̵effectiveFields,
  ̲  ̲ ̲ ̲bindExternalParams, DynamicAbi.bindE̵x̵E̲x̲ter̵n̵a̵l̵r̲n̲a̲l̲Params, ̲D̲y̲n̲a̲m̲i̲c̲A̲b̲i̲.̲b̲i̲n̲d̲S̲u̲p̲p̲o̲r̲t̲e̲d̲P̲a̲r̲a̲m̲s̲,̲
      DynamicAbi.b̵i̵n̵dS̵u̵p̵p̵o̵r̵t̵ed̵P̵a̵r̵a̵m̵s̵,̵ ̵D̵y̵n̵a̵m̵i̵cA̵b̵i̵.̵d̵e̵c̵odeSupportedParamWord, amountParam, batchParam,
  ̵  ̵ ̵ ̵execStmtListWithCalls,
  ̲  ̲ ̲ ̲execStmtWithCalls, execStmt, evalExpr, evalExprList,
  ̵  ̵ ̵ ̵boolWord, lookupValue, bindValue,
  ̲  ̲ ̲ ̲withPayableCallContext, withTransactionContext,
  ̵  ̵ ̵ ̵wordNormalize, DynamicAbi.wordNormalize,
  ̲  ̲ ̲ ̲execExternalCallBind, gatewayEnv, envWith,
  ̵  ̵ ̵ ̵link, denoteCallJournaled, denoteCall,
  ̲  ̲ ̲ ̲identityAdversary, c̵h̵a̵r̵g̵e̵d̵G̵a̵s̵,̵ ̵journalEntry,
  ̵  ̵ ̵ ̵debitSelfBalance, bindResultWords, honest, hpos, hmv', hnM',
  ̲  ̲ ̲ ̲hn, hfee',
  ̵  ̵ ̵ ̵gateway_fee_slot, readFieldWord, feeField, ContractState.readSlot,
  ̲  ̲ ̲ ̲ContractState.storage,
  ̵  ̵ ̵ ̵hstorageW, mul_ofNat_val, hwrap]

Note: This linter can be disabled with `set_option linter.unusedSimpArgs false`
warning: LidoSRv3/Audit/Verity/PConsolidationEth1CompositionTxUniversalRevert.lean:138:74: This simp argument is unused:
  journalEntry

Hint: Omit it from the simp argument list.
  simp [executeFunctionWithCalls, gwTx, gatewayFn, gatewaySpec, declaredValueCheck,
  ̵  ̵ ̵ ̵effectiveFields,
  ̲  ̲ ̲ ̲bindExternalParams, DynamicAbi.bindE̵x̵E̲x̲ter̵n̵a̵l̵r̲n̲a̲l̲Params, ̲D̲y̲n̲a̲m̲i̲c̲A̲b̲i̲.̲b̲i̲n̲d̲S̲u̲p̲p̲o̲r̲t̲e̲d̲P̲a̲r̲a̲m̲s̲,̲
      DynamicAbi.b̵i̵n̵dS̵u̵p̵p̵o̵r̵t̵ed̵P̵a̵r̵a̵m̵s̵,̵ ̵D̵y̵n̵a̵m̵i̵cA̵b̵i̵.̵d̵e̵c̵odeSupportedParamWord, amountParam, batchParam,
  ̵  ̵ ̵ ̵execStmtListWithCalls,
  ̲  ̲ ̲ ̲execStmtWithCalls, execStmt, evalExpr, evalExprList,
  ̵  ̵ ̵ ̵boolWord, lookupValue, bindValue,
  ̲  ̲ ̲ ̲withPayableCallContext, withTransactionContext,
  ̵  ̵ ̵ ̵wordNormalize, DynamicAbi.wordNormalize,
  ̲  ̲ ̲ ̲execExternalCallBind, gatewayEnv, envWith,
  ̵  ̵ ̵ ̵link, denoteCallJournaled, denoteCall,
  ̲  ̲ ̲ ̲identityAdversary, chargedGas, j̵o̵u̵r̵n̵a̵l̵E̵n̵t̵r̵y̵,̵
  ̵ ̵ ̵ ̵ ̵debitSelfBalance, bindResultWords, honest, hpos, hmv', hnM', hn,
  ̲  ̲ ̲ ̲hfee',
  ̵  ̵ ̵ ̵gateway_fee_slot, readFieldWord, feeField, ContractState.readSlot, ContractState.storage,
      hstorageW, mul_ofNat_val, hwrap]

Note: This linter can be disabled with `set_option linter.unusedSimpArgs false`
warning: LidoSRv3/Audit/Verity/PConsolidationEth1CompositionTxUniversalRevert.lean:139:4: This simp argument is unused:
  debitSelfBalance

Hint: Omit it from the simp argument list.
  simp [executeFunctionWithCalls, gwTx, gatewayFn, gatewaySpec, declaredValueCheck,
  ̵  ̵ ̵ ̵effectiveFields,
  ̲  ̲ ̲ ̲bindExternalParams, DynamicAbi.bindE̵x̵E̲x̲ter̵n̵a̵l̵r̲n̲a̲l̲Params, ̲D̲y̲n̲a̲m̲i̲c̲A̲b̲i̲.̲b̲i̲n̲d̲S̲u̲p̲p̲o̲r̲t̲e̲d̲P̲a̲r̲a̲m̲s̲,̲
      DynamicAbi.b̵i̵n̵dS̵u̵p̵p̵o̵r̵t̵ed̵P̵a̵r̵a̵m̵s̵,̵ ̵D̵y̵n̵a̵m̵i̵cA̵b̵i̵.̵d̵e̵c̵odeSupportedParamWord, amountParam, batchParam,
  ̵  ̵ ̵ ̵execStmtListWithCalls,
  ̲  ̲ ̲ ̲execStmtWithCalls, execStmt, evalExpr, evalExprList,
  ̵  ̵ ̵ ̵boolWord, lookupValue, bindValue,
  ̲  ̲ ̲ ̲withPayableCallContext, withTransactionContext,
  ̵  ̵ ̵ ̵wordNormalize, DynamicAbi.wordNormalize,
  ̲  ̲ ̲ ̲execExternalCallBind, gatewayEnv, envWith,
  ̵  ̵ ̵ ̵link, denoteCallJournaled, denoteCall,
  ̲  ̲ ̲ ̲identityAdversary, chargedGas, journalEntry,
  ̵  ̵ ̵ ̵d̵e̵bit̵S̵e̵l̵f̵B̵a̵l̵a̵nc̵e̵,̵ ̵b̵i̵n̵dResultWords, honest, hpos, hmv', hnM', hn,
  ̲  ̲ ̲ ̲hfee',
  ̵  ̵ ̵ ̵gateway_fee_slot, readFieldWord, feeField, ContractState.readSlot, ContractState.storage,
      hstorageW, mul_ofNat_val, hwrap]

Note: This linter can be disabled with `set_option linter.unusedSimpArgs false`
warning: LidoSRv3/Audit/Verity/PConsolidationEth1CompositionTxUniversalRevert.lean:139:22: This simp argument is unused:
  bindResultWords

Hint: Omit it from the simp argument list.
  simp [executeFunctionWithCalls, gwTx, gatewayFn, gatewaySpec, declaredValueCheck,
  ̵  ̵ ̵ ̵effectiveFields,
  ̲  ̲ ̲ ̲bindExternalParams, DynamicAbi.bindE̵x̵E̲x̲ter̵n̵a̵l̵r̲n̲a̲l̲Params, ̲D̲y̲n̲a̲m̲i̲c̲A̲b̲i̲.̲b̲i̲n̲d̲S̲u̲p̲p̲o̲r̲t̲e̲d̲P̲a̲r̲a̲m̲s̲,̲
      DynamicAbi.b̵i̵n̵dS̵u̵p̵p̵o̵r̵t̵ed̵P̵a̵r̵a̵m̵s̵,̵ ̵D̵y̵n̵a̵m̵i̵cA̵b̵i̵.̵d̵e̵c̵odeSupportedParamWord, amountParam, batchParam,
  ̵  ̵ ̵ ̵execStmtListWithCalls,
  ̲  ̲ ̲ ̲execStmtWithCalls, execStmt, evalExpr, evalExprList,
  ̵  ̵ ̵ ̵boolWord, lookupValue, bindValue,
  ̲  ̲ ̲ ̲withPayableCallContext, withTransactionContext,
  ̵  ̵ ̵ ̵wordNormalize, DynamicAbi.wordNormalize,
  ̲  ̲ ̲ ̲execExternalCallBind, gatewayEnv, envWith,
  ̵  ̵ ̵ ̵link, denoteCallJournaled, denoteCall,
  ̲  ̲ ̲ ̲identityAdversary, chargedGas, journalEntry,
  ̵  ̵ ̵ ̵debitSelfBalance, b̵i̵n̵d̵R̵e̵s̵u̵l̵t̵W̵o̵r̵d̵s̵,̵ ̵honest, hpos, hmv', hnM', hn,
  ̲  ̲ ̲ ̲hfee',
  ̵  ̵ ̵ ̵gateway_fee_slot, readFieldWord, feeField, ContractState.readSlot, ContractState.storage,
      hstorageW, mul_ofNat_val, hwrap]

Note: This linter can be disabled with `set_option linter.unusedSimpArgs false`
warning: LidoSRv3/Audit/Verity/PConsolidationEth1CompositionTxUniversalRevert.lean:148:5: Variable name `hfee` is not explicitly referenced.

The binding can be removed (if unused) or named `_` (if used implicitly).

Note: This linter can be disabled with `set_option linter.unusedVariables false`
warning: LidoSRv3/Audit/Verity/PConsolidationEth1CompositionTxUniversalRevert.lean:169:66: This simp argument is unused:
  evalExprList

Hint: Omit it from the simp argument list.
  simp [executeFunctionWithCalls, gwTx, gatewayFn, gatewaySpec, declaredValueCheck,
  ̵  ̵ ̵ ̵effectiveFields,
  ̲  ̲ ̲ ̲bindExternalParams, DynamicAbi.bindE̵x̵E̲x̲ter̵n̵a̵l̵r̲n̲a̲l̲Params, ̲D̲y̲n̲a̲m̲i̲c̲A̲b̲i̲.̲b̲i̲n̲d̲S̲u̲p̲p̲o̲r̲t̲e̲d̲P̲a̲r̲a̲m̲s̲,̲
      DynamicAbi.b̵i̵n̵dS̵u̵p̵p̵o̵r̵t̵ed̵P̵a̵r̵a̵m̵s̵,̵ ̵D̵y̵n̵a̵m̵i̵cA̵b̵i̵.̵d̵e̵c̵odeSupportedParamWord, amountParam, batchParam,
  ̵  ̵ ̵ ̵execStmtListWithCalls,
  ̲  ̲ ̲ ̲execStmtWithCalls, execStmt, evalExpr, e̵v̵a̵l̵E̵x̵p̵r̵L̵i̵s̵t̵,̵
  ̵ ̵ ̵ ̵ ̵boolWord, lookupValue, bindValue, withPayableCallContext,
  ̲  ̲ ̲ ̲withTransactionContext,
  ̵  ̵ ̵ ̵wordNormalize, DynamicAbi.wordNormalize, execExternalCallBind,
  ̲  ̲ ̲ ̲gatewayEnv, envWith,
  ̵  ̵ ̵ ̵link, denoteCallJournaled, denoteCall, identityAdversary, chargedGas,
  ̲  ̲ ̲ ̲journalEntry,
  ̵  ̵ ̵ ̵debitSelfBalance, bindResultWords, honest, hpos, hmv', hnM', hn, hnf',
      gateway_fee_slot, readFieldWord, feeField, ContractState.readSlot, ContractState.storage,
      hstorageW, mul_ofNat_val, hdiv, hle]

Note: This linter can be disabled with `set_option linter.unusedSimpArgs false`
warning: LidoSRv3/Audit/Verity/PConsolidationEth1CompositionTxUniversalRevert.lean:171:45: This simp argument is unused:
  execExternalCallBind

Hint: Omit it from the simp argument list.
  simp [executeFunctionWithCalls, gwTx, gatewayFn, gatewaySpec, declaredValueCheck,
  ̵  ̵ ̵ ̵effectiveFields,
  ̲  ̲ ̲ ̲bindExternalParams, DynamicAbi.bindE̵x̵E̲x̲ter̵n̵a̵l̵r̲n̲a̲l̲Params, ̲D̲y̲n̲a̲m̲i̲c̲A̲b̲i̲.̲b̲i̲n̲d̲S̲u̲p̲p̲o̲r̲t̲e̲d̲P̲a̲r̲a̲m̲s̲,̲
      DynamicAbi.b̵i̵n̵dS̵u̵p̵p̵o̵r̵t̵ed̵P̵a̵r̵a̵m̵s̵,̵ ̵D̵y̵n̵a̵m̵i̵cA̵b̵i̵.̵d̵e̵c̵odeSupportedParamWord, amountParam, batchParam,
  ̵  ̵ ̵ ̵execStmtListWithCalls,
  ̲  ̲ ̲ ̲execStmtWithCalls, execStmt, evalExpr, evalExprList,
  ̵  ̵ ̵ ̵boolWord, lookupValue, bindValue,
  ̲  ̲ ̲ ̲withPayableCallContext, withTransactionContext,
  ̵  ̵ ̵ ̵wordNormalize, DynamicAbi.wordNormalize,
  ̲ e̵x̵e̵c̵E̵x̵t̵e̵r̵n̵a̵l̵C̵a̵l̵l̵B̵i̵n̵d̵,̵  ̲ ̲gatewayEnv, envWith,
  ̵  ̵ ̵ ̵link, denoteCallJournaled, denoteCall, identityAdversary, chargedGas,
  ̲  ̲ ̲ ̲journalEntry,
  ̵  ̵ ̵ ̵debitSelfBalance, bindResultWords, honest, hpos, hmv', hnM', hn, hnf',
      gateway_fee_slot, readFieldWord, feeField, ContractState.readSlot, ContractState.storage,
      hstorageW, mul_ofNat_val, hdiv, hle]

Note: This linter can be disabled with `set_option linter.unusedSimpArgs false`
warning: LidoSRv3/Audit/Verity/PConsolidationEth1CompositionTxUniversalRevert.lean:172:10: This simp argument is unused:
  denoteCallJournaled

Hint: Omit it from the simp argument list.
  simp [executeFunctionWithCalls, gwTx, gatewayFn, gatewaySpec, declaredValueCheck,
  ̵  ̵ ̵ ̵effectiveFields,
  ̲  ̲ ̲ ̲bindExternalParams, DynamicAbi.bindE̵x̵E̲x̲ter̵n̵a̵l̵r̲n̲a̲l̲Params, ̲D̲y̲n̲a̲m̲i̲c̲A̲b̲i̲.̲b̲i̲n̲d̲S̲u̲p̲p̲o̲r̲t̲e̲d̲P̲a̲r̲a̲m̲s̲,̲
      DynamicAbi.b̵i̵n̵dS̵u̵p̵p̵o̵r̵t̵ed̵P̵a̵r̵a̵m̵s̵,̵ ̵D̵y̵n̵a̵m̵i̵cA̵b̵i̵.̵d̵e̵c̵odeSupportedParamWord, amountParam, batchParam,
  ̵  ̵ ̵ ̵execStmtListWithCalls,
  ̲  ̲ ̲ ̲execStmtWithCalls, execStmt, evalExpr, evalExprList,
  ̵  ̵ ̵ ̵boolWord, lookupValue, bindValue,
  ̲  ̲ ̲ ̲withPayableCallContext, withTransactionContext,
  ̵  ̵ ̵ ̵wordNormalize, DynamicAbi.wordNormalize,
  ̲  ̲ ̲ ̲execExternalCallBind, gatewayEnv, envWith,
  ̵  ̵ ̵ ̵link, denoteCallJ̵o̵u̵r̵n̵a̵l̵e̵d̵, d̵e̵n̵o̵t̵e̵C̵a̵l̵l̵,̵ ̵identityAdversary, chargedGas,
  ̲  ̲ ̲ ̲journalEntry,
  ̵  ̵ ̵ ̵debitSelfBalance, bindResultWords, honest, hpos, hmv', hnM', hn, hnf',
      gateway_fee_slot, readFieldWord, feeField, ContractState.readSlot, ContractState.storage,
      hstorageW, mul_ofNat_val, hdiv, hle]

Note: This linter can be disabled with `set_option linter.unusedSimpArgs false`
warning: LidoSRv3/Audit/Verity/PConsolidationEth1CompositionTxUniversalRevert.lean:172:31: This simp argument is unused:
  denoteCall

Hint: Omit it from the simp argument list.
  simp [executeFunctionWithCalls, gwTx, gatewayFn, gatewaySpec, declaredValueCheck,
  ̵  ̵ ̵ ̵effectiveFields,
  ̲  ̲ ̲ ̲bindExternalParams, DynamicAbi.bindE̵x̵E̲x̲ter̵n̵a̵l̵r̲n̲a̲l̲Params, ̲D̲y̲n̲a̲m̲i̲c̲A̲b̲i̲.̲b̲i̲n̲d̲S̲u̲p̲p̲o̲r̲t̲e̲d̲P̲a̲r̲a̲m̲s̲,̲
      DynamicAbi.b̵i̵n̵dS̵u̵p̵p̵o̵r̵t̵ed̵P̵a̵r̵a̵m̵s̵,̵ ̵D̵y̵n̵a̵m̵i̵cA̵b̵i̵.̵d̵e̵c̵odeSupportedParamWord, amountParam, batchParam,
  ̵  ̵ ̵ ̵execStmtListWithCalls,
  ̲  ̲ ̲ ̲execStmtWithCalls, execStmt, evalExpr, evalExprList,
  ̵  ̵ ̵ ̵boolWord, lookupValue, bindValue,
  ̲  ̲ ̲ ̲withPayableCallContext, withTransactionContext,
  ̵  ̵ ̵ ̵wordNormalize, DynamicAbi.wordNormalize,
  ̲  ̲ ̲ ̲execExternalCallBind, gatewayEnv, envWith,
  ̵  ̵ ̵ ̵link, denoteCallJournaled, d̵e̵n̵o̵t̵e̵C̵a̵l̵l̵,̵ ̵identityAdversary,
  ̲  ̲ ̲ ̲chargedGas, journalEntry,
  ̵  ̵ ̵ ̵debitSelfBalance, bindResultWords, honest, hpos, hmv', hnM', hn, hnf',
      gateway_fee_slot, readFieldWord, feeField, ContractState.readSlot, ContractState.storage,
      hstorageW, mul_ofNat_val, hdiv, hle]

Note: This linter can be disabled with `set_option linter.unusedSimpArgs false`
warning: LidoSRv3/Audit/Verity/PConsolidationEth1CompositionTxUniversalRevert.lean:172:62: This simp argument is unused:
  chargedGas

Hint: Omit it from the simp argument list.
  simp [executeFunctionWithCalls, gwTx, gatewayFn, gatewaySpec, declaredValueCheck,
  ̵  ̵ ̵ ̵effectiveFields,
  ̲  ̲ ̲ ̲bindExternalParams, DynamicAbi.bindE̵x̵E̲x̲ter̵n̵a̵l̵r̲n̲a̲l̲Params, ̲D̲y̲n̲a̲m̲i̲c̲A̲b̲i̲.̲b̲i̲n̲d̲S̲u̲p̲p̲o̲r̲t̲e̲d̲P̲a̲r̲a̲m̲s̲,̲
      DynamicAbi.b̵i̵n̵dS̵u̵p̵p̵o̵r̵t̵ed̵P̵a̵r̵a̵m̵s̵,̵ ̵D̵y̵n̵a̵m̵i̵cA̵b̵i̵.̵d̵e̵c̵odeSupportedParamWord, amountParam, batchParam,
  ̵  ̵ ̵ ̵execStmtListWithCalls,
  ̲  ̲ ̲ ̲execStmtWithCalls, execStmt, evalExpr, evalExprList,
  ̵  ̵ ̵ ̵boolWord, lookupValue, bindValue,
  ̲  ̲ ̲ ̲withPayableCallContext, withTransactionContext,
  ̵  ̵ ̵ ̵wordNormalize, DynamicAbi.wordNormalize,
  ̲  ̲ ̲ ̲execExternalCallBind, gatewayEnv, envWith,
  ̵  ̵ ̵ ̵link, denoteCallJournaled, denoteCall,
  ̲  ̲ ̲ ̲identityAdversary, c̵h̵a̵r̵g̵e̵d̵G̵a̵s̵,̵ ̵journalEntry,
  ̵  ̵ ̵ ̵debitSelfBalance, bindResultWords, honest, hpos, hmv', hnM',
  ̲  ̲ ̲ ̲hn, hnf',
  ̵  ̵ ̵ ̵gateway_fee_slot, readFieldWord, feeField, ContractState.readSlot,
  ̲  ̲ ̲ ̲ContractState.storage,
  ̵  ̵ ̵ ̵hstorageW, mul_ofNat_val, hdiv, hle]

Note: This linter can be disabled with `set_option linter.unusedSimpArgs false`
warning: LidoSRv3/Audit/Verity/PConsolidationEth1CompositionTxUniversalRevert.lean:172:74: This simp argument is unused:
  journalEntry

Hint: Omit it from the simp argument list.
  simp [executeFunctionWithCalls, gwTx, gatewayFn, gatewaySpec, declaredValueCheck,
  ̵  ̵ ̵ ̵effectiveFields,
  ̲  ̲ ̲ ̲bindExternalParams, DynamicAbi.bindE̵x̵E̲x̲ter̵n̵a̵l̵r̲n̲a̲l̲Params, ̲D̲y̲n̲a̲m̲i̲c̲A̲b̲i̲.̲b̲i̲n̲d̲S̲u̲p̲p̲o̲r̲t̲e̲d̲P̲a̲r̲a̲m̲s̲,̲
      DynamicAbi.b̵i̵n̵dS̵u̵p̵p̵o̵r̵t̵ed̵P̵a̵r̵a̵m̵s̵,̵ ̵D̵y̵n̵a̵m̵i̵cA̵b̵i̵.̵d̵e̵c̵odeSupportedParamWord, amountParam, batchParam,
  ̵  ̵ ̵ ̵execStmtListWithCalls,
  ̲  ̲ ̲ ̲execStmtWithCalls, execStmt, evalExpr, evalExprList,
  ̵  ̵ ̵ ̵boolWord, lookupValue, bindValue,
  ̲  ̲ ̲ ̲withPayableCallContext, withTransactionContext,
  ̵  ̵ ̵ ̵wordNormalize, DynamicAbi.wordNormalize,
  ̲  ̲ ̲ ̲execExternalCallBind, gatewayEnv, envWith,
  ̵  ̵ ̵ ̵link, denoteCallJournaled, denoteCall,
  ̲  ̲ ̲ ̲identityAdversary, chargedGas, j̵o̵u̵r̵n̵a̵l̵E̵n̵t̵r̵y̵,̵
  ̵ ̵ ̵ ̵ ̵debitSelfBalance, bindResultWords, honest, hpos, hmv', hnM', hn,
  ̲  ̲ ̲ ̲hnf',
  ̵  ̵ ̵ ̵gateway_fee_slot, readFieldWord, feeField, ContractState.readSlot, ContractState.storage,
      hstorageW, mul_ofNat_val, hdiv, hle]

Note: This linter can be disabled with `set_option linter.unusedSimpArgs false`
warning: LidoSRv3/Audit/Verity/PConsolidationEth1CompositionTxUniversalRevert.lean:173:4: This simp argument is unused:
  debitSelfBalance

Hint: Omit it from the simp argument list.
  simp [executeFunctionWithCalls, gwTx, gatewayFn, gatewaySpec, declaredValueCheck,
  ̵  ̵ ̵ ̵effectiveFields,
  ̲  ̲ ̲ ̲bindExternalParams, DynamicAbi.bindE̵x̵E̲x̲ter̵n̵a̵l̵r̲n̲a̲l̲Params, ̲D̲y̲n̲a̲m̲i̲c̲A̲b̲i̲.̲b̲i̲n̲d̲S̲u̲p̲p̲o̲r̲t̲e̲d̲P̲a̲r̲a̲m̲s̲,̲
      DynamicAbi.b̵i̵n̵dS̵u̵p̵p̵o̵r̵t̵ed̵P̵a̵r̵a̵m̵s̵,̵ ̵D̵y̵n̵a̵m̵i̵cA̵b̵i̵.̵d̵e̵c̵odeSupportedParamWord, amountParam, batchParam,
  ̵  ̵ ̵ ̵execStmtListWithCalls,
  ̲  ̲ ̲ ̲execStmtWithCalls, execStmt, evalExpr, evalExprList,
  ̵  ̵ ̵ ̵boolWord, lookupValue, bindValue,
  ̲  ̲ ̲ ̲withPayableCallContext, withTransactionContext,
  ̵  ̵ ̵ ̵wordNormalize, DynamicAbi.wordNormalize,
  ̲  ̲ ̲ ̲execExternalCallBind, gatewayEnv, envWith,
  ̵  ̵ ̵ ̵link, denoteCallJournaled, denoteCall,
  ̲  ̲ ̲ ̲identityAdversary, chargedGas, journalEntry,
  ̵  ̵ ̵ ̵d̵e̵bit̵S̵e̵l̵f̵B̵a̵l̵a̵nc̵e̵,̵ ̵b̵i̵n̵dResultWords, honest, hpos, hmv', hnM', hn,
  ̲  ̲ ̲ ̲hnf',
  ̵  ̵ ̵ ̵gateway_fee_slot, readFieldWord, feeField, ContractState.readSlot, ContractState.storage,
      hstorageW, mul_ofNat_val, hdiv, hle]

Note: This linter can be disabled with `set_option linter.unusedSimpArgs false`
warning: LidoSRv3/Audit/Verity/PConsolidationEth1CompositionTxUniversalRevert.lean:173:22: This simp argument is unused:
  bindResultWords

Hint: Omit it from the simp argument list.
  simp [executeFunctionWithCalls, gwTx, gatewayFn, gatewaySpec, declaredValueCheck,
  ̵  ̵ ̵ ̵effectiveFields,
  ̲  ̲ ̲ ̲bindExternalParams, DynamicAbi.bindE̵x̵E̲x̲ter̵n̵a̵l̵r̲n̲a̲l̲Params, ̲D̲y̲n̲a̲m̲i̲c̲A̲b̲i̲.̲b̲i̲n̲d̲S̲u̲p̲p̲o̲r̲t̲e̲d̲P̲a̲r̲a̲m̲s̲,̲
      DynamicAbi.b̵i̵n̵dS̵u̵p̵p̵o̵r̵t̵ed̵P̵a̵r̵a̵m̵s̵,̵ ̵D̵y̵n̵a̵m̵i̵cA̵b̵i̵.̵d̵e̵c̵odeSupportedParamWord, amountParam, batchParam,
  ̵  ̵ ̵ ̵execStmtListWithCalls,
  ̲  ̲ ̲ ̲execStmtWithCalls, execStmt, evalExpr, evalExprList,
  ̵  ̵ ̵ ̵boolWord, lookupValue, bindValue,
  ̲  ̲ ̲ ̲withPayableCallContext, withTransactionContext,
  ̵  ̵ ̵ ̵wordNormalize, DynamicAbi.wordNormalize,
  ̲  ̲ ̲ ̲execExternalCallBind, gatewayEnv, envWith,
  ̵  ̵ ̵ ̵link, denoteCallJournaled, denoteCall,
  ̲  ̲ ̲ ̲identityAdversary, chargedGas, journalEntry,
  ̵  ̵ ̵ ̵debitSelfBalance, b̵i̵n̵d̵R̵e̵s̵u̵l̵t̵W̵o̵r̵d̵s̵,̵ ̵honest, hpos, hmv', hnM', hn,
  ̲  ̲ ̲ ̲hnf',
  ̵  ̵ ̵ ̵gateway_fee_slot, readFieldWord, feeField, ContractState.readSlot, ContractState.storage,
      hstorageW, mul_ofNat_val, hdiv, hle]

Note: This linter can be disabled with `set_option linter.unusedSimpArgs false`
⚠ [1284/1504] Replayed LidoSRv3.Audit.Verity.ConsolidationTx
warning: LidoSRv3/Audit/Verity/ConsolidationTx.lean:726:36: This simp argument is unused:
  requestCall

Hint: Omit it from the simp argument list.
  simp [commitObservables,̵ ̵r̵e̵q̵u̵e̵s̵t̵C̵a̵l̵l̵]

Note: This linter can be disabled with `set_option linter.unusedSimpArgs false`
warning: LidoSRv3/Audit/Verity/ConsolidationTx.lean:770:53: This simp argument is unused:
  payload

Hint: Omit it from the simp argument list.
  simp [commitObservables, p̵a̵y̵l̵o̵a̵d̵,̵ ̵hLen]

Note: This linter can be disabled with `set_option linter.unusedSimpArgs false`
warning: LidoSRv3/Audit/Verity/ConsolidationTx.lean:930:23: This simp argument is unused:
  ih

Hint: Omit it from the simp argument list.
  simp ̵[̵i̵h̵]̵

Note: This linter can be disabled with `set_option linter.unusedSimpArgs false`
⚠ [1285/1504] Replayed LidoSRv3.Audit.Guarantees.PConsolidation1
warning: LidoSRv3/Audit/Guarantees/PConsolidation1.lean:241:41: This simp argument is unused:
  List.mem_nil_iff

Hint: Omit it from the simp argument list.
  simp [List.mem_cons,̵ ̵L̵i̵s̵t̵.̵m̵e̵m̵_̵n̵i̵l̵_̵i̵f̵f̵] at hx

Note: This linter can be disabled with `set_option linter.unusedSimpArgs false`
⚠ [1307/1504] Replayed LidoSRv3.Audit.Source.ReserveCorrespondence
warning: LidoSRv3/Audit/Source/ReserveCorrespondence.lean:410:53: This simp argument is unused:
  setStorage

Hint: Omit it from the simp argument list.
  simp [ReserveContract.withdrawWithGuards, ReserveContract.withdraw,
  ̵  ̵ ̵ ̵ ̵ ̵ ̵ ̵ ̵ ̵observeVerity, specTx,
  ̲  ̲ ̲ ̲ ̲ ̲ ̲ ̲ ̲ ̲modelWithdrawDepositableEther,
  ̵  ̵ ̵ ̵ ̵ ̵ ̵ ̵ ̵ ̵spendDepositableEther, getBufferedEtherAllocation, decode,
            min, minWord, requireSomeUint, getStorage, s̵e̵t̵S̵t̵o̵r̵a̵g̵e̵,̵
  ̵ ̵ ̵ ̵ ̵ ̵ ̵ ̵ ̵ ̵ ̵ContractState.readSlot,
  ̲  ̲ ̲ ̲ ̲ ̲ ̲ ̲ ̲ ̲ContractState.writeSlot, Verity.require,
  ̵  ̵ ̵ ̵ ̵ ̵ ̵ ̵ ̵ ̵Verity.bind, Bind.bind, Pure.pure, Contract.run,
            hzero, hdeposits, depositsReserve, hremaining]

Note: This linter can be disabled with `set_option linter.unusedSimpArgs false`
warning: LidoSRv3/Audit/Source/ReserveCorrespondence.lean:411:34: This simp argument is unused:
  ContractState.writeSlot

Hint: Omit it from the simp argument list.
  simp [ReserveContract.withdrawWithGuards, ReserveContract.withdraw, observeVerity, specTx,
  ̲  ̲ ̲ ̲ ̲ ̲ ̲ ̲ ̲ ̲modelWithdrawDepositableEther, spendDepositableEther, getBufferedEtherAllocation, decode,
            min, minWord, requireSomeUint, getStorage, setStorage, ContractState.readSlot,
  ̲  ̲ ̲ ̲ ̲ ̲ ̲ ̲ ̲ ̲C̵o̵n̵t̵r̵a̵c̵t̵S̵t̵a̵t̵e̵.̵w̵r̵i̵t̵e̵S̵l̵o̵t̵,̵ ̵Verity.require, Verity.bind, Bind.bind, Pure.pure, Contract.run, hzero, hdeposits,
  ̲  ̲ ̲ ̲ ̲ ̲ ̲ ̲ ̲ ̲depositsReserve, hremaining]

Note: This linter can be disabled with `set_option linter.unusedSimpArgs false`
warning: LidoSRv3/Audit/Source/ReserveCorrespondence.lean:413:28: This simp argument is unused:
  depositsReserve

Hint: Omit it from the simp argument list.
  simp [ReserveContract.withdrawWithGuards, ReserveContract.withdraw,
  ̵  ̵ ̵ ̵ ̵ ̵ ̵ ̵ ̵ ̵observeVerity, specTx,
  ̲  ̲ ̲ ̲ ̲ ̲ ̲ ̲ ̲ ̲modelWithdrawDepositableEther,
  ̵  ̵ ̵ ̵ ̵ ̵ ̵ ̵ ̵ ̵spendDepositableEther, getBufferedEtherAllocation, decode,
            min, minWord, requireSomeUint, getStorage, setStorage,
  ̵  ̵ ̵ ̵ ̵ ̵ ̵ ̵ ̵ ̵ContractState.readSlot,
  ̲  ̲ ̲ ̲ ̲ ̲ ̲ ̲ ̲ ̲ContractState.writeSlot, Verity.require,
  ̵  ̵ ̵ ̵ ̵ ̵ ̵ ̵ ̵ ̵Verity.bind, Bind.bind, Pure.pure, Contract.run,
            hzero, hdeposits, d̵e̵p̵o̵s̵i̵t̵s̵R̵e̵s̵e̵r̵v̵e̵,̵ ̵hremaining]

Note: This linter can be disabled with `set_option linter.unusedSimpArgs false`
warning: LidoSRv3/Audit/Source/ReserveCorrespondence.lean:427:57: This simp argument is unused:
  setStorage

Hint: Omit it from the simp argument list.
  simp [ReserveContract.withdrawWithGuards, ReserveContract.withdraw, observeVerity,
  ̲  ̲ ̲ ̲ ̲ ̲ ̲ ̲ ̲ ̲ ̲ ̲ ̲ ̲specTx, modelWithdrawDepositableEther, spendDepositableEther,
  ̲  ̲ ̲ ̲ ̲ ̲ ̲ ̲ ̲ ̲ ̲ ̲ ̲ ̲getBufferedEtherAllocation, decode, min, minWord, requireSomeUint, getStorage,
  ̲  ̲ ̲ ̲ ̲ ̲ ̲ ̲ ̲ ̲ ̲ ̲ ̲ ̲s̵e̵t̵S̵t̵o̵r̵a̵g̵e̵,̵ContractState.readSlot, ContractState.writeSlot, Verity.require, Verity.bind,
                Bind.bind, Pure.pure, Contract.run, hzero, hdeposits, hwithdrawals, depositsReserve,
  ̲  ̲ ̲ ̲ ̲ ̲ ̲ ̲ ̲ ̲ ̲ ̲ ̲ ̲withdrawalsReserve, hremaining, hunreserved]

Note: This linter can be disabled with `set_option linter.unusedSimpArgs false`
warning: LidoSRv3/Audit/Source/ReserveCorrespondence.lean:428:38: This simp argument is unused:
  ContractState.writeSlot

Hint: Omit it from the simp argument list.
  simp [ReserveContract.withdrawWithGuards, ReserveContract.withdraw, observeVerity,
  ̲  ̲ ̲ ̲ ̲ ̲ ̲ ̲ ̲ ̲ ̲ ̲ ̲ ̲specTx, modelWithdrawDepositableEther, spendDepositableEther,
  ̲  ̲ ̲ ̲ ̲ ̲ ̲ ̲ ̲ ̲ ̲ ̲ ̲ ̲getBufferedEtherAllocation, decode, min, minWord, requireSomeUint, getStorage,
  ̲  ̲ ̲ ̲ ̲ ̲ ̲ ̲ ̲ ̲ ̲ ̲ ̲ ̲setStorage, ContractState.readSlot, C̵o̵n̵t̵r̵a̵c̵t̵S̵t̵a̵t̵e̵.̵w̵r̵i̵t̵e̵S̵l̵o̵t̵,̵ ̵Verity.require, Verity.bind, Bind.bind, Pure.pure,
  ̲  ̲ ̲ ̲ ̲ ̲ ̲ ̲ ̲ ̲ ̲ ̲ ̲ ̲Contract.run, hzero, hdeposits, hwithdrawals, depositsReserve, withdrawalsReserve,
  ̲  ̲ ̲ ̲ ̲ ̲ ̲ ̲ ̲ ̲ ̲ ̲ ̲ ̲hremaining, hunreserved]

Note: This linter can be disabled with `set_option linter.unusedSimpArgs false`
warning: LidoSRv3/Audit/Source/ReserveCorrespondence.lean:430:46: This simp argument is unused:
  depositsReserve

Hint: Omit it from the simp argument list.
  simp [ReserveContract.withdrawWithGuards, ReserveContract.withdraw, observeVerity,
  ̲  ̲ ̲ ̲ ̲ ̲ ̲ ̲ ̲ ̲ ̲ ̲ ̲ ̲specTx, modelWithdrawDepositableEther, spendDepositableEther,
  ̲  ̲ ̲ ̲ ̲ ̲ ̲ ̲ ̲ ̲ ̲ ̲ ̲ ̲getBufferedEtherAllocation, decode, min, minWord, requireSomeUint, getStorage,
  ̲  ̲ ̲ ̲ ̲ ̲ ̲ ̲ ̲ ̲ ̲ ̲ ̲ ̲setStorage, ContractState.readSlot, ContractState.writeSlot, Verity.require,
                Verity.bind, Bind.bind, Pure.pure, Contract.run, hzero, hdeposits, hwithdrawals,
  ̲  ̲ ̲ ̲ ̲ ̲ ̲ ̲ ̲ ̲ ̲ ̲ ̲ ̲d̵e̵p̵o̵s̵i̵t̵s̵R̵e̵s̵e̵r̵v̵e̵,̵withdrawalsReserve, hremaining, hunreserved]

Note: This linter can be disabled with `set_option linter.unusedSimpArgs false`
warning: LidoSRv3/Audit/Source/ReserveCorrespondence.lean:431:14: This simp argument is unused:
  withdrawalsReserve

Hint: Omit it from the simp argument list.
  simp [ReserveContract.withdrawWithGuards, ReserveContract.withdraw, observeVerity,
  ̲  ̲ ̲ ̲ ̲ ̲ ̲ ̲ ̲ ̲ ̲ ̲ ̲ ̲specTx, modelWithdrawDepositableEther, spendDepositableEther,
  ̲  ̲ ̲ ̲ ̲ ̲ ̲ ̲ ̲ ̲ ̲ ̲ ̲ ̲getBufferedEtherAllocation, decode, min, minWord, requireSomeUint, getStorage,
  ̲  ̲ ̲ ̲ ̲ ̲ ̲ ̲ ̲ ̲ ̲ ̲ ̲ ̲setStorage, ContractState.readSlot, ContractState.writeSlot, Verity.require,
                Verity.bind, Bind.bind, Pure.pure, Contract.run, hzero, hdeposits, hwithdrawals,
  ̲  ̲ ̲ ̲ ̲ ̲ ̲ ̲ ̲ ̲ ̲ ̲ ̲ ̲depositsReserve, w̵i̵t̵h̵d̵r̵a̵w̵a̵l̵s̵R̵e̵s̵e̵r̵v̵e̵,̵ ̵hremaining, hunreserved]

Note: This linter can be disabled with `set_option linter.unusedSimpArgs false`
warning: LidoSRv3/Audit/Source/ReserveCorrespondence.lean:441:30: This simp argument is unused:
  setStorage

Hint: Omit it from the simp argument list.
  simp [ReserveContract.withdrawWithGuards, ReserveContract.withdraw, observeVerity,
  ̲  ̲ ̲ ̲ ̲ ̲ ̲ ̲ ̲ ̲ ̲ ̲ ̲ ̲ ̲ ̲ ̲ ̲specTx, modelWithdrawDepositableEther, spendDepositableEther,
  ̲  ̲ ̲ ̲ ̲ ̲ ̲ ̲ ̲ ̲ ̲ ̲ ̲ ̲ ̲ ̲ ̲ ̲getBufferedEtherAllocation, getDepositableEther, decode, min, minWord,
  ̲  ̲ ̲ ̲ ̲ ̲ ̲ ̲ ̲ ̲ ̲ ̲ ̲ ̲ ̲ ̲ ̲ ̲requireSomeUint, getStorage, s̵e̵t̵S̵t̵o̵r̵a̵g̵e̵,̵ ̵ContractState.readSlot, ContractState.writeSlot,
  ̲  ̲ ̲ ̲ ̲ ̲ ̲ ̲ ̲ ̲ ̲ ̲ ̲ ̲ ̲ ̲ ̲ ̲Verity.require, Verity.bind, Bind.bind, Pure.pure, Contract.run, hzero, hdeposits,
                    hwithdrawals, depositsReserve, withdrawalsReserve, hremaining, hunreserved,
  ̲  ̲ ̲ ̲ ̲ ̲ ̲ ̲ ̲ ̲ ̲ ̲ ̲ ̲ ̲ ̲ ̲ ̲hdepositable]

Note: This linter can be disabled with `set_option linter.unusedSimpArgs false`
warning: LidoSRv3/Audit/Source/ReserveCorrespondence.lean:442:18: This simp argument is unused:
  ContractState.writeSlot

Hint: Omit it from the simp argument list.
  simp [ReserveContract.withdrawWithGuards, ReserveContract.withdraw, observeVerity,
  ̲  ̲ ̲ ̲ ̲ ̲ ̲ ̲ ̲ ̲ ̲ ̲ ̲ ̲ ̲ ̲ ̲ ̲specTx, modelWithdrawDepositableEther, spendDepositableEther,
  ̲  ̲ ̲ ̲ ̲ ̲ ̲ ̲ ̲ ̲ ̲ ̲ ̲ ̲ ̲ ̲ ̲ ̲getBufferedEtherAllocation, getDepositableEther, decode, min, minWord,
  ̲  ̲ ̲ ̲ ̲ ̲ ̲ ̲ ̲ ̲ ̲ ̲ ̲ ̲ ̲ ̲ ̲ ̲requireSomeUint, getStorage, setStorage, ContractState.readSlot, C̵o̵n̵t̵r̵a̵c̵t̵S̵t̵a̵t̵e̵.̵w̵r̵i̵t̵e̵S̵l̵o̵t̵,̵ ̵Verity.require,
  ̲  ̲ ̲ ̲ ̲ ̲ ̲ ̲ ̲ ̲ ̲ ̲ ̲ ̲ ̲ ̲ ̲ ̲Verity.bind, Bind.bind, Pure.pure, Contract.run, hzero, hdeposits, hwithdrawals,
  ̲  ̲ ̲ ̲ ̲ ̲ ̲ ̲ ̲ ̲ ̲ ̲ ̲ ̲ ̲ ̲ ̲ ̲depositsReserve, withdrawalsReserve, hremaining, hunreserved, hdepositable]

Note: This linter can be disabled with `set_option linter.unusedSimpArgs false`
warning: LidoSRv3/Audit/Source/ReserveCorrespondence.lean:444:32: This simp argument is unused:
  depositsReserve

Hint: Omit it from the simp argument list.
  simp [ReserveContract.withdrawWithGuards, ReserveContract.withdraw, observeVerity,
  ̲  ̲ ̲ ̲ ̲ ̲ ̲ ̲ ̲ ̲ ̲ ̲ ̲ ̲ ̲ ̲ ̲ ̲specTx, modelWithdrawDepositableEther, spendDepositableEther,
  ̲  ̲ ̲ ̲ ̲ ̲ ̲ ̲ ̲ ̲ ̲ ̲ ̲ ̲ ̲ ̲ ̲ ̲getBufferedEtherAllocation, getDepositableEther, decode, min, minWord,
  ̲  ̲ ̲ ̲ ̲ ̲ ̲ ̲ ̲ ̲ ̲ ̲ ̲ ̲ ̲ ̲ ̲ ̲requireSomeUint, getStorage, setStorage, ContractState.readSlot,
                    ContractState.writeSlot, Verity.require, Verity.bind, Bind.bind, Pure.pure,
  ̲  ̲ ̲ ̲ ̲ ̲ ̲ ̲ ̲ ̲ ̲ ̲ ̲ ̲ ̲ ̲ ̲ ̲Contract.run, hzero, hdeposits, hwithdrawals, d̵e̵p̵o̵s̵i̵t̵s̵R̵e̵s̵e̵r̵v̵e̵,̵ ̵withdrawalsReserve, hremaining,
                    hunreserved, hdepositable]

Note: This linter can be disabled with `set_option linter.unusedSimpArgs false`
warning: LidoSRv3/Audit/Source/ReserveCorrespondence.lean:444:49: This simp argument is unused:
  withdrawalsReserve

Hint: Omit it from the simp argument list.
  simp [ReserveContract.withdrawWithGuards, ReserveContract.withdraw, observeVerity,
  ̲  ̲ ̲ ̲ ̲ ̲ ̲ ̲ ̲ ̲ ̲ ̲ ̲ ̲ ̲ ̲ ̲ ̲specTx, modelWithdrawDepositableEther, spendDepositableEther,
  ̲  ̲ ̲ ̲ ̲ ̲ ̲ ̲ ̲ ̲ ̲ ̲ ̲ ̲ ̲ ̲ ̲ ̲getBufferedEtherAllocation, getDepositableEther, decode, min, minWord,
  ̲  ̲ ̲ ̲ ̲ ̲ ̲ ̲ ̲ ̲ ̲ ̲ ̲ ̲ ̲ ̲ ̲ ̲requireSomeUint, getStorage, setStorage, ContractState.readSlot,
                    ContractState.writeSlot, Verity.require, Verity.bind, Bind.bind, Pure.pure,
  ̲  ̲ ̲ ̲ ̲ ̲ ̲ ̲ ̲ ̲ ̲ ̲ ̲ ̲ ̲ ̲ ̲ ̲Contract.run, hzero, hdeposits, hwithdrawals, depositsReserve, w̵i̵t̵h̵d̵r̵a̵w̵a̵l̵s̵R̵e̵s̵e̵r̵v̵e̵,̵ ̵hremaining,
                    hunreserved, hdepositable]

Note: This linter can be disabled with `set_option linter.unusedSimpArgs false`
warning: LidoSRv3/Audit/Source/ReserveCorrespondence.lean:456:67: This simp argument is unused:
  setStorage

Hint: Omit it from the simp argument list.
  simp [ReserveContract.withdrawWithGuards, ReserveContract.withdraw,
  ̲  ̲ ̲ ̲ ̲ ̲ ̲ ̲ ̲ ̲ ̲ ̲ ̲ ̲ ̲ ̲ ̲ ̲ ̲ ̲ ̲ ̲ ̲ ̲observeVerity, specTx, modelWithdrawDepositableEther, spendDepositableEther,
                          getBufferedEtherAllocation, getDepositableEther, decode, min, minWord,
  ̲  ̲ ̲ ̲ ̲ ̲ ̲ ̲ ̲ ̲ ̲ ̲ ̲ ̲ ̲ ̲ ̲ ̲ ̲ ̲ ̲ ̲ ̲ ̲requireSomeUint, getStorage, s̵e̵t̵S̵t̵o̵r̵a̵g̵e̵,̵ContractState.readSlot,
                          ContractState.writeSlot, Verity.require, Verity.bind, Bind.bind, Pure.pure,
  ̲  ̲ ̲ ̲ ̲ ̲ ̲ ̲ ̲ ̲ ̲ ̲ ̲ ̲ ̲ ̲ ̲ ̲ ̲ ̲ ̲ ̲ ̲ ̲Contract.run, hzero, hdeposits, hwithdrawals, depositsReserve,
  ̲  ̲ ̲ ̲ ̲ ̲ ̲ ̲ ̲ ̲ ̲ ̲ ̲ ̲ ̲ ̲ ̲ ̲ ̲ ̲ ̲ ̲ ̲ ̲withdrawalsReserve, hremaining, hunreserved, hdepositable, henough, hpost]

Note: This linter can be disabled with `set_option linter.unusedSimpArgs false`
warning: LidoSRv3/Audit/Source/ReserveCorrespondence.lean:457:48: This simp argument is unused:
  ContractState.writeSlot

Hint: Omit it from the simp argument list.
  simp [ReserveContract.withdrawWithGuards, ReserveContract.withdraw,
  ̲  ̲ ̲ ̲ ̲ ̲ ̲ ̲ ̲ ̲ ̲ ̲ ̲ ̲ ̲ ̲ ̲ ̲ ̲ ̲ ̲ ̲ ̲ ̲observeVerity, specTx, modelWithdrawDepositableEther, spendDepositableEther,
                          getBufferedEtherAllocation, getDepositableEther, decode, min, minWord,
  ̲  ̲ ̲ ̲ ̲ ̲ ̲ ̲ ̲ ̲ ̲ ̲ ̲ ̲ ̲ ̲ ̲ ̲ ̲ ̲ ̲ ̲ ̲ ̲requireSomeUint, getStorage, setStorage, ContractState.readSlot,
  ̲  ̲ ̲ ̲ ̲ ̲ ̲ ̲ ̲ ̲ ̲ ̲ ̲ ̲ ̲ ̲ ̲ ̲ ̲ ̲ ̲ ̲ ̲ ̲C̵o̵n̵t̵r̵a̵c̵t̵S̵t̵a̵t̵e̵.̵w̵r̵i̵t̵e̵S̵l̵o̵t̵,̵Verity.require, Verity.bind, Bind.bind, Pure.pure, Contract.run, hzero,
  ̲  ̲ ̲ ̲ ̲ ̲ ̲ ̲ ̲ ̲ ̲ ̲ ̲ ̲ ̲ ̲ ̲ ̲ ̲ ̲ ̲ ̲ ̲ ̲hdeposits, hwithdrawals, depositsReserve, withdrawalsReserve, hremaining,
  ̲  ̲ ̲ ̲ ̲ ̲ ̲ ̲ ̲ ̲ ̲ ̲ ̲ ̲ ̲ ̲ ̲ ̲ ̲ ̲ ̲ ̲ ̲ ̲hunreserved, hdepositable, henough, hpost]

Note: This linter can be disabled with `set_option linter.unusedSimpArgs false`
warning: LidoSRv3/Audit/Source/ReserveCorrespondence.lean:459:70: This simp argument is unused:
  depositsReserve

Hint: Omit it from the simp argument list.
  simp [ReserveContract.withdrawWithGuards, ReserveContract.withdraw,
  ̲  ̲ ̲ ̲ ̲ ̲ ̲ ̲ ̲ ̲ ̲ ̲ ̲ ̲ ̲ ̲ ̲ ̲ ̲ ̲ ̲ ̲ ̲ ̲observeVerity, specTx, modelWithdrawDepositableEther, spendDepositableEther,
                          getBufferedEtherAllocation, getDepositableEther, decode, min, minWord,
  ̲  ̲ ̲ ̲ ̲ ̲ ̲ ̲ ̲ ̲ ̲ ̲ ̲ ̲ ̲ ̲ ̲ ̲ ̲ ̲ ̲ ̲ ̲ ̲requireSomeUint, getStorage, setStorage, ContractState.readSlot,
  ̲  ̲ ̲ ̲ ̲ ̲ ̲ ̲ ̲ ̲ ̲ ̲ ̲ ̲ ̲ ̲ ̲ ̲ ̲ ̲ ̲ ̲ ̲ ̲ContractState.writeSlot, Verity.require, Verity.bind, Bind.bind, Pure.pure,
                          Contract.run, hzero, hdeposits, hwithdrawals, d̵e̵p̵o̵s̵i̵t̵s̵R̵e̵s̵e̵r̵v̵e̵,̵withdrawalsReserve,
                          hremaining, hunreserved, hdepositable, henough, hpost]

Note: This linter can be disabled with `set_option linter.unusedSimpArgs false`
warning: LidoSRv3/Audit/Source/ReserveCorrespondence.lean:460:24: This simp argument is unused:
  withdrawalsReserve

Hint: Omit it from the simp argument list.
  simp [ReserveContract.withdrawWithGuards, ReserveContract.withdraw,
  ̲  ̲ ̲ ̲ ̲ ̲ ̲ ̲ ̲ ̲ ̲ ̲ ̲ ̲ ̲ ̲ ̲ ̲ ̲ ̲ ̲ ̲ ̲ ̲observeVerity, specTx, modelWithdrawDepositableEther, spendDepositableEther,
                          getBufferedEtherAllocation, getDepositableEther, decode, min, minWord,
  ̲  ̲ ̲ ̲ ̲ ̲ ̲ ̲ ̲ ̲ ̲ ̲ ̲ ̲ ̲ ̲ ̲ ̲ ̲ ̲ ̲ ̲ ̲ ̲requireSomeUint, getStorage, setStorage, ContractState.readSlot,
  ̲  ̲ ̲ ̲ ̲ ̲ ̲ ̲ ̲ ̲ ̲ ̲ ̲ ̲ ̲ ̲ ̲ ̲ ̲ ̲ ̲ ̲ ̲ ̲ContractState.writeSlot, Verity.require, Verity.bind, Bind.bind, Pure.pure,
                          Contract.run, hzero, hdeposits, hwithdrawals, depositsReserve, w̵i̵t̵h̵d̵r̵a̵w̵a̵l̵s̵R̵e̵s̵e̵r̵v̵e̵,̵ ̵hremaining,
  ̲  ̲ ̲ ̲ ̲ ̲ ̲ ̲ ̲ ̲ ̲ ̲ ̲ ̲ ̲ ̲ ̲ ̲ ̲ ̲ ̲ ̲ ̲ ̲hunreserved, hdepositable, henough, hpost]

Note: This linter can be disabled with `set_option linter.unusedSimpArgs false`
warning: LidoSRv3/Audit/Source/ReserveCorrespondence.lean:470:71: This simp argument is unused:
  setStorage

Hint: Omit it from the simp argument list.
  simp [ReserveContract.withdrawWithGuards, ReserveContract.withdraw,
  ̲  ̲ ̲ ̲ ̲ ̲ ̲ ̲ ̲ ̲ ̲ ̲ ̲ ̲ ̲ ̲ ̲ ̲ ̲ ̲ ̲ ̲ ̲ ̲ ̲ ̲ ̲ ̲observeVerity, specTx, modelWithdrawDepositableEther,
  ̲  ̲ ̲ ̲ ̲ ̲ ̲ ̲ ̲ ̲ ̲ ̲ ̲ ̲ ̲ ̲ ̲ ̲ ̲ ̲ ̲ ̲ ̲ ̲ ̲ ̲ ̲ ̲spendDepositableEther, getBufferedEtherAllocation, getDepositableEther,
  ̲  ̲ ̲ ̲ ̲ ̲ ̲ ̲ ̲ ̲ ̲ ̲ ̲ ̲ ̲ ̲ ̲ ̲ ̲ ̲ ̲ ̲ ̲ ̲ ̲ ̲ ̲ ̲decode, min, minWord, requireSomeUint, getStorage,
  ̲  ̲ ̲ ̲ ̲ ̲ ̲ ̲ ̲ ̲ ̲ ̲ ̲ ̲ ̲ ̲ ̲ ̲ ̲ ̲ ̲ ̲ ̲ ̲ ̲ ̲ ̲ ̲s̵e̵t̵S̵t̵o̵r̵a̵g̵e̵,̵ContractState.readSlot, ContractState.writeSlot, Verity.require,
                              Verity.bind, Bind.bind, Pure.pure, Contract.run, hzero, hdeposits,
  ̲  ̲ ̲ ̲ ̲ ̲ ̲ ̲ ̲ ̲ ̲ ̲ ̲ ̲ ̲ ̲ ̲ ̲ ̲ ̲ ̲ ̲ ̲ ̲ ̲ ̲ ̲ ̲hwithdrawals, depositsReserve, withdrawalsReserve, hremaining,
  ̲  ̲ ̲ ̲ ̲ ̲ ̲ ̲ ̲ ̲ ̲ ̲ ̲ ̲ ̲ ̲ ̲ ̲ ̲ ̲ ̲ ̲ ̲ ̲ ̲ ̲ ̲ ̲hunreserved, hdepositable, henough, hpost, hbuffered]

Note: This linter can be disabled with `set_option linter.unusedSimpArgs false`
warning: LidoSRv3/Audit/Source/ReserveCorrespondence.lean:471:52: This simp argument is unused:
  ContractState.writeSlot

Hint: Omit it from the simp argument list.
  simp [ReserveContract.withdrawWithGuards, ReserveContract.withdraw,
  ̲  ̲ ̲ ̲ ̲ ̲ ̲ ̲ ̲ ̲ ̲ ̲ ̲ ̲ ̲ ̲ ̲ ̲ ̲ ̲ ̲ ̲ ̲ ̲ ̲ ̲ ̲ ̲observeVerity, specTx, modelWithdrawDepositableEther,
  ̲  ̲ ̲ ̲ ̲ ̲ ̲ ̲ ̲ ̲ ̲ ̲ ̲ ̲ ̲ ̲ ̲ ̲ ̲ ̲ ̲ ̲ ̲ ̲ ̲ ̲ ̲ ̲spendDepositableEther, getBufferedEtherAllocation, getDepositableEther,
  ̲  ̲ ̲ ̲ ̲ ̲ ̲ ̲ ̲ ̲ ̲ ̲ ̲ ̲ ̲ ̲ ̲ ̲ ̲ ̲ ̲ ̲ ̲ ̲ ̲ ̲ ̲ ̲decode, min, minWord, requireSomeUint, getStorage, setStorage,
                              ContractState.readSlot, C̵o̵n̵t̵r̵a̵c̵t̵S̵t̵a̵t̵e̵.̵w̵r̵i̵t̵e̵S̵l̵o̵t̵,̵Verity.require, Verity.bind, Bind.bind,
  ̲  ̲ ̲ ̲ ̲ ̲ ̲ ̲ ̲ ̲ ̲ ̲ ̲ ̲ ̲ ̲ ̲ ̲ ̲ ̲ ̲ ̲ ̲ ̲ ̲ ̲ ̲ ̲Pure.pure, Contract.run, hzero, hdeposits, hwithdrawals,
  ̲  ̲ ̲ ̲ ̲ ̲ ̲ ̲ ̲ ̲ ̲ ̲ ̲ ̲ ̲ ̲ ̲ ̲ ̲ ̲ ̲ ̲ ̲ ̲ ̲ ̲ ̲ ̲depositsReserve, withdrawalsReserve, hremaining, hunreserved,
  ̲  ̲ ̲ ̲ ̲ ̲ ̲ ̲ ̲ ̲ ̲ ̲ ̲ ̲ ̲ ̲ ̲ ̲ ̲ ̲ ̲ ̲ ̲ ̲ ̲ ̲ ̲ ̲hdepositable, henough, hpost, hbuffered]

Note: This linter can be disabled with `set_option linter.unusedSimpArgs false`
warning: LidoSRv3/Audit/Source/ReserveCorrespondence.lean:473:74: This simp argument is unused:
  depositsReserve

Hint: Omit it from the simp argument list.
  simp [ReserveContract.withdrawWithGuards, ReserveContract.withdraw,
  ̲  ̲ ̲ ̲ ̲ ̲ ̲ ̲ ̲ ̲ ̲ ̲ ̲ ̲ ̲ ̲ ̲ ̲ ̲ ̲ ̲ ̲ ̲ ̲ ̲ ̲ ̲ ̲observeVerity, specTx, modelWithdrawDepositableEther,
  ̲  ̲ ̲ ̲ ̲ ̲ ̲ ̲ ̲ ̲ ̲ ̲ ̲ ̲ ̲ ̲ ̲ ̲ ̲ ̲ ̲ ̲ ̲ ̲ ̲ ̲ ̲ ̲spendDepositableEther, getBufferedEtherAllocation, getDepositableEther,
  ̲  ̲ ̲ ̲ ̲ ̲ ̲ ̲ ̲ ̲ ̲ ̲ ̲ ̲ ̲ ̲ ̲ ̲ ̲ ̲ ̲ ̲ ̲ ̲ ̲ ̲ ̲ ̲decode, min, minWord, requireSomeUint, getStorage, setStorage,
                              ContractState.readSlot, ContractState.writeSlot, Verity.require,
  ̲  ̲ ̲ ̲ ̲ ̲ ̲ ̲ ̲ ̲ ̲ ̲ ̲ ̲ ̲ ̲ ̲ ̲ ̲ ̲ ̲ ̲ ̲ ̲ ̲ ̲ ̲ ̲Verity.bind, Bind.bind, Pure.pure, Contract.run, hzero, hdeposits,
  ̲  ̲ ̲ ̲ ̲ ̲ ̲ ̲ ̲ ̲ ̲ ̲ ̲ ̲ ̲ ̲ ̲ ̲ ̲ ̲ ̲ ̲ ̲ ̲ ̲ ̲ ̲ ̲hwithdrawals, d̵e̵p̵o̵s̵i̵t̵s̵R̵e̵s̵e̵r̵v̵e̵,̵withdrawalsReserve, hremaining, hunreserved, hdepositable,
                              henough, hpost, hbuffered]

Note: This linter can be disabled with `set_option linter.unusedSimpArgs false`
warning: LidoSRv3/Audit/Source/ReserveCorrespondence.lean:474:28: This simp argument is unused:
  withdrawalsReserve

Hint: Omit it from the simp argument list.
  simp [ReserveContract.withdrawWithGuards, ReserveContract.withdraw,
  ̲  ̲ ̲ ̲ ̲ ̲ ̲ ̲ ̲ ̲ ̲ ̲ ̲ ̲ ̲ ̲ ̲ ̲ ̲ ̲ ̲ ̲ ̲ ̲ ̲ ̲ ̲ ̲observeVerity, specTx, modelWithdrawDepositableEther,
  ̲  ̲ ̲ ̲ ̲ ̲ ̲ ̲ ̲ ̲ ̲ ̲ ̲ ̲ ̲ ̲ ̲ ̲ ̲ ̲ ̲ ̲ ̲ ̲ ̲ ̲ ̲ ̲spendDepositableEther, getBufferedEtherAllocation, getDepositableEther,
  ̲  ̲ ̲ ̲ ̲ ̲ ̲ ̲ ̲ ̲ ̲ ̲ ̲ ̲ ̲ ̲ ̲ ̲ ̲ ̲ ̲ ̲ ̲ ̲ ̲ ̲ ̲ ̲decode, min, minWord, requireSomeUint, getStorage, setStorage,
                              ContractState.readSlot, ContractState.writeSlot, Verity.require,
  ̲  ̲ ̲ ̲ ̲ ̲ ̲ ̲ ̲ ̲ ̲ ̲ ̲ ̲ ̲ ̲ ̲ ̲ ̲ ̲ ̲ ̲ ̲ ̲ ̲ ̲ ̲ ̲Verity.bind, Bind.bind, Pure.pure, Contract.run, hzero, hdeposits,
  ̲  ̲ ̲ ̲ ̲ ̲ ̲ ̲ ̲ ̲ ̲ ̲ ̲ ̲ ̲ ̲ ̲ ̲ ̲ ̲ ̲ ̲ ̲ ̲ ̲ ̲ ̲ ̲hwithdrawals, depositsReserve, w̵i̵t̵h̵d̵r̵a̵w̵a̵l̵s̵R̵e̵s̵e̵r̵v̵e̵,̵ ̵hremaining, hunreserved, hdepositable,
  ̲  ̲ ̲ ̲ ̲ ̲ ̲ ̲ ̲ ̲ ̲ ̲ ̲ ̲ ̲ ̲ ̲ ̲ ̲ ̲ ̲ ̲ ̲ ̲ ̲ ̲ ̲ ̲henough, hpost, hbuffered]

Note: This linter can be disabled with `set_option linter.unusedSimpArgs false`
warning: LidoSRv3/Audit/Source/ReserveCorrespondence.lean:486:61: This simp argument is unused:
  setStorage

Hint: Omit it from the simp argument list.
  simp [ReserveContract.withdrawWithGuards, ReserveContract.withdraw,
  ̲  ̲ ̲ ̲ ̲ ̲ ̲ ̲ ̲ ̲ ̲ ̲ ̲ ̲ ̲ ̲ ̲ ̲ ̲ ̲ ̲ ̲ ̲ ̲ ̲ ̲ ̲ ̲ ̲ ̲ ̲ ̲observeVerity, specTx, modelWithdrawDepositableEther,
                                  spendDepositableEther, getBufferedEtherAllocation,
                                  getDepositableEther, decode, min, minWord, requireSomeUint,
  ̲  ̲ ̲ ̲ ̲ ̲ ̲ ̲ ̲ ̲ ̲ ̲ ̲ ̲ ̲ ̲ ̲ ̲ ̲ ̲ ̲ ̲ ̲ ̲ ̲ ̲ ̲ ̲ ̲ ̲ ̲ ̲getStorage, s̵e̵t̵S̵t̵o̵r̵a̵g̵e̵,̵ContractState.readSlot, ContractState.writeSlot,
  ̲  ̲ ̲ ̲ ̲ ̲ ̲ ̲ ̲ ̲ ̲ ̲ ̲ ̲ ̲ ̲ ̲ ̲ ̲ ̲ ̲ ̲ ̲ ̲ ̲ ̲ ̲ ̲ ̲ ̲ ̲ ̲Verity.require, Verity.bind, Bind.bind, Pure.pure, Contract.run,
                                  hzero, hdeposits, hwithdrawals, depositsReserve, withdrawalsReserve,
                                  hremaining, hunreserved, hdepositable, henough, hpost, hbuffered,
  ̲  ̲ ̲ ̲ ̲ ̲ ̲ ̲ ̲ ̲ ̲ ̲ ̲ ̲ ̲ ̲ ̲ ̲ ̲ ̲ ̲ ̲ ̲ ̲ ̲ ̲ ̲ ̲ ̲ ̲ ̲ ̲hnext]

Note: This linter can be disabled with `set_option linter.unusedSimpArgs false`
warning: LidoSRv3/Audit/Source/ReserveCorrespondence.lean:487:56: This simp argument is unused:
  ContractState.writeSlot

Hint: Omit it from the simp argument list.
  simp [ReserveContract.withdrawWithGuards, ReserveContract.withdraw,
  ̲  ̲ ̲ ̲ ̲ ̲ ̲ ̲ ̲ ̲ ̲ ̲ ̲ ̲ ̲ ̲ ̲ ̲ ̲ ̲ ̲ ̲ ̲ ̲ ̲ ̲ ̲ ̲ ̲ ̲ ̲ ̲observeVerity, specTx, modelWithdrawDepositableEther,
                                  spendDepositableEther, getBufferedEtherAllocation,
                                  getDepositableEther, decode, min, minWord, requireSomeUint,
  ̲  ̲ ̲ ̲ ̲ ̲ ̲ ̲ ̲ ̲ ̲ ̲ ̲ ̲ ̲ ̲ ̲ ̲ ̲ ̲ ̲ ̲ ̲ ̲ ̲ ̲ ̲ ̲ ̲ ̲ ̲ ̲getStorage, setStorage, ContractState.readSlot, C̵o̵n̵t̵r̵a̵c̵t̵S̵t̵a̵t̵e̵.̵w̵r̵i̵t̵e̵S̵l̵o̵t̵,̵Verity.require,
                                  Verity.bind, Bind.bind, Pure.pure, Contract.run, hzero, hdeposits,
  ̲  ̲ ̲ ̲ ̲ ̲ ̲ ̲ ̲ ̲ ̲ ̲ ̲ ̲ ̲ ̲ ̲ ̲ ̲ ̲ ̲ ̲ ̲ ̲ ̲ ̲ ̲ ̲ ̲ ̲ ̲ ̲hwithdrawals, depositsReserve, withdrawalsReserve, hremaining,
  ̲  ̲ ̲ ̲ ̲ ̲ ̲ ̲ ̲ ̲ ̲ ̲ ̲ ̲ ̲ ̲ ̲ ̲ ̲ ̲ ̲ ̲ ̲ ̲ ̲ ̲ ̲ ̲ ̲ ̲ ̲ ̲hunreserved, hdepositable, henough, hpost, hbuffered, hnext]

Note: This linter can be disabled with `set_option linter.unusedSimpArgs false`
warning: LidoSRv3/Audit/Source/ReserveCorrespondence.lean:489:78: This simp argument is unused:
  depositsReserve

Hint: Omit it from the simp argument list.
  simp [ReserveContract.withdrawWithGuards, ReserveContract.withdraw,
  ̲  ̲ ̲ ̲ ̲ ̲ ̲ ̲ ̲ ̲ ̲ ̲ ̲ ̲ ̲ ̲ ̲ ̲ ̲ ̲ ̲ ̲ ̲ ̲ ̲ ̲ ̲ ̲ ̲ ̲ ̲ ̲observeVerity, specTx, modelWithdrawDepositableEther,
                                  spendDepositableEther, getBufferedEtherAllocation,
                                  getDepositableEther, decode, min, minWord, requireSomeUint,
  ̲  ̲ ̲ ̲ ̲ ̲ ̲ ̲ ̲ ̲ ̲ ̲ ̲ ̲ ̲ ̲ ̲ ̲ ̲ ̲ ̲ ̲ ̲ ̲ ̲ ̲ ̲ ̲ ̲ ̲ ̲ ̲getStorage, setStorage, ContractState.readSlot,
  ̲  ̲ ̲ ̲ ̲ ̲ ̲ ̲ ̲ ̲ ̲ ̲ ̲ ̲ ̲ ̲ ̲ ̲ ̲ ̲ ̲ ̲ ̲ ̲ ̲ ̲ ̲ ̲ ̲ ̲ ̲ ̲ContractState.writeSlot, Verity.require, Verity.bind, Bind.bind,
  ̲  ̲ ̲ ̲ ̲ ̲ ̲ ̲ ̲ ̲ ̲ ̲ ̲ ̲ ̲ ̲ ̲ ̲ ̲ ̲ ̲ ̲ ̲ ̲ ̲ ̲ ̲ ̲ ̲ ̲ ̲ ̲Pure.pure, Contract.run, hzero, hdeposits, hwithdrawals,
  ̲  ̲ ̲ ̲ ̲ ̲ ̲ ̲ ̲ ̲ ̲ ̲ ̲ ̲ ̲ ̲ ̲ ̲ ̲ ̲ ̲ ̲ ̲ ̲ ̲ ̲ ̲ ̲ ̲ ̲ ̲ ̲d̵e̵p̵o̵s̵i̵t̵s̵R̵e̵s̵e̵r̵v̵e̵,̵withdrawalsReserve, hremaining, hunreserved, hdepositable, henough,
  ̲  ̲ ̲ ̲ ̲ ̲ ̲ ̲ ̲ ̲ ̲ ̲ ̲ ̲ ̲ ̲ ̲ ̲ ̲ ̲ ̲ ̲ ̲ ̲ ̲ ̲ ̲ ̲ ̲ ̲ ̲ ̲hpost, hbuffered, hnext]

Note: This linter can be disabled with `set_option linter.unusedSimpArgs false`
warning: LidoSRv3/Audit/Source/ReserveCorrespondence.lean:490:32: This simp argument is unused:
  withdrawalsReserve

Hint: Omit it from the simp argument list.
  simp [ReserveContract.withdrawWithGuards, ReserveContract.withdraw,
  ̲  ̲ ̲ ̲ ̲ ̲ ̲ ̲ ̲ ̲ ̲ ̲ ̲ ̲ ̲ ̲ ̲ ̲ ̲ ̲ ̲ ̲ ̲ ̲ ̲ ̲ ̲ ̲ ̲ ̲ ̲ ̲observeVerity, specTx, modelWithdrawDepositableEther,
                                  spendDepositableEther, getBufferedEtherAllocation,
                                  getDepositableEther, decode, min, minWord, requireSomeUint,
  ̲  ̲ ̲ ̲ ̲ ̲ ̲ ̲ ̲ ̲ ̲ ̲ ̲ ̲ ̲ ̲ ̲ ̲ ̲ ̲ ̲ ̲ ̲ ̲ ̲ ̲ ̲ ̲ ̲ ̲ ̲ ̲getStorage, setStorage, ContractState.readSlot,
  ̲  ̲ ̲ ̲ ̲ ̲ ̲ ̲ ̲ ̲ ̲ ̲ ̲ ̲ ̲ ̲ ̲ ̲ ̲ ̲ ̲ ̲ ̲ ̲ ̲ ̲ ̲ ̲ ̲ ̲ ̲ ̲ContractState.writeSlot, Verity.require, Verity.bind, Bind.bind,
  ̲  ̲ ̲ ̲ ̲ ̲ ̲ ̲ ̲ ̲ ̲ ̲ ̲ ̲ ̲ ̲ ̲ ̲ ̲ ̲ ̲ ̲ ̲ ̲ ̲ ̲ ̲ ̲ ̲ ̲ ̲ ̲Pure.pure, Contract.run, hzero, hdeposits, hwithdrawals,
  ̲  ̲ ̲ ̲ ̲ ̲ ̲ ̲ ̲ ̲ ̲ ̲ ̲ ̲ ̲ ̲ ̲ ̲ ̲ ̲ ̲ ̲ ̲ ̲ ̲ ̲ ̲ ̲ ̲ ̲ ̲ ̲depositsReserve, w̵i̵t̵h̵d̵r̵a̵w̵a̵l̵s̵R̵e̵s̵e̵r̵v̵e̵,̵ ̵hremaining, hunreserved, hdepositable, henough,
  ̲  ̲ ̲ ̲ ̲ ̲ ̲ ̲ ̲ ̲ ̲ ̲ ̲ ̲ ̲ ̲ ̲ ̲ ̲ ̲ ̲ ̲ ̲ ̲ ̲ ̲ ̲ ̲ ̲ ̲ ̲ ̲hpost, hbuffered, hnext]

Note: This linter can be disabled with `set_option linter.unusedSimpArgs false`
warning: LidoSRv3/Audit/Source/ReserveCorrespondence.lean:511:78: This simp argument is unused:
  depositsReserve

Hint: Omit it from the simp argument list.
  simp [ReserveContract.withdrawWithGuards, ReserveContract.withdraw,
  ̲  ̲ ̲ ̲ ̲ ̲ ̲ ̲ ̲ ̲ ̲ ̲ ̲ ̲ ̲ ̲ ̲ ̲ ̲ ̲ ̲ ̲ ̲ ̲ ̲ ̲ ̲ ̲ ̲ ̲ ̲ ̲observeVerity, specTx, ReserveContract.buffered,
                                  ReserveContract.storedDepositsReserve,
                                  ReserveContract.unfinalizedStETH,
                                  ReserveContract.depositedPostReport,
                                  ReserveContract.depositedNextReportAdjusted,
                                  modelWithdrawDepositableEther, spendDepositableEther,
  ̲  ̲ ̲ ̲ ̲ ̲ ̲ ̲ ̲ ̲ ̲ ̲ ̲ ̲ ̲ ̲ ̲ ̲ ̲ ̲ ̲ ̲ ̲ ̲ ̲ ̲ ̲ ̲ ̲ ̲ ̲ ̲getBufferedEtherAllocation, getDepositableEther, decode, min,
  ̲  ̲ ̲ ̲ ̲ ̲ ̲ ̲ ̲ ̲ ̲ ̲ ̲ ̲ ̲ ̲ ̲ ̲ ̲ ̲ ̲ ̲ ̲ ̲ ̲ ̲ ̲ ̲ ̲ ̲ ̲ ̲minWord, requireSomeUint, getStorage, setStorage,
                                  ContractState.readSlot, ContractState.writeSlot, Verity.require,
  ̲  ̲ ̲ ̲ ̲ ̲ ̲ ̲ ̲ ̲ ̲ ̲ ̲ ̲ ̲ ̲ ̲ ̲ ̲ ̲ ̲ ̲ ̲ ̲ ̲ ̲ ̲ ̲ ̲ ̲ ̲ ̲Verity.bind, Bind.bind, Pure.pure, Contract.run, hzero, hdeposits,
  ̲  ̲ ̲ ̲ ̲ ̲ ̲ ̲ ̲ ̲ ̲ ̲ ̲ ̲ ̲ ̲ ̲ ̲ ̲ ̲ ̲ ̲ ̲ ̲ ̲ ̲ ̲ ̲ ̲ ̲ ̲ ̲hwithdrawals, d̵e̵p̵o̵s̵i̵t̵s̵R̵e̵s̵e̵r̵v̵e̵,̵withdrawalsReserve, hremaining, hunreserved,
  ̲  ̲ ̲ ̲ ̲ ̲ ̲ ̲ ̲ ̲ ̲ ̲ ̲ ̲ ̲ ̲ ̲ ̲ ̲ ̲ ̲ ̲ ̲ ̲ ̲ ̲ ̲ ̲ ̲ ̲ ̲ ̲hdepositable, henough, hpost, hbuffered, hnext]

Note: This linter can be disabled with `set_option linter.unusedSimpArgs false`
warning: LidoSRv3/Audit/Source/ReserveCorrespondence.lean:512:32: This simp argument is unused:
  withdrawalsReserve

Hint: Omit it from the simp argument list.
  simp [ReserveContract.withdrawWithGuards, ReserveContract.withdraw,
  ̲  ̲ ̲ ̲ ̲ ̲ ̲ ̲ ̲ ̲ ̲ ̲ ̲ ̲ ̲ ̲ ̲ ̲ ̲ ̲ ̲ ̲ ̲ ̲ ̲ ̲ ̲ ̲ ̲ ̲ ̲ ̲observeVerity, specTx, ReserveContract.buffered,
                                  ReserveContract.storedDepositsReserve,
                                  ReserveContract.unfinalizedStETH,
                                  ReserveContract.depositedPostReport,
                                  ReserveContract.depositedNextReportAdjusted,
                                  modelWithdrawDepositableEther, spendDepositableEther,
  ̲  ̲ ̲ ̲ ̲ ̲ ̲ ̲ ̲ ̲ ̲ ̲ ̲ ̲ ̲ ̲ ̲ ̲ ̲ ̲ ̲ ̲ ̲ ̲ ̲ ̲ ̲ ̲ ̲ ̲ ̲ ̲getBufferedEtherAllocation, getDepositableEther, decode, min,
  ̲  ̲ ̲ ̲ ̲ ̲ ̲ ̲ ̲ ̲ ̲ ̲ ̲ ̲ ̲ ̲ ̲ ̲ ̲ ̲ ̲ ̲ ̲ ̲ ̲ ̲ ̲ ̲ ̲ ̲ ̲ ̲minWord, requireSomeUint, getStorage, setStorage,
                                  ContractState.readSlot, ContractState.writeSlot, Verity.require,
  ̲  ̲ ̲ ̲ ̲ ̲ ̲ ̲ ̲ ̲ ̲ ̲ ̲ ̲ ̲ ̲ ̲ ̲ ̲ ̲ ̲ ̲ ̲ ̲ ̲ ̲ ̲ ̲ ̲ ̲ ̲ ̲Verity.bind, Bind.bind, Pure.pure, Contract.run, hzero, hdeposits,
  ̲  ̲ ̲ ̲ ̲ ̲ ̲ ̲ ̲ ̲ ̲ ̲ ̲ ̲ ̲ ̲ ̲ ̲ ̲ ̲ ̲ ̲ ̲ ̲ ̲ ̲ ̲ ̲ ̲ ̲ ̲ ̲hwithdrawals, depositsReserve, w̵i̵t̵h̵d̵r̵a̵w̵a̵l̵s̵R̵e̵s̵e̵r̵v̵e̵,̵ ̵hremaining, hunreserved,
                                  hdepositable, henough, hpost, hbuffered, hnext]

Note: This linter can be disabled with `set_option linter.unusedSimpArgs false`
warning: LidoSRv3/Audit/Source/ReserveCorrespondence.lean:519:63: This simp argument is unused:
  setStorage

Hint: Omit it from the simp argument list.
  simp [ReserveContract.withdrawWithGuards, ReserveContract.withdraw,
  ̲  ̲ ̲ ̲ ̲ ̲ ̲ ̲ ̲ ̲ ̲ ̲ ̲ ̲ ̲ ̲ ̲ ̲observeVerity, specTx, modelWithdrawDepositableEther, spendDepositableEther,
                    getBufferedEtherAllocation, getDepositableEther, decode, min, minWord,
  ̲  ̲ ̲ ̲ ̲ ̲ ̲ ̲ ̲ ̲ ̲ ̲ ̲ ̲ ̲ ̲ ̲ ̲requireSomeUint, getStorage, s̵e̵t̵S̵t̵o̵r̵a̵g̵e̵,̵ContractState.readSlot, ContractState.writeSlot,
  ̲  ̲ ̲ ̲ ̲ ̲ ̲ ̲ ̲ ̲ ̲ ̲ ̲ ̲ ̲ ̲ ̲ ̲Verity.require, Verity.bind, Bind.bind, Pure.pure, Contract.run, hzero, hdeposits,
  ̲  ̲ ̲ ̲ ̲ ̲ ̲ ̲ ̲ ̲ ̲ ̲ ̲ ̲ ̲ ̲ ̲ ̲hwithdrawals, depositsReserve, withdrawalsReserve, hremaining, hunreserved,
  ̲  ̲ ̲ ̲ ̲ ̲ ̲ ̲ ̲ ̲ ̲ ̲ ̲ ̲ ̲ ̲ ̲ ̲hdepositable, henough]

Note: This linter can be disabled with `set_option linter.unusedSimpArgs false`
warning: LidoSRv3/Audit/Source/ReserveCorrespondence.lean:520:44: This simp argument is unused:
  ContractState.writeSlot

Hint: Omit it from the simp argument list.
  simp [ReserveContract.withdrawWithGuards, ReserveContract.withdraw,
  ̲  ̲ ̲ ̲ ̲ ̲ ̲ ̲ ̲ ̲ ̲ ̲ ̲ ̲ ̲ ̲ ̲ ̲observeVerity, specTx, modelWithdrawDepositableEther, spendDepositableEther,
                    getBufferedEtherAllocation, getDepositableEther, decode, min, minWord,
  ̲  ̲ ̲ ̲ ̲ ̲ ̲ ̲ ̲ ̲ ̲ ̲ ̲ ̲ ̲ ̲ ̲ ̲requireSomeUint, getStorage, setStorage, ContractState.readSlot, C̵o̵n̵t̵r̵a̵c̵t̵S̵t̵a̵t̵e̵.̵w̵r̵i̵t̵e̵S̵l̵o̵t̵,̵Verity.require,
                    Verity.bind, Bind.bind, Pure.pure, Contract.run, hzero, hdeposits, hwithdrawals,
  ̲  ̲ ̲ ̲ ̲ ̲ ̲ ̲ ̲ ̲ ̲ ̲ ̲ ̲ ̲ ̲ ̲ ̲depositsReserve, withdrawalsReserve, hremaining, hunreserved, hdepositable,
                    henough]

Note: This linter can be disabled with `set_option linter.unusedSimpArgs false`
warning: LidoSRv3/Audit/Source/ReserveCorrespondence.lean:522:66: This simp argument is unused:
  depositsReserve

Hint: Omit it from the simp argument list.
  simp [ReserveContract.withdrawWithGuards, ReserveContract.withdraw,
  ̲  ̲ ̲ ̲ ̲ ̲ ̲ ̲ ̲ ̲ ̲ ̲ ̲ ̲ ̲ ̲ ̲ ̲observeVerity, specTx, modelWithdrawDepositableEther, spendDepositableEther,
                    getBufferedEtherAllocation, getDepositableEther, decode, min, minWord,
  ̲  ̲ ̲ ̲ ̲ ̲ ̲ ̲ ̲ ̲ ̲ ̲ ̲ ̲ ̲ ̲ ̲ ̲requireSomeUint, getStorage, setStorage, ContractState.readSlot,
  ̲  ̲ ̲ ̲ ̲ ̲ ̲ ̲ ̲ ̲ ̲ ̲ ̲ ̲ ̲ ̲ ̲ ̲ContractState.writeSlot, Verity.require, Verity.bind, Bind.bind, Pure.pure,
                    Contract.run, hzero, hdeposits, hwithdrawals, d̵e̵p̵o̵s̵i̵t̵s̵R̵e̵s̵e̵r̵v̵e̵,̵withdrawalsReserve, hremaining,
  ̲  ̲ ̲ ̲ ̲ ̲ ̲ ̲ ̲ ̲ ̲ ̲ ̲ ̲ ̲ ̲ ̲ ̲hunreserved, hdepositable, henough]

Note: This linter can be disabled with `set_option linter.unusedSimpArgs false`
warning: LidoSRv3/Audit/Source/ReserveCorrespondence.lean:523:20: This simp argument is unused:
  withdrawalsReserve

Hint: Omit it from the simp argument list.
  simp [ReserveContract.withdrawWithGuards, ReserveContract.withdraw,
  ̲  ̲ ̲ ̲ ̲ ̲ ̲ ̲ ̲ ̲ ̲ ̲ ̲ ̲ ̲ ̲ ̲ ̲observeVerity, specTx, modelWithdrawDepositableEther, spendDepositableEther,
                    getBufferedEtherAllocation, getDepositableEther, decode, min, minWord,
  ̲  ̲ ̲ ̲ ̲ ̲ ̲ ̲ ̲ ̲ ̲ ̲ ̲ ̲ ̲ ̲ ̲ ̲requireSomeUint, getStorage, setStorage, ContractState.readSlot,
  ̲  ̲ ̲ ̲ ̲ ̲ ̲ ̲ ̲ ̲ ̲ ̲ ̲ ̲ ̲ ̲ ̲ ̲ContractState.writeSlot, Verity.require, Verity.bind, Bind.bind, Pure.pure,
                    Contract.run, hzero, hdeposits, hwithdrawals, depositsReserve, w̵i̵t̵h̵d̵r̵a̵w̵a̵l̵s̵R̵e̵s̵e̵r̵v̵e̵,̵ ̵hremaining,
  ̲  ̲ ̲ ̲ ̲ ̲ ̲ ̲ ̲ ̲ ̲ ̲ ̲ ̲ ̲ ̲ ̲ ̲hunreserved, hdepositable, henough]

Note: This linter can be disabled with `set_option linter.unusedSimpArgs false`
⚠ [1318/1504] Replayed LidoSRv3.Audit.Verity.VaultEthTx
warning: LidoSRv3/Audit/Verity/VaultEthTx.lean:94:23: This simp argument is unused:
  hRoute

Hint: Omit it from the simp argument list.
  simp [execute, hR̵o̵u̵t̵e̵,̵ ̵h̵Source, Contract.run] at hExecute

Note: This linter can be disabled with `set_option linter.unusedSimpArgs false`
warning: LidoSRv3/Audit/Verity/VaultEthTx.lean:109:25: This simp argument is unused:
  hRoute

Hint: Omit it from the simp argument list.
  simp [execute, hR̵o̵u̵t̵e̵,̵ ̵h̵Source, Contract.run] at hExecute

Note: This linter can be disabled with `set_option linter.unusedSimpArgs false`
warning: LidoSRv3/Audit/Verity/VaultEthTx.lean:113:21: This simp argument is unused:
  hRoute

Hint: Omit it from the simp argument list.
  simp [execute, hR̵o̵u̵t̵e̵,̵ ̵h̵Source, Contract.run] at hExecute

Note: This linter can be disabled with `set_option linter.unusedSimpArgs false`
warning: LidoSRv3/Audit/Verity/VaultEthTx.lean:121:23: This simp argument is unused:
  hRoute

Hint: Omit it from the simp argument list.
  simp [execute, hR̵o̵u̵t̵e̵,̵ ̵h̵Source, Contract.run] at hExecute

Note: This linter can be disabled with `set_option linter.unusedSimpArgs false`
warning: LidoSRv3/Audit/Verity/VaultEthTx.lean:136:25: This simp argument is unused:
  hRoute

Hint: Omit it from the simp argument list.
  simp [execute, hR̵o̵u̵t̵e̵,̵ ̵h̵Source, Contract.run] at hExecute

Note: This linter can be disabled with `set_option linter.unusedSimpArgs false`
⚠ [1340/1504] Replayed LidoSRv3.Audit.Verity.AddressTx
warning: LidoSRv3/Audit/Verity/AddressTx.lean:277:34: This simp argument is unused:
  AddressTxContract.paused

Hint: Omit it from the simp argument list.
  simp_all (config := { maxSteps := 1000000 })
  ̵  ̵ ̵ ̵[executePinnedSource, stateFor, observeAddress,
  ̲  ̲ ̲ ̲sourceAddressView, run, admitted,
  ̵  ̵ ̵ ̵successfulPost, AddressTxContract.transferFrom, ̵_̵r̵o̵o̵t̵_̵.̵V̵e̵r̵i̵t̵y̵.̵r̵e̵q̵u̵i̵r̵e̵,̵
      _root_.Verity.r̲e̲q̲u̲i̲r̲e̲,̲ ̲_̲r̲o̲o̲t̲_̲.̲V̲e̲r̲i̲t̲y̲.̲Contract.run, _root_.Verity.bind, Bind.bind,
      _root_.Verity.msgSender, _root_.Verity.getMappingUint,
  ̵  ̵ ̵ ̵_root_.Verity.setMappingUint, ̵A̵d̵d̵r̵e̵s̵s̵T̵x̵C̵o̵n̵t̵r̵a̵c̵t̵.̵p̵a̵u̵s̵e̵d̵,̵
      AddressTxContract.balances, AddressTxContract.allowances,
  ̵  ̵ ̵ ̵AddressTxContract.owners,
  ̲  ̲ ̲ ̲AddressTxContract.claimed,
  ̵  ̵ ̵ ̵AddressTxContract.recipients, ContractState.readSlot,
      ContractState.writeSlot, ContractState.readMap, ContractState.writeMap,
  ̵  ̵ ̵ ̵ContractState.readMap2,
  ̲  ̲ ̲ ̲ContractState.writeMap2,
  ̵  ̵ ̵ ̵ContractState.readMapUint, ContractState.writeMapUint,
      ContractState.storage, ContractState.storageMap,
  ̵  ̵ ̵ ̵ContractState.storageMap2,
  ̲  ̲ ̲ ̲ContractState.storageMapUint]

Note: This linter can be disabled with `set_option linter.unusedSimpArgs false`
warning: LidoSRv3/Audit/Verity/AddressTx.lean:278:4: This simp argument is unused:
  AddressTxContract.balances

Hint: Omit it from the simp argument list.
  simp_all (config := { maxSteps := 1000000 })
  ̵  ̵ ̵ ̵[executePinnedSource, stateFor, observeAddress,
  ̲  ̲ ̲ ̲sourceAddressView, run, admitted,
  ̵  ̵ ̵ ̵successfulPost, AddressTxContract.transferFrom, ̵_̵r̵o̵o̵t̵_̵.̵V̵e̵r̵i̵t̵y̵.̵r̵e̵q̵u̵i̵r̵e̵,̵
      _root_.Verity.r̲e̲q̲u̲i̲r̲e̲,̲ ̲_̲r̲o̲o̲t̲_̲.̲V̲e̲r̲i̲t̲y̲.̲Contract.run, _root_.Verity.bind, Bind.bind,
      _root_.Verity.msgSender, _root_.Verity.getMappingUint,
  ̵  ̵ ̵ ̵_root_.Verity.setMappingUint,
  ̲  ̲ ̲ ̲AddressTxContract.paused,
  ̵  ̵ ̵ ̵AddressTxContract.b̵all̲o̲w̲ances, AddressTxContract.a̵l̵l̵owa̵nc̵er̲s,
      AddressTxContract.o̵w̵n̵e̵r̵s̵,̵ ̵A̵d̵d̵r̵e̵s̵s̵T̵x̵C̵o̵n̵t̵r̵a̵ct̵.̵c̵laimed,
  ̵  ̵ ̵ ̵AddressTxContract.recipients, ContractState.readSlot,
      ContractState.writeSlot, ContractState.readMap, ContractState.writeMap,
  ̵  ̵ ̵ ̵ContractState.readMap2,
  ̲  ̲ ̲ ̲ContractState.writeMap2,
  ̵  ̵ ̵ ̵ContractState.readMapUint, ContractState.writeMapUint,
      ContractState.storage, ContractState.storageMap,
  ̵  ̵ ̵ ̵ContractState.storageMap2,
  ̲  ̲ ̲ ̲ContractState.storageMapUint]

Note: This linter can be disabled with `set_option linter.unusedSimpArgs false`
warning: LidoSRv3/Audit/Verity/AddressTx.lean:278:32: This simp argument is unused:
  AddressTxContract.allowances

Hint: Omit it from the simp argument list.
  simp_all (config := { maxSteps := 1000000 })
  ̵  ̵ ̵ ̵[executePinnedSource, stateFor, observeAddress,
  ̲  ̲ ̲ ̲sourceAddressView, run, admitted,
  ̵  ̵ ̵ ̵successfulPost, AddressTxContract.transferFrom, ̵_̵r̵o̵o̵t̵_̵.̵V̵e̵r̵i̵t̵y̵.̵r̵e̵q̵u̵i̵r̵e̵,̵
      _root_.Verity.r̲e̲q̲u̲i̲r̲e̲,̲ ̲_̲r̲o̲o̲t̲_̲.̲V̲e̲r̲i̲t̲y̲.̲Contract.run, _root_.Verity.bind, Bind.bind,
      _root_.Verity.msgSender, _root_.Verity.getMappingUint,
  ̵  ̵ ̵ ̵_root_.Verity.setMappingUint,
  ̲  ̲ ̲ ̲AddressTxContract.paused,
  ̵  ̵ ̵ ̵AddressTxContract.balances, AddressTxContract.a̵l̵l̵owa̵nc̵er̲s,
      AddressTxContract.o̵w̵n̵e̵r̵s̵,̵ ̵A̵d̵d̵r̵e̵s̵s̵T̵x̵C̵o̵n̵t̵r̵a̵ct̵.̵c̵laimed,
  ̵  ̵ ̵ ̵AddressTxContract.recipients, ContractState.readSlot,
      ContractState.writeSlot, ContractState.readMap, ContractState.writeMap,
  ̵  ̵ ̵ ̵ContractState.readMap2,
  ̲  ̲ ̲ ̲ContractState.writeMap2,
  ̵  ̵ ̵ ̵ContractState.readMapUint, ContractState.writeMapUint,
      ContractState.storage, ContractState.storageMap,
  ̵  ̵ ̵ ̵ContractState.storageMap2,
  ̲  ̲ ̲ ̲ContractState.storageMapUint]

Note: This linter can be disabled with `set_option linter.unusedSimpArgs false`
warning: LidoSRv3/Audit/Verity/AddressTx.lean:280:34: This simp argument is unused:
  ContractState.readSlot

Hint: Omit it from the simp argument list.
  simp_all (config := { maxSteps := 1000000 })
  ̵  ̵ ̵ ̵[executePinnedSource, stateFor, observeAddress,
  ̲  ̲ ̲ ̲sourceAddressView, run, admitted,
  ̵  ̵ ̵ ̵successfulPost, AddressTxContract.transferFrom, ̵_̵r̵o̵o̵t̵_̵.̵V̵e̵r̵i̵t̵y̵.̵r̵e̵q̵u̵i̵r̵e̵,̵
      _root_.Verity.r̲e̲q̲u̲i̲r̲e̲,̲ ̲_̲r̲o̲o̲t̲_̲.̲V̲e̲r̲i̲t̲y̲.̲Contract.run, _root_.Verity.bind, Bind.bind,
      _root_.Verity.msgSender, _root_.Verity.getMappingUint,
  ̵  ̵ ̵ ̵_root_.Verity.setMappingUint,
  ̲  ̲ ̲ ̲AddressTxContract.paused,
  ̵  ̵ ̵ ̵AddressTxContract.balances, AddressTxContract.allowances,
      AddressTxContract.owners, AddressTxContract.claimed,
  ̵  ̵ ̵ ̵AddressTxContract.recipients, ̵C̵o̵n̵t̵r̵a̵c̵t̵S̵t̵a̵t̵e̵.̵r̵e̵a̵d̵S̵l̵o̵t̵,̵
      ContractState.writeSlot, ContractState.readMap, ContractState.writeMap,
  ̵  ̵ ̵ ̵ContractState.readMap2,
  ̲  ̲ ̲ ̲ContractState.writeMap2,
  ̵  ̵ ̵ ̵ContractState.readMapUint, ContractState.writeMapUint,
      ContractState.storage, ContractState.storageMap,
  ̵  ̵ ̵ ̵ContractState.storageMap2,
  ̲  ̲ ̲ ̲ContractState.storageMapUint]

Note: This linter can be disabled with `set_option linter.unusedSimpArgs false`
warning: LidoSRv3/Audit/Verity/AddressTx.lean:281:29: This simp argument is unused:
  ContractState.readMap

Hint: Omit it from the simp argument list.
  simp_all (config := { maxSteps := 1000000 })
  ̵  ̵ ̵ ̵[executePinnedSource, stateFor, observeAddress,
  ̲  ̲ ̲ ̲sourceAddressView, run, admitted,
  ̵  ̵ ̵ ̵successfulPost, AddressTxContract.transferFrom, ̵_̵r̵o̵o̵t̵_̵.̵V̵e̵r̵i̵t̵y̵.̵r̵e̵q̵u̵i̵r̵e̵,̵
      _root_.Verity.r̲e̲q̲u̲i̲r̲e̲,̲ ̲_̲r̲o̲o̲t̲_̲.̲V̲e̲r̲i̲t̲y̲.̲Contract.run, _root_.Verity.bind, Bind.bind,
      _root_.Verity.msgSender, _root_.Verity.getMappingUint,
  ̵  ̵ ̵ ̵_root_.Verity.setMappingUint,
  ̲  ̲ ̲ ̲AddressTxContract.paused,
  ̵  ̵ ̵ ̵AddressTxContract.balances, AddressTxContract.allowances,
      AddressTxContract.owners, AddressTxContract.claimed,
  ̵  ̵ ̵ ̵AddressTxContract.recipients,
  ̲  ̲ ̲ ̲ContractState.readSlot,
  ̵  ̵ ̵ ̵ContractState.writeSlot, ContractState.r̵e̵a̵d̵M̵a̵p̵,̵ ̵C̵o̵n̵t̵r̵a̵c̵t̵S̵t̵a̵t̵e̵.̵writeMap,
  ̵  ̵ ̵ ̵ContractState.readMap2,
  ̲  ̲ ̲ ̲ContractState.writeMap2,
  ̵  ̵ ̵ ̵ContractState.readMapUint, ContractState.writeMapUint,
      ContractState.storage, ContractState.storageMap,
  ̵  ̵ ̵ ̵ContractState.storageMap2,
  ̲  ̲ ̲ ̲ContractState.storageMapUint]

Note: This linter can be disabled with `set_option linter.unusedSimpArgs false`
warning: LidoSRv3/Audit/Verity/AddressTx.lean:282:4: This simp argument is unused:
  ContractState.readMap2

Hint: Omit it from the simp argument list.
  simp_all (config := { maxSteps := 1000000 })
  ̵  ̵ ̵ ̵[executePinnedSource, stateFor, observeAddress,
  ̲  ̲ ̲ ̲sourceAddressView, run, admitted,
  ̵  ̵ ̵ ̵successfulPost, AddressTxContract.transferFrom, ̵_̵r̵o̵o̵t̵_̵.̵V̵e̵r̵i̵t̵y̵.̵r̵e̵q̵u̵i̵r̵e̵,̵
      _root_.Verity.r̲e̲q̲u̲i̲r̲e̲,̲ ̲_̲r̲o̲o̲t̲_̲.̲V̲e̲r̲i̲t̲y̲.̲Contract.run, _root_.Verity.bind, Bind.bind,
      _root_.Verity.msgSender, _root_.Verity.getMappingUint,
  ̵  ̵ ̵ ̵_root_.Verity.setMappingUint,
  ̲  ̲ ̲ ̲AddressTxContract.paused,
  ̵  ̵ ̵ ̵AddressTxContract.balances, AddressTxContract.allowances,
      AddressTxContract.owners, AddressTxContract.claimed,
  ̵  ̵ ̵ ̵AddressTxContract.recipients,
  ̲  ̲ ̲ ̲ContractState.readSlot,
  ̵  ̵ ̵ ̵ContractState.writeSlot, ContractState.readMap, ContractState.writeMap,
      ContractState.r̵e̵a̵d̵M̵a̵p̵2̵,̵ ̵C̵o̵n̵t̵r̵a̵c̵t̵S̵t̵a̵t̵e̵.̵writeMap2,
  ̵  ̵ ̵ ̵ContractState.readMapUint, ContractState.writeMapUint,
      ContractState.storage, ContractState.storageMap,
  ̵  ̵ ̵ ̵ContractState.storageMap2,
  ̲  ̲ ̲ ̲ContractState.storageMapUint]

Note: This linter can be disabled with `set_option linter.unusedSimpArgs false`
warning: LidoSRv3/Audit/Verity/AddressTx.lean:284:4: This simp argument is unused:
  ContractState.storage

Hint: Omit it from the simp argument list.
  simp_all (config := { maxSteps := 1000000 })
  ̵  ̵ ̵ ̵[executePinnedSource, stateFor, observeAddress,
  ̲  ̲ ̲ ̲sourceAddressView, run, admitted,
  ̵  ̵ ̵ ̵successfulPost, AddressTxContract.transferFrom, ̵_̵r̵o̵o̵t̵_̵.̵V̵e̵r̵i̵t̵y̵.̵r̵e̵q̵u̵i̵r̵e̵,̵
      _root_.Verity.r̲e̲q̲u̲i̲r̲e̲,̲ ̲_̲r̲o̲o̲t̲_̲.̲V̲e̲r̲i̲t̲y̲.̲Contract.run, _root_.Verity.bind, Bind.bind,
      _root_.Verity.msgSender, _root_.Verity.getMappingUint,
  ̵  ̵ ̵ ̵_root_.Verity.setMappingUint,
  ̲  ̲ ̲ ̲AddressTxContract.paused,
  ̵  ̵ ̵ ̵AddressTxContract.balances, AddressTxContract.allowances,
      AddressTxContract.owners, AddressTxContract.claimed,
  ̵  ̵ ̵ ̵AddressTxContract.recipients,
  ̲  ̲ ̲ ̲ContractState.readSlot,
  ̵  ̵ ̵ ̵ContractState.writeSlot, ContractState.readMap, ContractState.writeMap,
      ContractState.readMap2, ContractState.writeMap2,
  ̵  ̵ ̵ ̵ContractState.readMapUint,
  ̲  ̲ ̲ ̲ContractState.writeMapUint,
  ̵  ̵ ̵ ̵ContractState.storage,̵ ̵C̵o̵n̵t̵r̵a̵c̵t̵S̵t̵a̵t̵e̵.̵s̵t̵o̵r̵a̵g̵e̵Map,
  ̵  ̵ ̵ ̵ContractState.storageMap2,
  ̲  ̲ ̲ ̲ContractState.storageMapUint]

Note: This linter can be disabled with `set_option linter.unusedSimpArgs false`
warning: LidoSRv3/Audit/Verity/AddressTx.lean:284:27: This simp argument is unused:
  ContractState.storageMap

Hint: Omit it from the simp argument list.
  simp_all (config := { maxSteps := 1000000 })
  ̵  ̵ ̵ ̵[executePinnedSource, stateFor, observeAddress,
  ̲  ̲ ̲ ̲sourceAddressView, run, admitted,
  ̵  ̵ ̵ ̵successfulPost, AddressTxContract.transferFrom, ̵_̵r̵o̵o̵t̵_̵.̵V̵e̵r̵i̵t̵y̵.̵r̵e̵q̵u̵i̵r̵e̵,̵
      _root_.Verity.r̲e̲q̲u̲i̲r̲e̲,̲ ̲_̲r̲o̲o̲t̲_̲.̲V̲e̲r̲i̲t̲y̲.̲Contract.run, _root_.Verity.bind, Bind.bind,
      _root_.Verity.msgSender, _root_.Verity.getMappingUint,
  ̵  ̵ ̵ ̵_root_.Verity.setMappingUint,
  ̲  ̲ ̲ ̲AddressTxContract.paused,
  ̵  ̵ ̵ ̵AddressTxContract.balances, AddressTxContract.allowances,
      AddressTxContract.owners, AddressTxContract.claimed,
  ̵  ̵ ̵ ̵AddressTxContract.recipients,
  ̲  ̲ ̲ ̲ContractState.readSlot,
  ̵  ̵ ̵ ̵ContractState.writeSlot, ContractState.readMap, ContractState.writeMap,
      ContractState.readMap2, ContractState.writeMap2,
  ̵  ̵ ̵ ̵ContractState.readMapUint,
  ̲  ̲ ̲ ̲ContractState.writeMapUint,
  ̵  ̵ ̵ ̵ContractState.storage, ContractState.storageMap,̵
  ̵ ̵ ̵ ̵ ̵C̵o̵n̵t̵r̵a̵c̵t̵S̵t̵a̵t̵e̵.̵s̵t̵o̵r̵a̵g̵e̵M̵a̵p̵2,
  ̲  ̲ ̲ ̲ContractState.storageMapUint]

Note: This linter can be disabled with `set_option linter.unusedSimpArgs false`
warning: LidoSRv3/Audit/Verity/AddressTx.lean:285:4: This simp argument is unused:
  ContractState.storageMap2

Hint: Omit it from the simp argument list.
  simp_all (config := { maxSteps := 1000000 })
  ̵  ̵ ̵ ̵[executePinnedSource, stateFor, observeAddress,
  ̲  ̲ ̲ ̲sourceAddressView, run, admitted,
  ̵  ̵ ̵ ̵successfulPost, AddressTxContract.transferFrom, ̵_̵r̵o̵o̵t̵_̵.̵V̵e̵r̵i̵t̵y̵.̵r̵e̵q̵u̵i̵r̵e̵,̵
      _root_.Verity.r̲e̲q̲u̲i̲r̲e̲,̲ ̲_̲r̲o̲o̲t̲_̲.̲V̲e̲r̲i̲t̲y̲.̲Contract.run, _root_.Verity.bind, Bind.bind,
      _root_.Verity.msgSender, _root_.Verity.getMappingUint,
  ̵  ̵ ̵ ̵_root_.Verity.setMappingUint,
  ̲  ̲ ̲ ̲AddressTxContract.paused,
  ̵  ̵ ̵ ̵AddressTxContract.balances, AddressTxContract.allowances,
      AddressTxContract.owners, AddressTxContract.claimed,
  ̵  ̵ ̵ ̵AddressTxContract.recipients,
  ̲  ̲ ̲ ̲ContractState.readSlot,
  ̵  ̵ ̵ ̵ContractState.writeSlot, ContractState.readMap, ContractState.writeMap,
      ContractState.readMap2, ContractState.writeMap2,
  ̵  ̵ ̵ ̵ContractState.readMapUint,
  ̲  ̲ ̲ ̲ContractState.writeMapUint,
  ̵  ̵ ̵ ̵ContractState.storage, ContractState.storageMap,
      ContractState.storageMap2̵,̵ ̵C̵o̵n̵t̵r̵a̵c̵t̵S̵t̵a̵t̵e̵.̵s̵t̵o̵r̵a̵g̵e̵M̵a̵p̵Uint]

Note: This linter can be disabled with `set_option linter.unusedSimpArgs false`
warning: LidoSRv3/Audit/Verity/AddressTx.lean:290:5: This simp argument is unused:
  hone

Hint: Omit it from the simp argument list.
  simp_all (config :=
  ̲  ̲ ̲ ̲{ maxSteps := 1000000 })
  ̵  ̵ ̵ ̵[h̵o̵n̵e̵,̵ ̵_root_.Verity.Contract.run, _root_.Verity.bind, Bind.bind]

Note: This linter can be disabled with `set_option linter.unusedSimpArgs false`
warning: LidoSRv3/Audit/Verity/AddressTx.lean:290:11: This simp argument is unused:
  _root_.Verity.Contract.run

Hint: Omit it from the simp argument list.
  simp_all (config := { maxSteps := 1000000 }) [hone,
  ̲  ̲ ̲ ̲_̵r̵o̵o̵t̵_̵.̵V̵e̵r̵i̵t̵y̵.̵C̵o̵n̵t̵r̵a̵c̵t̵.̵r̵u̵n̵,̵ ̵_root_.Verity.bind, Bind.bind]

Note: This linter can be disabled with `set_option linter.unusedSimpArgs false`
warning: LidoSRv3/Audit/Verity/AddressTx.lean:290:39: This simp argument is unused:
  _root_.Verity.bind

Hint: Omit it from the simp argument list.
  simp_all (config := { maxSteps := 1000000 }) [hone,
  ̲  ̲ ̲ ̲_root_.Verity.Contract.run, _̵r̵o̵o̵t̵_̵.̵V̵e̵r̵i̵t̵y̵.̵b̵i̵n̵d̵,̵ ̵Bind.bind]

Note: This linter can be disabled with `set_option linter.unusedSimpArgs false`
warning: LidoSRv3/Audit/Verity/AddressTx.lean:290:59: This simp argument is unused:
  Bind.bind

Hint: Omit it from the simp argument list.
  simp_all (config := { maxSteps := 1000000 })
  ̵  ̵ ̵ ̵[hone,
  ̲  ̲ ̲ ̲_root_.Verity.Contract.run, _root_.Verity.bind,̵ ̵B̵i̵n̵d̵.̵b̵i̵n̵d̵]

Note: This linter can be disabled with `set_option linter.unusedSimpArgs false`
warning: LidoSRv3/Audit/Verity/AddressTx.lean:294:8: This simp argument is unused:
  _root_.Verity.Contract.run

Hint: Omit it from the simp argument list.
  simp_all (config :=
  ̲  ̲ ̲ ̲ ̲ ̲{
  ̲  ̲ ̲ ̲ ̲ ̲ ̲ ̲maxSteps :=
  ̲  ̲ ̲ ̲ ̲ ̲ ̲ ̲ ̲ ̲1000000 }) [show inp.requestOwner = inp.senderFrom ↔ inp.senderFrom = inp.requestOwner
  ̲  ̲ ̲ ̲ ̲ ̲ ̲ ̲ ̲ ̲from eq_comm,
        _̵r̵o̵o̵t̵_̵.̵V̵e̵r̵i̵t̵y̵.̵C̵o̵n̵t̵r̵a̵c̵t̵.̵r̵u̵n̵,̵ ̵_root_.Verity.bind, Bind.bind]

Note: This linter can be disabled with `set_option linter.unusedSimpArgs false`
warning: LidoSRv3/Audit/Verity/AddressTx.lean:294:36: This simp argument is unused:
  _root_.Verity.bind

Hint: Omit it from the simp argument list.
  simp_all (config :=
  ̲  ̲ ̲ ̲ ̲ ̲{
  ̲  ̲ ̲ ̲ ̲ ̲ ̲ ̲maxSteps :=
  ̲  ̲ ̲ ̲ ̲ ̲ ̲ ̲ ̲ ̲1000000 }) [show inp.requestOwner = inp.senderFrom ↔ inp.senderFrom = inp.requestOwner
  ̲  ̲ ̲ ̲ ̲ ̲ ̲ ̲ ̲ ̲from eq_comm,
        _root_.Verity.Contract.run, _̵r̵o̵o̵t̵_̵.̵V̵e̵r̵i̵t̵y̵.̵b̵i̵n̵d̵,̵ ̵Bind.bind]

Note: This linter can be disabled with `set_option linter.unusedSimpArgs false`
warning: LidoSRv3/Audit/Verity/AddressTx.lean:294:56: This simp argument is unused:
  Bind.bind

Hint: Omit it from the simp argument list.
  simp_all (config :=
  ̲  ̲ ̲ ̲ ̲ ̲{
  ̲  ̲ ̲ ̲ ̲ ̲ ̲ ̲maxSteps :=
  ̲  ̲ ̲ ̲ ̲ ̲ ̲ ̲ ̲ ̲1000000 }) [show inp.requestOwner = inp.senderFrom ↔ inp.senderFrom = inp.requestOwner
  ̲  ̲ ̲ ̲ ̲ ̲ ̲ ̲ ̲ ̲from eq_comm,
        _root_.Verity.Contract.run, _̵r̵o̵o̵t̵_̵.̵V̵e̵r̵i̵t̵y̵.̵b̵i̵n̵d̵,̵ ̵B̵i̵n̵d̵.̵b̵i̵n̵d̵]̵_̲r̲o̲o̲t̲_̲.̲V̲e̲r̲i̲t̲y̲.̲b̲i̲n̲d̲]̲

Note: This linter can be disabled with `set_option linter.unusedSimpArgs false`
warning: LidoSRv3/Audit/Verity/AddressTx.lean:317:4: This simp argument is unused:
  _root_.Verity.setMappingUint

Hint: Omit it from the simp argument list.
  simp_all (config := { maxSteps := 1000000 })
  ̵  ̵ ̵ ̵[executePinnedSource, stateFor, observeAddress,
  ̲  ̲ ̲ ̲sourceAddressView, run, admitted,
  ̵  ̵ ̵ ̵successfulPost, AddressTxContract.requestWithdrawal, ̵_̵r̵o̵o̵t̵_̵.̵V̵e̵r̵i̵t̵y̵.̵r̵e̵q̵u̵i̵r̵e̵,̵
      _root_.Verity.r̲e̲q̲u̲i̲r̲e̲,̲ ̲_̲r̲o̲o̲t̲_̲.̲V̲e̲r̲i̲t̲y̲.̲Contract.run, _root_.Verity.bind, Bind.bind,
      _root_.Verity.msgSender, _root_.Verity.getStorage, _root_.Verity.getMapping,
      _root_.Verity.getMapping2, _root_.Verity.setMapping,
  ̵  ̵ ̵ ̵_̵r̵o̵o̵t̵_̵.̵V̵e̵r̵i̵t̵y̵.̵s̵e̵t̵M̵a̵p̵p̵i̵n̵g̵U̵i̵n̵t̵,̵ ̵AddressTxContract.paused,
      AddressTxContract.balances, AddressTxContract.allowances,
  ̵  ̵ ̵ ̵AddressTxContract.owners,
  ̲  ̲ ̲ ̲AddressTxContract.claimed,
  ̵  ̵ ̵ ̵AddressTxContract.recipients, ContractState.readSlot,
  ̲  ̲ ̲ ̲ContractState.writeSlot,
  ̵  ̵ ̵ ̵ContractState.readMap, ContractState.writeMap,
  ̵  ̵ ̵ ̵ContractState.readMap2,
  ̲  ̲ ̲ ̲ContractState.writeMap2,
  ̵  ̵ ̵ ̵ContractState.readMapUint, ContractState.writeMapUint,
      ContractState.storage, ContractState.storageMap,
  ̵  ̵ ̵ ̵ContractState.storageMap2,
  ̲  ̲ ̲ ̲ContractState.storageMapUint,
  ̵  ̵ ̵ ̵Verity.Core.Uint256.ofNat, hmod]

Note: This linter can be disabled with `set_option linter.unusedSimpArgs false`
warning: LidoSRv3/Audit/Verity/AddressTx.lean:319:30: This simp argument is unused:
  AddressTxContract.claimed

Hint: Omit it from the simp argument list.
  simp_all (config := { maxSteps := 1000000 })
  ̵  ̵ ̵ ̵[executePinnedSource, stateFor, observeAddress,
  ̲  ̲ ̲ ̲sourceAddressView, run, admitted,
  ̵  ̵ ̵ ̵successfulPost, AddressTxContract.requestWithdrawal, ̵_̵r̵o̵o̵t̵_̵.̵V̵e̵r̵i̵t̵y̵.̵r̵e̵q̵u̵i̵r̵e̵,̵
      _root_.Verity.r̲e̲q̲u̲i̲r̲e̲,̲ ̲_̲r̲o̲o̲t̲_̲.̲V̲e̲r̲i̲t̲y̲.̲Contract.run, _root_.Verity.bind, Bind.bind,
      _root_.Verity.msgSender, _root_.Verity.getStorage, _root_.Verity.getMapping,
      _root_.Verity.getMapping2, _root_.Verity.setMapping,
  ̵  ̵ ̵ ̵_root_.Verity.setMappingUint,
  ̲  ̲ ̲ ̲AddressTxContract.paused,
  ̵  ̵ ̵ ̵AddressTxContract.balances, AddressTxContract.allowances,
      AddressTxContract.owners, AddressTxContract.c̵l̵a̵i̵m̵e̵d̵,̵
  ̵ ̵ ̵ ̵ ̵A̵d̵d̵res̵s̵T̵x̵C̵o̵n̵t̵r̵a̵ct̵.̵r̵e̵c̵ipients, ContractState.readSlot,
  ̲  ̲ ̲ ̲ContractState.writeSlot,
  ̵  ̵ ̵ ̵ContractState.readMap, ContractState.writeMap,
  ̵  ̵ ̵ ̵ContractState.readMap2,
  ̲  ̲ ̲ ̲ContractState.writeMap2,
  ̵  ̵ ̵ ̵ContractState.readMapUint, ContractState.writeMapUint,
      ContractState.storage, ContractState.storageMap,
  ̵  ̵ ̵ ̵ContractState.storageMap2,
  ̲  ̲ ̲ ̲ContractState.storageMapUint,
  ̵  ̵ ̵ ̵Verity.Core.Uint256.ofNat, hmod]

Note: This linter can be disabled with `set_option linter.unusedSimpArgs false`
warning: LidoSRv3/Audit/Verity/AddressTx.lean:326:31: This simp argument is unused:
  hmod

Hint: Omit it from the simp argument list.
  simp_all (config := { maxSteps := 1000000 })
  ̵  ̵ ̵ ̵[executePinnedSource, stateFor, observeAddress,
  ̲  ̲ ̲ ̲sourceAddressView, run, admitted,
  ̵  ̵ ̵ ̵successfulPost, AddressTxContract.requestWithdrawal, ̵_̵r̵o̵o̵t̵_̵.̵V̵e̵r̵i̵t̵y̵.̵r̵e̵q̵u̵i̵r̵e̵,̵
      _root_.Verity.r̲e̲q̲u̲i̲r̲e̲,̲ ̲_̲r̲o̲o̲t̲_̲.̲V̲e̲r̲i̲t̲y̲.̲Contract.run, _root_.Verity.bind, Bind.bind,
      _root_.Verity.msgSender, _root_.Verity.getStorage, _root_.Verity.getMapping,
      _root_.Verity.getMapping2, _root_.Verity.setMapping,
  ̵  ̵ ̵ ̵_root_.Verity.setMappingUint,
  ̲  ̲ ̲ ̲AddressTxContract.paused,
  ̵  ̵ ̵ ̵AddressTxContract.balances, AddressTxContract.allowances,
      AddressTxContract.owners, AddressTxContract.claimed,
  ̵  ̵ ̵ ̵AddressTxContract.recipients,
  ̲  ̲ ̲ ̲ContractState.readSlot, ContractState.writeSlot,
  ̵  ̵ ̵ ̵ContractState.readMap, ContractState.writeMap,
      ContractState.readMap2, ContractState.writeMap2,
  ̵  ̵ ̵ ̵ContractState.readMapUint,
  ̲  ̲ ̲ ̲ContractState.writeMapUint,
  ̵  ̵ ̵ ̵ContractState.storage, ContractState.storageMap,
      ContractState.storageMap2, ContractState.storageMapUint,
  ̵  ̵ ̵ ̵Verity.Core.Uint256.ofNat,̵ ̵h̵m̵o̵d̵]

Note: This linter can be disabled with `set_option linter.unusedSimpArgs false`
warning: LidoSRv3/Audit/Verity/AddressTx.lean:328:5: This simp argument is unused:
  hone

Hint: Omit it from the simp argument list.
  simp_all (config :=
  ̲  ̲ ̲ ̲{ maxSteps := 1000000 })
  ̵  ̵ ̵ ̵[h̵o̵n̵e̵,̵ ̵_root_.Verity.Contract.run, _root_.Verity.bind, Bind.bind]

Note: This linter can be disabled with `set_option linter.unusedSimpArgs false`
warning: LidoSRv3/Audit/Verity/AddressTx.lean:328:11: This simp argument is unused:
  _root_.Verity.Contract.run

Hint: Omit it from the simp argument list.
  simp_all (config := { maxSteps := 1000000 }) [hone,
  ̲  ̲ ̲ ̲_̵r̵o̵o̵t̵_̵.̵V̵e̵r̵i̵t̵y̵.̵C̵o̵n̵t̵r̵a̵c̵t̵.̵r̵u̵n̵,̵ ̵_root_.Verity.bind, Bind.bind]

Note: This linter can be disabled with `set_option linter.unusedSimpArgs false`
warning: LidoSRv3/Audit/Verity/AddressTx.lean:328:39: This simp argument is unused:
  _root_.Verity.bind

Hint: Omit it from the simp argument list.
  simp_all (config := { maxSteps := 1000000 }) [hone,
  ̲  ̲ ̲ ̲_root_.Verity.Contract.run, _̵r̵o̵o̵t̵_̵.̵V̵e̵r̵i̵t̵y̵.̵b̵i̵n̵d̵,̵ ̵Bind.bind]

Note: This linter can be disabled with `set_option linter.unusedSimpArgs false`
warning: LidoSRv3/Audit/Verity/AddressTx.lean:328:59: This simp argument is unused:
  Bind.bind

Hint: Omit it from the simp argument list.
  simp_all (config := { maxSteps := 1000000 })
  ̵  ̵ ̵ ̵[hone,
  ̲  ̲ ̲ ̲_root_.Verity.Contract.run, _root_.Verity.bind,̵ ̵B̵i̵n̵d̵.̵b̵i̵n̵d̵]

Note: This linter can be disabled with `set_option linter.unusedSimpArgs false`
warning: LidoSRv3/Audit/Verity/AddressTx.lean:330:5: This simp argument is unused:
  _root_.Verity.Contract.run

Hint: Omit it from the simp argument list.
  simp_all (config :=
  ̲  ̲ ̲ ̲{ maxSteps := 1000000 }) [̵_̵r̵o̵o̵t̵_̵.̵V̵e̵r̵i̵t̵y̵.̵C̵o̵n̵t̵r̵a̵c̵t̵.̵r̵u̵n̵,̵ ̵_̵r̵o̵o̵t̵_̵.̵V̵e̵r̵i̵t̵y̵.̵b̵i̵n̵d̵,̵[̲_̲r̲o̲o̲t̲_̲.̲V̲e̲r̲i̲t̲y̲.̲b̲i̲n̲d̲,̲ Bind.bind]

Note: This linter can be disabled with `set_option linter.unusedSimpArgs false`
warning: LidoSRv3/Audit/Verity/AddressTx.lean:330:33: This simp argument is unused:
  _root_.Verity.bind

Hint: Omit it from the simp argument list.
  simp_all (config :=
  ̲  ̲ ̲ ̲{ maxSteps := 1000000 }) [_root_.Verity.Contract.run, _̵r̵o̵o̵t̵_̵.̵V̵e̵r̵i̵t̵y̵.̵b̵i̵n̵d̵,̵ ̵Bind.bind]

Note: This linter can be disabled with `set_option linter.unusedSimpArgs false`
warning: LidoSRv3/Audit/Verity/AddressTx.lean:330:53: This simp argument is unused:
  Bind.bind

Hint: Omit it from the simp argument list.
  simp_all (config :=
  ̲  ̲ ̲ ̲{ maxSteps := 1000000 })
  ̵  ̵ ̵ ̵[_root_.Verity.Contract.run, _root_.Verity.bind,̵ ̵B̵i̵n̵d̵.̵b̵i̵n̵d̵]

Note: This linter can be disabled with `set_option linter.unusedSimpArgs false`
warning: LidoSRv3/Audit/Verity/AddressTx.lean:332:5: This simp argument is unused:
  _root_.Verity.Contract.run

Hint: Omit it from the simp argument list.
  simp_all (config :=
  ̲  ̲ ̲ ̲{ maxSteps := 1000000 }) [̵_̵r̵o̵o̵t̵_̵.̵V̵e̵r̵i̵t̵y̵.̵C̵o̵n̵t̵r̵a̵c̵t̵.̵r̵u̵n̵,̵ ̵_̵r̵o̵o̵t̵_̵.̵V̵e̵r̵i̵t̵y̵.̵b̵i̵n̵d̵,̵[̲_̲r̲o̲o̲t̲_̲.̲V̲e̲r̲i̲t̲y̲.̲b̲i̲n̲d̲,̲ Bind.bind]

Note: This linter can be disabled with `set_option linter.unusedSimpArgs false`
warning: LidoSRv3/Audit/Verity/AddressTx.lean:332:33: This simp argument is unused:
  _root_.Verity.bind

Hint: Omit it from the simp argument list.
  simp_all (config :=
  ̲  ̲ ̲ ̲{ maxSteps := 1000000 }) [_root_.Verity.Contract.run, _̵r̵o̵o̵t̵_̵.̵V̵e̵r̵i̵t̵y̵.̵b̵i̵n̵d̵,̵ ̵Bind.bind]

Note: This linter can be disabled with `set_option linter.unusedSimpArgs false`
warning: LidoSRv3/Audit/Verity/AddressTx.lean:332:53: This simp argument is unused:
  Bind.bind

Hint: Omit it from the simp argument list.
  simp_all (config :=
  ̲  ̲ ̲ ̲{ maxSteps := 1000000 })
  ̵  ̵ ̵ ̵[_root_.Verity.Contract.run, _root_.Verity.bind,̵ ̵B̵i̵n̵d̵.̵b̵i̵n̵d̵]

Note: This linter can be disabled with `set_option linter.unusedSimpArgs false`
warning: LidoSRv3/Audit/Verity/AddressTx.lean:334:5: This simp argument is unused:
  _root_.Verity.Contract.run

Hint: Omit it from the simp argument list.
  simp_all (config :=
  ̲  ̲ ̲ ̲{ maxSteps := 1000000 }) [̵_̵r̵o̵o̵t̵_̵.̵V̵e̵r̵i̵t̵y̵.̵C̵o̵n̵t̵r̵a̵c̵t̵.̵r̵u̵n̵,̵ ̵_̵r̵o̵o̵t̵_̵.̵V̵e̵r̵i̵t̵y̵.̵b̵i̵n̵d̵,̵[̲_̲r̲o̲o̲t̲_̲.̲V̲e̲r̲i̲t̲y̲.̲b̲i̲n̲d̲,̲ Bind.bind]

Note: This linter can be disabled with `set_option linter.unusedSimpArgs false`
warning: LidoSRv3/Audit/Verity/AddressTx.lean:334:33: This simp argument is unused:
  _root_.Verity.bind

Hint: Omit it from the simp argument list.
  simp_all (config :=
  ̲  ̲ ̲ ̲{ maxSteps := 1000000 }) [_root_.Verity.Contract.run, _̵r̵o̵o̵t̵_̵.̵V̵e̵r̵i̵t̵y̵.̵b̵i̵n̵d̵,̵ ̵Bind.bind]

Note: This linter can be disabled with `set_option linter.unusedSimpArgs false`
warning: LidoSRv3/Audit/Verity/AddressTx.lean:334:53: This simp argument is unused:
  Bind.bind

Hint: Omit it from the simp argument list.
  simp_all (config :=
  ̲  ̲ ̲ ̲{ maxSteps := 1000000 })
  ̵  ̵ ̵ ̵[_root_.Verity.Contract.run, _root_.Verity.bind,̵ ̵B̵i̵n̵d̵.̵b̵i̵n̵d̵]

Note: This linter can be disabled with `set_option linter.unusedSimpArgs false`
warning: LidoSRv3/Audit/Verity/AddressTx.lean:336:5: This simp argument is unused:
  _root_.Verity.Contract.run

Hint: Omit it from the simp argument list.
  simp_all (config :=
  ̲  ̲ ̲ ̲{ maxSteps := 1000000 }) [̵_̵r̵o̵o̵t̵_̵.̵V̵e̵r̵i̵t̵y̵.̵C̵o̵n̵t̵r̵a̵c̵t̵.̵r̵u̵n̵,̵ ̵_̵r̵o̵o̵t̵_̵.̵V̵e̵r̵i̵t̵y̵.̵b̵i̵n̵d̵,̵[̲_̲r̲o̲o̲t̲_̲.̲V̲e̲r̲i̲t̲y̲.̲b̲i̲n̲d̲,̲ Bind.bind, _root_.Verity.setMapping,
  ̲  ̲ ̲ ̲ContractState.writeMap]

Note: This linter can be disabled with `set_option linter.unusedSimpArgs false`
warning: LidoSRv3/Audit/Verity/AddressTx.lean:336:33: This simp argument is unused:
  _root_.Verity.bind

Hint: Omit it from the simp argument list.
  simp_all (config :=
  ̲  ̲ ̲ ̲{ maxSteps := 1000000 }) [_root_.Verity.Contract.run, _̵r̵o̵o̵t̵_̵.̵V̵e̵r̵i̵t̵y̵.̵b̵i̵n̵d̵,̵ ̵Bind.bind, _root_.Verity.setMapping,
  ̲  ̲ ̲ ̲ContractState.writeMap]

Note: This linter can be disabled with `set_option linter.unusedSimpArgs false`
warning: LidoSRv3/Audit/Verity/AddressTx.lean:336:53: This simp argument is unused:
  Bind.bind

Hint: Omit it from the simp argument list.
  simp_all (config :=
  ̲  ̲ ̲ ̲{ maxSteps := 1000000 })
  ̵  ̵ ̵ ̵[_root_.Verity.Contract.run, _root_.Verity.bind, ̵B̵i̵n̵d̵.̵b̵i̵n̵d̵,̵
       ̵ ̵_root_.Verity.setMapping, ContractState.writeMap]

Note: This linter can be disabled with `set_option linter.unusedSimpArgs false`
warning: LidoSRv3/Audit/Verity/AddressTx.lean:337:6: This simp argument is unused:
  _root_.Verity.setMapping

Hint: Omit it from the simp argument list.
  simp_all (config :=
  ̲  ̲ ̲ ̲{ maxSteps := 1000000 }) [_root_.Verity.Contract.run, _root_.Verity.bind, Bind.bind,
      _̵r̵o̵o̵t̵_̵.̵V̵e̵r̵i̵t̵y̵.̵s̵e̵t̵M̵a̵p̵p̵i̵n̵g̵,̵ ̵ContractState.writeMap]

Note: This linter can be disabled with `set_option linter.unusedSimpArgs false`
warning: LidoSRv3/Audit/Verity/AddressTx.lean:337:32: This simp argument is unused:
  ContractState.writeMap

Hint: Omit it from the simp argument list.
  simp_all (config :=
  ̲  ̲ ̲ ̲{ maxSteps := 1000000 }) [_root_.Verity.Contract.run, _root_.Verity.bind, Bind.bind,
      _̵r̵o̵o̵t̵_̵.̵V̵e̵r̵i̵t̵y̵.̵s̵e̵t̵M̵a̵p̵p̵i̵n̵g̵,̵ ̵C̵o̵n̵t̵r̵a̵c̵t̵S̵t̵a̵t̵e̵.̵w̵r̵i̵t̵e̵M̵a̵p̵]̵_̲r̲o̲o̲t̲_̲.̲V̲e̲r̲i̲t̲y̲.̲s̲e̲t̲M̲a̲p̲p̲i̲n̲g̲]̲

Note: This linter can be disabled with `set_option linter.unusedSimpArgs false`
warning: LidoSRv3/Audit/Verity/AddressTx.lean:339:25: This simp argument is unused:
  Bind.bind

Hint: Omit it from the simp argument list.
  simp_all (config :=
  ̲  ̲ ̲ ̲{ maxSteps := 1000000 }) [_root_.Verity.bind, B̵i̵n̵d̵.̵b̵i̵n̵d̵,̵ ̵_root_.Verity.setMappingUint,
      _root_.Verity.Contract.run, observeAddress, ContractState.writeMapUint,
  ̲  ̲ ̲ ̲ContractState.readMapUint, ContractState.storageMapUint, ContractState.storage]

Note: This linter can be disabled with `set_option linter.unusedSimpArgs false`
warning: LidoSRv3/Audit/Verity/AddressTx.lean:340:6: This simp argument is unused:
  _root_.Verity.Contract.run

Hint: Omit it from the simp argument list.
  simp_all (config :=
  ̲  ̲ ̲ ̲{ maxSteps := 1000000 })
  ̵  ̵ ̵ ̵[_root_.Verity.bind, Bind.bind, _root_.Verity.setMappingUint,
       ̵ ̵_̵r̵oo̵t̵_̵.̵V̵e̵r̵i̵t̵y̵.̵C̵o̵n̵t̵r̵a̵c̵t̵.̵r̵u̵n̵,̵ ̵o̵bserveAddress,
  ̵  ̵ ̵ ̵ ̵ ̵ContractState.writeMapUint, ContractState.readMapUint,
       ̵ ̵ContractState.storageMapUint, ContractState.storage]

Note: This linter can be disabled with `set_option linter.unusedSimpArgs false`
warning: LidoSRv3/Audit/Verity/AddressTx.lean:340:34: This simp argument is unused:
  observeAddress

Hint: Omit it from the simp argument list.
  simp_all (config :=
  ̲  ̲ ̲ ̲{ maxSteps := 1000000 })
  ̵  ̵ ̵ ̵[_root_.Verity.bind, Bind.bind, _root_.Verity.setMappingUint,
       ̵ ̵_root_.Verity.Contract.run, o̵b̵s̵e̵r̵v̵e̵A̵d̵d̵r̵e̵s̵s̵,̵
  ̵ ̵ ̵ ̵ ̵ ̵ ̵ContractState.writeMapUint, ContractState.readMapUint,
       ̵ ̵ContractState.storageMapUint, ContractState.storage]

Note: This linter can be disabled with `set_option linter.unusedSimpArgs false`
warning: LidoSRv3/Audit/Verity/AddressTx.lean:341:34: This simp argument is unused:
  ContractState.readMapUint

Hint: Omit it from the simp argument list.
  simp_all (config :=
  ̲  ̲ ̲ ̲{ maxSteps := 1000000 })
  ̵  ̵ ̵ ̵[_root_.Verity.bind, Bind.bind, _root_.Verity.setMappingUint,
       ̵ ̵_root_.Verity.Contract.run, observeAddress,
  ̵  ̵ ̵ ̵ ̵ ̵ContractState.writeMapUint, ̵C̵o̵n̵t̵r̵a̵c̵t̵S̵t̵a̵t̵e̵.̵r̵e̵a̵d̵M̵a̵p̵U̵i̵n̵t̵,̵
       ̵ ̵ContractState.storageMapUint, ContractState.storage]

Note: This linter can be disabled with `set_option linter.unusedSimpArgs false`
warning: LidoSRv3/Audit/Verity/AddressTx.lean:342:6: This simp argument is unused:
  ContractState.storageMapUint

Hint: Omit it from the simp argument list.
  simp_all (config :=
  ̲  ̲ ̲ ̲{ maxSteps := 1000000 }) [_root_.Verity.bind, Bind.bind, _root_.Verity.setMappingUint,
      _root_.Verity.Contract.run, observeAddress, ContractState.writeMapUint,
  ̲  ̲ ̲ ̲ContractState.readMapUint, C̵o̵n̵t̵r̵a̵c̵t̵S̵t̵a̵t̵e̵.̵s̵t̵o̵r̵a̵g̵e̵M̵a̵p̵U̵i̵n̵t̵,̵ ̵ContractState.storage]

Note: This linter can be disabled with `set_option linter.unusedSimpArgs false`
warning: LidoSRv3/Audit/Verity/AddressTx.lean:342:36: This simp argument is unused:
  ContractState.storage

Hint: Omit it from the simp argument list.
  simp_all (config :=
  ̲  ̲ ̲ ̲{ maxSteps := 1000000 })
  ̵  ̵ ̵ ̵[_root_.Verity.bind, Bind.bind, _root_.Verity.setMappingUint,
       ̵ ̵_root_.Verity.Contract.run, observeAddress,
  ̵  ̵ ̵ ̵ ̵ ̵ContractState.writeMapUint,
  ̲  ̲ ̲ ̲ContractState.readMapUint,
  ̵  ̵ ̵ ̵ ̵ ̵ContractState.storageMapUint,̵ ̵C̵o̵n̵t̵r̵a̵c̵t̵S̵t̵a̵t̵e̵.̵s̵t̵o̵r̵a̵g̵e̵]

Note: This linter can be disabled with `set_option linter.unusedSimpArgs false`
warning: LidoSRv3/Audit/Verity/AddressTx.lean:355:34: This simp argument is unused:
  AddressTxContract.paused

Hint: Omit it from the simp argument list.
  simp_all (config := { maxSteps := 1000000 })
  ̵  ̵ ̵ ̵[executePinnedSource, stateFor, observeAddress,
  ̲  ̲ ̲ ̲sourceAddressView, run, admitted,
  ̵  ̵ ̵ ̵successfulPost, AddressTxContract.claimWithdrawal, ̵_̵r̵o̵o̵t̵_̵.̵V̵e̵r̵i̵t̵y̵.̵r̵e̵q̵u̵i̵r̵e̵,̵
      _root_.Verity.r̲e̲q̲u̲i̲r̲e̲,̲ ̲_̲r̲o̲o̲t̲_̲.̲V̲e̲r̲i̲t̲y̲.̲Contract.run, _root_.Verity.bind, Bind.bind,
      _root_.Verity.msgSender, _root_.Verity.getMappingUint,
  ̵  ̵ ̵ ̵_root_.Verity.setMappingUint, ̵A̵d̵d̵r̵e̵s̵s̵T̵x̵C̵o̵n̵t̵r̵a̵c̵t̵.̵p̵a̵u̵s̵e̵d̵,̵
      AddressTxContract.balances, AddressTxContract.allowances,
  ̵  ̵ ̵ ̵AddressTxContract.owners,
  ̲  ̲ ̲ ̲AddressTxContract.claimed,
  ̵  ̵ ̵ ̵AddressTxContract.recipients, ContractState.readSlot,
      ContractState.writeSlot, ContractState.readMap, ContractState.writeMap,
  ̵  ̵ ̵ ̵ContractState.readMap2,
  ̲  ̲ ̲ ̲ContractState.writeMap2,
  ̵  ̵ ̵ ̵ContractState.readMapUint, ContractState.writeMapUint,
      ContractState.storage, ContractState.storageMap,
  ̵  ̵ ̵ ̵ContractState.storageMap2,
  ̲  ̲ ̲ ̲ContractState.storageMapUint]

Note: This linter can be disabled with `set_option linter.unusedSimpArgs false`
warning: LidoSRv3/Audit/Verity/AddressTx.lean:356:4: This simp argument is unused:
  AddressTxContract.balances

Hint: Omit it from the simp argument list.
  simp_all (config := { maxSteps := 1000000 })
  ̵  ̵ ̵ ̵[executePinnedSource, stateFor, observeAddress,
  ̲  ̲ ̲ ̲sourceAddressView, run, admitted,
  ̵  ̵ ̵ ̵successfulPost, AddressTxContract.claimWithdrawal, ̵_̵r̵o̵o̵t̵_̵.̵V̵e̵r̵i̵t̵y̵.̵r̵e̵q̵u̵i̵r̵e̵,̵
      _root_.Verity.r̲e̲q̲u̲i̲r̲e̲,̲ ̲_̲r̲o̲o̲t̲_̲.̲V̲e̲r̲i̲t̲y̲.̲Contract.run, _root_.Verity.bind, Bind.bind,
      _root_.Verity.msgSender, _root_.Verity.getMappingUint,
  ̵  ̵ ̵ ̵_root_.Verity.setMappingUint,
  ̲  ̲ ̲ ̲AddressTxContract.paused,
  ̵  ̵ ̵ ̵AddressTxContract.b̵all̲o̲w̲ances, AddressTxContract.a̵l̵l̵owa̵nc̵er̲s,
      AddressTxContract.o̵w̵n̵e̵r̵s̵,̵ ̵A̵d̵d̵r̵e̵s̵s̵T̵x̵C̵o̵n̵t̵r̵a̵ct̵.̵c̵laimed,
  ̵  ̵ ̵ ̵AddressTxContract.recipients, ContractState.readSlot,
      ContractState.writeSlot, ContractState.readMap, ContractState.writeMap,
  ̵  ̵ ̵ ̵ContractState.readMap2,
  ̲  ̲ ̲ ̲ContractState.writeMap2,
  ̵  ̵ ̵ ̵ContractState.readMapUint, ContractState.writeMapUint,
      ContractState.storage, ContractState.storageMap,
  ̵  ̵ ̵ ̵ContractState.storageMap2,
  ̲  ̲ ̲ ̲ContractState.storageMapUint]

Note: This linter can be disabled with `set_option linter.unusedSimpArgs false`
warning: LidoSRv3/Audit/Verity/AddressTx.lean:356:32: This simp argument is unused:
  AddressTxContract.allowances

Hint: Omit it from the simp argument list.
  simp_all (config := { maxSteps := 1000000 })
  ̵  ̵ ̵ ̵[executePinnedSource, stateFor, observeAddress,
  ̲  ̲ ̲ ̲sourceAddressView, run, admitted,
  ̵  ̵ ̵ ̵successfulPost, AddressTxContract.claimWithdrawal, ̵_̵r̵o̵o̵t̵_̵.̵V̵e̵r̵i̵t̵y̵.̵r̵e̵q̵u̵i̵r̵e̵,̵
      _root_.Verity.r̲e̲q̲u̲i̲r̲e̲,̲ ̲_̲r̲o̲o̲t̲_̲.̲V̲e̲r̲i̲t̲y̲.̲Contract.run, _root_.Verity.bind, Bind.bind,
      _root_.Verity.msgSender, _root_.Verity.getMappingUint,
  ̵  ̵ ̵ ̵_root_.Verity.setMappingUint,
  ̲  ̲ ̲ ̲AddressTxContract.paused,
  ̵  ̵ ̵ ̵AddressTxContract.balances, AddressTxContract.a̵l̵l̵owa̵nc̵er̲s,
      AddressTxContract.o̵w̵n̵e̵r̵s̵,̵ ̵A̵d̵d̵r̵e̵s̵s̵T̵x̵C̵o̵n̵t̵r̵a̵ct̵.̵c̵laimed,
  ̵  ̵ ̵ ̵AddressTxContract.recipients, ContractState.readSlot,
      ContractState.writeSlot, ContractState.readMap, ContractState.writeMap,
  ̵  ̵ ̵ ̵ContractState.readMap2,
  ̲  ̲ ̲ ̲ContractState.writeMap2,
  ̵  ̵ ̵ ̵ContractState.readMapUint, ContractState.writeMapUint,
      ContractState.storage, ContractState.storageMap,
  ̵  ̵ ̵ ̵ContractState.storageMap2,
  ̲  ̲ ̲ ̲ContractState.storageMapUint]

Note: This linter can be disabled with `set_option linter.unusedSimpArgs false`
warning: LidoSRv3/Audit/Verity/AddressTx.lean:358:34: This simp argument is unused:
  ContractState.readSlot

Hint: Omit it from the simp argument list.
  simp_all (config := { maxSteps := 1000000 })
  ̵  ̵ ̵ ̵[executePinnedSource, stateFor, observeAddress,
  ̲  ̲ ̲ ̲sourceAddressView, run, admitted,
  ̵  ̵ ̵ ̵successfulPost, AddressTxContract.claimWithdrawal, ̵_̵r̵o̵o̵t̵_̵.̵V̵e̵r̵i̵t̵y̵.̵r̵e̵q̵u̵i̵r̵e̵,̵
      _root_.Verity.r̲e̲q̲u̲i̲r̲e̲,̲ ̲_̲r̲o̲o̲t̲_̲.̲V̲e̲r̲i̲t̲y̲.̲Contract.run, _root_.Verity.bind, Bind.bind,
      _root_.Verity.msgSender, _root_.Verity.getMappingUint,
  ̵  ̵ ̵ ̵_root_.Verity.setMappingUint,
  ̲  ̲ ̲ ̲AddressTxContract.paused,
  ̵  ̵ ̵ ̵AddressTxContract.balances, AddressTxContract.allowances,
      AddressTxContract.owners, AddressTxContract.claimed,
  ̵  ̵ ̵ ̵AddressTxContract.recipients, ̵C̵o̵n̵t̵r̵a̵c̵t̵S̵t̵a̵t̵e̵.̵r̵e̵a̵d̵S̵l̵o̵t̵,̵
      ContractState.writeSlot, ContractState.readMap, ContractState.writeMap,
  ̵  ̵ ̵ ̵ContractState.readMap2,
  ̲  ̲ ̲ ̲ContractState.writeMap2,
  ̵  ̵ ̵ ̵ContractState.readMapUint, ContractState.writeMapUint,
      ContractState.storage, ContractState.storageMap,
  ̵  ̵ ̵ ̵ContractState.storageMap2,
  ̲  ̲ ̲ ̲ContractState.storageMapUint]

Note: This linter can be disabled with `set_option linter.unusedSimpArgs false`
warning: LidoSRv3/Audit/Verity/AddressTx.lean:359:29: This simp argument is unused:
  ContractState.readMap

Hint: Omit it from the simp argument list.
  simp_all (config := { maxSteps := 1000000 })
  ̵  ̵ ̵ ̵[executePinnedSource, stateFor, observeAddress,
  ̲  ̲ ̲ ̲sourceAddressView, run, admitted,
  ̵  ̵ ̵ ̵successfulPost, AddressTxContract.claimWithdrawal, ̵_̵r̵o̵o̵t̵_̵.̵V̵e̵r̵i̵t̵y̵.̵r̵e̵q̵u̵i̵r̵e̵,̵
      _root_.Verity.r̲e̲q̲u̲i̲r̲e̲,̲ ̲_̲r̲o̲o̲t̲_̲.̲V̲e̲r̲i̲t̲y̲.̲Contract.run, _root_.Verity.bind, Bind.bind,
      _root_.Verity.msgSender, _root_.Verity.getMappingUint,
  ̵  ̵ ̵ ̵_root_.Verity.setMappingUint,
  ̲  ̲ ̲ ̲AddressTxContract.paused,
  ̵  ̵ ̵ ̵AddressTxContract.balances, AddressTxContract.allowances,
      AddressTxContract.owners, AddressTxContract.claimed,
  ̵  ̵ ̵ ̵AddressTxContract.recipients,
  ̲  ̲ ̲ ̲ContractState.readSlot,
  ̵  ̵ ̵ ̵ContractState.writeSlot, ContractState.r̵e̵a̵d̵M̵a̵p̵,̵ ̵C̵o̵n̵t̵r̵a̵c̵t̵S̵t̵a̵t̵e̵.̵writeMap,
  ̵  ̵ ̵ ̵ContractState.readMap2,
  ̲  ̲ ̲ ̲ContractState.writeMap2,
  ̵  ̵ ̵ ̵ContractState.readMapUint, ContractState.writeMapUint,
      ContractState.storage, ContractState.storageMap,
  ̵  ̵ ̵ ̵ContractState.storageMap2,
  ̲  ̲ ̲ ̲ContractState.storageMapUint]

Note: This linter can be disabled with `set_option linter.unusedSimpArgs false`
warning: LidoSRv3/Audit/Verity/AddressTx.lean:360:4: This simp argument is unused:
  ContractState.readMap2

Hint: Omit it from the simp argument list.
  simp_all (config := { maxSteps := 1000000 })
  ̵  ̵ ̵ ̵[executePinnedSource, stateFor, observeAddress,
  ̲  ̲ ̲ ̲sourceAddressView, run, admitted,
  ̵  ̵ ̵ ̵successfulPost, AddressTxContract.claimWithdrawal, ̵_̵r̵o̵o̵t̵_̵.̵V̵e̵r̵i̵t̵y̵.̵r̵e̵q̵u̵i̵r̵e̵,̵
      _root_.Verity.r̲e̲q̲u̲i̲r̲e̲,̲ ̲_̲r̲o̲o̲t̲_̲.̲V̲e̲r̲i̲t̲y̲.̲Contract.run, _root_.Verity.bind, Bind.bind,
      _root_.Verity.msgSender, _root_.Verity.getMappingUint,
  ̵  ̵ ̵ ̵_root_.Verity.setMappingUint,
  ̲  ̲ ̲ ̲AddressTxContract.paused,
  ̵  ̵ ̵ ̵AddressTxContract.balances, AddressTxContract.allowances,
      AddressTxContract.owners, AddressTxContract.claimed,
  ̵  ̵ ̵ ̵AddressTxContract.recipients,
  ̲  ̲ ̲ ̲ContractState.readSlot,
  ̵  ̵ ̵ ̵ContractState.writeSlot, ContractState.readMap, ContractState.writeMap,
      ContractState.r̵e̵a̵d̵M̵a̵p̵2̵,̵ ̵C̵o̵n̵t̵r̵a̵c̵t̵S̵t̵a̵t̵e̵.̵writeMap2,
  ̵  ̵ ̵ ̵ContractState.readMapUint, ContractState.writeMapUint,
      ContractState.storage, ContractState.storageMap,
  ̵  ̵ ̵ ̵ContractState.storageMap2,
  ̲  ̲ ̲ ̲ContractState.storageMapUint]

Note: This linter can be disabled with `set_option linter.unusedSimpArgs false`
warning: LidoSRv3/Audit/Verity/AddressTx.lean:362:4: This simp argument is unused:
  ContractState.storage

Hint: Omit it from the simp argument list.
  simp_all (config := { maxSteps := 1000000 })
  ̵  ̵ ̵ ̵[executePinnedSource, stateFor, observeAddress,
  ̲  ̲ ̲ ̲sourceAddressView, run, admitted,
  ̵  ̵ ̵ ̵successfulPost, AddressTxContract.claimWithdrawal, ̵_̵r̵o̵o̵t̵_̵.̵V̵e̵r̵i̵t̵y̵.̵r̵e̵q̵u̵i̵r̵e̵,̵
      _root_.Verity.r̲e̲q̲u̲i̲r̲e̲,̲ ̲_̲r̲o̲o̲t̲_̲.̲V̲e̲r̲i̲t̲y̲.̲Contract.run, _root_.Verity.bind, Bind.bind,
      _root_.Verity.msgSender, _root_.Verity.getMappingUint,
  ̵  ̵ ̵ ̵_root_.Verity.setMappingUint,
  ̲  ̲ ̲ ̲AddressTxContract.paused,
  ̵  ̵ ̵ ̵AddressTxContract.balances, AddressTxContract.allowances,
      AddressTxContract.owners, AddressTxContract.claimed,
  ̵  ̵ ̵ ̵AddressTxContract.recipients,
  ̲  ̲ ̲ ̲ContractState.readSlot,
  ̵  ̵ ̵ ̵ContractState.writeSlot, ContractState.readMap, ContractState.writeMap,
      ContractState.readMap2, ContractState.writeMap2,
  ̵  ̵ ̵ ̵ContractState.readMapUint,
  ̲  ̲ ̲ ̲ContractState.writeMapUint,
  ̵  ̵ ̵ ̵ContractState.storage,̵ ̵C̵o̵n̵t̵r̵a̵c̵t̵S̵t̵a̵t̵e̵.̵s̵t̵o̵r̵a̵g̵e̵Map,
  ̵  ̵ ̵ ̵ContractState.storageMap2,
  ̲  ̲ ̲ ̲ContractState.storageMapUint]

Note: This linter can be disabled with `set_option linter.unusedSimpArgs false`
warning: LidoSRv3/Audit/Verity/AddressTx.lean:362:27: This simp argument is unused:
  ContractState.storageMap

Hint: Omit it from the simp argument list.
  simp_all (config := { maxSteps := 1000000 })
  ̵  ̵ ̵ ̵[executePinnedSource, stateFor, observeAddress,
  ̲  ̲ ̲ ̲sourceAddressView, run, admitted,
  ̵  ̵ ̵ ̵successfulPost, AddressTxContract.claimWithdrawal, ̵_̵r̵o̵o̵t̵_̵.̵V̵e̵r̵i̵t̵y̵.̵r̵e̵q̵u̵i̵r̵e̵,̵
      _root_.Verity.r̲e̲q̲u̲i̲r̲e̲,̲ ̲_̲r̲o̲o̲t̲_̲.̲V̲e̲r̲i̲t̲y̲.̲Contract.run, _root_.Verity.bind, Bind.bind,
      _root_.Verity.msgSender, _root_.Verity.getMappingUint,
  ̵  ̵ ̵ ̵_root_.Verity.setMappingUint,
  ̲  ̲ ̲ ̲AddressTxContract.paused,
  ̵  ̵ ̵ ̵AddressTxContract.balances, AddressTxContract.allowances,
      AddressTxContract.owners, AddressTxContract.claimed,
  ̵  ̵ ̵ ̵AddressTxContract.recipients,
  ̲  ̲ ̲ ̲ContractState.readSlot,
  ̵  ̵ ̵ ̵ContractState.writeSlot, ContractState.readMap, ContractState.writeMap,
      ContractState.readMap2, ContractState.writeMap2,
  ̵  ̵ ̵ ̵ContractState.readMapUint,
  ̲  ̲ ̲ ̲ContractState.writeMapUint,
  ̵  ̵ ̵ ̵ContractState.storage, ContractState.storageMap,̵
  ̵ ̵ ̵ ̵ ̵C̵o̵n̵t̵r̵a̵c̵t̵S̵t̵a̵t̵e̵.̵s̵t̵o̵r̵a̵g̵e̵M̵a̵p̵2,
  ̲  ̲ ̲ ̲ContractState.storageMapUint]

Note: This linter can be disabled with `set_option linter.unusedSimpArgs false`
warning: LidoSRv3/Audit/Verity/AddressTx.lean:363:4: This simp argument is unused:
  ContractState.storageMap2

Hint: Omit it from the simp argument list.
  simp_all (config := { maxSteps := 1000000 })
  ̵  ̵ ̵ ̵[executePinnedSource, stateFor, observeAddress,
  ̲  ̲ ̲ ̲sourceAddressView, run, admitted,
  ̵  ̵ ̵ ̵successfulPost, AddressTxContract.claimWithdrawal, ̵_̵r̵o̵o̵t̵_̵.̵V̵e̵r̵i̵t̵y̵.̵r̵e̵q̵u̵i̵r̵e̵,̵
      _root_.Verity.r̲e̲q̲u̲i̲r̲e̲,̲ ̲_̲r̲o̲o̲t̲_̲.̲V̲e̲r̲i̲t̲y̲.̲Contract.run, _root_.Verity.bind, Bind.bind,
      _root_.Verity.msgSender, _root_.Verity.getMappingUint,
  ̵  ̵ ̵ ̵_root_.Verity.setMappingUint,
  ̲  ̲ ̲ ̲AddressTxContract.paused,
  ̵  ̵ ̵ ̵AddressTxContract.balances, AddressTxContract.allowances,
      AddressTxContract.owners, AddressTxContract.claimed,
  ̵  ̵ ̵ ̵AddressTxContract.recipients,
  ̲  ̲ ̲ ̲ContractState.readSlot,
  ̵  ̵ ̵ ̵ContractState.writeSlot, ContractState.readMap, ContractState.writeMap,
      ContractState.readMap2, ContractState.writeMap2,
  ̵  ̵ ̵ ̵ContractState.readMapUint,
  ̲  ̲ ̲ ̲ContractState.writeMapUint,
  ̵  ̵ ̵ ̵ContractState.storage, ContractState.storageMap,
      ContractState.storageMap2̵,̵ ̵C̵o̵n̵t̵r̵a̵c̵t̵S̵t̵a̵t̵e̵.̵s̵t̵o̵r̵a̵g̵e̵M̵a̵p̵Uint]

Note: This linter can be disabled with `set_option linter.unusedSimpArgs false`
warning: LidoSRv3/Audit/Verity/AddressTx.lean:366:5: This simp argument is unused:
  _root_.Verity.Contract.run

Hint: Omit it from the simp argument list.
  simp_all (config :=
  ̲  ̲ ̲ ̲{ maxSteps := 1000000 }) [̵_̵r̵o̵o̵t̵_̵.̵V̵e̵r̵i̵t̵y̵.̵C̵o̵n̵t̵r̵a̵c̵t̵.̵r̵u̵n̵,̵ ̵_̵r̵o̵o̵t̵_̵.̵V̵e̵r̵i̵t̵y̵.̵b̵i̵n̵d̵,̵[̲_̲r̲o̲o̲t̲_̲.̲V̲e̲r̲i̲t̲y̲.̲b̲i̲n̲d̲,̲ Bind.bind]

Note: This linter can be disabled with `set_option linter.unusedSimpArgs false`
warning: LidoSRv3/Audit/Verity/AddressTx.lean:366:33: This simp argument is unused:
  _root_.Verity.bind

Hint: Omit it from the simp argument list.
  simp_all (config :=
  ̲  ̲ ̲ ̲{ maxSteps := 1000000 }) [_root_.Verity.Contract.run, _̵r̵o̵o̵t̵_̵.̵V̵e̵r̵i̵t̵y̵.̵b̵i̵n̵d̵,̵ ̵Bind.bind]

Note: This linter can be disabled with `set_option linter.unusedSimpArgs false`
warning: LidoSRv3/Audit/Verity/AddressTx.lean:366:53: This simp argument is unused:
  Bind.bind

Hint: Omit it from the simp argument list.
  simp_all (config :=
  ̲  ̲ ̲ ̲{ maxSteps := 1000000 })
  ̵  ̵ ̵ ̵[_root_.Verity.Contract.run, _root_.Verity.bind,̵ ̵B̵i̵n̵d̵.̵b̵i̵n̵d̵]

Note: This linter can be disabled with `set_option linter.unusedSimpArgs false`
warning: LidoSRv3/Audit/Verity/AddressTx.lean:368:5: This simp argument is unused:
  hone

Hint: Omit it from the simp argument list.
  simp_all (config :=
  ̲  ̲ ̲ ̲{ maxSteps := 1000000 })
  ̵  ̵ ̵ ̵[h̵o̵n̵e̵,̵ ̵_root_.Verity.Contract.run, _root_.Verity.bind, Bind.bind]

Note: This linter can be disabled with `set_option linter.unusedSimpArgs false`
warning: LidoSRv3/Audit/Verity/AddressTx.lean:368:11: This simp argument is unused:
  _root_.Verity.Contract.run

Hint: Omit it from the simp argument list.
  simp_all (config := { maxSteps := 1000000 }) [hone,
  ̲  ̲ ̲ ̲_̵r̵o̵o̵t̵_̵.̵V̵e̵r̵i̵t̵y̵.̵C̵o̵n̵t̵r̵a̵c̵t̵.̵r̵u̵n̵,̵ ̵_root_.Verity.bind, Bind.bind]

Note: This linter can be disabled with `set_option linter.unusedSimpArgs false`
warning: LidoSRv3/Audit/Verity/AddressTx.lean:368:39: This simp argument is unused:
  _root_.Verity.bind

Hint: Omit it from the simp argument list.
  simp_all (config := { maxSteps := 1000000 }) [hone,
  ̲  ̲ ̲ ̲_root_.Verity.Contract.run, _̵r̵o̵o̵t̵_̵.̵V̵e̵r̵i̵t̵y̵.̵b̵i̵n̵d̵,̵ ̵Bind.bind]

Note: This linter can be disabled with `set_option linter.unusedSimpArgs false`
warning: LidoSRv3/Audit/Verity/AddressTx.lean:368:59: This simp argument is unused:
  Bind.bind

Hint: Omit it from the simp argument list.
  simp_all (config := { maxSteps := 1000000 })
  ̵  ̵ ̵ ̵[hone,
  ̲  ̲ ̲ ̲_root_.Verity.Contract.run, _root_.Verity.bind,̵ ̵B̵i̵n̵d̵.̵b̵i̵n̵d̵]

Note: This linter can be disabled with `set_option linter.unusedSimpArgs false`
warning: LidoSRv3/Audit/Verity/AddressTx.lean:370:5: This simp argument is unused:
  _root_.Verity.Contract.run

Hint: Omit it from the simp argument list.
  simp_all (config :=
  ̲  ̲ ̲ ̲{ maxSteps := 1000000 }) [̵_̵r̵o̵o̵t̵_̵.̵V̵e̵r̵i̵t̵y̵.̵C̵o̵n̵t̵r̵a̵c̵t̵.̵r̵u̵n̵,̵ ̵_̵r̵o̵o̵t̵_̵.̵V̵e̵r̵i̵t̵y̵.̵b̵i̵n̵d̵,̵[̲_̲r̲o̲o̲t̲_̲.̲V̲e̲r̲i̲t̲y̲.̲b̲i̲n̲d̲,̲ Bind.bind]

Note: This linter can be disabled with `set_option linter.unusedSimpArgs false`
warning: LidoSRv3/Audit/Verity/AddressTx.lean:370:33: This simp argument is unused:
  _root_.Verity.bind

Hint: Omit it from the simp argument list.
  simp_all (config :=
  ̲  ̲ ̲ ̲{ maxSteps := 1000000 }) [_root_.Verity.Contract.run, _̵r̵o̵o̵t̵_̵.̵V̵e̵r̵i̵t̵y̵.̵b̵i̵n̵d̵,̵ ̵Bind.bind]

Note: This linter can be disabled with `set_option linter.unusedSimpArgs false`
warning: LidoSRv3/Audit/Verity/AddressTx.lean:370:53: This simp argument is unused:
  Bind.bind

Hint: Omit it from the simp argument list.
  simp_all (config :=
  ̲  ̲ ̲ ̲{ maxSteps := 1000000 })
  ̵  ̵ ̵ ̵[_root_.Verity.Contract.run, _root_.Verity.bind,̵ ̵B̵i̵n̵d̵.̵b̵i̵n̵d̵]

Note: This linter can be disabled with `set_option linter.unusedSimpArgs false`
warning: LidoSRv3/Audit/Verity/AddressTx.lean:372:5: This simp argument is unused:
  _root_.Verity.Contract.run

Hint: Omit it from the simp argument list.
  simp_all (config :=
  ̲  ̲ ̲ ̲{ maxSteps := 1000000 }) [̵_̵r̵o̵o̵t̵_̵.̵V̵e̵r̵i̵t̵y̵.̵C̵o̵n̵t̵r̵a̵c̵t̵.̵r̵u̵n̵,̵ ̵_̵r̵o̵o̵t̵_̵.̵V̵e̵r̵i̵t̵y̵.̵b̵i̵n̵d̵,̵[̲_̲r̲o̲o̲t̲_̲.̲V̲e̲r̲i̲t̲y̲.̲b̲i̲n̲d̲,̲ Bind.bind]

Note: This linter can be disabled with `set_option linter.unusedSimpArgs false`
warning: LidoSRv3/Audit/Verity/AddressTx.lean:372:33: This simp argument is unused:
  _root_.Verity.bind

Hint: Omit it from the simp argument list.
  simp_all (config :=
  ̲  ̲ ̲ ̲{ maxSteps := 1000000 }) [_root_.Verity.Contract.run, _̵r̵o̵o̵t̵_̵.̵V̵e̵r̵i̵t̵y̵.̵b̵i̵n̵d̵,̵ ̵Bind.bind]

Note: This linter can be disabled with `set_option linter.unusedSimpArgs false`
warning: LidoSRv3/Audit/Verity/AddressTx.lean:372:53: This simp argument is unused:
  Bind.bind

Hint: Omit it from the simp argument list.
  simp_all (config :=
  ̲  ̲ ̲ ̲{ maxSteps := 1000000 })
  ̵  ̵ ̵ ̵[_root_.Verity.Contract.run, _root_.Verity.bind,̵ ̵B̵i̵n̵d̵.̵b̵i̵n̵d̵]

Note: This linter can be disabled with `set_option linter.unusedSimpArgs false`
warning: LidoSRv3/Audit/Verity/AddressTx.lean:376:8: This simp argument is unused:
  _root_.Verity.Contract.run

Hint: Omit it from the simp argument list.
  simp_all (config :=
  ̲  ̲ ̲ ̲ ̲ ̲{
  ̲  ̲ ̲ ̲ ̲ ̲ ̲ ̲maxSteps :=
  ̲  ̲ ̲ ̲ ̲ ̲ ̲ ̲ ̲ ̲1000000 }) [show inp.requestOwner = inp.caller ↔ inp.caller = inp.requestOwner from
  ̲  ̲ ̲ ̲ ̲ ̲ ̲ ̲ ̲ ̲eq_comm,
        _̵r̵o̵o̵t̵_̵.̵V̵e̵r̵i̵t̵y̵.̵C̵o̵n̵t̵r̵a̵c̵t̵.̵r̵u̵n̵,̵ ̵_root_.Verity.bind, Bind.bind]

Note: This linter can be disabled with `set_option linter.unusedSimpArgs false`
warning: LidoSRv3/Audit/Verity/AddressTx.lean:376:36: This simp argument is unused:
  _root_.Verity.bind

Hint: Omit it from the simp argument list.
  simp_all (config :=
  ̲  ̲ ̲ ̲ ̲ ̲{
  ̲  ̲ ̲ ̲ ̲ ̲ ̲ ̲maxSteps :=
  ̲  ̲ ̲ ̲ ̲ ̲ ̲ ̲ ̲ ̲1000000 }) [show inp.requestOwner = inp.caller ↔ inp.caller = inp.requestOwner from
  ̲  ̲ ̲ ̲ ̲ ̲ ̲ ̲ ̲ ̲eq_comm,
        _root_.Verity.Contract.run, _̵r̵o̵o̵t̵_̵.̵V̵e̵r̵i̵t̵y̵.̵b̵i̵n̵d̵,̵ ̵Bind.bind]

Note: This linter can be disabled with `set_option linter.unusedSimpArgs false`
warning: LidoSRv3/Audit/Verity/AddressTx.lean:376:56: This simp argument is unused:
  Bind.bind

Hint: Omit it from the simp argument list.
  simp_all (config :=
  ̲  ̲ ̲ ̲ ̲ ̲{
  ̲  ̲ ̲ ̲ ̲ ̲ ̲ ̲maxSteps :=
  ̲  ̲ ̲ ̲ ̲ ̲ ̲ ̲ ̲ ̲1000000 }) [show inp.requestOwner = inp.caller ↔ inp.caller = inp.requestOwner from
  ̲  ̲ ̲ ̲ ̲ ̲ ̲ ̲ ̲ ̲eq_comm,
        _root_.Verity.Contract.run, _̵r̵o̵o̵t̵_̵.̵V̵e̵r̵i̵t̵y̵.̵b̵i̵n̵d̵,̵ ̵B̵i̵n̵d̵.̵b̵i̵n̵d̵]̵_̲r̲o̲o̲t̲_̲.̲V̲e̲r̲i̲t̲y̲.̲b̲i̲n̲d̲]̲

Note: This linter can be disabled with `set_option linter.unusedSimpArgs false`
warning: LidoSRv3/Audit/Verity/AddressTx.lean:378:5: This simp argument is unused:
  _root_.Verity.bind

Hint: Omit it from the simp argument list.
  simp_all (config :=
  ̲  ̲ ̲ ̲{ maxSteps := 1000000 }) [̵_̵r̵o̵o̵t̵_̵.̵V̵e̵r̵i̵t̵y̵.̵b̵i̵n̵d̵,̵ ̵B̵i̵n̵d̵.̵b̵i̵n̵d̵,̵[̲B̲i̲n̲d̲.̲b̲i̲n̲d̲,̲ _root_.Verity.setMappingUint, ContractState.writeMapUint,
  ̲  ̲ ̲ ̲ContractState.readMapUint, ContractState.storageMapUint]

Note: This linter can be disabled with `set_option linter.unusedSimpArgs false`
warning: LidoSRv3/Audit/Verity/AddressTx.lean:378:25: This simp argument is unused:
  Bind.bind

Hint: Omit it from the simp argument list.
  simp_all (config :=
  ̲  ̲ ̲ ̲{ maxSteps := 1000000 })
  ̵  ̵ ̵ ̵[_root_.Verity.bind, B̵i̵n̵d̵.̵b̵i̵n̵d̵,̵ ̵_root_.Verity.setMappingUint,
       ̵ ̵ContractState.writeMapUint, ContractState.readMapUint,
  ̵  ̵ ̵ ̵ ̵ ̵ContractState.storageMapUint]

Note: This linter can be disabled with `set_option linter.unusedSimpArgs false`
warning: LidoSRv3/Audit/Verity/AddressTx.lean:378:36: This simp argument is unused:
  _root_.Verity.setMappingUint

Hint: Omit it from the simp argument list.
  simp_all (config :=
  ̲  ̲ ̲ ̲{ maxSteps := 1000000 }) [_root_.Verity.bind, Bind.bind, _̵r̵o̵o̵t̵_̵.̵V̵e̵r̵i̵t̵y̵.̵s̵e̵t̵M̵a̵p̵p̵i̵n̵g̵U̵i̵n̵t̵,̵ContractState.writeMapUint,
      ContractState.readMapUint, ContractState.storageMapUint]

Note: This linter can be disabled with `set_option linter.unusedSimpArgs false`
warning: LidoSRv3/Audit/Verity/AddressTx.lean:379:6: This simp argument is unused:
  ContractState.writeMapUint

Hint: Omit it from the simp argument list.
  simp_all (config :=
  ̲  ̲ ̲ ̲{ maxSteps := 1000000 }) [_root_.Verity.bind, Bind.bind, _root_.Verity.setMappingUint,
      C̵o̵n̵t̵r̵a̵c̵t̵S̵t̵a̵t̵e̵.̵w̵r̵i̵t̵e̵M̵a̵p̵U̵i̵n̵t̵,̵ ̵ContractState.readMapUint, ContractState.storageMapUint]

Note: This linter can be disabled with `set_option linter.unusedSimpArgs false`
warning: LidoSRv3/Audit/Verity/AddressTx.lean:379:34: This simp argument is unused:
  ContractState.readMapUint

Hint: Omit it from the simp argument list.
  simp_all (config :=
  ̲  ̲ ̲ ̲{ maxSteps := 1000000 }) [_root_.Verity.bind, Bind.bind, _root_.Verity.setMappingUint,
      ContractState.writeMapUint, C̵o̵n̵t̵r̵a̵c̵t̵S̵t̵a̵t̵e̵.̵r̵e̵a̵d̵M̵a̵p̵U̵i̵n̵t̵,̵ContractState.storageMapUint]

Note: This linter can be disabled with `set_option linter.unusedSimpArgs false`
warning: LidoSRv3/Audit/Verity/AddressTx.lean:380:6: This simp argument is unused:
  ContractState.storageMapUint

Hint: Omit it from the simp argument list.
  simp_all (config :=
  ̲  ̲ ̲ ̲{ maxSteps := 1000000 }) [_root_.Verity.bind, Bind.bind, _root_.Verity.setMappingUint,
      ContractState.writeMapUint, C̵o̵n̵t̵r̵a̵c̵t̵S̵t̵a̵t̵e̵.̵r̵e̵a̵d̵M̵a̵p̵U̵i̵n̵t̵,̵
  ̵ ̵ ̵ ̵ ̵ ̵ ̵C̵o̵n̵t̵r̵a̵c̵t̵S̵t̵a̵t̵e̵.̵s̵t̵o̵r̵a̵g̵e̵M̵a̵p̵U̵i̵n̵t̵]̵C̲o̲n̲t̲r̲a̲c̲t̲S̲t̲a̲t̲e̲.̲r̲e̲a̲d̲M̲a̲p̲U̲i̲n̲t̲]̲

Note: This linter can be disabled with `set_option linter.unusedSimpArgs false`
warning: LidoSRv3/Audit/Verity/AddressTx.lean:398:6: try 'simp' instead of 'simpa'

Note: This linter can be disabled with `set_option linter.unnecessarySimpa false`
warning: LidoSRv3/Audit/Verity/AddressTx.lean:405:4: This simp argument is unused:
  AddressTxContract.paused

Hint: Omit it from the simp argument list.
  simp_all (config := { maxSteps := 1000000 })
  ̵  ̵ ̵ ̵[executePinnedSource, stateFor, observeAddress,
  ̲  ̲ ̲ ̲sourceAddressView, run, admitted,
  ̵  ̵ ̵ ̵successfulPost, AddressTxContract.redeem, ̵_̵r̵o̵o̵t̵_̵.̵V̵e̵r̵i̵t̵y̵.̵r̵e̵q̵u̵i̵r̵e̵,̵
      _root_.Verity.r̲e̲q̲u̲i̲r̲e̲,̲ ̲_̲r̲o̲o̲t̲_̲.̲V̲e̲r̲i̲t̲y̲.̲Contract.run, _root_.Verity.bind, Bind.bind,
      _root_.Verity.msgSender, _root_.Verity.getMapping,
  ̵  ̵ ̵ ̵_root_.Verity.setMapping,
  ̲  ̲ ̲ ̲_root_.Verity.setMappingUint,
  ̵  ̵ ̵ ̵AddressTxContract.p̵a̵u̵s̵e̵d̵,̵ ̵A̵d̵d̵r̵e̵s̵s̵T̵x̵C̵o̵n̵t̵r̵a̵c̵t̵.̵balances,
  ̵  ̵ ̵ ̵AddressTxContract.allowances,
  ̲  ̲ ̲ ̲AddressTxContract.owners,
  ̵  ̵ ̵ ̵AddressTxContract.claimed, AddressTxContract.recipients,
      ContractState.readSlot, ContractState.writeSlot,
  ̵  ̵ ̵ ̵ContractState.readMap, ContractState.writeMap,
      ContractState.readMap2, ContractState.writeMap2,
  ̵  ̵ ̵ ̵ContractState.readMapUint,
  ̲  ̲ ̲ ̲ContractState.writeMapUint,
  ̵  ̵ ̵ ̵ContractState.storage, ContractState.storageMap,
      ContractState.storageMap2, ContractState.storageMapUint,
  ̵  ̵ ̵ ̵Verity.Core.Uint256.ofNat, hzero]

Note: This linter can be disabled with `set_option linter.unusedSimpArgs false`
warning: LidoSRv3/Audit/Verity/AddressTx.lean:406:4: This simp argument is unused:
  AddressTxContract.allowances

Hint: Omit it from the simp argument list.
  simp_all (config := { maxSteps := 1000000 })
  ̵  ̵ ̵ ̵[executePinnedSource, stateFor, observeAddress,
  ̲  ̲ ̲ ̲sourceAddressView, run, admitted,
  ̵  ̵ ̵ ̵successfulPost, AddressTxContract.redeem, ̵_̵r̵o̵o̵t̵_̵.̵V̵e̵r̵i̵t̵y̵.̵r̵e̵q̵u̵i̵r̵e̵,̵
      _root_.Verity.r̲e̲q̲u̲i̲r̲e̲,̲ ̲_̲r̲o̲o̲t̲_̲.̲V̲e̲r̲i̲t̲y̲.̲Contract.run, _root_.Verity.bind, Bind.bind,
      _root_.Verity.msgSender, _root_.Verity.getMapping,
  ̵  ̵ ̵ ̵_root_.Verity.setMapping,
  ̲  ̲ ̲ ̲_root_.Verity.setMappingUint,
  ̵  ̵ ̵ ̵AddressTxContract.paused, AddressTxContract.balances,
      AddressTxContract.a̵l̵l̵owa̵nc̵es̵,̵ ̵A̵d̵d̵re̵ss̵T̵x̵C̵o̵n̵t̵r̵a̵c̵t̵.̵o̵w̵n̵e̵r̵s̵,
  ̵  ̵ ̵ ̵AddressTxContract.claimed, AddressTxContract.recipients,
      ContractState.readSlot, ContractState.writeSlot,
  ̵  ̵ ̵ ̵ContractState.readMap, ContractState.writeMap,
      ContractState.readMap2, ContractState.writeMap2,
  ̵  ̵ ̵ ̵ContractState.readMapUint,
  ̲  ̲ ̲ ̲ContractState.writeMapUint,
  ̵  ̵ ̵ ̵ContractState.storage, ContractState.storageMap,
      ContractState.storageMap2, ContractState.storageMapUint,
  ̵  ̵ ̵ ̵Verity.Core.Uint256.ofNat, hzero]

Note: This linter can be disabled with `set_option linter.unusedSimpArgs false`
warning: LidoSRv3/Audit/Verity/AddressTx.lean:406:34: This simp argument is unused:
  AddressTxContract.owners

Hint: Omit it from the simp argument list.
  simp_all (config := { maxSteps := 1000000 })
  ̵  ̵ ̵ ̵[executePinnedSource, stateFor, observeAddress,
  ̲  ̲ ̲ ̲sourceAddressView, run, admitted,
  ̵  ̵ ̵ ̵successfulPost, AddressTxContract.redeem, ̵_̵r̵o̵o̵t̵_̵.̵V̵e̵r̵i̵t̵y̵.̵r̵e̵q̵u̵i̵r̵e̵,̵
      _root_.Verity.r̲e̲q̲u̲i̲r̲e̲,̲ ̲_̲r̲o̲o̲t̲_̲.̲V̲e̲r̲i̲t̲y̲.̲Contract.run, _root_.Verity.bind, Bind.bind,
      _root_.Verity.msgSender, _root_.Verity.getMapping,
  ̵  ̵ ̵ ̵_root_.Verity.setMapping,
  ̲  ̲ ̲ ̲_root_.Verity.setMappingUint,
  ̵  ̵ ̵ ̵AddressTxContract.paused, AddressTxContract.balances,
      AddressTxContract.allowances, AddressTxContract.o̵w̵n̵e̵r̵s̵,̵
  ̵ ̵ ̵ ̵ ̵A̵d̵d̵r̵e̵s̵s̵T̵x̵C̵o̵n̵t̵r̵a̵ct̵.̵c̵laimed, AddressTxContract.recipients,
      ContractState.readSlot, ContractState.writeSlot,
  ̵  ̵ ̵ ̵ContractState.readMap, ContractState.writeMap,
      ContractState.readMap2, ContractState.writeMap2,
  ̵  ̵ ̵ ̵ContractState.readMapUint,
  ̲  ̲ ̲ ̲ContractState.writeMapUint,
  ̵  ̵ ̵ ̵ContractState.storage, ContractState.storageMap,
      ContractState.storageMap2, ContractState.storageMapUint,
  ̵  ̵ ̵ ̵Verity.Core.Uint256.ofNat, hzero]

Note: This linter can be disabled with `set_option linter.unusedSimpArgs false`
warning: LidoSRv3/Audit/Verity/AddressTx.lean:407:4: This simp argument is unused:
  AddressTxContract.claimed

Hint: Omit it from the simp argument list.
  simp_all (config := { maxSteps := 1000000 })
  ̵  ̵ ̵ ̵[executePinnedSource, stateFor, observeAddress,
  ̲  ̲ ̲ ̲sourceAddressView, run, admitted,
  ̵  ̵ ̵ ̵successfulPost, AddressTxContract.redeem, ̵_̵r̵o̵o̵t̵_̵.̵V̵e̵r̵i̵t̵y̵.̵r̵e̵q̵u̵i̵r̵e̵,̵
      _root_.Verity.r̲e̲q̲u̲i̲r̲e̲,̲ ̲_̲r̲o̲o̲t̲_̲.̲V̲e̲r̲i̲t̲y̲.̲Contract.run, _root_.Verity.bind, Bind.bind,
      _root_.Verity.msgSender, _root_.Verity.getMapping,
  ̵  ̵ ̵ ̵_root_.Verity.setMapping,
  ̲  ̲ ̲ ̲_root_.Verity.setMappingUint,
  ̵  ̵ ̵ ̵AddressTxContract.paused, AddressTxContract.balances,
      AddressTxContract.allowances, AddressTxContract.owners,
  ̵  ̵ ̵ ̵AddressTxContract.c̵l̵a̵i̵m̵e̵d̵,̵ ̵A̵d̵d̵res̵s̵T̵x̵C̵o̵n̵t̵r̵a̵ct̵.̵r̵e̵c̵ipients,
      ContractState.readSlot, ContractState.writeSlot,
  ̵  ̵ ̵ ̵ContractState.readMap, ContractState.writeMap,
      ContractState.readMap2, ContractState.writeMap2,
  ̵  ̵ ̵ ̵ContractState.readMapUint,
  ̲  ̲ ̲ ̲ContractState.writeMapUint,
  ̵  ̵ ̵ ̵ContractState.storage, ContractState.storageMap,
      ContractState.storageMap2, ContractState.storageMapUint,
  ̵  ̵ ̵ ̵Verity.Core.Uint256.ofNat, hzero]

Note: This linter can be disabled with `set_option linter.unusedSimpArgs false`
warning: LidoSRv3/Audit/Verity/AddressTx.lean:408:4: This simp argument is unused:
  ContractState.readSlot

Hint: Omit it from the simp argument list.
  simp_all (config := { maxSteps := 1000000 })
  ̵  ̵ ̵ ̵[executePinnedSource, stateFor, observeAddress,
  ̲  ̲ ̲ ̲sourceAddressView, run, admitted,
  ̵  ̵ ̵ ̵successfulPost, AddressTxContract.redeem, ̵_̵r̵o̵o̵t̵_̵.̵V̵e̵r̵i̵t̵y̵.̵r̵e̵q̵u̵i̵r̵e̵,̵
      _root_.Verity.r̲e̲q̲u̲i̲r̲e̲,̲ ̲_̲r̲o̲o̲t̲_̲.̲V̲e̲r̲i̲t̲y̲.̲Contract.run, _root_.Verity.bind, Bind.bind,
      _root_.Verity.msgSender, _root_.Verity.getMapping,
  ̵  ̵ ̵ ̵_root_.Verity.setMapping,
  ̲  ̲ ̲ ̲_root_.Verity.setMappingUint,
  ̵  ̵ ̵ ̵AddressTxContract.paused, AddressTxContract.balances,
      AddressTxContract.allowances, AddressTxContract.owners,
  ̵  ̵ ̵ ̵AddressTxContract.claimed,
  ̲  ̲ ̲ ̲AddressTxContract.recipients,
  ̵  ̵ ̵ ̵ContractState.r̵e̵a̵d̵S̵l̵o̵t̵,̵ ̵C̵o̵n̵t̵r̵a̵c̵t̵S̵t̵a̵t̵e̵.̵writeSlot,
  ̵  ̵ ̵ ̵ContractState.readMap,
  ̲  ̲ ̲ ̲ContractState.writeMap,
  ̵  ̵ ̵ ̵ContractState.readMap2, ContractState.writeMap2,
      ContractState.readMapUint, ContractState.writeMapUint,
  ̵  ̵ ̵ ̵ContractState.storage,
  ̲  ̲ ̲ ̲ContractState.storageMap,
  ̵  ̵ ̵ ̵ContractState.storageMap2, ContractState.storageMapUint,
      Verity.Core.Uint256.ofNat, hzero]

Note: This linter can be disabled with `set_option linter.unusedSimpArgs false`
warning: LidoSRv3/Audit/Verity/AddressTx.lean:410:4: This simp argument is unused:
  ContractState.readMap2

Hint: Omit it from the simp argument list.
  simp_all (config := { maxSteps := 1000000 })
  ̵  ̵ ̵ ̵[executePinnedSource, stateFor, observeAddress,
  ̲  ̲ ̲ ̲sourceAddressView, run, admitted,
  ̵  ̵ ̵ ̵successfulPost, AddressTxContract.redeem, ̵_̵r̵o̵o̵t̵_̵.̵V̵e̵r̵i̵t̵y̵.̵r̵e̵q̵u̵i̵r̵e̵,̵
      _root_.Verity.r̲e̲q̲u̲i̲r̲e̲,̲ ̲_̲r̲o̲o̲t̲_̲.̲V̲e̲r̲i̲t̲y̲.̲Contract.run, _root_.Verity.bind, Bind.bind,
      _root_.Verity.msgSender, _root_.Verity.getMapping,
  ̵  ̵ ̵ ̵_root_.Verity.setMapping,
  ̲  ̲ ̲ ̲_root_.Verity.setMappingUint,
  ̵  ̵ ̵ ̵AddressTxContract.paused, AddressTxContract.balances,
      AddressTxContract.allowances, AddressTxContract.owners,
  ̵  ̵ ̵ ̵AddressTxContract.claimed,
  ̲  ̲ ̲ ̲AddressTxContract.recipients,
  ̵  ̵ ̵ ̵ContractState.readSlot, ContractState.writeSlot,
      ContractState.readMap, ContractState.writeMap,
  ̵  ̵ ̵ ̵ContractState.r̵e̵a̵d̵M̵a̵p̵2̵,̵ ̵C̵o̵n̵t̵r̵a̵c̵t̵S̵t̵a̵t̵e̵.̵writeMap2,
      ContractState.readMapUint, ContractState.writeMapUint,
  ̵  ̵ ̵ ̵ContractState.storage,
  ̲  ̲ ̲ ̲ContractState.storageMap,
  ̵  ̵ ̵ ̵ContractState.storageMap2, ContractState.storageMapUint,
      Verity.Core.Uint256.ofNat, hzero]

Note: This linter can be disabled with `set_option linter.unusedSimpArgs false`
warning: LidoSRv3/Audit/Verity/AddressTx.lean:412:4: This simp argument is unused:
  ContractState.storage

Hint: Omit it from the simp argument list.
  simp_all (config := { maxSteps := 1000000 })
  ̵  ̵ ̵ ̵[executePinnedSource, stateFor, observeAddress,
  ̲  ̲ ̲ ̲sourceAddressView, run, admitted,
  ̵  ̵ ̵ ̵successfulPost, AddressTxContract.redeem, ̵_̵r̵o̵o̵t̵_̵.̵V̵e̵r̵i̵t̵y̵.̵r̵e̵q̵u̵i̵r̵e̵,̵
      _root_.Verity.r̲e̲q̲u̲i̲r̲e̲,̲ ̲_̲r̲o̲o̲t̲_̲.̲V̲e̲r̲i̲t̲y̲.̲Contract.run, _root_.Verity.bind, Bind.bind,
      _root_.Verity.msgSender, _root_.Verity.getMapping,
  ̵  ̵ ̵ ̵_root_.Verity.setMapping,
  ̲  ̲ ̲ ̲_root_.Verity.setMappingUint,
  ̵  ̵ ̵ ̵AddressTxContract.paused, AddressTxContract.balances,
      AddressTxContract.allowances, AddressTxContract.owners,
  ̵  ̵ ̵ ̵AddressTxContract.claimed,
  ̲  ̲ ̲ ̲AddressTxContract.recipients,
  ̵  ̵ ̵ ̵ContractState.readSlot, ContractState.writeSlot,
      ContractState.readMap, ContractState.writeMap,
  ̵  ̵ ̵ ̵ContractState.readMap2, ContractState.writeMap2,
      ContractState.readMapUint, ContractState.writeMapUint,
  ̵  ̵ ̵ ̵ContractState.storage,̵ ̵C̵o̵n̵t̵r̵a̵c̵t̵S̵t̵a̵t̵e̵.̵s̵t̵o̵r̵a̵g̵e̵Map,
      ContractState.storageMap2, ContractState.storageMapUint,
  ̵  ̵ ̵ ̵Verity.Core.Uint256.ofNat, hzero]

Note: This linter can be disabled with `set_option linter.unusedSimpArgs false`
warning: LidoSRv3/Audit/Verity/AddressTx.lean:413:4: This simp argument is unused:
  ContractState.storageMap2

Hint: Omit it from the simp argument list.
  simp_all (config := { maxSteps := 1000000 })
  ̵  ̵ ̵ ̵[executePinnedSource, stateFor, observeAddress,
  ̲  ̲ ̲ ̲sourceAddressView, run, admitted,
  ̵  ̵ ̵ ̵successfulPost, AddressTxContract.redeem, ̵_̵r̵o̵o̵t̵_̵.̵V̵e̵r̵i̵t̵y̵.̵r̵e̵q̵u̵i̵r̵e̵,̵
      _root_.Verity.r̲e̲q̲u̲i̲r̲e̲,̲ ̲_̲r̲o̲o̲t̲_̲.̲V̲e̲r̲i̲t̲y̲.̲Contract.run, _root_.Verity.bind, Bind.bind,
      _root_.Verity.msgSender, _root_.Verity.getMapping,
  ̵  ̵ ̵ ̵_root_.Verity.setMapping,
  ̲  ̲ ̲ ̲_root_.Verity.setMappingUint,
  ̵  ̵ ̵ ̵AddressTxContract.paused, AddressTxContract.balances,
      AddressTxContract.allowances, AddressTxContract.owners,
  ̵  ̵ ̵ ̵AddressTxContract.claimed,
  ̲  ̲ ̲ ̲AddressTxContract.recipients,
  ̵  ̵ ̵ ̵ContractState.readSlot, ContractState.writeSlot,
      ContractState.readMap, ContractState.writeMap,
  ̵  ̵ ̵ ̵ContractState.readMap2, ContractState.writeMap2,
      ContractState.readMapUint, ContractState.writeMapUint,
  ̵  ̵ ̵ ̵ContractState.storage, ̵C̵o̵n̵t̵r̵a̵c̵t̵S̵t̵a̵t̵e̵.̵s̵t̵o̵r̵a̵g̵e̵M̵a̵p̵,̵
      ContractState.storageMap2̵, ContractState.storageMapUint,
  ̵  ̵ ̵ ̵Verity.Core.Uint256.ofNat, hzero]

Note: This linter can be disabled with `set_option linter.unusedSimpArgs false`
warning: LidoSRv3/Audit/Verity/AddressTx.lean:414:31: This simp argument is unused:
  hzero

Hint: Omit it from the simp argument list.
  simp_all (config := { maxSteps := 1000000 })
  ̵  ̵ ̵ ̵[executePinnedSource, stateFor, observeAddress,
  ̲  ̲ ̲ ̲sourceAddressView, run, admitted,
  ̵  ̵ ̵ ̵successfulPost, AddressTxContract.redeem, ̵_̵r̵o̵o̵t̵_̵.̵V̵e̵r̵i̵t̵y̵.̵r̵e̵q̵u̵i̵r̵e̵,̵
      _root_.Verity.r̲e̲q̲u̲i̲r̲e̲,̲ ̲_̲r̲o̲o̲t̲_̲.̲V̲e̲r̲i̲t̲y̲.̲Contract.run, _root_.Verity.bind, Bind.bind,
      _root_.Verity.msgSender, _root_.Verity.getMapping,
  ̵  ̵ ̵ ̵_root_.Verity.setMapping,
  ̲  ̲ ̲ ̲_root_.Verity.setMappingUint,
  ̵  ̵ ̵ ̵AddressTxContract.paused, AddressTxContract.balances,
      AddressTxContract.allowances, AddressTxContract.owners,
  ̵  ̵ ̵ ̵AddressTxContract.claimed,
  ̲  ̲ ̲ ̲AddressTxContract.recipients,
  ̵  ̵ ̵ ̵ContractState.readSlot, ContractState.writeSlot,
      ContractState.readMap, ContractState.writeMap,
  ̵  ̵ ̵ ̵ContractState.readMap2, ContractState.writeMap2,
      ContractState.readMapUint, ContractState.writeMapUint,
  ̵  ̵ ̵ ̵ContractState.storage,
  ̲  ̲ ̲ ̲ContractState.storageMap,
  ̵  ̵ ̵ ̵ContractState.storageMap2, ContractState.storageMapUint,
      Verity.Core.Uint256.ofNat,̵ ̵h̵z̵e̵r̵o̵]

Note: This linter can be disabled with `set_option linter.unusedSimpArgs false`
warning: LidoSRv3/Audit/Verity/AddressTx.lean:418:5: This simp argument is unused:
  _root_.Verity.bind

Hint: Omit it from the simp argument list.
  simp_all (config :=
  ̲  ̲ ̲ ̲{ maxSteps := 1000000 }) [̵_̵r̵o̵o̵t̵_̵.̵V̵e̵r̵i̵t̵y̵.̵b̵i̵n̵d̵,̵ ̵B̵i̵n̵d̵.̵b̵i̵n̵d̵,̵[̲B̲i̲n̲d̲.̲b̲i̲n̲d̲,̲ _root_.Verity.setMappingUint, ContractState.writeMapUint,
  ̲  ̲ ̲ ̲ContractState.readMapUint, ContractState.storageMapUint]

Note: This linter can be disabled with `set_option linter.unusedSimpArgs false`
warning: LidoSRv3/Audit/Verity/AddressTx.lean:418:25: This simp argument is unused:
  Bind.bind

Hint: Omit it from the simp argument list.
  simp_all (config :=
  ̲  ̲ ̲ ̲{ maxSteps := 1000000 })
  ̵  ̵ ̵ ̵[_root_.Verity.bind, B̵i̵n̵d̵.̵b̵i̵n̵d̵,̵ ̵_root_.Verity.setMappingUint,
       ̵ ̵ContractState.writeMapUint, ContractState.readMapUint,
  ̵  ̵ ̵ ̵ ̵ ̵ContractState.storageMapUint]

Note: This linter can be disabled with `set_option linter.unusedSimpArgs false`
warning: LidoSRv3/Audit/Verity/AddressTx.lean:418:36: This simp argument is unused:
  _root_.Verity.setMappingUint

Hint: Omit it from the simp argument list.
  simp_all (config :=
  ̲  ̲ ̲ ̲{ maxSteps := 1000000 }) [_root_.Verity.bind, Bind.bind, _̵r̵o̵o̵t̵_̵.̵V̵e̵r̵i̵t̵y̵.̵s̵e̵t̵M̵a̵p̵p̵i̵n̵g̵U̵i̵n̵t̵,̵ContractState.writeMapUint,
      ContractState.readMapUint, ContractState.storageMapUint]

Note: This linter can be disabled with `set_option linter.unusedSimpArgs false`
warning: LidoSRv3/Audit/Verity/AddressTx.lean:419:6: This simp argument is unused:
  ContractState.writeMapUint

Hint: Omit it from the simp argument list.
  simp_all (config :=
  ̲  ̲ ̲ ̲{ maxSteps := 1000000 }) [_root_.Verity.bind, Bind.bind, _root_.Verity.setMappingUint,
      C̵o̵n̵t̵r̵a̵c̵t̵S̵t̵a̵t̵e̵.̵w̵r̵i̵t̵e̵M̵a̵p̵U̵i̵n̵t̵,̵ ̵ContractState.readMapUint, ContractState.storageMapUint]

Note: This linter can be disabled with `set_option linter.unusedSimpArgs false`
warning: LidoSRv3/Audit/Verity/AddressTx.lean:419:34: This simp argument is unused:
  ContractState.readMapUint

Hint: Omit it from the simp argument list.
  simp_all (config :=
  ̲  ̲ ̲ ̲{ maxSteps := 1000000 }) [_root_.Verity.bind, Bind.bind, _root_.Verity.setMappingUint,
      ContractState.writeMapUint, C̵o̵n̵t̵r̵a̵c̵t̵S̵t̵a̵t̵e̵.̵r̵e̵a̵d̵M̵a̵p̵U̵i̵n̵t̵,̵ContractState.storageMapUint]

Note: This linter can be disabled with `set_option linter.unusedSimpArgs false`
warning: LidoSRv3/Audit/Verity/AddressTx.lean:420:6: This simp argument is unused:
  ContractState.storageMapUint

Hint: Omit it from the simp argument list.
  simp_all (config :=
  ̲  ̲ ̲ ̲{ maxSteps := 1000000 }) [_root_.Verity.bind, Bind.bind, _root_.Verity.setMappingUint,
      ContractState.writeMapUint, C̵o̵n̵t̵r̵a̵c̵t̵S̵t̵a̵t̵e̵.̵r̵e̵a̵d̵M̵a̵p̵U̵i̵n̵t̵,̵
  ̵ ̵ ̵ ̵ ̵ ̵ ̵C̵o̵n̵t̵r̵a̵c̵t̵S̵t̵a̵t̵e̵.̵s̵t̵o̵r̵a̵g̵e̵M̵a̵p̵U̵i̵n̵t̵]̵C̲o̲n̲t̲r̲a̲c̲t̲S̲t̲a̲t̲e̲.̲r̲e̲a̲d̲M̲a̲p̲U̲i̲n̲t̲]̲

Note: This linter can be disabled with `set_option linter.unusedSimpArgs false`
⚠ [1344/1504] Replayed LidoSRv3.Audit.SszDepositEquivalence
warning: LidoSRv3/Audit/SszDepositEquivalence.lean:93:4: This simp argument is unused:
  Ssz.traverseBranch

Hint: Omit it from the simp argument list.
  simp [structuralEncoding, structuralWitness, structuralCombine, Ssz.validatorRoot,̵
  ̵ ̵ ̵ ̵ ̵S̵s̵z̵.̵t̵r̵a̵v̵e̵r̵s̵e̵B̵r̵a̵n̵c̵h̵]

Note: This linter can be disabled with `set_option linter.unusedSimpArgs false`
warning: LidoSRv3/Audit/SszDepositEquivalence.lean:213:12: This simp argument is unused:
  sourceWitness

Hint: Omit it from the simp argument list.
  simp [̵s̵o̵u̵r̵c̵e̵W̵i̵t̵n̵e̵s̵s̵,̵ ̵s̵t̵r̵u̵c̵t̵u̵r̵a̵l̵W̵i̵t̵n̵e̵s̵s̵]̵[̲s̲t̲r̲u̲c̲t̲u̲r̲a̲l̲W̲i̲t̲n̲e̲s̲s̲]̲

Note: This linter can be disabled with `set_option linter.unusedSimpArgs false`
warning: LidoSRv3/Audit/SszDepositEquivalence.lean:213:27: This simp argument is unused:
  structuralWitness

Hint: Omit it from the simp argument list.
  simp [sourceWitness,̵ ̵s̵t̵r̵u̵c̵t̵u̵r̵a̵l̵W̵i̵t̵n̵e̵s̵s̵]

Note: This linter can be disabled with `set_option linter.unusedSimpArgs false`
⚠ [1347/1504] Replayed LidoSRv3.Audit.Verity.SszTxSimulation
warning: LidoSRv3/Audit/Verity/SszTxSimulation.lean:317:8: try 'simp' instead of 'simpa'

Note: This linter can be disabled with `set_option linter.unnecessarySimpa false`
info: LidoSRv3/Audit/Verity/SszTxSimulation.lean:346:0: LidoSRv3.Audit.Verity.SszTxSimulation.ssz_tx_simulation_correct {State : Type} (input : TxInputs) (before after : State)
  (attempts : List CallAttempt) (trace : CommitTrace) (hwidths : exactTxWidths input) :
  exactTxWidths input ∧
    (digestPreimages input.toInputs).length = 7 ∧
      (runVerification input = VerificationOutcome.accept ↔ computedRoot input = input.expectedDepositDataRoot) ∧
        (runVerification input = VerificationOutcome.revertRootMismatch →
          (transactionObservation input before after attempts trace).committedState = before)
info: LidoSRv3/Audit/Verity/SszTxSimulation.lean:347:0: LidoSRv3.Audit.Verity.SszTxSimulation.sha256_call_world_rollback (input : Inputs) (adversary : AdversaryModel)
  (state : CallState) : (DenoteExternalCalls.denote (sha256Calls input) adversary state).snd.world = state.world
info: LidoSRv3/Audit/Verity/SszTxSimulation.lean:348:0: Compiler.CompilationModel.Denote.Sha256.denote_success_compose (oracle : StaticCallOracle)
  (fipsSha256 : ByteArray → ByteArray) (world : Verity.ContractState) (inputOffset inputSize outputOffset : Nat)
  (digest : Digest) (sha256_correct : sha256_correct oracle fipsSha256)
  (hcall : oracle (request world.memory inputOffset inputSize outputOffset) = StaticCallResult.success digest) :
  Denote.Sha256.denote oracle world inputOffset inputSize outputOffset =
    Outcome.success (digestWord (fipsSha256 (memorySlice world.memory inputOffset inputSize)))
      (writeDigest world outputOffset (fipsSha256 (memorySlice world.memory inputOffset inputSize)))
⚠ [1353/1504] Replayed LidoSRv3.Audit.Verity.ReserveRelationalTx
warning: LidoSRv3/Audit/Verity/ReserveRelationalTx.lean:303:44: This simp argument is unused:
  memory_writeSlot

Hint: Omit it from the simp argument list.
  simp [readBatchEnd, arrayState, evalExpr,̵ ̵m̵e̵m̵o̵r̵y̵_̵w̵r̵i̵t̵e̵S̵l̵o̵t̵]

Note: This linter can be disabled with `set_option linter.unusedSimpArgs false`
⚠ [1382/1504] Replayed LidoSRv3.Audit.Verity.TopupHybrid
warning: LidoSRv3/Audit/Verity/TopupHybrid.lean:157:26: This simp argument is unused:
  _root_.Verity.pure

Hint: Omit it from the simp argument list.
  simp [executeSource, sourceTx, observeVerity, withCalls, topupCallJournal,
        TopupTxContract.executeTopup,
  ̵  ̵ ̵ ̵ ̵ ̵TopupTxContract.executeNoTopup,
  ̲  ̲ ̲ ̲ ̲ ̲TopupTxContract.executePullRevert,
  ̵  ̵ ̵ ̵ ̵ ̵TopupTxContract.executePushRevert, _root_.Verity.require,
        _root_.Contracts.externalCallBind, _root_.Contracts.externalCallStubSuccess,
        _root_.Contracts.linkedCallEntry, _root_.Verity.Contract.run,
  ̵  ̵ ̵ ̵ ̵ ̵_root_.Verity.bind, _̵r̵o̵o̵t̵_̵.̵V̵e̵r̵i̵t̵y̵.̵p̵u̵r̵e̵,̵ ̵Bind.bind,
  ̲  ̲ ̲ ̲ ̲ ̲Pure.pure,
  ̵  ̵ ̵ ̵ ̵ ̵Outcome.reverts, Outcome.pulled, Outcome.pushed, hrun] at hconserves ⊢

Note: This linter can be disabled with `set_option linter.unusedSimpArgs false`
⚠ [1403/1504] Replayed LidoSRv3.Audit.Verity.ConsolidationFee
warning: LidoSRv3/Audit/Verity/ConsolidationFee.lean:446:5: Variable name `hsize` is not explicitly referenced.

The binding can be removed (if unused) or named `_` (if used implicitly).

Note: This linter can be disabled with `set_option linter.unusedVariables false`
warning: LidoSRv3/Audit/Verity/ConsolidationFee.lean:446:35: Variable name `hdecode` is not explicitly referenced.

The binding can be removed (if unused) or named `_` (if used implicitly).

Note: This linter can be disabled with `set_option linter.unusedVariables false`
warning: LidoSRv3/Audit/Verity/ConsolidationFee.lean:447:5: Variable name `hvalue` is not explicitly referenced.

The binding can be removed (if unused) or named `_` (if used implicitly).

Note: This linter can be disabled with `set_option linter.unusedVariables false`
warning: LidoSRv3/Audit/Verity/ConsolidationFee.lean:452:70: This simp argument is unused:
  hsize

Hint: Omit it from the simp argument list.
  simp [batchCalls, batchCalls.loop, ObservedCalls, denoteCall, hfee, hs̵i̵z̵e̵,̵ ̵h̵decode,
  ̵  ̵ ̵ ̵hvalue, hkey]

Note: This linter can be disabled with `set_option linter.unusedSimpArgs false`
warning: LidoSRv3/Audit/Verity/ConsolidationFee.lean:452:77: This simp argument is unused:
  hdecode

Hint: Omit it from the simp argument list.
  simp [batchCalls, batchCalls.loop, ObservedCalls, denoteCall, hfee, hsize, hd̵e̵c̵o̵d̵e̵,̵
  ̵ ̵ ̵ ̵ ̵h̵value, hkey]

Note: This linter can be disabled with `set_option linter.unusedSimpArgs false`
warning: LidoSRv3/Audit/Verity/ConsolidationFee.lean:453:4: This simp argument is unused:
  hvalue

Hint: Omit it from the simp argument list.
  simp [batchCalls, batchCalls.loop, ObservedCalls, denoteCall, hfee, hsize, hdecode,
  ̵  ̵ ̵ ̵hv̵a̵l̵u̵e̵,̵ ̵h̵key]

Note: This linter can be disabled with `set_option linter.unusedSimpArgs false`
warning: LidoSRv3/Audit/Verity/ConsolidationFee.lean:466:5: Variable name `hrequest` is not explicitly referenced.

The binding can be removed (if unused) or named `_` (if used implicitly).

Note: This linter can be disabled with `set_option linter.unusedVariables false`
warning: LidoSRv3/Audit/Verity/ConsolidationFee.lean:477:32: This simp argument is unused:
  hrequest

Hint: Omit it from the simp argument list.
  simp [batchCalls, batchCalls.loop, ObservedCalls, denoteCall, hfee, hsize, hdecode,
  ̵  ̵ ̵ ̵hbound,
  ̲  ̲ ̲ ̲hvalid₀, hinvalid₁,̵ ̵h̵r̵e̵q̵u̵e̵s̵t̵]

Note: This linter can be disabled with `set_option linter.unusedSimpArgs false`
⚠ [1404/1504] Replayed LidoSRv3.Audit.Verity.DepositLedgerTx
warning: LidoSRv3/Audit/Verity/DepositLedgerTx.lean:140:35: Variable name `n` is not explicitly referenced.

The binding can be removed (if unused) or named `_` (if used implicitly).

Note: This linter can be disabled with `set_option linter.unusedVariables false`
⚠ [1405/1504] Replayed LidoSRv3.Audit.Verity.DepositTx
warning: LidoSRv3/Audit/Verity/DepositTx.lean:153:35: This simp argument is unused:
  Pure.pure

Hint: Omit it from the simp argument list.
  simp [executeOutcome, executeCalls, hRun, observe, DepositTxContract.execute,
      _root_.Contracts.externalCallBind, _root_.Contracts.externalCallStubSuccess,
      _root_.Verity.require,
  ̵  ̵ ̵ ̵_root_.Verity.Contract.run, _root_.Verity.bind,
  ̵  ̵ ̵ ̵_root_.Verity.pure,
  ̲  ̲ ̲ ̲Bind.bind, P̵u̵r̵e̵.̵p̵u̵r̵e̵,̵ ̵committedBalances, Nat.sub_add_cancel hFunds,
  ̵  ̵ ̵ ̵Core.Uint256.ofNat,
  ̲  ̲ ̲ ̲Nat.mod_eq_of_lt hAmountLt]

Note: This linter can be disabled with `set_option linter.unusedSimpArgs false`
ℹ [1440/1507] Replayed LidoSRv3.Audit.Source.TrioAlloc2.MemoryPrefix
info: LidoSRv3/Audit/Source/TrioAlloc2/MemoryPrefix.lean:148:0: 'LidoSRv3.Audit.Source.TrioAlloc2.MemoryPrefix.execute_success_iff' depends on axioms: [propext, Quot.sound]
info: LidoSRv3/Audit/Source/TrioAlloc2/MemoryPrefix.lean:149:0: 'LidoSRv3.Audit.Source.TrioAlloc2.MemoryPrefix.execute_overflow_iff' depends on axioms: [propext,
 Classical.choice,
 Quot.sound]
info: LidoSRv3/Audit/Source/TrioAlloc2/MemoryPrefix.lean:151:0: 'LidoSRv3.Audit.Source.TrioAlloc2.MemoryPrefix.reserve_success' depends on axioms: [propext, Quot.sound]
info: LidoSRv3/Audit/Source/TrioAlloc2/MemoryPrefix.lean:152:0: 'LidoSRv3.Audit.Source.TrioAlloc2.MemoryPrefix.execute_extent' depends on axioms: [propext, Quot.sound]
⚠ [1475/1507] Replayed LidoSRv3.Audit.Source.TrioAlloc2.Selection
warning: LidoSRv3/Audit/Source/TrioAlloc2/Selection.lean:53:10: This simp argument is unused:
  levelsEq

Hint: Omit it from the simp argument list.
  simp [l̵e̵v̵e̵l̵s̵E̵q̵,̵ ̵Spec.minimum, countEq]

Note: This linter can be disabled with `set_option linter.unusedSimpArgs false`
warning: LidoSRv3/Audit/Source/TrioAlloc2/Selection.lean:70:10: This simp argument is unused:
  levelsEq

Hint: Omit it from the simp argument list.
  simp [l̵e̵v̵e̵l̵s̵E̵q̵,̵ ̵Spec.minimum, nonzero, minimumEq]

Note: This linter can be disabled with `set_option linter.unusedSimpArgs false`
⚠ [1482/1507] Replayed LidoSRv3.Audit.Source.TrioAlloc2.StepCorrespondence
warning: LidoSRv3/Audit/Source/TrioAlloc2/StepCorrespondence.lean:16:71: This simp argument is unused:
  eq

Hint: Omit it from the simp argument list.
  simp [decodedRows, List.getElem?_zipWith, List.getElem?_set_ne eq,̵ ̵e̵q̵]

Note: This linter can be disabled with `set_option linter.unusedSimpArgs false`
ℹ [1484/1507] Replayed LidoSRv3.Audit.Source.TrioAlloc2.Composition
info: LidoSRv3/Audit/Source/TrioAlloc2/Composition.lean:53:0: 'LidoSRv3.Audit.Source.TrioAlloc2.producer_success_establishes_consumer_premises' depends on axioms: [propext,
 Quot.sound]
info: LidoSRv3/Audit/Source/TrioAlloc2/Composition.lean:54:0: 'LidoSRv3.Audit.Source.TrioAlloc2.producer_then_consumer_succeeds' depends on axioms: [propext, Quot.sound]
info: LidoSRv3/Audit/Source/TrioAlloc2/Composition.lean:71:0: 'LidoSRv3.Audit.Source.TrioAlloc2.producer_then_consumer_distributes' depends on axioms: [propext,
 Classical.choice,
 Quot.sound]
ℹ [1485/1507] Replayed LidoSRv3.Audit.Source.TrioComposition.Parent
info: LidoSRv3/Audit/Source/TrioComposition/Parent.lean:252:0: 'LidoSRv3.Audit.Source.TrioComposition.getDepositAllocations_total_bound' depends on axioms: [propext, Quot.sound]
info: LidoSRv3/Audit/Source/TrioComposition/Parent.lean:253:0: 'LidoSRv3.Audit.Source.TrioComposition.convertPositive_refines' depends on axioms: [propext,
 Classical.choice,
 Quot.sound]
info: LidoSRv3/Audit/Source/TrioComposition/Parent.lean:254:0: 'LidoSRv3.Audit.Source.TrioComposition.convertZero_refines' depends on axioms: [propext, Classical.choice, Quot.sound]
⚠ [1486/1507] Replayed LidoSRv3.Audit.Source.TrioAlloc2.RowBounds
warning: LidoSRv3/Audit/Source/TrioAlloc2/RowBounds.lean:171:20: This simp argument is unused:
  ↓reduceDIte

Hint: Omit it from the simp argument list.
  simp only [bound,̵ ̵↓̵r̵e̵d̵u̵c̵e̵D̵I̵t̵e̵]

Note: This linter can be disabled with `set_option linter.unusedSimpArgs false`
info: LidoSRv3/Audit/Source/TrioAlloc2/RowBounds.lean:174:0: 'LidoSRv3.Audit.Source.TrioAlloc2.step_row_bounds' depends on axioms: [propext, Quot.sound]
info: LidoSRv3/Audit/Source/TrioAlloc2/RowBounds.lean:175:0: 'LidoSRv3.Audit.Source.TrioAlloc2.allocateLoop_row_bounds' depends on axioms: [propext, Quot.sound]
info: LidoSRv3/Audit/Source/TrioAlloc2/RowBounds.lean:176:0: 'LidoSRv3.Audit.Source.TrioAlloc2.allocate_row_bounds' depends on axioms: [propext, Quot.sound]
info: LidoSRv3/Audit/Source/TrioAlloc2/RowBounds.lean:177:0: 'LidoSRv3.Audit.Source.TrioAlloc2.allocate_delta_success' depends on axioms: [propext, Quot.sound]
ℹ [1487/1507] Replayed LidoSRv3.Audit.Source.TrioComposition.ParentComposition
info: LidoSRv3/Audit/Source/TrioComposition/ParentComposition.lean:65:0: 'LidoSRv3.Audit.Source.TrioComposition.producer_consumer_conversion_refines' depends on axioms: [propext,
 Classical.choice,
 Quot.sound]
info: LidoSRv3/Audit/Source/TrioComposition/ParentComposition.lean:66:0: 'LidoSRv3.Audit.Source.TrioComposition.producer_zero_conversion_refines' depends on axioms: [propext,
 Classical.choice,
 Quot.sound]
info: LidoSRv3/Audit/Source/TrioComposition/ParentComposition.lean:67:0: 'LidoSRv3.Audit.Source.TrioComposition.producer_consumer_parent_subtraction' depends on axioms: [propext, Quot.sound]
ℹ [1488/1507] Replayed LidoSRv3.Audit.Source.TrioComposition.ParentRelational
info: LidoSRv3/Audit/Source/TrioComposition/ParentRelational.lean:185:0: 'LidoSRv3.Audit.Source.TrioComposition.ParentSpec.public_all_outcomes' depends on axioms: [propext,
 Classical.choice,
 Quot.sound]
ℹ [1489/1507] Replayed LidoSRv3.Audit.Source.TrioComposition.ParentDeterminism
info: LidoSRv3/Audit/Source/TrioComposition/ParentDeterminism.lean:155:0: 'LidoSRv3.Audit.Source.TrioComposition.ParentSpec.public_iff' depends on axioms: [propext, Classical.choice, Quot.sound]
ℹ [1490/1507] Replayed LidoSRv3.Audit.Source.TrioAlloc2.LibraryABI
info: LidoSRv3/Audit/Source/TrioAlloc2/LibraryABI.lean:169:0: 'LidoSRv3.Audit.Source.TrioAlloc2.LibraryABI.decodeArray_encoded' depends on axioms: [propext,
 Classical.choice,
 Quot.sound]
info: LidoSRv3/Audit/Source/TrioAlloc2/LibraryABI.lean:170:0: 'LidoSRv3.Audit.Source.TrioAlloc2.LibraryABI.decodeArguments_encoded' depends on axioms: [propext,
 Classical.choice,
 Quot.sound]
info: LidoSRv3/Audit/Source/TrioAlloc2/LibraryABI.lean:171:0: 'LidoSRv3.Audit.Source.TrioAlloc2.LibraryABI.decodeReturn_encoded' depends on axioms: [propext,
 Classical.choice,
 Quot.sound]
info: LidoSRv3/Audit/Source/TrioAlloc2/LibraryABI.lean:172:0: 'LidoSRv3.Audit.Source.TrioAlloc2.LibraryABI.run_encoded' depends on axioms: [propext, Classical.choice, Quot.sound]
info: LidoSRv3/Audit/Source/TrioAlloc2/LibraryABI.lean:173:0: 'LidoSRv3.Audit.Source.TrioAlloc2.LibraryABI.run_short' depends on axioms: [propext, Quot.sound]
ℹ [1491/1507] Replayed LidoSRv3.Audit.Source.TrioAlloc2.ABIComposition
info: LidoSRv3/Audit/Source/TrioAlloc2/ABIComposition.lean:46:0: 'LidoSRv3.Audit.Source.TrioAlloc2.producer_then_abi_distributes' depends on axioms: [propext,
 Classical.choice,
 Quot.sound]
ℹ [1492/1507] Replayed LidoSRv3.Audit.Source.TrioComposition.ParentABI
info: LidoSRv3/Audit/Source/TrioComposition/ParentABI.lean:110:0: 'LidoSRv3.Audit.Source.TrioComposition.public_abi_iff' depends on axioms: [propext, Classical.choice, Quot.sound]
ℹ [1493/1507] Replayed LidoSRv3.Audit.Source.TrioComposition.ParentCalls
info: LidoSRv3/Audit/Source/TrioComposition/ParentCalls.lean:42:0: 'LidoSRv3.Audit.Source.TrioComposition.ParentCalls.correspondence' depends on axioms: [propext, Quot.sound]
ℹ [1494/1507] Replayed LidoSRv3.Audit.Source.TrioComposition.MemoryGuard
info: LidoSRv3/Audit/Source/TrioComposition/MemoryGuard.lean:38:0: 'LidoSRv3.Audit.Source.TrioComposition.MemoryGuard.run_eq' depends on axioms: [propext, Classical.choice, Quot.sound]
info: LidoSRv3/Audit/Source/TrioComposition/MemoryGuard.lean:39:0: 'LidoSRv3.Audit.Source.TrioComposition.MemoryGuard.check_eq' depends on axioms: [propext, Classical.choice, Quot.sound]
⚠ [1495/1507] Replayed LidoSRv3.Audit.Source.TrioComposition.AllocationParentCalls
warning: LidoSRv3/Audit/Source/TrioComposition/AllocationParentCalls.lean:30:12: This simp argument is unused:
  divided

Hint: Omit it from the simp argument list.
  simp [d̵i̵v̵i̵d̵e̵d̵,̵ ̵success, CallTree.check, bind, CallTree.bind]

Note: This linter can be disabled with `set_option linter.unusedSimpArgs false`
info: LidoSRv3/Audit/Source/TrioComposition/AllocationParentCalls.lean:73:0: 'LidoSRv3.Audit.Source.TrioComposition.AllocationParentCalls.successful_prefix_extent' depends on axioms: [propext,
 Classical.choice,
 Quot.sound]
info: LidoSRv3/Audit/Source/TrioComposition/AllocationParentCalls.lean:75:0: 'LidoSRv3.Audit.Source.TrioComposition.AllocationParentCalls.successful_prefix_correspondence' depends on axioms: [propext,
 Quot.sound]
info: LidoSRv3/Audit/Source/TrioComposition/AllocationParentCalls.lean:76:0: 'LidoSRv3.Audit.Source.TrioComposition.AllocationParentCalls.division_failure' depends on axioms: [propext, Quot.sound]
info: LidoSRv3/Audit/Source/TrioComposition/AllocationParentCalls.lean:77:0: 'LidoSRv3.Audit.Source.TrioComposition.AllocationParentCalls.memory_failure' depends on axioms: [propext, Quot.sound]
ℹ [1496/1507] Replayed LidoSRv3.Audit.Source.TrioAlloc2.ParentConversion
info: LidoSRv3/Audit/Source/TrioAlloc2/ParentConversion.lean:128:0: 'LidoSRv3.Audit.Source.TrioAlloc2.ParentConversion.rowArithmetic_success_iff' depends on axioms: [propext, Quot.sound]
info: LidoSRv3/Audit/Source/TrioAlloc2/ParentConversion.lean:129:0: 'LidoSRv3.Audit.Source.TrioAlloc2.ParentConversion.rowArithmetic_values' depends on axioms: [propext]
info: LidoSRv3/Audit/Source/TrioAlloc2/ParentConversion.lean:130:0: 'LidoSRv3.Audit.Source.TrioAlloc2.ParentConversion.positive_total_error_first' depends on axioms: [propext, Quot.sound]
info: LidoSRv3/Audit/Source/TrioAlloc2/ParentConversion.lean:131:0: 'LidoSRv3.Audit.Source.TrioAlloc2.ParentConversion.zeroDemand_overflow' depends on axioms: [propext, Quot.sound]
info: LidoSRv3/Audit/Source/TrioAlloc2/ParentConversion.lean:132:0: 'LidoSRv3.Audit.Source.TrioAlloc2.ParentConversion.allocated_total_mul_success' depends on axioms: [propext, Quot.sound]
⚠ [1497/1507] Replayed LidoSRv3.Audit.Source.TrioComposition.ConversionBridge
warning: LidoSRv3/Audit/Source/TrioComposition/ConversionBridge.lean:21:32: This simp argument is unused:
  hn

Hint: Omit it from the simp argument list.
  simp [h̵n̵,̵ ̵bind, Except.bind, Except.map]

Note: This linter can be disabled with `set_option linter.unusedSimpArgs false`
warning: LidoSRv3/Audit/Source/TrioComposition/ConversionBridge.lean:23:32: This simp argument is unused:
  hp

Hint: Omit it from the simp argument list.
  simp [h̵p̵,̵ ̵bind, Except.bind, Except.map]

Note: This linter can be disabled with `set_option linter.unusedSimpArgs false`
warning: LidoSRv3/Audit/Source/TrioComposition/ConversionBridge.lean:23:36: This simp argument is unused:
  bind

Hint: Omit it from the simp argument list.
  simp [hp, b̵i̵n̵d̵,̵ ̵Except.bind, Except.map]

Note: This linter can be disabled with `set_option linter.unusedSimpArgs false`
warning: LidoSRv3/Audit/Source/TrioComposition/ConversionBridge.lean:23:42: This simp argument is unused:
  Except.bind

Hint: Omit it from the simp argument list.
  simp [hp, bind, Except.b̵i̵n̵d̵,̵ ̵E̵x̵c̵e̵p̵t̵.̵map]

Note: This linter can be disabled with `set_option linter.unusedSimpArgs false`
warning: LidoSRv3/Audit/Source/TrioComposition/ConversionBridge.lean:23:55: This simp argument is unused:
  Except.map

Hint: Omit it from the simp argument list.
  simp [hp, bind, Except.bind,̵ ̵E̵x̵c̵e̵p̵t̵.̵m̵a̵p̵]

Note: This linter can be disabled with `set_option linter.unusedSimpArgs false`
warning: LidoSRv3/Audit/Source/TrioComposition/ConversionBridge.lean:25:61: This simp argument is unused:
  hs

Hint: Omit it from the simp argument list.
  simp [h̵s̵,̵ ̵bind, Except.bind, Except.map]

Note: This linter can be disabled with `set_option linter.unusedSimpArgs false`
warning: LidoSRv3/Audit/Source/TrioComposition/ConversionBridge.lean:25:65: This simp argument is unused:
  bind

Hint: Omit it from the simp argument list.
  simp [hs, b̵i̵n̵d̵,̵ ̵Except.bind, Except.map]

Note: This linter can be disabled with `set_option linter.unusedSimpArgs false`
warning: LidoSRv3/Audit/Source/TrioComposition/ConversionBridge.lean:25:71: This simp argument is unused:
  Except.bind

Hint: Omit it from the simp argument list.
  simp [hs, bind, Except.b̵i̵n̵d̵,̵ ̵E̵x̵c̵e̵p̵t̵.̵map]

Note: This linter can be disabled with `set_option linter.unusedSimpArgs false`
warning: LidoSRv3/Audit/Source/TrioComposition/ConversionBridge.lean:25:84: This simp argument is unused:
  Except.map

Hint: Omit it from the simp argument list.
  simp [hs, bind, Except.bind,̵ ̵E̵x̵c̵e̵p̵t̵.̵m̵a̵p̵]

Note: This linter can be disabled with `set_option linter.unusedSimpArgs false`
warning: LidoSRv3/Audit/Source/TrioComposition/ConversionBridge.lean:27:58: This simp argument is unused:
  hd

Hint: Omit it from the simp argument list.
  simp [h̵d̵,̵ ̵bind, Except.bind, Except.map]

Note: This linter can be disabled with `set_option linter.unusedSimpArgs false`
warning: LidoSRv3/Audit/Source/TrioComposition/ConversionBridge.lean:27:62: This simp argument is unused:
  bind

Hint: Omit it from the simp argument list.
  simp [hd, b̵i̵n̵d̵,̵ ̵Except.bind, Except.map]

Note: This linter can be disabled with `set_option linter.unusedSimpArgs false`
warning: LidoSRv3/Audit/Source/TrioComposition/ConversionBridge.lean:27:68: This simp argument is unused:
  Except.bind

Hint: Omit it from the simp argument list.
  simp [hd, bind, Except.b̵i̵n̵d̵,̵ ̵E̵x̵c̵e̵p̵t̵.̵map]

Note: This linter can be disabled with `set_option linter.unusedSimpArgs false`
warning: LidoSRv3/Audit/Source/TrioComposition/ConversionBridge.lean:27:81: This simp argument is unused:
  Except.map

Hint: Omit it from the simp argument list.
  simp [hd, bind, Except.bind,̵ ̵E̵x̵c̵e̵p̵t̵.̵m̵a̵p̵]

Note: This linter can be disabled with `set_option linter.unusedSimpArgs false`
warning: LidoSRv3/Audit/Source/TrioComposition/ConversionBridge.lean:29:57: This simp argument is unused:
  hm

Hint: Omit it from the simp argument list.
  simp [h̵m̵,̵ ̵bind, Except.bind, Except.map]

Note: This linter can be disabled with `set_option linter.unusedSimpArgs false`
warning: LidoSRv3/Audit/Source/TrioComposition/ConversionBridge.lean:29:61: This simp argument is unused:
  bind

Hint: Omit it from the simp argument list.
  simp [hm, b̵i̵n̵d̵,̵ ̵Except.bind, Except.map]

Note: This linter can be disabled with `set_option linter.unusedSimpArgs false`
warning: LidoSRv3/Audit/Source/TrioComposition/ConversionBridge.lean:29:67: This simp argument is unused:
  Except.bind

Hint: Omit it from the simp argument list.
  simp [hm, bind, Except.b̵i̵n̵d̵,̵ ̵E̵x̵c̵e̵p̵t̵.̵map]

Note: This linter can be disabled with `set_option linter.unusedSimpArgs false`
warning: LidoSRv3/Audit/Source/TrioComposition/ConversionBridge.lean:29:80: This simp argument is unused:
  Except.map

Hint: Omit it from the simp argument list.
  simp [hm, bind, Except.bind,̵ ̵E̵x̵c̵e̵p̵t̵.̵m̵a̵p̵]

Note: This linter can be disabled with `set_option linter.unusedSimpArgs false`
warning: LidoSRv3/Audit/Source/TrioComposition/ConversionBridge.lean:41:32: This simp argument is unused:
  hp

Hint: Omit it from the simp argument list.
  simp [h̵p̵,̵ ̵bind, Except.bind, Except.map]

Note: This linter can be disabled with `set_option linter.unusedSimpArgs false`
warning: LidoSRv3/Audit/Source/TrioComposition/ConversionBridge.lean:43:61: This simp argument is unused:
  hm

Hint: Omit it from the simp argument list.
  simp [h̵m̵,̵ ̵bind, Except.bind, Except.map]

Note: This linter can be disabled with `set_option linter.unusedSimpArgs false`
warning: LidoSRv3/Audit/Source/TrioComposition/ConversionBridge.lean:43:65: This simp argument is unused:
  bind

Hint: Omit it from the simp argument list.
  simp [hm, b̵i̵n̵d̵,̵ ̵Except.bind, Except.map]

Note: This linter can be disabled with `set_option linter.unusedSimpArgs false`
warning: LidoSRv3/Audit/Source/TrioComposition/ConversionBridge.lean:43:71: This simp argument is unused:
  Except.bind

Hint: Omit it from the simp argument list.
  simp [hm, bind, Except.b̵i̵n̵d̵,̵ ̵E̵x̵c̵e̵p̵t̵.̵map]

Note: This linter can be disabled with `set_option linter.unusedSimpArgs false`
warning: LidoSRv3/Audit/Source/TrioComposition/ConversionBridge.lean:43:84: This simp argument is unused:
  Except.map

Hint: Omit it from the simp argument list.
  simp [hm, bind, Except.bind,̵ ̵E̵x̵c̵e̵p̵t̵.̵m̵a̵p̵]

Note: This linter can be disabled with `set_option linter.unusedSimpArgs false`
warning: LidoSRv3/Audit/Source/TrioComposition/ConversionBridge.lean:45:32: This simp argument is unused:
  hn

Hint: Omit it from the simp argument list.
  simp [h̵n̵,̵ ̵bind, Except.bind, Except.map]

Note: This linter can be disabled with `set_option linter.unusedSimpArgs false`
warning: LidoSRv3/Audit/Source/TrioComposition/ConversionBridge.lean:45:36: This simp argument is unused:
  bind

Hint: Omit it from the simp argument list.
  simp [hn, b̵i̵n̵d̵,̵ ̵Except.bind, Except.map]

Note: This linter can be disabled with `set_option linter.unusedSimpArgs false`
warning: LidoSRv3/Audit/Source/TrioComposition/ConversionBridge.lean:45:42: This simp argument is unused:
  Except.bind

Hint: Omit it from the simp argument list.
  simp [hn, bind, Except.b̵i̵n̵d̵,̵ ̵E̵x̵c̵e̵p̵t̵.̵map]

Note: This linter can be disabled with `set_option linter.unusedSimpArgs false`
warning: LidoSRv3/Audit/Source/TrioComposition/ConversionBridge.lean:45:55: This simp argument is unused:
  Except.map

Hint: Omit it from the simp argument list.
  simp [hn, bind, Except.bind,̵ ̵E̵x̵c̵e̵p̵t̵.̵m̵a̵p̵]

Note: This linter can be disabled with `set_option linter.unusedSimpArgs false`
warning: LidoSRv3/Audit/Source/TrioComposition/ConversionBridge.lean:106:63: This simp argument is unused:
  hs

Hint: Omit it from the simp argument list.
  simp [h̵s̵,̵ ̵Except.map]

Note: This linter can be disabled with `set_option linter.unusedSimpArgs false`
warning: LidoSRv3/Audit/Source/TrioComposition/ConversionBridge.lean:108:58: This simp argument is unused:
  hd

Hint: Omit it from the simp argument list.
  simp [h̵d̵,̵ ̵Except.map]

Note: This linter can be disabled with `set_option linter.unusedSimpArgs false`
warning: LidoSRv3/Audit/Source/TrioComposition/ConversionBridge.lean:108:62: This simp argument is unused:
  Except.map

Hint: Omit it from the simp argument list.
  simp [hd,̵ ̵E̵x̵c̵e̵p̵t̵.̵m̵a̵p̵]

Note: This linter can be disabled with `set_option linter.unusedSimpArgs false`
warning: LidoSRv3/Audit/Source/TrioComposition/ConversionBridge.lean:110:54: This simp argument is unused:
  hm

Hint: Omit it from the simp argument list.
  simp [h̵m̵,̵ ̵Except.map]

Note: This linter can be disabled with `set_option linter.unusedSimpArgs false`
warning: LidoSRv3/Audit/Source/TrioComposition/ConversionBridge.lean:110:58: This simp argument is unused:
  Except.map

Hint: Omit it from the simp argument list.
  simp [hm,̵ ̵E̵x̵c̵e̵p̵t̵.̵m̵a̵p̵]

Note: This linter can be disabled with `set_option linter.unusedSimpArgs false`
warning: LidoSRv3/Audit/Source/TrioComposition/ConversionBridge.lean:137:54: This simp argument is unused:
  hm

Hint: Omit it from the simp argument list.
  simp [h̵m̵,̵ ̵Except.map]

Note: This linter can be disabled with `set_option linter.unusedSimpArgs false`
warning: LidoSRv3/Audit/Source/TrioComposition/ConversionBridge.lean:155:52: This simp argument is unused:
  hm

Hint: Omit it from the simp argument list.
  simp [h̵m̵,̵ ̵bind, Except.bind, Except.map]

Note: This linter can be disabled with `set_option linter.unusedSimpArgs false`
info: LidoSRv3/Audit/Source/TrioComposition/ConversionBridge.lean:192:0: 'LidoSRv3.Audit.Source.TrioComposition.ConversionBridge.positive_conversion_equiv' depends on axioms: [propext,
 Classical.choice,
 Quot.sound]
info: LidoSRv3/Audit/Source/TrioComposition/ConversionBridge.lean:193:0: 'LidoSRv3.Audit.Source.TrioComposition.ConversionBridge.zero_conversion_equiv' depends on axioms: [propext,
 Classical.choice,
 Quot.sound]
info: LidoSRv3/Audit/Source/TrioComposition/ConversionBridge.lean:194:0: 'LidoSRv3.Audit.Source.TrioComposition.ConversionBridge.producer_consumer_conversion_equiv' depends on axioms: [propext,
 Classical.choice,
 Quot.sound]
info: LidoSRv3/Audit/Source/TrioComposition/ConversionBridge.lean:196:0: 'LidoSRv3.Audit.Source.TrioComposition.ConversionBridge.positive_equiv' depends on axioms: [propext,
 Classical.choice,
 Quot.sound]
info: LidoSRv3/Audit/Source/TrioComposition/ConversionBridge.lean:197:0: 'LidoSRv3.Audit.Source.TrioComposition.ConversionBridge.zero_equiv' depends on axioms: [propext,
 Classical.choice,
 Quot.sound]
ℹ [1498/1507] Replayed LidoSRv3.Audit.Source.TrioComposition.WriterExtent
info: LidoSRv3/Audit/Source/TrioComposition/WriterExtent.lean:47:0: 'LidoSRv3.Audit.Source.TrioComposition.share_writer_abi_extent' depends on axioms: [propext,
 Classical.choice,
 Quot.sound]
info: LidoSRv3/Audit/Source/TrioComposition/WriterExtent.lean:61:0: 'LidoSRv3.Audit.Source.TrioComposition.parameter_writer_abi_extent' depends on axioms: [propext,
 Classical.choice,
 Quot.sound]
ℹ [1499/1507] Replayed LidoSRv3.Audit.Source.TrioComposition.VerityParent
info: LidoSRv3/Audit/Source/TrioComposition/VerityParent.lean:78:0: 'LidoSRv3.Audit.Source.TrioComposition.VerityParent.memory_correspondence' depends on axioms: [propext, Quot.sound]
info: LidoSRv3/Audit/Source/TrioComposition/VerityParent.lean:79:0: 'LidoSRv3.Audit.Source.TrioComposition.VerityParent.memory_public_iff' depends on axioms: [propext,
 Classical.choice,
 Quot.sound]
info: LidoSRv3/Audit/Source/TrioComposition/VerityParent.lean:81:0: 'LidoSRv3.Audit.Source.TrioComposition.VerityParent.correspondence' depends on axioms: [propext, Quot.sound]
info: LidoSRv3/Audit/Source/TrioComposition/VerityParent.lean:82:0: 'LidoSRv3.Audit.Source.TrioComposition.VerityParent.public_iff' depends on axioms: [propext,
 Classical.choice,
 Quot.sound]
ℹ [1500/1507] Replayed LidoSRv3.Audit.Source.TrioComposition.AllocationExtent
info: LidoSRv3/Audit/Source/TrioComposition/AllocationExtent.lean:57:0: 'LidoSRv3.Audit.Source.TrioComposition.allocated_array_extent' depends on axioms: [propext,
 Classical.choice,
 Quot.sound]
info: LidoSRv3/Audit/Source/TrioComposition/AllocationExtent.lean:58:0: 'LidoSRv3.Audit.Source.TrioComposition.two_allocations_abi_extent' depends on axioms: [propext,
 Classical.choice,
 Quot.sound]
ℹ [1501/1507] Replayed LidoSRv3.Audit.Source.TrioAlloc2.MemoryComposition
info: LidoSRv3/Audit/Source/TrioAlloc2/MemoryComposition.lean:71:0: 'LidoSRv3.Audit.Source.TrioAlloc2.producer_then_memory_consumer_distributes' depends on axioms: [propext,
 Classical.choice,
 Quot.sound]
info: LidoSRv3/Audit/Source/TrioAlloc2/MemoryComposition.lean:72:0: 'LidoSRv3.Audit.Source.TrioAlloc2.producer_then_byte_consumer_distributes' depends on axioms: [propext,
 Classical.choice,
 Quot.sound]
⚠ [1502/1507] Replayed LidoSRv3.Audit.Source.TrioAlloc2.ParentArraySafety
warning: LidoSRv3/Audit/Source/TrioAlloc2/ParentArraySafety.lean:27:46: This simp argument is unused:
  Except.bind

Hint: Omit it from the simp argument list.
  simp only [checkedSub, sub, ↓reduceIte,̵ ̵E̵x̵c̵e̵p̵t̵.̵b̵i̵n̵d̵]

Note: This linter can be disabled with `set_option linter.unusedSimpArgs false`
warning: LidoSRv3/Audit/Source/TrioAlloc2/ParentArraySafety.lean:29:51: This simp argument is unused:
  Except.bind

Hint: Omit it from the simp argument list.
  simp only [checkedMul, delta, ↓reduceDIte, E̵x̵c̵e̵p̵t̵.̵b̵i̵n̵d̵,̵ ̵read_at _ _ newInside]

Note: This linter can be disabled with `set_option linter.unusedSimpArgs false`
warning: LidoSRv3/Audit/Source/TrioAlloc2/ParentArraySafety.lean:29:64: This simp argument is unused:
  read_at _ _ newInside

Hint: Omit it from the simp argument list.
  simp only [checkedMul, delta, ↓reduceDIte, Except.bind,̵ ̵r̵e̵a̵d̵_̵a̵t̵ ̵_̵ ̵_̵ ̵n̵e̵w̵I̵n̵s̵i̵d̵e̵]

Note: This linter can be disabled with `set_option linter.unusedSimpArgs false`
warning: LidoSRv3/Audit/Source/TrioAlloc2/ParentArraySafety.lean:31:40: This simp argument is unused:
  Except.bind

Hint: Omit it from the simp argument list.
  simp only [next, ↓reduceDIte,̵ ̵E̵x̵c̵e̵p̵t̵.̵b̵i̵n̵d̵]

Note: This linter can be disabled with `set_option linter.unusedSimpArgs false`
warning: LidoSRv3/Audit/Source/TrioAlloc2/ParentArraySafety.lean:53:50: This simp argument is unused:
  Except.bind

Hint: Omit it from the simp argument list.
  simp only [checkedMul, scaled, ↓reduceDIte, E̵x̵c̵e̵p̵t̵.̵b̵i̵n̵d̵,̵
  ̵ ̵ ̵ ̵ ̵ ̵ ̵ ̵ ̵read_at _ _ oldInside, read_at _ _ newInside]

Note: This linter can be disabled with `set_option linter.unusedSimpArgs false`
warning: LidoSRv3/Audit/Source/TrioAlloc2/ParentArraySafety.lean:54:8: This simp argument is unused:
  read_at _ _ oldInside

Hint: Omit it from the simp argument list.
  simp only [checkedMul, scaled, ↓reduceDIte, Except.bind, read_at _ _ o̵l̵d̵I̵n̵s̵i̵d̵e̵,̵ ̵r̵e̵a̵d̵_̵a̵t̵ ̵_̵ ̵_̵ ̵newInside]

Note: This linter can be disabled with `set_option linter.unusedSimpArgs false`
warning: LidoSRv3/Audit/Source/TrioAlloc2/ParentArraySafety.lean:54:31: This simp argument is unused:
  read_at _ _ newInside

Hint: Omit it from the simp argument list.
  simp only [checkedMul, scaled, ↓reduceDIte, Except.bind, read_at _ _ o̵l̵d̵I̵n̵s̵i̵d̵e̵,̵ ̵r̵e̵a̵d̵_̵a̵t̵ ̵_̵ ̵_̵ ̵n̵e̵w̵I̵n̵s̵i̵d̵e̵]̵o̲l̲d̲I̲n̲s̲i̲d̲e̲]̲

Note: This linter can be disabled with `set_option linter.unusedSimpArgs false`
info: LidoSRv3/Audit/Source/TrioAlloc2/ParentArraySafety.lean:61:0: 'LidoSRv3.Audit.Source.TrioAlloc2.ParentConversion.positiveRows_array_safe' depends on axioms: [propext, Quot.sound]
info: LidoSRv3/Audit/Source/TrioAlloc2/ParentArraySafety.lean:62:0: 'LidoSRv3.Audit.Source.TrioAlloc2.ParentConversion.zeroRows_array_safe' depends on axioms: [propext, Quot.sound]
ℹ [1503/1507] Replayed LidoSRv3.Audit.Source.TrioAlloc2.ParentValues
info: LidoSRv3/Audit/Source/TrioAlloc2/ParentValues.lean:150:0: 'LidoSRv3.Audit.Source.TrioAlloc2.ParentConversion.positive_values' depends on axioms: [propext,
 Classical.choice,
 Quot.sound]
info: LidoSRv3/Audit/Source/TrioAlloc2/ParentValues.lean:151:0: 'LidoSRv3.Audit.Source.TrioAlloc2.ParentConversion.zeroDemand_values' depends on axioms: [propext,
 Classical.choice,
 Quot.sound]
info: LidoSRv3/Audit/Source/TrioAlloc2/ParentValues.lean:153:0: 'LidoSRv3.Audit.Source.TrioAlloc2.ParentConversion.positiveRows_values' depends on axioms: [propext,
 Classical.choice,
 Quot.sound]
info: LidoSRv3/Audit/Source/TrioAlloc2/ParentValues.lean:155:0: 'LidoSRv3.Audit.Source.TrioAlloc2.ParentConversion.zeroRows_values' depends on axioms: [propext,
 Classical.choice,
 Quot.sound]
⚠ [1506/1507] Built LidoSRv3.Legacy.SpecProofs (3.5s)
warning: LidoSRv3/Legacy/SpecProofs.lean:1631:2: try 'simp' instead of 'simpa'

Note: This linter can be disabled with `set_option linter.unnecessarySimpa false`
Build completed successfully (1507 jobs).
proof report written to proofs/logs/proof-report.json
INTEGRATION_GATE_EXIT 0 make prove
INTEGRATION_GATE_START make test
⚠ [11/242] Replayed Verity.Core
warning: Verity/Core.lean:606:2: try 'simp' instead of 'simpa'

Note: This linter can be disabled with `set_option linter.unnecessarySimpa false`
warning: Verity/Core.lean:1041:2: try 'simp' instead of 'simpa'

Note: This linter can be disabled with `set_option linter.unnecessarySimpa false`
warning: Verity/Core.lean:1273:2: try 'simp' instead of 'simpa'

Note: This linter can be disabled with `set_option linter.unnecessarySimpa false`
⚠ [1137/1211] Replayed Conform.Wheels
warning: Conform/Wheels.lean:106:47: `IsAntisymm` has been deprecated: Use `Std.Antisymm` instead

Note: The updated constant has a different type:
  {α : Sort u} → (α → α → Prop) → Prop
instead of
  (α : Sort u_1) → (α → α → Prop) → Prop
warning: Conform/Wheels.lean:106:70: `IsTotal` has been deprecated: Use `Std.Total` instead

Note: The updated constant has a different type:
  {α : Sort u} → (α → α → Prop) → Prop
instead of
  (α : Sort u_1) → (α → α → Prop) → Prop
⚠ [1138/1211] Replayed EvmYul.Pretty
warning: EvmYul/Pretty.lean:35:32: `IsAntisymm` has been deprecated: Use `Std.Antisymm` instead

Note: The updated constant has a different type:
  {α : Sort u} → (α → α → Prop) → Prop
instead of
  (α : Sort u_1) → (α → α → Prop) → Prop
warning: EvmYul/Pretty.lean:36:32: `IsTotal` has been deprecated: Use `Std.Total` instead

Note: The updated constant has a different type:
  {α : Sort u} → (α → α → Prop) → Prop
instead of
  (α : Sort u_1) → (α → α → Prop) → Prop
⚠ [1185/1211] Replayed EvmYul.Semantics
warning: EvmYul/Semantics.lean:1:0: 'Mathlib.Data.Array.Defs' has been deprecated: please replace this import by

import Mathlib.Init
⚠ [1186/1211] Replayed EvmYul.EVM.Semantics
warning: EvmYul/EVM/Semantics.lean:1:0: 'Mathlib.Data.Array.Defs' has been deprecated: please replace this import by

import Mathlib.Init
⚠ [1210/1211] Replayed LidoSRv3.Audit.Verity.MinFirstDistributionTx
warning: LidoSRv3/Audit/Verity/MinFirstDistributionTx.lean:142:52: try 'simp' instead of 'simpa'

Note: This linter can be disabled with `set_option linter.unnecessarySimpa false`
warning: LidoSRv3/Audit/Verity/MinFirstDistributionTx.lean:485:22: This simp argument is unused:
  modelAllocateLoop

Hint: Omit it from the simp argument list.
  simp [m̵o̵d̵e̵l̵A̵l̵l̵o̵c̵a̵t̵e̵L̵o̵o̵p̵,̵ ̵hModelStep, hzv]

Note: This linter can be disabled with `set_option linter.unusedSimpArgs false`
warning: LidoSRv3/Audit/Verity/MinFirstDistributionTx.lean:485:53: This simp argument is unused:
  hzv

Hint: Omit it from the simp argument list.
  simp [modelAllocateLoop, hModelStep,̵ ̵h̵z̵v̵]

Note: This linter can be disabled with `set_option linter.unusedSimpArgs false`
warning: LidoSRv3/Audit/Verity/MinFirstDistributionTx.lean:492:25: This simp argument is unused:
  modelAllocateLoop

Hint: Omit it from the simp argument list.
  simp only [m̵o̵d̵e̵l̵A̵l̵l̵o̵c̵a̵t̵e̵L̵o̵o̵p̵,̵ ̵if_neg hzv, hModelStep, if_neg hav]

Note: This linter can be disabled with `set_option linter.unusedSimpArgs false`
warning: LidoSRv3/Audit/Verity/MinFirstDistributionTx.lean:492:44: This simp argument is unused:
  if_neg hzv

Hint: Omit it from the simp argument list.
  simp only [modelAllocateLoop, i̵f̵_̵n̵e̵g̵ ̵h̵z̵v̵,̵ ̵hModelStep, if_neg hav]

Note: This linter can be disabled with `set_option linter.unusedSimpArgs false`
Build completed successfully (1211 jobs).
Compiling 3 files with Solc 0.8.25
Solc 0.8.25 finished in 2.29s
Compiler run successful!

Ran 4 tests for solidity/minfirst/test/MinFirstDifferential.t.sol:MinFirstDifferentialTest
[PASS] testEagerLengthGuardMutationProducesMismatch() (gas: 34824)
[PASS] testEmptyAndZeroBoundaries() (gas: 75608)
[PASS] testSurplusCapacitiesAndExactCaps() (gas: 117852)
[PASS] testWordBoundaries() (gas: 75678)
Suite result: ok. 4 passed; 0 failed; 0 skipped; finished in 18.56s (55.01s CPU time)

Ran 1 test suite in 18.56s (18.56s CPU time): 4 tests passed, 0 failed, 0 skipped (4 total tests)
MinFirst guard mutation rejected by the zero_demand theorem
audit metadata v4 ok: 11 canonical guarantees + 19 subordinate evidence rows
ux2 artifacts ok: 11 guarantee records match the registry and the Lean declarations
ux2 artifact mutants ok: drift, stale, missing, unresolved/duplicate theorem, canonical order, unregistered assumption, missing source target, missing headline boundary, scope tracking, doc-comment and statement slicing, let/have binders, where-proofs, escaped identifier delimiters and ordinary delimiter controls, symlinked inputs and root, and the Lean source tree id
python-quality ok: 382 executable scopes under cyclomatic 22 and 28 scripts under 500 lines, except pinned baseline debt (blob 315a8ed5253e8c4d8987aa509dc45789927005b2) which did not grow
python-quality mutants ok: pinned baseline, new dense function, new long script, growth past baseline, stale row, retired-but-listed row, malformed row, missing baseline, baseline rewrite, nested directories, an un-pinned improvement, scope-qualified and nested definitions, module-level lambdas, body-only traversal, and the branch metric
gfm table reader ok: 41 pinned cmark-gfm cases (5 deliberately declined), body-window offsets, and the cell split; no cmark-gfm installed; the pinned expectations above are the renderer's own answers, recorded when they were taken
markdown text reducer ok: 26 pinned cases, 15 shapes that publish the sentence to no reader and 11 that do; 6 inline-HTML cases where an attribute is markup and a bare `<` is not a tag; 31 element-body cases over 8 non-rendered elements, 22 bodies a reader never meets and 9 controls a reader plainly does
optimized assurance-v4 mutants rejected: objective, canonical claims, classifications, assumptions, SSZ-only binding, pins, source spans, proof policy, README fidelity-gap disclosure, duplicate headline rows, and stale views; and every one of 11 headline rows re-filed into a later table, re-filed into loose prose, and dropped outright, plus a non-canonical row printed inside the table, a second table claiming the headline's own columns, the gap column repainted so the table cannot be located, the table wrapped in an HTML comment, and the table wrapped in a block-level HTML element (`<div>`); and each headline qualification re-filed into an appendix, into prose above the table, into a later blockquote and dropped outright, and spelled inside the block by each of 20 constructs that publish no visible text (single- and multi-line comments, a processing instruction, CDATA, a declaration, the body of every one of the eight elements the shared reader holds to be non-rendered — with an attributed and an upper-case opener and a nested `template` whose close the body runs past, since naming three of them and stopping at the first end tag let `<template>` publish a qualification to no reader — `title`/`alt` attribute values, Markdown link reference definition titles, inline link destination/title fields, and six inline-link shapes whose destination carries balanced or angle-bracketed parentheses — the form a `[^)]*` pattern stopped short of, leaving the title standing as ordinary text, including one hidden in a nested label, and a full reference link whose second bracket group names a definition that renders as nothing), with a collapsed reference link still read because it renders its own label, with the opening blockquote demoted to prose, pushed below an introduction, deleted, unheaded and its title demoted all rejected, while a renamed title, a longer block, a redundant restatement, and each qualification restated through inline markup that still renders it, and each carried in a link label or beside an unterminated link, and each printed on either side of a non-rendered element, beside one of a different name, inside two whose names only look like one, or inside the `xmp` a browser paints — text a reader is shown — stay accepted; and the delimiter row that makes the headline a table deleted, blanked to pipes and spaces, narrowed, widened, and indented into a four-column chunk all rejected, with alignment colons and up to three columns of indentation on the delimiter, the header and a row all still located as the table they render; the escaped pipe that delimits no cell driven through every header cell in three spellings under a delimiter widened to match its characters — the shape that rendered no table on the page while every gap count below was checked against it — rejected, with the same header at its own true width still located when the escape is in a free-text column and rejected when it rewords the index, the ID or the gap-count column; and the whole table relocated under a trailing appendix and under a later section rejected, since a gap count a reader reaches only after the CHECKED cells it was written to qualify no longer qualifies them
validation receipt tree is stale: recorded 435fd750f079df0d461ee48f806c9b47676c9817, actual eb15e7e73b61de5e15aae22828c2231e954b26a0
make: *** [Makefile:45: test] Error 1
INTEGRATION_GATE_EXIT 2 make test
INTEGRATION_GATE_START lake env lean --run audit/trio/alloc1/RunVerityVectors.lean
⚠ [19/52] Replayed Verity.Core
warning: Verity/Core.lean:606:2: try 'simp' instead of 'simpa'

Note: This linter can be disabled with `set_option linter.unnecessarySimpa false`
warning: Verity/Core.lean:1041:2: try 'simp' instead of 'simpa'

Note: This linter can be disabled with `set_option linter.unnecessarySimpa false`
warning: Verity/Core.lean:1273:2: try 'simp' instead of 'simpa'

Note: This linter can be disabled with `set_option linter.unnecessarySimpa false`
Build completed successfully (52 jobs).
'LidoSRv3.Audit.Source.TrioAlloc1.producer_router_order' depends on axioms: [propext, Quot.sound]
'LidoSRv3.Audit.Source.TrioAlloc1.producer_total_bound' depends on axioms: [propext, Quot.sound]
'LidoSRv3.Audit.Source.TrioAlloc1.outputBytes_related' depends on axioms: [propext, Classical.choice, Quot.sound]
'LidoSRv3.Audit.Source.TrioAlloc1.Relational.producer_iff' depends on axioms: [propext, Classical.choice, Quot.sound]
'LidoSRv3.Audit.Source.TrioAlloc1.CallTree.producer_correspondence' depends on axioms: [propext, Quot.sound]
'LidoSRv3.Audit.Source.TrioAlloc1.VerityProducer.world_producer_correspondence' depends on axioms: [propext, Quot.sound]
'LidoSRv3.Audit.Source.TrioAlloc1.ShareWriter.execute_revert_restores' depends on axioms: [propext,
 Classical.choice,
 Quot.sound]
'LidoSRv3.Audit.Source.TrioAlloc1.ShareWriter.execute_stored_share_bound' depends on axioms: [propext,
 Classical.choice,
 Quot.sound]
'LidoSRv3.Audit.Source.TrioAlloc1.WriterInvariant.share_writer_preserves' depends on axioms: [propext,
 Classical.choice,
 Quot.sound]
'LidoSRv3.Audit.Source.TrioAlloc1.WriterInvariant.parameter_writer_preserves' depends on axioms: [propext,
 Classical.choice,
 Quot.sound]
'LidoSRv3.Audit.Source.TrioAlloc1.ParameterWriter.helper_stored_share_bound' depends on axioms: [propext,
 Classical.choice,
 Quot.sound]
'LidoSRv3.Audit.Source.TrioAlloc1.ParameterWriter.execute_revert_restores' depends on axioms: [propext,
 Classical.choice,
 Quot.sound]
'LidoSRv3.Audit.Source.TrioAlloc1.AdmissionChecks.check_success' depends on axioms: [propext,
 Classical.choice,
 Quot.sound]
'LidoSRv3.Audit.Source.TrioAlloc1.AdmissionChecks.nextId_success' depends on axioms: [propext, Quot.sound]
'LidoSRv3.Audit.Source.TrioAlloc1.AdmissionWriter.revert_restores' depends on axioms: [propext,
 Classical.choice,
 Quot.sound]
'LidoSRv3.Audit.Source.TrioAlloc1.AdmissionWriter.successful_entry_bound_and_freshness' depends on axioms: [propext,
 Classical.choice,
 Quot.sound]
'LidoSRv3.Audit.Source.TrioAlloc1.StringStorage.writeShort_stored' depends on axioms: [propext, Quot.sound]
'LidoSRv3.Audit.Source.TrioAlloc1.EnumerationWriter.insertion_preserves_consistency' depends on axioms: [propext,
 Classical.choice,
 Quot.sound]
'LidoSRv3.Audit.Source.TrioAlloc1.EnumerationWriter.oversized_absent' depends on axioms: [propext]
'LidoSRv3.Audit.Source.TrioAlloc1.AllocationMemory.bounded_array_allocates' depends on axioms: [propext, Quot.sound]
'LidoSRv3.Tests.TrioAlloc1.prefetch_trace_refutes_relational_parent' depends on axioms: [propext,
 Classical.choice,
 Quot.sound]
'LidoSRv3.Tests.TrioAlloc1.target_only_refutes_relational_parent' depends on axioms: [propext,
 Classical.choice,
 Quot.sound]
[{"name":"mixed","actual":[[3,3],[8,3]],"calls":["0:9abddf09","1:9abddf09","1:0c852f5c"]},{"name":"underflow-before-stake","actual":"0x4e487b710000000000000000000000000000000000000000000000000000000000000011","calls":["0:9abddf09"]},{"name":"late-rejection","actual":"0xdead","calls":["0:9abddf09","1:9abddf09"]},{"name":"short-summary","actual":"0x","calls":["0:9abddf09"]},{"name":"short-stake","actual":"0x","calls":["0:9abddf09","0:0c852f5c"]},{"name":"trailing-summary","actual":[[1],[2]],"calls":["0:9abddf09"]},{"name":"zero-ceil-divisor","actual":"0x4e487b710000000000000000000000000000000000000000000000000000000000000012","calls":["0:9abddf09","0:0c852f5c"]},{"name":"invalid-enum-before-call","actual":"0x4e487b710000000000000000000000000000000000000000000000000000000000000021","calls":[]},{"name":"below-allocation","actual":[[1],[0]],"calls":["0:9abddf09"]},{"name":"topup-product-before-division","actual":"0x4e487b710000000000000000000000000000000000000000000000000000000000000011","calls":["0:9abddf09","0:0c852f5c"]},{"name":"empty-zero-divisor","actual":[[],[]],"calls":[]},{"name":"total-overflow-before-next-row","actual":"0x4e487b710000000000000000000000000000000000000000000000000000000000000011","calls":["0:9abddf09"]}]
INTEGRATION_GATE_EXIT 0 lake env lean --run audit/trio/alloc1/RunVerityVectors.lean
INTEGRATION_GATE_START lake env lean --run audit/trio/integration/RunVerityParent.lean
⚠ [13/76] Replayed LidoSRv3.Audit.Source.TrioAlloc2.Selection
warning: LidoSRv3/Audit/Source/TrioAlloc2/Selection.lean:53:10: This simp argument is unused:
  levelsEq

Hint: Omit it from the simp argument list.
  simp [l̵e̵v̵e̵l̵s̵E̵q̵,̵ ̵Spec.minimum, countEq]

Note: This linter can be disabled with `set_option linter.unusedSimpArgs false`
warning: LidoSRv3/Audit/Source/TrioAlloc2/Selection.lean:70:10: This simp argument is unused:
  levelsEq

Hint: Omit it from the simp argument list.
  simp [l̵e̵v̵e̵l̵s̵E̵q̵,̵ ̵Spec.minimum, nonzero, minimumEq]

Note: This linter can be disabled with `set_option linter.unusedSimpArgs false`
⚠ [22/76] Replayed LidoSRv3.Audit.Source.TrioAlloc2.StepCorrespondence
warning: LidoSRv3/Audit/Source/TrioAlloc2/StepCorrespondence.lean:16:71: This simp argument is unused:
  eq

Hint: Omit it from the simp argument list.
  simp [decodedRows, List.getElem?_zipWith, List.getElem?_set_ne eq,̵ ̵e̵q̵]

Note: This linter can be disabled with `set_option linter.unusedSimpArgs false`
ℹ [25/76] Replayed LidoSRv3.Audit.Source.TrioAlloc2.Composition
info: LidoSRv3/Audit/Source/TrioAlloc2/Composition.lean:53:0: 'LidoSRv3.Audit.Source.TrioAlloc2.producer_success_establishes_consumer_premises' depends on axioms: [propext,
 Quot.sound]
info: LidoSRv3/Audit/Source/TrioAlloc2/Composition.lean:54:0: 'LidoSRv3.Audit.Source.TrioAlloc2.producer_then_consumer_succeeds' depends on axioms: [propext, Quot.sound]
info: LidoSRv3/Audit/Source/TrioAlloc2/Composition.lean:71:0: 'LidoSRv3.Audit.Source.TrioAlloc2.producer_then_consumer_distributes' depends on axioms: [propext,
 Classical.choice,
 Quot.sound]
ℹ [26/76] Replayed LidoSRv3.Audit.Source.TrioComposition.Parent
info: LidoSRv3/Audit/Source/TrioComposition/Parent.lean:252:0: 'LidoSRv3.Audit.Source.TrioComposition.getDepositAllocations_total_bound' depends on axioms: [propext, Quot.sound]
info: LidoSRv3/Audit/Source/TrioComposition/Parent.lean:253:0: 'LidoSRv3.Audit.Source.TrioComposition.convertPositive_refines' depends on axioms: [propext,
 Classical.choice,
 Quot.sound]
info: LidoSRv3/Audit/Source/TrioComposition/Parent.lean:254:0: 'LidoSRv3.Audit.Source.TrioComposition.convertZero_refines' depends on axioms: [propext, Classical.choice, Quot.sound]
⚠ [29/76] Replayed LidoSRv3.Audit.Source.TrioAlloc2.RowBounds
warning: LidoSRv3/Audit/Source/TrioAlloc2/RowBounds.lean:171:20: This simp argument is unused:
  ↓reduceDIte

Hint: Omit it from the simp argument list.
  simp only [bound,̵ ̵↓̵r̵e̵d̵u̵c̵e̵D̵I̵t̵e̵]

Note: This linter can be disabled with `set_option linter.unusedSimpArgs false`
info: LidoSRv3/Audit/Source/TrioAlloc2/RowBounds.lean:174:0: 'LidoSRv3.Audit.Source.TrioAlloc2.step_row_bounds' depends on axioms: [propext, Quot.sound]
info: LidoSRv3/Audit/Source/TrioAlloc2/RowBounds.lean:175:0: 'LidoSRv3.Audit.Source.TrioAlloc2.allocateLoop_row_bounds' depends on axioms: [propext, Quot.sound]
info: LidoSRv3/Audit/Source/TrioAlloc2/RowBounds.lean:176:0: 'LidoSRv3.Audit.Source.TrioAlloc2.allocate_row_bounds' depends on axioms: [propext, Quot.sound]
info: LidoSRv3/Audit/Source/TrioAlloc2/RowBounds.lean:177:0: 'LidoSRv3.Audit.Source.TrioAlloc2.allocate_delta_success' depends on axioms: [propext, Quot.sound]
ℹ [30/76] Replayed LidoSRv3.Audit.Source.TrioComposition.ParentComposition
info: LidoSRv3/Audit/Source/TrioComposition/ParentComposition.lean:65:0: 'LidoSRv3.Audit.Source.TrioComposition.producer_consumer_conversion_refines' depends on axioms: [propext,
 Classical.choice,
 Quot.sound]
info: LidoSRv3/Audit/Source/TrioComposition/ParentComposition.lean:66:0: 'LidoSRv3.Audit.Source.TrioComposition.producer_zero_conversion_refines' depends on axioms: [propext,
 Classical.choice,
 Quot.sound]
info: LidoSRv3/Audit/Source/TrioComposition/ParentComposition.lean:67:0: 'LidoSRv3.Audit.Source.TrioComposition.producer_consumer_parent_subtraction' depends on axioms: [propext, Quot.sound]
ℹ [33/76] Replayed LidoSRv3.Audit.Source.TrioComposition.ParentRelational
info: LidoSRv3/Audit/Source/TrioComposition/ParentRelational.lean:185:0: 'LidoSRv3.Audit.Source.TrioComposition.ParentSpec.public_all_outcomes' depends on axioms: [propext,
 Classical.choice,
 Quot.sound]
ℹ [35/76] Replayed LidoSRv3.Audit.Source.TrioComposition.ParentDeterminism
info: LidoSRv3/Audit/Source/TrioComposition/ParentDeterminism.lean:155:0: 'LidoSRv3.Audit.Source.TrioComposition.ParentSpec.public_iff' depends on axioms: [propext, Classical.choice, Quot.sound]
ℹ [36/76] Replayed LidoSRv3.Audit.Source.TrioAlloc2.LibraryABI
info: LidoSRv3/Audit/Source/TrioAlloc2/LibraryABI.lean:169:0: 'LidoSRv3.Audit.Source.TrioAlloc2.LibraryABI.decodeArray_encoded' depends on axioms: [propext,
 Classical.choice,
 Quot.sound]
info: LidoSRv3/Audit/Source/TrioAlloc2/LibraryABI.lean:170:0: 'LidoSRv3.Audit.Source.TrioAlloc2.LibraryABI.decodeArguments_encoded' depends on axioms: [propext,
 Classical.choice,
 Quot.sound]
info: LidoSRv3/Audit/Source/TrioAlloc2/LibraryABI.lean:171:0: 'LidoSRv3.Audit.Source.TrioAlloc2.LibraryABI.decodeReturn_encoded' depends on axioms: [propext,
 Classical.choice,
 Quot.sound]
info: LidoSRv3/Audit/Source/TrioAlloc2/LibraryABI.lean:172:0: 'LidoSRv3.Audit.Source.TrioAlloc2.LibraryABI.run_encoded' depends on axioms: [propext, Classical.choice, Quot.sound]
info: LidoSRv3/Audit/Source/TrioAlloc2/LibraryABI.lean:173:0: 'LidoSRv3.Audit.Source.TrioAlloc2.LibraryABI.run_short' depends on axioms: [propext, Quot.sound]
ℹ [37/76] Replayed LidoSRv3.Audit.Source.TrioAlloc2.ABIComposition
info: LidoSRv3/Audit/Source/TrioAlloc2/ABIComposition.lean:46:0: 'LidoSRv3.Audit.Source.TrioAlloc2.producer_then_abi_distributes' depends on axioms: [propext,
 Classical.choice,
 Quot.sound]
ℹ [38/76] Replayed LidoSRv3.Audit.Source.TrioComposition.ParentABI
info: LidoSRv3/Audit/Source/TrioComposition/ParentABI.lean:110:0: 'LidoSRv3.Audit.Source.TrioComposition.public_abi_iff' depends on axioms: [propext, Classical.choice, Quot.sound]
ℹ [40/76] Replayed LidoSRv3.Audit.Source.TrioComposition.ParentCalls
info: LidoSRv3/Audit/Source/TrioComposition/ParentCalls.lean:42:0: 'LidoSRv3.Audit.Source.TrioComposition.ParentCalls.correspondence' depends on axioms: [propext, Quot.sound]
ℹ [41/76] Replayed LidoSRv3.Audit.Source.TrioAlloc2.MemoryPrefix
info: LidoSRv3/Audit/Source/TrioAlloc2/MemoryPrefix.lean:148:0: 'LidoSRv3.Audit.Source.TrioAlloc2.MemoryPrefix.execute_success_iff' depends on axioms: [propext, Quot.sound]
info: LidoSRv3/Audit/Source/TrioAlloc2/MemoryPrefix.lean:149:0: 'LidoSRv3.Audit.Source.TrioAlloc2.MemoryPrefix.execute_overflow_iff' depends on axioms: [propext,
 Classical.choice,
 Quot.sound]
info: LidoSRv3/Audit/Source/TrioAlloc2/MemoryPrefix.lean:151:0: 'LidoSRv3.Audit.Source.TrioAlloc2.MemoryPrefix.reserve_success' depends on axioms: [propext, Quot.sound]
info: LidoSRv3/Audit/Source/TrioAlloc2/MemoryPrefix.lean:152:0: 'LidoSRv3.Audit.Source.TrioAlloc2.MemoryPrefix.execute_extent' depends on axioms: [propext, Quot.sound]
ℹ [42/76] Replayed LidoSRv3.Audit.Source.TrioComposition.MemoryGuard
info: LidoSRv3/Audit/Source/TrioComposition/MemoryGuard.lean:38:0: 'LidoSRv3.Audit.Source.TrioComposition.MemoryGuard.run_eq' depends on axioms: [propext, Classical.choice, Quot.sound]
info: LidoSRv3/Audit/Source/TrioComposition/MemoryGuard.lean:39:0: 'LidoSRv3.Audit.Source.TrioComposition.MemoryGuard.check_eq' depends on axioms: [propext, Classical.choice, Quot.sound]
⚠ [43/76] Replayed LidoSRv3.Audit.Source.TrioComposition.AllocationParentCalls
warning: LidoSRv3/Audit/Source/TrioComposition/AllocationParentCalls.lean:30:12: This simp argument is unused:
  divided

Hint: Omit it from the simp argument list.
  simp [d̵i̵v̵i̵d̵e̵d̵,̵ ̵success, CallTree.check, bind, CallTree.bind]

Note: This linter can be disabled with `set_option linter.unusedSimpArgs false`
info: LidoSRv3/Audit/Source/TrioComposition/AllocationParentCalls.lean:73:0: 'LidoSRv3.Audit.Source.TrioComposition.AllocationParentCalls.successful_prefix_extent' depends on axioms: [propext,
 Classical.choice,
 Quot.sound]
info: LidoSRv3/Audit/Source/TrioComposition/AllocationParentCalls.lean:75:0: 'LidoSRv3.Audit.Source.TrioComposition.AllocationParentCalls.successful_prefix_correspondence' depends on axioms: [propext,
 Quot.sound]
info: LidoSRv3/Audit/Source/TrioComposition/AllocationParentCalls.lean:76:0: 'LidoSRv3.Audit.Source.TrioComposition.AllocationParentCalls.division_failure' depends on axioms: [propext, Quot.sound]
info: LidoSRv3/Audit/Source/TrioComposition/AllocationParentCalls.lean:77:0: 'LidoSRv3.Audit.Source.TrioComposition.AllocationParentCalls.memory_failure' depends on axioms: [propext, Quot.sound]
⚠ [54/76] Replayed Verity.Core
warning: Verity/Core.lean:606:2: try 'simp' instead of 'simpa'

Note: This linter can be disabled with `set_option linter.unnecessarySimpa false`
warning: Verity/Core.lean:1041:2: try 'simp' instead of 'simpa'

Note: This linter can be disabled with `set_option linter.unnecessarySimpa false`
warning: Verity/Core.lean:1273:2: try 'simp' instead of 'simpa'

Note: This linter can be disabled with `set_option linter.unnecessarySimpa false`
ℹ [72/76] Replayed LidoSRv3.Audit.Source.TrioComposition.VerityParent
info: LidoSRv3/Audit/Source/TrioComposition/VerityParent.lean:78:0: 'LidoSRv3.Audit.Source.TrioComposition.VerityParent.memory_correspondence' depends on axioms: [propext, Quot.sound]
info: LidoSRv3/Audit/Source/TrioComposition/VerityParent.lean:79:0: 'LidoSRv3.Audit.Source.TrioComposition.VerityParent.memory_public_iff' depends on axioms: [propext,
 Classical.choice,
 Quot.sound]
info: LidoSRv3/Audit/Source/TrioComposition/VerityParent.lean:81:0: 'LidoSRv3.Audit.Source.TrioComposition.VerityParent.correspondence' depends on axioms: [propext, Quot.sound]
info: LidoSRv3/Audit/Source/TrioComposition/VerityParent.lean:82:0: 'LidoSRv3.Audit.Source.TrioComposition.VerityParent.public_iff' depends on axioms: [propext,
 Classical.choice,
 Quot.sound]
Build completed successfully (76 jobs).
VERITY_PARENT_VECTOR_PASS empty-before-division calls=0 result=Except.ok { totalAllocated := 0, allocated := [], newAllocations := [] }
VERITY_PARENT_VECTOR_PASS division-before-calls calls=0 result=Except.error (LidoSRv3.Audit.Source.TrioAlloc1.Failure.panic 18)
VERITY_PARENT_VECTOR_PASS positive-rounded-demand calls=1 result=Except.ok { totalAllocated := 64, allocated := [64], newAllocations := [96] }
VERITY_PARENT_VECTOR_PASS zero-demand-still-calls calls=1 result=Except.ok { totalAllocated := 0, allocated := [0], newAllocations := [32] }
VERITY_PARENT_VECTOR_PASS module-rejection calls=1 result=Except.error (LidoSRv3.Audit.Source.TrioAlloc1.Failure.revertData [171])
VERITY_PARENT_VECTOR_PASS late-conversion-overflow calls=1 result=Except.error (LidoSRv3.Audit.Source.TrioAlloc1.Failure.panic 17)
VERITY_PARENT_DIFFERENTIAL_VECTOR {"name":"normal","actual":"0x0000000000000000000000000000000000000000000000000000000000000020000000000000000000000000000000000000000000000000000000000000006000000000000000000000000000000000000000000000000000000000000000a00000000000000000000000000000000000000000000000000000000000000001000000000000000000000000000000000000000000000000000000000000002000000000000000000000000000000000000000000000000000000000000000010000000000000000000000000000000000000000000000000000000000000040","reverted":false,"count":1,"shares":[10000,10000],"unit":"32","amount":"320","summaries":["0x000000000000000000000000000000000000000000000000000000000000000000000000000000000000000000000000000000000000000000000000000000010000000000000000000000000000000000000000000000000000000000000001","0x000000000000000000000000000000000000000000000000000000000000000000000000000000000000000000000000000000000000000000000000000000010000000000000000000000000000000000000000000000000000000000000001"],"reject1":false,"calls":["0:9abddf09"]}
VERITY_PARENT_DIFFERENTIAL_VECTOR {"name":"zero-demand","actual":"0x0000000000000000000000000000000000000000000000000000000000000000000000000000000000000000000000000000000000000000000000000000006000000000000000000000000000000000000000000000000000000000000000a00000000000000000000000000000000000000000000000000000000000000001000000000000000000000000000000000000000000000000000000000000000000000000000000000000000000000000000000000000000000000000000000010000000000000000000000000000000000000000000000000000000000000020","reverted":false,"count":1,"shares":[10000,10000],"unit":"32","amount":"31","summaries":["0x000000000000000000000000000000000000000000000000000000000000000000000000000000000000000000000000000000000000000000000000000000010000000000000000000000000000000000000000000000000000000000000001","0x000000000000000000000000000000000000000000000000000000000000000000000000000000000000000000000000000000000000000000000000000000010000000000000000000000000000000000000000000000000000000000000001"],"reject1":false,"calls":["0:9abddf09"]}
VERITY_PARENT_DIFFERENTIAL_VECTOR {"name":"empty-zero-divisor","actual":"0x00000000000000000000000000000000000000000000000000000000000000000000000000000000000000000000000000000000000000000000000000000060000000000000000000000000000000000000000000000000000000000000008000000000000000000000000000000000000000000000000000000000000000000000000000000000000000000000000000000000000000000000000000000000","reverted":false,"count":0,"shares":[10000,10000],"unit":"0","amount":"320","summaries":["0x000000000000000000000000000000000000000000000000000000000000000000000000000000000000000000000000000000000000000000000000000000010000000000000000000000000000000000000000000000000000000000000001","0x000000000000000000000000000000000000000000000000000000000000000000000000000000000000000000000000000000000000000000000000000000010000000000000000000000000000000000000000000000000000000000000001"],"reject1":false,"calls":[]}
VERITY_PARENT_DIFFERENTIAL_VECTOR {"name":"division-before-producer","actual":"0x4e487b710000000000000000000000000000000000000000000000000000000000000012","reverted":true,"count":1,"shares":[10000,10000],"unit":"0","amount":"320","summaries":["0x000000000000000000000000000000000000000000000000000000000000000000000000000000000000000000000000000000000000000000000000000000010000000000000000000000000000000000000000000000000000000000000001","0x000000000000000000000000000000000000000000000000000000000000000000000000000000000000000000000000000000000000000000000000000000010000000000000000000000000000000000000000000000000000000000000001"],"reject1":false,"calls":[]}
VERITY_PARENT_DIFFERENTIAL_VECTOR {"name":"zero-demand-overflow","actual":"0x4e487b710000000000000000000000000000000000000000000000000000000000000011","reverted":true,"count":1,"shares":[10000,10000],"unit":"1048576","amount":"0","summaries":["0x000000000000000000000000000000000000000000000000000000000000000000010000000000000000000000000000000000000000000000000000000000000000000000000000000000000000000000000000000000000000000000000000","0x000000000000000000000000000000000000000000000000000000000000000000000000000000000000000000000000000000000000000000000000000000010000000000000000000000000000000000000000000000000000000000000001"],"reject1":false,"calls":["0:9abddf09"]}
VERITY_PARENT_DIFFERENTIAL_VECTOR {"name":"late-second-row-overflow","actual":"0x4e487b710000000000000000000000000000000000000000000000000000000000000011","reverted":true,"count":2,"shares":[0,10000],"unit":"1048576","amount":"1048576","summaries":["0x000000000000000000000000000000000000000000000000000000000000000000000000000000000000000000000000000000000000000000000000000000010000000000000000000000000000000000000000000000000000000000000000","0x000000000000000000000000000000000000000000000000000000000000000000010000000000000000000000000000000000000000000000000000000000000000000000000000000000000000000000000000000000000000000000000001"],"reject1":false,"calls":["0:9abddf09","1:9abddf09"]}
VERITY_PARENT_DIFFERENTIAL_VECTOR {"name":"zero-demand-late-rejection","actual":"0xdead","reverted":true,"count":2,"shares":[10000,10000],"unit":"32","amount":"0","summaries":["0x000000000000000000000000000000000000000000000000000000000000000000000000000000000000000000000000000000000000000000000000000000010000000000000000000000000000000000000000000000000000000000000001","0xdead"],"reject1":true,"calls":["0:9abddf09","1:9abddf09"]}
VERITY_PARENT_DIFFERENTIAL_VECTOR {"name":"malformed-summary","actual":"0x","reverted":true,"count":1,"shares":[10000,10000],"unit":"32","amount":"320","summaries":["0xdead","0x000000000000000000000000000000000000000000000000000000000000000000000000000000000000000000000000000000000000000000000000000000010000000000000000000000000000000000000000000000000000000000000001"],"reject1":false,"calls":["0:9abddf09"]}
VERITY_PARENT_DIFFERENTIAL_VECTOR {"name":"memory-max-count","actual":"0x4e487b710000000000000000000000000000000000000000000000000000000000000041","reverted":true,"count":115792089237316195423570985008687907853269984665640564039457584007913129639935,"shares":[10000,10000],"unit":"32","amount":"0","summaries":["0x000000000000000000000000000000000000000000000000000000000000000000000000000000000000000000000000000000000000000000000000000000010000000000000000000000000000000000000000000000000000000000000001","0x000000000000000000000000000000000000000000000000000000000000000000000000000000000000000000000000000000000000000000000000000000010000000000000000000000000000000000000000000000000000000000000001"],"reject1":false,"calls":[]}
VERITY_PARENT_DIFFERENTIAL_VECTOR {"name":"memory-length-limit","actual":"0x4e487b710000000000000000000000000000000000000000000000000000000000000041","reverted":true,"count":18446744073709551616,"shares":[10000,10000],"unit":"32","amount":"0","summaries":["0x000000000000000000000000000000000000000000000000000000000000000000000000000000000000000000000000000000000000000000000000000000010000000000000000000000000000000000000000000000000000000000000001","0x000000000000000000000000000000000000000000000000000000000000000000000000000000000000000000000000000000000000000000000000000000010000000000000000000000000000000000000000000000000000000000000001"],"reject1":false,"calls":[]}
VERITY_PARENT_DIFFERENTIAL_VECTOR {"name":"memory-size-limit","actual":"0x4e487b710000000000000000000000000000000000000000000000000000000000000041","reverted":true,"count":576460752303423488,"shares":[10000,10000],"unit":"32","amount":"0","summaries":["0x000000000000000000000000000000000000000000000000000000000000000000000000000000000000000000000000000000000000000000000000000000010000000000000000000000000000000000000000000000000000000000000001","0x000000000000000000000000000000000000000000000000000000000000000000000000000000000000000000000000000000000000000000000000000000010000000000000000000000000000000000000000000000000000000000000001"],"reject1":false,"calls":[]}
VERITY_PARENT_DIFFERENTIAL_VECTOR {"name":"division-before-memory-limit","actual":"0x4e487b710000000000000000000000000000000000000000000000000000000000000012","reverted":true,"count":18446744073709551616,"shares":[10000,10000],"unit":"0","amount":"320","summaries":["0x000000000000000000000000000000000000000000000000000000000000000000000000000000000000000000000000000000000000000000000000000000010000000000000000000000000000000000000000000000000000000000000001","0x000000000000000000000000000000000000000000000000000000000000000000000000000000000000000000000000000000000000000000000000000000010000000000000000000000000000000000000000000000000000000000000001"],"reject1":false,"calls":[]}
INTEGRATION_GATE_EXIT 0 lake env lean --run audit/trio/integration/RunVerityParent.lean
INTEGRATION_GATE_SUMMARY 0 bash scripts/prepare_trio_validation.sh
INTEGRATION_GATE_SUMMARY 1 lake build LidoSRv3 LidoSRv3Test LidoSRv3Audit TrioIntegrationChecks
INTEGRATION_GATE_SUMMARY 0 make prove
INTEGRATION_GATE_SUMMARY 2 make test
INTEGRATION_GATE_SUMMARY 0 lake env lean --run audit/trio/alloc1/RunVerityVectors.lean
INTEGRATION_GATE_SUMMARY 0 lake env lean --run audit/trio/integration/RunVerityParent.lean
uncaught exception: integration gates failed: lake build LidoSRv3 LidoSRv3Test LidoSRv3Audit TrioIntegrationChecks: exit 1; make test: exit 2
