⚠ [12/293] Replayed LidoSRv3.Audit.Source.TrioAlloc2.Selection
warning: LidoSRv3/Audit/Source/TrioAlloc2/Selection.lean:53:10: This simp argument is unused:
  levelsEq

Hint: Omit it from the simp argument list.
  simp [l̵e̵v̵e̵l̵s̵E̵q̵,̵ ̵Spec.minimum, countEq]

Note: This linter can be disabled with `set_option linter.unusedSimpArgs false`
warning: LidoSRv3/Audit/Source/TrioAlloc2/Selection.lean:70:10: This simp argument is unused:
  levelsEq

Hint: Omit it from the simp argument list.
  simp [l̵e̵v̵e̵l̵s̵E̵q̵,̵ ̵Spec.minimum, nonzero, minimumEq]

Note: This linter can be disabled with `set_option linter.unusedSimpArgs false`
⚠ [21/293] Replayed LidoSRv3.Audit.Source.TrioAlloc2.StepCorrespondence
warning: LidoSRv3/Audit/Source/TrioAlloc2/StepCorrespondence.lean:16:71: This simp argument is unused:
  eq

Hint: Omit it from the simp argument list.
  simp [decodedRows, List.getElem?_zipWith, List.getElem?_set_ne eq,̵ ̵e̵q̵]

Note: This linter can be disabled with `set_option linter.unusedSimpArgs false`
ℹ [24/293] Replayed LidoSRv3.Audit.Source.TrioAlloc2.Composition
info: LidoSRv3/Audit/Source/TrioAlloc2/Composition.lean:53:0: 'LidoSRv3.Audit.Source.TrioAlloc2.producer_success_establishes_consumer_premises' depends on axioms: [propext,
 Quot.sound]
info: LidoSRv3/Audit/Source/TrioAlloc2/Composition.lean:54:0: 'LidoSRv3.Audit.Source.TrioAlloc2.producer_then_consumer_succeeds' depends on axioms: [propext, Quot.sound]
info: LidoSRv3/Audit/Source/TrioAlloc2/Composition.lean:71:0: 'LidoSRv3.Audit.Source.TrioAlloc2.producer_then_consumer_distributes' depends on axioms: [propext,
 Classical.choice,
 Quot.sound]
ℹ [25/293] Replayed LidoSRv3.Audit.Source.TrioComposition.Parent
info: LidoSRv3/Audit/Source/TrioComposition/Parent.lean:252:0: 'LidoSRv3.Audit.Source.TrioComposition.getDepositAllocations_total_bound' depends on axioms: [propext, Quot.sound]
info: LidoSRv3/Audit/Source/TrioComposition/Parent.lean:253:0: 'LidoSRv3.Audit.Source.TrioComposition.convertPositive_refines' depends on axioms: [propext,
 Classical.choice,
 Quot.sound]
info: LidoSRv3/Audit/Source/TrioComposition/Parent.lean:254:0: 'LidoSRv3.Audit.Source.TrioComposition.convertZero_refines' depends on axioms: [propext, Classical.choice, Quot.sound]
⚠ [28/293] Replayed LidoSRv3.Audit.Source.TrioAlloc2.RowBounds
warning: LidoSRv3/Audit/Source/TrioAlloc2/RowBounds.lean:171:20: This simp argument is unused:
  ↓reduceDIte

Hint: Omit it from the simp argument list.
  simp only [bound,̵ ̵↓̵r̵e̵d̵u̵c̵e̵D̵I̵t̵e̵]

Note: This linter can be disabled with `set_option linter.unusedSimpArgs false`
info: LidoSRv3/Audit/Source/TrioAlloc2/RowBounds.lean:174:0: 'LidoSRv3.Audit.Source.TrioAlloc2.step_row_bounds' depends on axioms: [propext, Quot.sound]
info: LidoSRv3/Audit/Source/TrioAlloc2/RowBounds.lean:175:0: 'LidoSRv3.Audit.Source.TrioAlloc2.allocateLoop_row_bounds' depends on axioms: [propext, Quot.sound]
info: LidoSRv3/Audit/Source/TrioAlloc2/RowBounds.lean:176:0: 'LidoSRv3.Audit.Source.TrioAlloc2.allocate_row_bounds' depends on axioms: [propext, Quot.sound]
info: LidoSRv3/Audit/Source/TrioAlloc2/RowBounds.lean:177:0: 'LidoSRv3.Audit.Source.TrioAlloc2.allocate_delta_success' depends on axioms: [propext, Quot.sound]
ℹ [29/293] Replayed LidoSRv3.Audit.Source.TrioComposition.ParentComposition
info: LidoSRv3/Audit/Source/TrioComposition/ParentComposition.lean:65:0: 'LidoSRv3.Audit.Source.TrioComposition.producer_consumer_conversion_refines' depends on axioms: [propext,
 Classical.choice,
 Quot.sound]
info: LidoSRv3/Audit/Source/TrioComposition/ParentComposition.lean:66:0: 'LidoSRv3.Audit.Source.TrioComposition.producer_zero_conversion_refines' depends on axioms: [propext,
 Classical.choice,
 Quot.sound]
info: LidoSRv3/Audit/Source/TrioComposition/ParentComposition.lean:67:0: 'LidoSRv3.Audit.Source.TrioComposition.producer_consumer_parent_subtraction' depends on axioms: [propext, Quot.sound]
ℹ [32/293] Replayed LidoSRv3.Audit.Source.TrioComposition.ParentRelational
info: LidoSRv3/Audit/Source/TrioComposition/ParentRelational.lean:185:0: 'LidoSRv3.Audit.Source.TrioComposition.ParentSpec.public_all_outcomes' depends on axioms: [propext,
 Classical.choice,
 Quot.sound]
ℹ [34/293] Replayed LidoSRv3.Audit.Source.TrioComposition.ParentDeterminism
info: LidoSRv3/Audit/Source/TrioComposition/ParentDeterminism.lean:155:0: 'LidoSRv3.Audit.Source.TrioComposition.ParentSpec.public_iff' depends on axioms: [propext, Classical.choice, Quot.sound]
ℹ [35/293] Replayed LidoSRv3.Audit.Source.TrioAlloc2.LibraryABI
info: LidoSRv3/Audit/Source/TrioAlloc2/LibraryABI.lean:169:0: 'LidoSRv3.Audit.Source.TrioAlloc2.LibraryABI.decodeArray_encoded' depends on axioms: [propext,
 Classical.choice,
 Quot.sound]
info: LidoSRv3/Audit/Source/TrioAlloc2/LibraryABI.lean:170:0: 'LidoSRv3.Audit.Source.TrioAlloc2.LibraryABI.decodeArguments_encoded' depends on axioms: [propext,
 Classical.choice,
 Quot.sound]
info: LidoSRv3/Audit/Source/TrioAlloc2/LibraryABI.lean:171:0: 'LidoSRv3.Audit.Source.TrioAlloc2.LibraryABI.decodeReturn_encoded' depends on axioms: [propext,
 Classical.choice,
 Quot.sound]
info: LidoSRv3/Audit/Source/TrioAlloc2/LibraryABI.lean:172:0: 'LidoSRv3.Audit.Source.TrioAlloc2.LibraryABI.run_encoded' depends on axioms: [propext, Classical.choice, Quot.sound]
info: LidoSRv3/Audit/Source/TrioAlloc2/LibraryABI.lean:173:0: 'LidoSRv3.Audit.Source.TrioAlloc2.LibraryABI.run_short' depends on axioms: [propext, Quot.sound]
ℹ [36/293] Replayed LidoSRv3.Audit.Source.TrioAlloc2.ABIComposition
info: LidoSRv3/Audit/Source/TrioAlloc2/ABIComposition.lean:46:0: 'LidoSRv3.Audit.Source.TrioAlloc2.producer_then_abi_distributes' depends on axioms: [propext,
 Classical.choice,
 Quot.sound]
ℹ [37/293] Replayed LidoSRv3.Audit.Source.TrioComposition.ParentABI
info: LidoSRv3/Audit/Source/TrioComposition/ParentABI.lean:110:0: 'LidoSRv3.Audit.Source.TrioComposition.public_abi_iff' depends on axioms: [propext, Classical.choice, Quot.sound]
ℹ [474/587] Replayed audit.trio.deposit.Deposit
info: audit/trio/deposit/Deposit.lean:313:0: 'audit.trio.deposit.abi_success_composes_deposit_values' depends on axioms: [propext, Quot.sound]
info: audit/trio/deposit/Deposit.lean:367:0: 'audit.trio.deposit.prepareDepositABI_composes_beacon_values' depends on axioms: [propext, Quot.sound]
⚠ [485/587] Replayed Verity.Core
warning: Verity/Core.lean:606:2: try 'simp' instead of 'simpa'

Note: This linter can be disabled with `set_option linter.unnecessarySimpa false`
warning: Verity/Core.lean:1041:2: try 'simp' instead of 'simpa'

Note: This linter can be disabled with `set_option linter.unnecessarySimpa false`
warning: Verity/Core.lean:1273:2: try 'simp' instead of 'simpa'

Note: This linter can be disabled with `set_option linter.unnecessarySimpa false`
ℹ [487/587] Replayed audit.trio.deposit.RouterDeposit
info: audit/trio/deposit/RouterDeposit.lean:250:0: 'audit.trio.deposit.RouterDeposit.every_failure_rolls_back' depends on axioms: [propext, Quot.sound]
info: audit/trio/deposit/RouterDeposit.lean:281:0: 'audit.trio.deposit.RouterDeposit.beaconLoop_ok_conservation' depends on axioms: [propext, Quot.sound]
info: audit/trio/deposit/RouterDeposit.lean:397:0: 'audit.trio.deposit.RouterDeposit.executeRaw_ok_conservation' depends on axioms: [propext, Quot.sound]
info: audit/trio/deposit/RouterDeposit.lean:417:0: 'audit.trio.deposit.RouterDeposit.execute_ok_conservation' depends on axioms: [propext, Quot.sound]
info: audit/trio/deposit/RouterDeposit.lean:447:0: 'audit.trio.deposit.RouterDeposit.execute_ok_conservation_of_linkssource' depends on axioms: [propext, Quot.sound]
info: audit/trio/deposit/RouterDeposit.lean:466:0: 'audit.trio.deposit.RouterDeposit.executePrepared_ok_conservation_of_linkssource' depends on axioms: [propext,
 Quot.sound]
info: audit/trio/deposit/RouterDeposit.lean:485:0: 'audit.trio.deposit.RouterDeposit.linksSource_of_prepareDepositABI' depends on axioms: [propext, Quot.sound]
info: audit/trio/deposit/RouterDeposit.lean:509:0: 'audit.trio.deposit.RouterDeposit.execute_ok_conservation_derived' depends on axioms: [propext, Quot.sound]
⚠ [1169/1378] Replayed Conform.Wheels
warning: Conform/Wheels.lean:106:47: `IsAntisymm` has been deprecated: Use `Std.Antisymm` instead

Note: The updated constant has a different type:
  {α : Sort u} → (α → α → Prop) → Prop
instead of
  (α : Sort u_1) → (α → α → Prop) → Prop
warning: Conform/Wheels.lean:106:70: `IsTotal` has been deprecated: Use `Std.Total` instead

Note: The updated constant has a different type:
  {α : Sort u} → (α → α → Prop) → Prop
instead of
  (α : Sort u_1) → (α → α → Prop) → Prop
⚠ [1170/1378] Replayed EvmYul.Pretty
warning: EvmYul/Pretty.lean:35:32: `IsAntisymm` has been deprecated: Use `Std.Antisymm` instead

Note: The updated constant has a different type:
  {α : Sort u} → (α → α → Prop) → Prop
instead of
  (α : Sort u_1) → (α → α → Prop) → Prop
warning: EvmYul/Pretty.lean:36:32: `IsTotal` has been deprecated: Use `Std.Total` instead

Note: The updated constant has a different type:
  {α : Sort u} → (α → α → Prop) → Prop
instead of
  (α : Sort u_1) → (α → α → Prop) → Prop
⚠ [1217/1378] Replayed EvmYul.Semantics
warning: EvmYul/Semantics.lean:1:0: 'Mathlib.Data.Array.Defs' has been deprecated: please replace this import by

import Mathlib.Init
⚠ [1218/1378] Replayed EvmYul.EVM.Semantics
warning: EvmYul/EVM/Semantics.lean:1:0: 'Mathlib.Data.Array.Defs' has been deprecated: please replace this import by

import Mathlib.Init
⚠ [1256/1378] Replayed LidoSRv3.Audit.Verity.TopupTx
warning: LidoSRv3/Audit/Verity/TopupTx.lean:293:8: try 'simp' instead of 'simpa'

Note: This linter can be disabled with `set_option linter.unnecessarySimpa false`
warning: LidoSRv3/Audit/Verity/TopupTx.lean:872:13: This simp argument is unused:
  uint256Modulus

Hint: Omit it from the simp argument list.
  simp [pushEntry, scheduledDeposit, linkedCallEntryTo, linkedCallEntry, e̵v̵m̵W̵o̵r̵d̵,̵ ̵u̵i̵n̵t̵2̵5̵6̵M̵o̵d̵u̵l̵u̵s̵]̵e̲v̲m̲W̲o̲r̲d̲]̲

Note: This linter can be disabled with `set_option linter.unusedSimpArgs false`
warning: LidoSRv3/Audit/Verity/TopupTx.lean:965:19: This simp argument is unused:
  Nat.mod_eq_of_lt hNoWrap

Hint: Omit it from the simp argument list.
  simp [evmWord,̵ ̵N̵a̵t̵.̵m̵o̵d̵_̵e̵q̵_̵o̵f̵_̵l̵t̵ ̵h̵N̵o̵W̵r̵a̵p̵]

Note: This linter can be disabled with `set_option linter.unusedSimpArgs false`
warning: LidoSRv3/Audit/Verity/TopupTx.lean:1279:5: Variable name `hwcLen` is not explicitly referenced.

The binding can be removed (if unused) or named `_` (if used implicitly).

Note: This linter can be disabled with `set_option linter.unusedVariables false`
ℹ [1309/1378] Replayed audit.trio.deposit.LiveBeacon
info: audit/trio/deposit/LiveBeacon.lean:176:0: 'audit.trio.deposit.LiveBeacon.failure_restores' depends on axioms: [propext, Quot.sound]
info: audit/trio/deposit/LiveBeacon.lean:613:0: 'audit.trio.deposit.LiveBeacon.positive_success' depends on axioms: [propext, Classical.choice, Quot.sound]
info: audit/trio/deposit/LiveBeacon.lean:614:0: 'audit.trio.deposit.LiveBeacon.keyInputs_admissible' depends on axioms: [propext, Quot.sound]
ℹ [1313/1378] Replayed audit.trio.deposit.WithdrawalLedger
info: audit/trio/deposit/WithdrawalLedger.lean:263:0: 'audit.trio.deposit.WithdrawalLedger.pipeline_withdrawal_success_ledger' depends on axioms: [propext,
 Classical.choice,
 Quot.sound]
⚠ [1316/1378] Replayed LidoSRv3.Audit.Source.TopupBeaconCommitted
warning: LidoSRv3/Audit/Source/TopupBeaconCommitted.lean:39:32: This simp argument is unused:
  decide_true

Hint: Omit it from the simp argument list.
  simp only [̵d̵e̵c̵i̵d̵e̵_̵t̵r̵u̵e̵,̵d̵e̵c̵i̵d̵e̵_̵f̵a̵l̵s̵e̵,̵i̵f̵_̵t̵r̵u̵e̵,̵i̵f̵_̵f̵a̵l̵s̵e̵,̵R̵e̵s̵u̵l̵t̵.̵m̵k̵.̵i̵n̵j̵E̵q̵,̵B̵o̵o̵l̵.̵f̵a̵l̵s̵e̵_̵e̵q̵_̵t̵r̵u̵e̵,̵r̵e̵d̵u̵c̵e̵C̵t̵o̵r̵E̵q̵,̵f̵a̵l̵s̵e̵_̵a̵n̵d̵,̵L̵i̵s̵t̵.̵n̵i̵l̵_̵a̵p̵p̵e̵n̵d̵,̵T̵o̵p̵u̵p̵B̵e̵a̵c̵o̵n̵B̵a̵t̵c̵h̵.̵l̵o̵o̵p̵,̵f̵a̵i̵l̵]̵[̲d̲e̲c̲i̲d̲e̲_̲f̲a̲l̲s̲e̲,̲ ̲i̲f̲_̲t̲r̲u̲e̲,̲ ̲i̲f̲_̲f̲a̲l̲s̲e̲,̲ ̲R̲e̲s̲u̲l̲t̲.̲m̲k̲.̲i̲n̲j̲E̲q̲,̲
  ̲ ̲ ̲ ̲ ̲ ̲ ̲B̲o̲o̲l̲.̲f̲a̲l̲s̲e̲_̲e̲q̲_̲t̲r̲u̲e̲,̲ ̲r̲e̲d̲u̲c̲e̲C̲t̲o̲r̲E̲q̲,̲ ̲f̲a̲l̲s̲e̲_̲a̲n̲d̲,̲ ̲L̲i̲s̲t̲.̲n̲i̲l̲_̲a̲p̲p̲e̲n̲d̲,̲ ̲T̲o̲p̲u̲p̲B̲e̲a̲c̲o̲n̲B̲a̲t̲c̲h̲.̲l̲o̲o̲p̲,̲
  ̲ ̲ ̲ ̲ ̲ ̲ ̲f̲a̲i̲l̲]̲ at h

Note: This linter can be disabled with `set_option linter.unusedSimpArgs false`
warning: LidoSRv3/Audit/Source/TopupBeaconCommitted.lean:39:44: This simp argument is unused:
  decide_false

Hint: Omit it from the simp argument list.
  simp only [decide_true,d̵e̵c̵ ̲id̵e̵_̵fa̵l̵s̵e̵,̵i̵f̵_true, ̲if_false, ̲Result.mk.injEq, ̲Bool.false_eq_true,
  ̲ ̲ ̲ ̲ ̲ ̲ ̲reduceCtorEq, ̲false_and, ̲List.nil_append, ̲TopupBeaconBatch.loop, ̲fail] at h

Note: This linter can be disabled with `set_option linter.unusedSimpArgs false`
warning: LidoSRv3/Audit/Source/TopupBeaconCommitted.lean:39:57: This simp argument is unused:
  if_true

Hint: Omit it from the simp argument list.
  simp only [decide_true, ̲decide_false, ̲if_t̵r̵u̵e̵,̵i̵f_̵f̵alse, ̲Result.mk.injEq,
  ̲ ̲ ̲ ̲ ̲ ̲ ̲Bool.false_eq_true, ̲reduceCtorEq, ̲false_and, ̲List.nil_append, ̲TopupBeaconBatch.loop,
  ̲ ̲ ̲ ̲ ̲ ̲ ̲fail] at h

Note: This linter can be disabled with `set_option linter.unusedSimpArgs false`
warning: LidoSRv3/Audit/Source/TopupBeaconCommitted.lean:39:65: This simp argument is unused:
  if_false

Hint: Omit it from the simp argument list.
  simp only [decide_true, ̲decide_false, ̲if_true,i̵f̵_̵f̵a̵l̵s̵e̵,̵ ̲Result.mk.injEq,
  ̲ ̲ ̲ ̲ ̲ ̲ ̲Bool.false_eq_true, ̲reduceCtorEq, ̲false_and, ̲List.nil_append, ̲TopupBeaconBatch.loop,
  ̲ ̲ ̲ ̲ ̲ ̲ ̲fail] at h

Note: This linter can be disabled with `set_option linter.unusedSimpArgs false`
warning: LidoSRv3/Audit/Source/TopupBeaconCommitted.lean:39:90: This simp argument is unused:
  Bool.false_eq_true

Hint: Omit it from the simp argument list.
  simp only [̵d̵e̵c̵i̵d̵e̵_̵t̵r̵u̵e̵,̵d̵e̵c̵i̵d̵e̵_̵f̵a̵l̵s̵e̵,̵i̵f̵_̵t̵r̵u̵e̵,̵i̵f̵_̵f̵a̵l̵s̵e̵,̵R̵e̵s̵u̵l̵t̵.̵m̵k̵.̵i̵n̵j̵E̵q̵,̵B̵o̵o̵l̵.̵f̵a̵l̵s̵e̵_̵e̵q̵_̵t̵r̵u̵e̵,̵r̵e̵d̵u̵c̵e̵C̵t̵o̵r̵E̵q̵,̵f̵a̵l̵s̵e̵_̵a̵n̵d̵,̵L̵i̵s̵t̵.̵n̵i̵l̵_̵a̵p̵p̵e̵n̵d̵,̵T̵o̵p̵u̵p̵B̵e̵a̵c̵o̵n̵B̵a̵t̵c̵h̵.̵l̵o̵o̵p̵,̵f̵a̵i̵l̵]̵[̲d̲e̲c̲i̲d̲e̲_̲t̲r̲u̲e̲,̲ ̲d̲e̲c̲i̲d̲e̲_̲f̲a̲l̲s̲e̲,̲ ̲i̲f̲_̲t̲r̲u̲e̲,̲ ̲i̲f̲_̲f̲a̲l̲s̲e̲,̲ ̲R̲e̲s̲u̲l̲t̲.̲m̲k̲.̲i̲n̲j̲E̲q̲,̲
  ̲ ̲ ̲ ̲ ̲ ̲ ̲r̲e̲d̲u̲c̲e̲C̲t̲o̲r̲E̲q̲,̲ ̲f̲a̲l̲s̲e̲_̲a̲n̲d̲,̲ ̲L̲i̲s̲t̲.̲n̲i̲l̲_̲a̲p̲p̲e̲n̲d̲,̲ ̲T̲o̲p̲u̲p̲B̲e̲a̲c̲o̲n̲B̲a̲t̲c̲h̲.̲l̲o̲o̲p̲,̲ ̲f̲a̲i̲l̲]̲ at h

Note: This linter can be disabled with `set_option linter.unusedSimpArgs false`
warning: LidoSRv3/Audit/Source/TopupBeaconCommitted.lean:39:132: This simp argument is unused:
  List.nil_append

Hint: Omit it from the simp argument list.
  simp only [decide_true, ̲decide_false, ̲if_true, ̲if_false, ̲Result.mk.injEq,
  ̲ ̲ ̲ ̲ ̲ ̲ ̲Bool.false_eq_true, ̲reduceCtorEq, ̲false_and,L̵i̵s̵t̵.̵n̵i̵l̵_̵a̵p̵p̵e̵n̵d̵,̵ ̲TopupBeaconBatch.loop, ̲fail] at h

Note: This linter can be disabled with `set_option linter.unusedSimpArgs false`
warning: LidoSRv3/Audit/Source/TopupBeaconCommitted.lean:43:24: This simp argument is unused:
  decide_true

Hint: Omit it from the simp argument list.
  simp only [decide_t̵r̵u̵e̵,̵d̵e̵c̵i̵d̵e̵_̵false, ̲if_true, ̲if_false, ̲Result.mk.injEq, ̲Bool.false_eq_true,
  ̲ ̲ ̲ ̲ ̲ ̲ ̲reduceCtorEq, ̲false_and, ̲List.nil_append, ̲TopupBeaconBatch.loop, ̲fail] at h

Note: This linter can be disabled with `set_option linter.unusedSimpArgs false`
warning: LidoSRv3/Audit/Source/TopupBeaconCommitted.lean:43:36: This simp argument is unused:
  decide_false

Hint: Omit it from the simp argument list.
  simp only [decide_true,d̵e̵c̵ ̲id̵e̵_̵fa̵l̵s̵e̵,̵i̵f̵_true, ̲if_false, ̲Result.mk.injEq, ̲Bool.false_eq_true,
  ̲ ̲ ̲ ̲ ̲ ̲ ̲reduceCtorEq, ̲false_and, ̲List.nil_append, ̲TopupBeaconBatch.loop, ̲fail] at h

Note: This linter can be disabled with `set_option linter.unusedSimpArgs false`
warning: LidoSRv3/Audit/Source/TopupBeaconCommitted.lean:43:49: This simp argument is unused:
  if_true

Hint: Omit it from the simp argument list.
  simp only [decide_true, ̲decide_false, ̲if_t̵r̵u̵e̵,̵i̵f_̵f̵alse, ̲Result.mk.injEq, ̲Bool.false_eq_true,
  ̲ ̲ ̲ ̲ ̲ ̲ ̲reduceCtorEq, ̲false_and, ̲List.nil_append, ̲TopupBeaconBatch.loop, ̲fail] at h

Note: This linter can be disabled with `set_option linter.unusedSimpArgs false`
warning: LidoSRv3/Audit/Source/TopupBeaconCommitted.lean:43:57: This simp argument is unused:
  if_false

Hint: Omit it from the simp argument list.
  simp only [decide_true, ̲decide_false, ̲if_true,i̵f̵_̵f̵a̵l̵s̵e̵,̵ ̲Result.mk.injEq, ̲Bool.false_eq_true,
  ̲ ̲ ̲ ̲ ̲ ̲ ̲reduceCtorEq, ̲false_and, ̲List.nil_append, ̲TopupBeaconBatch.loop, ̲fail] at h

Note: This linter can be disabled with `set_option linter.unusedSimpArgs false`
warning: LidoSRv3/Audit/Source/TopupBeaconCommitted.lean:43:82: This simp argument is unused:
  Bool.false_eq_true

Hint: Omit it from the simp argument list.
  simp only [̵d̵e̵c̵i̵d̵e̵_̵t̵r̵u̵e̵,̵d̵e̵c̵i̵d̵e̵_̵f̵a̵l̵s̵e̵,̵i̵f̵_̵t̵r̵u̵e̵,̵i̵f̵_̵f̵a̵l̵s̵e̵,̵R̵e̵s̵u̵l̵t̵.̵m̵k̵.̵i̵n̵j̵E̵q̵,̵B̵o̵o̵l̵.̵f̵a̵l̵s̵e̵_̵e̵q̵_̵t̵r̵u̵e̵,̵r̵e̵d̵u̵c̵e̵C̵t̵o̵r̵E̵q̵,̵f̵a̵l̵s̵e̵_̵a̵n̵d̵,̵L̵i̵s̵t̵.̵n̵i̵l̵_̵a̵p̵p̵e̵n̵d̵,̵T̵o̵p̵u̵p̵B̵e̵a̵c̵o̵n̵B̵a̵t̵c̵h̵.̵l̵o̵o̵p̵,̵f̵a̵i̵l̵]̵[̲d̲e̲c̲i̲d̲e̲_̲t̲r̲u̲e̲,̲ ̲d̲e̲c̲i̲d̲e̲_̲f̲a̲l̲s̲e̲,̲ ̲i̲f̲_̲t̲r̲u̲e̲,̲ ̲i̲f̲_̲f̲a̲l̲s̲e̲,̲ ̲R̲e̲s̲u̲l̲t̲.̲m̲k̲.̲i̲n̲j̲E̲q̲,̲ ̲r̲e̲d̲u̲c̲e̲C̲t̲o̲r̲E̲q̲,̲
  ̲ ̲ ̲ ̲ ̲ ̲ ̲f̲a̲l̲s̲e̲_̲a̲n̲d̲,̲ ̲L̲i̲s̲t̲.̲n̲i̲l̲_̲a̲p̲p̲e̲n̲d̲,̲ ̲T̲o̲p̲u̲p̲B̲e̲a̲c̲o̲n̲B̲a̲t̲c̲h̲.̲l̲o̲o̲p̲,̲ ̲f̲a̲i̲l̲]̲ at h

Note: This linter can be disabled with `set_option linter.unusedSimpArgs false`
warning: LidoSRv3/Audit/Source/TopupBeaconCommitted.lean:43:124: This simp argument is unused:
  List.nil_append

Hint: Omit it from the simp argument list.
  simp only [decide_true, ̲decide_false, ̲if_true, ̲if_false, ̲Result.mk.injEq,
  ̲ ̲ ̲ ̲ ̲ ̲ ̲Bool.false_eq_true, ̲reduceCtorEq, ̲false_and,L̵i̵s̵t̵.̵n̵i̵l̵_̵a̵p̵p̵e̵n̵d̵,̵ ̲TopupBeaconBatch.loop, ̲fail] at h

Note: This linter can be disabled with `set_option linter.unusedSimpArgs false`
warning: LidoSRv3/Audit/Source/TopupBeaconCommitted.lean:59:41: This simp argument is unused:
  decide_false

Hint: Omit it from the simp argument list.
  simp only [̵d̵e̵c̵i̵d̵e̵_̵t̵r̵u̵e̵,̵d̵e̵c̵i̵d̵e̵_̵f̵a̵l̵s̵e̵,̵i̵f̵_̵t̵r̵u̵e̵,̵i̵f̵_̵f̵a̵l̵s̵e̵,̵R̵e̵s̵u̵l̵t̵.̵m̵k̵.̵i̵n̵j̵E̵q̵,̵B̵o̵o̵l̵.̵f̵a̵l̵s̵e̵_̵e̵q̵_̵t̵r̵u̵e̵,̵r̵e̵d̵u̵c̵e̵C̵t̵o̵r̵E̵q̵,̵f̵a̵l̵s̵e̵_̵a̵n̵d̵,̵L̵i̵s̵t̵.̵n̵i̵l̵_̵a̵p̵p̵e̵n̵d̵,̵T̵o̵p̵u̵p̵B̵e̵a̵c̵o̵n̵B̵a̵t̵c̵h̵.̵l̵o̵o̵p̵,̵h̵p̵k̵,̵h̵z̵,̵h̵m̵i̵n̵,̵h̵m̵a̵x̵,̵r̵e̵q̵u̵i̵r̵e̵,̵b̵i̵n̵d̵,̵b̵i̵n̵d̵E̵x̵e̵c̵,̵p̵u̵r̵e̵,̵p̵u̵r̵e̵E̵x̵e̵c̵,̵h̵p̵]̵[̲d̲e̲c̲i̲d̲e̲_̲t̲r̲u̲e̲,̲ ̲i̲f̲_̲t̲r̲u̲e̲,̲ ̲i̲f̲_̲f̲a̲l̲s̲e̲,̲ ̲R̲e̲s̲u̲l̲t̲.̲m̲k̲.̲i̲n̲j̲E̲q̲,̲ ̲B̲o̲o̲l̲.̲f̲a̲l̲s̲e̲_̲e̲q̲_̲t̲r̲u̲e̲,̲
  ̲ ̲ ̲ ̲ ̲ ̲ ̲ ̲ ̲ ̲ ̲ ̲ ̲ ̲ ̲ ̲ ̲ ̲ ̲ ̲ ̲r̲e̲d̲u̲c̲e̲C̲t̲o̲r̲E̲q̲,̲ ̲f̲a̲l̲s̲e̲_̲a̲n̲d̲,̲ ̲L̲i̲s̲t̲.̲n̲i̲l̲_̲a̲p̲p̲e̲n̲d̲,̲ ̲T̲o̲p̲u̲p̲B̲e̲a̲c̲o̲n̲B̲a̲t̲c̲h̲.̲l̲o̲o̲p̲,̲ ̲h̲p̲k̲,̲ ̲h̲z̲,̲ ̲h̲m̲i̲n̲,̲
  ̲ ̲ ̲ ̲ ̲ ̲ ̲ ̲ ̲ ̲ ̲ ̲ ̲ ̲ ̲ ̲ ̲ ̲ ̲ ̲ ̲h̲m̲a̲x̲,̲ ̲r̲e̲q̲u̲i̲r̲e̲,̲ ̲b̲i̲n̲d̲,̲ ̲b̲i̲n̲d̲E̲x̲e̲c̲,̲ ̲p̲u̲r̲e̲,̲ ̲p̲u̲r̲e̲E̲x̲e̲c̲,̲ ̲h̲p̲]̲ at h

Note: This linter can be disabled with `set_option linter.unusedSimpArgs false`
warning: LidoSRv3/Audit/Source/TopupBeaconCommitted.lean:59:87: This simp argument is unused:
  Bool.false_eq_true

Hint: Omit it from the simp argument list.
  simp only [̵d̵e̵c̵i̵d̵e̵_̵t̵r̵u̵e̵,̵d̵e̵c̵i̵d̵e̵_̵f̵a̵l̵s̵e̵,̵i̵f̵_̵t̵r̵u̵e̵,̵i̵f̵_̵f̵a̵l̵s̵e̵,̵R̵e̵s̵u̵l̵t̵.̵m̵k̵.̵i̵n̵j̵E̵q̵,̵B̵o̵o̵l̵.̵f̵a̵l̵s̵e̵_̵e̵q̵_̵t̵r̵u̵e̵,̵r̵e̵d̵u̵c̵e̵C̵t̵o̵r̵E̵q̵,̵f̵a̵l̵s̵e̵_̵a̵n̵d̵,̵L̵i̵s̵t̵.̵n̵i̵l̵_̵a̵p̵p̵e̵n̵d̵,̵T̵o̵p̵u̵p̵B̵e̵a̵c̵o̵n̵B̵a̵t̵c̵h̵.̵l̵o̵o̵p̵,̵h̵p̵k̵,̵h̵z̵,̵h̵m̵i̵n̵,̵h̵m̵a̵x̵,̵r̵e̵q̵u̵i̵r̵e̵,̵b̵i̵n̵d̵,̵b̵i̵n̵d̵E̵x̵e̵c̵,̵p̵u̵r̵e̵,̵p̵u̵r̵e̵E̵x̵e̵c̵,̵h̵p̵]̵[̲d̲e̲c̲i̲d̲e̲_̲t̲r̲u̲e̲,̲ ̲d̲e̲c̲i̲d̲e̲_̲f̲a̲l̲s̲e̲,̲ ̲i̲f̲_̲t̲r̲u̲e̲,̲ ̲i̲f̲_̲f̲a̲l̲s̲e̲,̲ ̲R̲e̲s̲u̲l̲t̲.̲m̲k̲.̲i̲n̲j̲E̲q̲,̲
  ̲ ̲ ̲ ̲ ̲ ̲ ̲ ̲ ̲ ̲ ̲ ̲ ̲ ̲ ̲ ̲ ̲ ̲ ̲ ̲ ̲r̲e̲d̲u̲c̲e̲C̲t̲o̲r̲E̲q̲,̲ ̲f̲a̲l̲s̲e̲_̲a̲n̲d̲,̲ ̲L̲i̲s̲t̲.̲n̲i̲l̲_̲a̲p̲p̲e̲n̲d̲,̲ ̲T̲o̲p̲u̲p̲B̲e̲a̲c̲o̲n̲B̲a̲t̲c̲h̲.̲l̲o̲o̲p̲,̲ ̲h̲p̲k̲,̲ ̲h̲z̲,̲ ̲h̲m̲i̲n̲,̲
  ̲ ̲ ̲ ̲ ̲ ̲ ̲ ̲ ̲ ̲ ̲ ̲ ̲ ̲ ̲ ̲ ̲ ̲ ̲ ̲ ̲h̲m̲a̲x̲,̲ ̲r̲e̲q̲u̲i̲r̲e̲,̲ ̲b̲i̲n̲d̲,̲ ̲b̲i̲n̲d̲E̲x̲e̲c̲,̲ ̲p̲u̲r̲e̲,̲ ̲p̲u̲r̲e̲E̲x̲e̲c̲,̲ ̲h̲p̲]̲ at h

Note: This linter can be disabled with `set_option linter.unusedSimpArgs false`
warning: LidoSRv3/Audit/Source/TopupBeaconCommitted.lean:68:45: This simp argument is unused:
  decide_false

Hint: Omit it from the simp argument list.
  simp only [̵d̵e̵c̵i̵d̵e̵_̵t̵r̵u̵e̵,̵d̵e̵c̵i̵d̵e̵_̵f̵a̵l̵s̵e̵,̵i̵f̵_̵t̵r̵u̵e̵,̵i̵f̵_̵f̵a̵l̵s̵e̵,̵R̵e̵s̵u̵l̵t̵.̵m̵k̵.̵i̵n̵j̵E̵q̵,̵B̵o̵o̵l̵.̵f̵a̵l̵s̵e̵_̵e̵q̵_̵t̵r̵u̵e̵,̵r̵e̵d̵u̵c̵e̵C̵t̵o̵r̵E̵q̵,̵f̵a̵l̵s̵e̵_̵a̵n̵d̵,̵L̵i̵s̵t̵.̵n̵i̵l̵_̵a̵p̵p̵e̵n̵d̵,̵T̵o̵p̵u̵p̵B̵e̵a̵c̵o̵n̵B̵a̵t̵c̵h̵.̵l̵o̵o̵p̵,̵h̵p̵k̵,̵h̵z̵,̵h̵m̵i̵n̵,̵h̵m̵a̵x̵,̵r̵e̵q̵u̵i̵r̵e̵,̵b̵i̵n̵d̵,̵b̵i̵n̵d̵E̵x̵e̵c̵,̵p̵u̵r̵e̵,̵p̵u̵r̵e̵E̵x̵e̵c̵,̵h̵p̵,̵h̵t̵]̵[̲d̲e̲c̲i̲d̲e̲_̲t̲r̲u̲e̲,̲ ̲i̲f̲_̲t̲r̲u̲e̲,̲ ̲i̲f̲_̲f̲a̲l̲s̲e̲,̲ ̲R̲e̲s̲u̲l̲t̲.̲m̲k̲.̲i̲n̲j̲E̲q̲,̲
  ̲ ̲ ̲ ̲ ̲ ̲ ̲ ̲ ̲ ̲ ̲ ̲ ̲ ̲ ̲ ̲ ̲ ̲ ̲ ̲ ̲ ̲ ̲ ̲ ̲B̲o̲o̲l̲.̲f̲a̲l̲s̲e̲_̲e̲q̲_̲t̲r̲u̲e̲,̲ ̲r̲e̲d̲u̲c̲e̲C̲t̲o̲r̲E̲q̲,̲ ̲f̲a̲l̲s̲e̲_̲a̲n̲d̲,̲ ̲L̲i̲s̲t̲.̲n̲i̲l̲_̲a̲p̲p̲e̲n̲d̲,̲
  ̲ ̲ ̲ ̲ ̲ ̲ ̲ ̲ ̲ ̲ ̲ ̲ ̲ ̲ ̲ ̲ ̲ ̲ ̲ ̲ ̲ ̲ ̲ ̲ ̲T̲o̲p̲u̲p̲B̲e̲a̲c̲o̲n̲B̲a̲t̲c̲h̲.̲l̲o̲o̲p̲,̲ ̲h̲p̲k̲,̲ ̲h̲z̲,̲ ̲h̲m̲i̲n̲,̲ ̲h̲m̲a̲x̲,̲ ̲r̲e̲q̲u̲i̲r̲e̲,̲ ̲b̲i̲n̲d̲,̲ ̲b̲i̲n̲d̲E̲x̲e̲c̲,̲ ̲p̲u̲r̲e̲,̲
  ̲ ̲ ̲ ̲ ̲ ̲ ̲ ̲ ̲ ̲ ̲ ̲ ̲ ̲ ̲ ̲ ̲ ̲ ̲ ̲ ̲ ̲ ̲ ̲ ̲p̲u̲r̲e̲E̲x̲e̲c̲,̲ ̲h̲p̲,̲ ̲h̲t̲]̲ at h

Note: This linter can be disabled with `set_option linter.unusedSimpArgs false`
warning: LidoSRv3/Audit/Source/TopupBeaconCommitted.lean:68:91: This simp argument is unused:
  Bool.false_eq_true

Hint: Omit it from the simp argument list.
  simp only [̵d̵e̵c̵i̵d̵e̵_̵t̵r̵u̵e̵,̵d̵e̵c̵i̵d̵e̵_̵f̵a̵l̵s̵e̵,̵i̵f̵_̵t̵r̵u̵e̵,̵i̵f̵_̵f̵a̵l̵s̵e̵,̵R̵e̵s̵u̵l̵t̵.̵m̵k̵.̵i̵n̵j̵E̵q̵,̵B̵o̵o̵l̵.̵f̵a̵l̵s̵e̵_̵e̵q̵_̵t̵r̵u̵e̵,̵r̵e̵d̵u̵c̵e̵C̵t̵o̵r̵E̵q̵,̵f̵a̵l̵s̵e̵_̵a̵n̵d̵,̵L̵i̵s̵t̵.̵n̵i̵l̵_̵a̵p̵p̵e̵n̵d̵,̵T̵o̵p̵u̵p̵B̵e̵a̵c̵o̵n̵B̵a̵t̵c̵h̵.̵l̵o̵o̵p̵,̵h̵p̵k̵,̵h̵z̵,̵h̵m̵i̵n̵,̵h̵m̵a̵x̵,̵r̵e̵q̵u̵i̵r̵e̵,̵b̵i̵n̵d̵,̵b̵i̵n̵d̵E̵x̵e̵c̵,̵p̵u̵r̵e̵,̵p̵u̵r̵e̵E̵x̵e̵c̵,̵h̵p̵,̵h̵t̵]̵[̲d̲e̲c̲i̲d̲e̲_̲t̲r̲u̲e̲,̲ ̲d̲e̲c̲i̲d̲e̲_̲f̲a̲l̲s̲e̲,̲ ̲i̲f̲_̲t̲r̲u̲e̲,̲ ̲i̲f̲_̲f̲a̲l̲s̲e̲,̲ ̲R̲e̲s̲u̲l̲t̲.̲m̲k̲.̲i̲n̲j̲E̲q̲,̲
  ̲ ̲ ̲ ̲ ̲ ̲ ̲ ̲ ̲ ̲ ̲ ̲ ̲ ̲ ̲ ̲ ̲ ̲ ̲ ̲ ̲ ̲ ̲ ̲ ̲r̲e̲d̲u̲c̲e̲C̲t̲o̲r̲E̲q̲,̲ ̲f̲a̲l̲s̲e̲_̲a̲n̲d̲,̲ ̲L̲i̲s̲t̲.̲n̲i̲l̲_̲a̲p̲p̲e̲n̲d̲,̲ ̲T̲o̲p̲u̲p̲B̲e̲a̲c̲o̲n̲B̲a̲t̲c̲h̲.̲l̲o̲o̲p̲,̲ ̲h̲p̲k̲,̲ ̲h̲z̲,̲
  ̲ ̲ ̲ ̲ ̲ ̲ ̲ ̲ ̲ ̲ ̲ ̲ ̲ ̲ ̲ ̲ ̲ ̲ ̲ ̲ ̲ ̲ ̲ ̲ ̲h̲m̲i̲n̲,̲ ̲h̲m̲a̲x̲,̲ ̲r̲e̲q̲u̲i̲r̲e̲,̲ ̲b̲i̲n̲d̲,̲ ̲b̲i̲n̲d̲E̲x̲e̲c̲,̲ ̲p̲u̲r̲e̲,̲ ̲p̲u̲r̲e̲E̲x̲e̲c̲,̲ ̲h̲p̲,̲ ̲h̲t̲]̲ at h

Note: This linter can be disabled with `set_option linter.unusedSimpArgs false`
warning: LidoSRv3/Audit/Source/TopupBeaconCommitted.lean:83:19: This simp argument is unused:
  decide_true

Hint: Omit it from the simp argument list.
  simp only [̵d̵e̵c̵i̵d̵e̵_̵t̵r̵u̵e̵,̵d̵e̵c̵i̵d̵e̵_̵f̵a̵l̵s̵e̵,̵i̵f̵_̵t̵r̵u̵e̵,̵i̵f̵_̵f̵a̵l̵s̵e̵,̵R̵e̵s̵u̵l̵t̵.̵m̵k̵.̵i̵n̵j̵E̵q̵,̵B̵o̵o̵l̵.̵f̵a̵l̵s̵e̵_̵e̵q̵_̵t̵r̵u̵e̵,̵r̵e̵d̵u̵c̵e̵C̵t̵o̵r̵E̵q̵,̵f̵a̵l̵s̵e̵_̵a̵n̵d̵,̵L̵i̵s̵t̵.̵n̵i̵l̵_̵a̵p̵p̵e̵n̵d̵,̵T̵o̵p̵u̵p̵B̵e̵a̵c̵o̵n̵B̵a̵t̵c̵h̵.̵l̵o̵o̵p̵,̵h̵p̵k̵,̵r̵e̵q̵u̵i̵r̵e̵,̵b̵i̵n̵d̵,̵b̵i̵n̵d̵E̵x̵e̵c̵,̵f̵a̵i̵l̵]̵[̲d̲e̲c̲i̲d̲e̲_̲f̲a̲l̲s̲e̲,̲ ̲i̲f̲_̲t̲r̲u̲e̲,̲ ̲i̲f̲_̲f̲a̲l̲s̲e̲,̲ ̲R̲e̲s̲u̲l̲t̲.̲m̲k̲.̲i̲n̲j̲E̲q̲,̲ ̲B̲o̲o̲l̲.̲f̲a̲l̲s̲e̲_̲e̲q̲_̲t̲r̲u̲e̲,̲
  ̲ ̲ ̲ ̲ ̲ ̲ ̲ ̲ ̲r̲e̲d̲u̲c̲e̲C̲t̲o̲r̲E̲q̲,̲ ̲f̲a̲l̲s̲e̲_̲a̲n̲d̲,̲ ̲L̲i̲s̲t̲.̲n̲i̲l̲_̲a̲p̲p̲e̲n̲d̲,̲ ̲T̲o̲p̲u̲p̲B̲e̲a̲c̲o̲n̲B̲a̲t̲c̲h̲.̲l̲o̲o̲p̲,̲ ̲h̲p̲k̲,̲ ̲r̲e̲q̲u̲i̲r̲e̲,̲ ̲b̲i̲n̲d̲,̲
  ̲ ̲ ̲ ̲ ̲ ̲ ̲ ̲ ̲b̲i̲n̲d̲E̲x̲e̲c̲,̲ ̲f̲a̲i̲l̲]̲ at h

Note: This linter can be disabled with `set_option linter.unusedSimpArgs false`
warning: LidoSRv3/Audit/Source/TopupBeaconCommitted.lean:83:44: This simp argument is unused:
  if_true

Hint: Omit it from the simp argument list.
  simp only [decide_true, ̲decide_false, ̲if_t̵r̵u̵e̵,̵i̵f_̵f̵alse, ̲Result.mk.injEq, ̲Bool.false_eq_true,
  ̲ ̲ ̲ ̲ ̲ ̲ ̲ ̲ ̲reduceCtorEq, ̲false_and, ̲List.nil_append, ̲TopupBeaconBatch.loop, ̲hpk, ̲require, ̲bind,
  ̲ ̲ ̲ ̲ ̲ ̲ ̲ ̲ ̲bindExec, ̲fail] at h

Note: This linter can be disabled with `set_option linter.unusedSimpArgs false`
warning: LidoSRv3/Audit/Source/TopupBeaconCommitted.lean:83:119: This simp argument is unused:
  List.nil_append

Hint: Omit it from the simp argument list.
  simp only [̵d̵e̵c̵i̵d̵e̵_̵t̵r̵u̵e̵,̵d̵e̵c̵i̵d̵e̵_̵f̵a̵l̵s̵e̵,̵i̵f̵_̵t̵r̵u̵e̵,̵i̵f̵_̵f̵a̵l̵s̵e̵,̵R̵e̵s̵u̵l̵t̵.̵m̵k̵.̵i̵n̵j̵E̵q̵,̵B̵o̵o̵l̵.̵f̵a̵l̵s̵e̵_̵e̵q̵_̵t̵r̵u̵e̵,̵r̵e̵d̵u̵c̵e̵C̵t̵o̵r̵E̵q̵,̵f̵a̵l̵s̵e̵_̵a̵n̵d̵,̵L̵i̵s̵t̵.̵n̵i̵l̵_̵a̵p̵p̵e̵n̵d̵,̵T̵o̵p̵u̵p̵B̵e̵a̵c̵o̵n̵B̵a̵t̵c̵h̵.̵l̵o̵o̵p̵,̵h̵p̵k̵,̵r̵e̵q̵u̵i̵r̵e̵,̵b̵i̵n̵d̵,̵b̵i̵n̵d̵E̵x̵e̵c̵,̵f̵a̵i̵l̵]̵[̲d̲e̲c̲i̲d̲e̲_̲t̲r̲u̲e̲,̲ ̲d̲e̲c̲i̲d̲e̲_̲f̲a̲l̲s̲e̲,̲ ̲i̲f̲_̲t̲r̲u̲e̲,̲ ̲i̲f̲_̲f̲a̲l̲s̲e̲,̲ ̲R̲e̲s̲u̲l̲t̲.̲m̲k̲.̲i̲n̲j̲E̲q̲,̲
  ̲ ̲ ̲ ̲ ̲ ̲ ̲ ̲ ̲B̲o̲o̲l̲.̲f̲a̲l̲s̲e̲_̲e̲q̲_̲t̲r̲u̲e̲,̲ ̲r̲e̲d̲u̲c̲e̲C̲t̲o̲r̲E̲q̲,̲ ̲f̲a̲l̲s̲e̲_̲a̲n̲d̲,̲ ̲T̲o̲p̲u̲p̲B̲e̲a̲c̲o̲n̲B̲a̲t̲c̲h̲.̲l̲o̲o̲p̲,̲ ̲h̲p̲k̲,̲ ̲r̲e̲q̲u̲i̲r̲e̲,̲ ̲b̲i̲n̲d̲,̲
  ̲ ̲ ̲ ̲ ̲ ̲ ̲ ̲ ̲b̲i̲n̲d̲E̲x̲e̲c̲,̲ ̲f̲a̲i̲l̲]̲ at h

Note: This linter can be disabled with `set_option linter.unusedSimpArgs false`
warning: LidoSRv3/Audit/Source/TopupBeaconCommitted.lean:178:32: This simp argument is unused:
  decide_true

Hint: Omit it from the simp argument list.
  simp only [̵d̵e̵c̵i̵d̵e̵_̵t̵r̵u̵e̵,̵d̵e̵c̵i̵d̵e̵_̵f̵a̵l̵s̵e̵,̵i̵f̵_̵t̵r̵u̵e̵,̵i̵f̵_̵f̵a̵l̵s̵e̵,̵R̵e̵s̵u̵l̵t̵.̵m̵k̵.̵i̵n̵j̵E̵q̵,̵B̵o̵o̵l̵.̵f̵a̵l̵s̵e̵_̵e̵q̵_̵t̵r̵u̵e̵,̵r̵e̵d̵u̵c̵e̵C̵t̵o̵r̵E̵q̵,̵f̵a̵l̵s̵e̵_̵a̵n̵d̵,̵L̵i̵s̵t̵.̵n̵i̵l̵_̵a̵p̵p̵e̵n̵d̵,̵T̵o̵p̵u̵p̵B̵e̵a̵c̵o̵n̵B̵a̵t̵c̵h̵.̵l̵o̵o̵p̵,̵f̵a̵i̵l̵]̵[̲d̲e̲c̲i̲d̲e̲_̲f̲a̲l̲s̲e̲,̲ ̲i̲f̲_̲t̲r̲u̲e̲,̲ ̲i̲f̲_̲f̲a̲l̲s̲e̲,̲ ̲R̲e̲s̲u̲l̲t̲.̲m̲k̲.̲i̲n̲j̲E̲q̲,̲
  ̲ ̲ ̲ ̲ ̲ ̲ ̲B̲o̲o̲l̲.̲f̲a̲l̲s̲e̲_̲e̲q̲_̲t̲r̲u̲e̲,̲ ̲r̲e̲d̲u̲c̲e̲C̲t̲o̲r̲E̲q̲,̲ ̲f̲a̲l̲s̲e̲_̲a̲n̲d̲,̲ ̲L̲i̲s̲t̲.̲n̲i̲l̲_̲a̲p̲p̲e̲n̲d̲,̲ ̲T̲o̲p̲u̲p̲B̲e̲a̲c̲o̲n̲B̲a̲t̲c̲h̲.̲l̲o̲o̲p̲,̲
  ̲ ̲ ̲ ̲ ̲ ̲ ̲f̲a̲i̲l̲]̲ at h

Note: This linter can be disabled with `set_option linter.unusedSimpArgs false`
warning: LidoSRv3/Audit/Source/TopupBeaconCommitted.lean:178:44: This simp argument is unused:
  decide_false

Hint: Omit it from the simp argument list.
  simp only [decide_true,d̵e̵c̵ ̲id̵e̵_̵fa̵l̵s̵e̵,̵i̵f̵_true, ̲if_false, ̲Result.mk.injEq, ̲Bool.false_eq_true,
  ̲ ̲ ̲ ̲ ̲ ̲ ̲reduceCtorEq, ̲false_and, ̲List.nil_append, ̲TopupBeaconBatch.loop, ̲fail] at h

Note: This linter can be disabled with `set_option linter.unusedSimpArgs false`
warning: LidoSRv3/Audit/Source/TopupBeaconCommitted.lean:178:57: This simp argument is unused:
  if_true

Hint: Omit it from the simp argument list.
  simp only [decide_true, ̲decide_false, ̲if_t̵r̵u̵e̵,̵i̵f_̵f̵alse, ̲Result.mk.injEq,
  ̲ ̲ ̲ ̲ ̲ ̲ ̲Bool.false_eq_true, ̲reduceCtorEq, ̲false_and, ̲List.nil_append, ̲TopupBeaconBatch.loop,
  ̲ ̲ ̲ ̲ ̲ ̲ ̲fail] at h

Note: This linter can be disabled with `set_option linter.unusedSimpArgs false`
warning: LidoSRv3/Audit/Source/TopupBeaconCommitted.lean:178:65: This simp argument is unused:
  if_false

Hint: Omit it from the simp argument list.
  simp only [decide_true, ̲decide_false, ̲if_true,i̵f̵_̵f̵a̵l̵s̵e̵,̵ ̲Result.mk.injEq,
  ̲ ̲ ̲ ̲ ̲ ̲ ̲Bool.false_eq_true, ̲reduceCtorEq, ̲false_and, ̲List.nil_append, ̲TopupBeaconBatch.loop,
  ̲ ̲ ̲ ̲ ̲ ̲ ̲fail] at h

Note: This linter can be disabled with `set_option linter.unusedSimpArgs false`
warning: LidoSRv3/Audit/Source/TopupBeaconCommitted.lean:178:90: This simp argument is unused:
  Bool.false_eq_true

Hint: Omit it from the simp argument list.
  simp only [̵d̵e̵c̵i̵d̵e̵_̵t̵r̵u̵e̵,̵d̵e̵c̵i̵d̵e̵_̵f̵a̵l̵s̵e̵,̵i̵f̵_̵t̵r̵u̵e̵,̵i̵f̵_̵f̵a̵l̵s̵e̵,̵R̵e̵s̵u̵l̵t̵.̵m̵k̵.̵i̵n̵j̵E̵q̵,̵B̵o̵o̵l̵.̵f̵a̵l̵s̵e̵_̵e̵q̵_̵t̵r̵u̵e̵,̵r̵e̵d̵u̵c̵e̵C̵t̵o̵r̵E̵q̵,̵f̵a̵l̵s̵e̵_̵a̵n̵d̵,̵L̵i̵s̵t̵.̵n̵i̵l̵_̵a̵p̵p̵e̵n̵d̵,̵T̵o̵p̵u̵p̵B̵e̵a̵c̵o̵n̵B̵a̵t̵c̵h̵.̵l̵o̵o̵p̵,̵f̵a̵i̵l̵]̵[̲d̲e̲c̲i̲d̲e̲_̲t̲r̲u̲e̲,̲ ̲d̲e̲c̲i̲d̲e̲_̲f̲a̲l̲s̲e̲,̲ ̲i̲f̲_̲t̲r̲u̲e̲,̲ ̲i̲f̲_̲f̲a̲l̲s̲e̲,̲ ̲R̲e̲s̲u̲l̲t̲.̲m̲k̲.̲i̲n̲j̲E̲q̲,̲
  ̲ ̲ ̲ ̲ ̲ ̲ ̲r̲e̲d̲u̲c̲e̲C̲t̲o̲r̲E̲q̲,̲ ̲f̲a̲l̲s̲e̲_̲a̲n̲d̲,̲ ̲L̲i̲s̲t̲.̲n̲i̲l̲_̲a̲p̲p̲e̲n̲d̲,̲ ̲T̲o̲p̲u̲p̲B̲e̲a̲c̲o̲n̲B̲a̲t̲c̲h̲.̲l̲o̲o̲p̲,̲ ̲f̲a̲i̲l̲]̲ at h

Note: This linter can be disabled with `set_option linter.unusedSimpArgs false`
warning: LidoSRv3/Audit/Source/TopupBeaconCommitted.lean:178:132: This simp argument is unused:
  List.nil_append

Hint: Omit it from the simp argument list.
  simp only [decide_true, ̲decide_false, ̲if_true, ̲if_false, ̲Result.mk.injEq,
  ̲ ̲ ̲ ̲ ̲ ̲ ̲Bool.false_eq_true, ̲reduceCtorEq, ̲false_and,L̵i̵s̵t̵.̵n̵i̵l̵_̵a̵p̵p̵e̵n̵d̵,̵ ̲TopupBeaconBatch.loop, ̲fail] at h

Note: This linter can be disabled with `set_option linter.unusedSimpArgs false`
warning: LidoSRv3/Audit/Source/TopupBeaconCommitted.lean:182:24: This simp argument is unused:
  decide_true

Hint: Omit it from the simp argument list.
  simp only [decide_t̵r̵u̵e̵,̵d̵e̵c̵i̵d̵e̵_̵false, ̲if_true, ̲if_false, ̲Result.mk.injEq, ̲Bool.false_eq_true,
  ̲ ̲ ̲ ̲ ̲ ̲ ̲reduceCtorEq, ̲false_and, ̲List.nil_append, ̲TopupBeaconBatch.loop, ̲fail] at h

Note: This linter can be disabled with `set_option linter.unusedSimpArgs false`
warning: LidoSRv3/Audit/Source/TopupBeaconCommitted.lean:182:36: This simp argument is unused:
  decide_false

Hint: Omit it from the simp argument list.
  simp only [decide_true,d̵e̵c̵ ̲id̵e̵_̵fa̵l̵s̵e̵,̵i̵f̵_true, ̲if_false, ̲Result.mk.injEq, ̲Bool.false_eq_true,
  ̲ ̲ ̲ ̲ ̲ ̲ ̲reduceCtorEq, ̲false_and, ̲List.nil_append, ̲TopupBeaconBatch.loop, ̲fail] at h

Note: This linter can be disabled with `set_option linter.unusedSimpArgs false`
warning: LidoSRv3/Audit/Source/TopupBeaconCommitted.lean:182:49: This simp argument is unused:
  if_true

Hint: Omit it from the simp argument list.
  simp only [decide_true, ̲decide_false, ̲if_t̵r̵u̵e̵,̵i̵f_̵f̵alse, ̲Result.mk.injEq, ̲Bool.false_eq_true,
  ̲ ̲ ̲ ̲ ̲ ̲ ̲reduceCtorEq, ̲false_and, ̲List.nil_append, ̲TopupBeaconBatch.loop, ̲fail] at h

Note: This linter can be disabled with `set_option linter.unusedSimpArgs false`
warning: LidoSRv3/Audit/Source/TopupBeaconCommitted.lean:182:57: This simp argument is unused:
  if_false

Hint: Omit it from the simp argument list.
  simp only [decide_true, ̲decide_false, ̲if_true,i̵f̵_̵f̵a̵l̵s̵e̵,̵ ̲Result.mk.injEq, ̲Bool.false_eq_true,
  ̲ ̲ ̲ ̲ ̲ ̲ ̲reduceCtorEq, ̲false_and, ̲List.nil_append, ̲TopupBeaconBatch.loop, ̲fail] at h

Note: This linter can be disabled with `set_option linter.unusedSimpArgs false`
warning: LidoSRv3/Audit/Source/TopupBeaconCommitted.lean:182:82: This simp argument is unused:
  Bool.false_eq_true

Hint: Omit it from the simp argument list.
  simp only [̵d̵e̵c̵i̵d̵e̵_̵t̵r̵u̵e̵,̵d̵e̵c̵i̵d̵e̵_̵f̵a̵l̵s̵e̵,̵i̵f̵_̵t̵r̵u̵e̵,̵i̵f̵_̵f̵a̵l̵s̵e̵,̵R̵e̵s̵u̵l̵t̵.̵m̵k̵.̵i̵n̵j̵E̵q̵,̵B̵o̵o̵l̵.̵f̵a̵l̵s̵e̵_̵e̵q̵_̵t̵r̵u̵e̵,̵r̵e̵d̵u̵c̵e̵C̵t̵o̵r̵E̵q̵,̵f̵a̵l̵s̵e̵_̵a̵n̵d̵,̵L̵i̵s̵t̵.̵n̵i̵l̵_̵a̵p̵p̵e̵n̵d̵,̵T̵o̵p̵u̵p̵B̵e̵a̵c̵o̵n̵B̵a̵t̵c̵h̵.̵l̵o̵o̵p̵,̵f̵a̵i̵l̵]̵[̲d̲e̲c̲i̲d̲e̲_̲t̲r̲u̲e̲,̲ ̲d̲e̲c̲i̲d̲e̲_̲f̲a̲l̲s̲e̲,̲ ̲i̲f̲_̲t̲r̲u̲e̲,̲ ̲i̲f̲_̲f̲a̲l̲s̲e̲,̲ ̲R̲e̲s̲u̲l̲t̲.̲m̲k̲.̲i̲n̲j̲E̲q̲,̲ ̲r̲e̲d̲u̲c̲e̲C̲t̲o̲r̲E̲q̲,̲
  ̲ ̲ ̲ ̲ ̲ ̲ ̲f̲a̲l̲s̲e̲_̲a̲n̲d̲,̲ ̲L̲i̲s̲t̲.̲n̲i̲l̲_̲a̲p̲p̲e̲n̲d̲,̲ ̲T̲o̲p̲u̲p̲B̲e̲a̲c̲o̲n̲B̲a̲t̲c̲h̲.̲l̲o̲o̲p̲,̲ ̲f̲a̲i̲l̲]̲ at h

Note: This linter can be disabled with `set_option linter.unusedSimpArgs false`
warning: LidoSRv3/Audit/Source/TopupBeaconCommitted.lean:182:124: This simp argument is unused:
  List.nil_append

Hint: Omit it from the simp argument list.
  simp only [decide_true, ̲decide_false, ̲if_true, ̲if_false, ̲Result.mk.injEq,
  ̲ ̲ ̲ ̲ ̲ ̲ ̲Bool.false_eq_true, ̲reduceCtorEq, ̲false_and,L̵i̵s̵t̵.̵n̵i̵l̵_̵a̵p̵p̵e̵n̵d̵,̵ ̲TopupBeaconBatch.loop, ̲fail] at h

Note: This linter can be disabled with `set_option linter.unusedSimpArgs false`
warning: LidoSRv3/Audit/Source/TopupBeaconCommitted.lean:197:41: This simp argument is unused:
  decide_false

Hint: Omit it from the simp argument list.
  simp only [̵d̵e̵c̵i̵d̵e̵_̵t̵r̵u̵e̵,̵d̵e̵c̵i̵d̵e̵_̵f̵a̵l̵s̵e̵,̵i̵f̵_̵t̵r̵u̵e̵,̵i̵f̵_̵f̵a̵l̵s̵e̵,̵R̵e̵s̵u̵l̵t̵.̵m̵k̵.̵i̵n̵j̵E̵q̵,̵B̵o̵o̵l̵.̵f̵a̵l̵s̵e̵_̵e̵q̵_̵t̵r̵u̵e̵,̵r̵e̵d̵u̵c̵e̵C̵t̵o̵r̵E̵q̵,̵f̵a̵l̵s̵e̵_̵a̵n̵d̵,̵L̵i̵s̵t̵.̵n̵i̵l̵_̵a̵p̵p̵e̵n̵d̵,̵T̵o̵p̵u̵p̵B̵e̵a̵c̵o̵n̵B̵a̵t̵c̵h̵.̵l̵o̵o̵p̵,̵h̵p̵k̵,̵h̵z̵,̵h̵m̵i̵n̵,̵h̵m̵a̵x̵,̵r̵e̵q̵u̵i̵r̵e̵,̵b̵i̵n̵d̵,̵b̵i̵n̵d̵E̵x̵e̵c̵,̵p̵u̵r̵e̵,̵p̵u̵r̵e̵E̵x̵e̵c̵,̵h̵p̵]̵[̲d̲e̲c̲i̲d̲e̲_̲t̲r̲u̲e̲,̲ ̲i̲f̲_̲t̲r̲u̲e̲,̲ ̲i̲f̲_̲f̲a̲l̲s̲e̲,̲ ̲R̲e̲s̲u̲l̲t̲.̲m̲k̲.̲i̲n̲j̲E̲q̲,̲ ̲B̲o̲o̲l̲.̲f̲a̲l̲s̲e̲_̲e̲q̲_̲t̲r̲u̲e̲,̲
  ̲ ̲ ̲ ̲ ̲ ̲ ̲ ̲ ̲ ̲ ̲ ̲ ̲ ̲ ̲ ̲ ̲ ̲ ̲ ̲ ̲r̲e̲d̲u̲c̲e̲C̲t̲o̲r̲E̲q̲,̲ ̲f̲a̲l̲s̲e̲_̲a̲n̲d̲,̲ ̲L̲i̲s̲t̲.̲n̲i̲l̲_̲a̲p̲p̲e̲n̲d̲,̲ ̲T̲o̲p̲u̲p̲B̲e̲a̲c̲o̲n̲B̲a̲t̲c̲h̲.̲l̲o̲o̲p̲,̲ ̲h̲p̲k̲,̲ ̲h̲z̲,̲ ̲h̲m̲i̲n̲,̲
  ̲ ̲ ̲ ̲ ̲ ̲ ̲ ̲ ̲ ̲ ̲ ̲ ̲ ̲ ̲ ̲ ̲ ̲ ̲ ̲ ̲h̲m̲a̲x̲,̲ ̲r̲e̲q̲u̲i̲r̲e̲,̲ ̲b̲i̲n̲d̲,̲ ̲b̲i̲n̲d̲E̲x̲e̲c̲,̲ ̲p̲u̲r̲e̲,̲ ̲p̲u̲r̲e̲E̲x̲e̲c̲,̲ ̲h̲p̲]̲ at h

Note: This linter can be disabled with `set_option linter.unusedSimpArgs false`
warning: LidoSRv3/Audit/Source/TopupBeaconCommitted.lean:197:87: This simp argument is unused:
  Bool.false_eq_true

Hint: Omit it from the simp argument list.
  simp only [̵d̵e̵c̵i̵d̵e̵_̵t̵r̵u̵e̵,̵d̵e̵c̵i̵d̵e̵_̵f̵a̵l̵s̵e̵,̵i̵f̵_̵t̵r̵u̵e̵,̵i̵f̵_̵f̵a̵l̵s̵e̵,̵R̵e̵s̵u̵l̵t̵.̵m̵k̵.̵i̵n̵j̵E̵q̵,̵B̵o̵o̵l̵.̵f̵a̵l̵s̵e̵_̵e̵q̵_̵t̵r̵u̵e̵,̵r̵e̵d̵u̵c̵e̵C̵t̵o̵r̵E̵q̵,̵f̵a̵l̵s̵e̵_̵a̵n̵d̵,̵L̵i̵s̵t̵.̵n̵i̵l̵_̵a̵p̵p̵e̵n̵d̵,̵T̵o̵p̵u̵p̵B̵e̵a̵c̵o̵n̵B̵a̵t̵c̵h̵.̵l̵o̵o̵p̵,̵h̵p̵k̵,̵h̵z̵,̵h̵m̵i̵n̵,̵h̵m̵a̵x̵,̵r̵e̵q̵u̵i̵r̵e̵,̵b̵i̵n̵d̵,̵b̵i̵n̵d̵E̵x̵e̵c̵,̵p̵u̵r̵e̵,̵p̵u̵r̵e̵E̵x̵e̵c̵,̵h̵p̵]̵[̲d̲e̲c̲i̲d̲e̲_̲t̲r̲u̲e̲,̲ ̲d̲e̲c̲i̲d̲e̲_̲f̲a̲l̲s̲e̲,̲ ̲i̲f̲_̲t̲r̲u̲e̲,̲ ̲i̲f̲_̲f̲a̲l̲s̲e̲,̲ ̲R̲e̲s̲u̲l̲t̲.̲m̲k̲.̲i̲n̲j̲E̲q̲,̲
  ̲ ̲ ̲ ̲ ̲ ̲ ̲ ̲ ̲ ̲ ̲ ̲ ̲ ̲ ̲ ̲ ̲ ̲ ̲ ̲ ̲r̲e̲d̲u̲c̲e̲C̲t̲o̲r̲E̲q̲,̲ ̲f̲a̲l̲s̲e̲_̲a̲n̲d̲,̲ ̲L̲i̲s̲t̲.̲n̲i̲l̲_̲a̲p̲p̲e̲n̲d̲,̲ ̲T̲o̲p̲u̲p̲B̲e̲a̲c̲o̲n̲B̲a̲t̲c̲h̲.̲l̲o̲o̲p̲,̲ ̲h̲p̲k̲,̲ ̲h̲z̲,̲ ̲h̲m̲i̲n̲,̲
  ̲ ̲ ̲ ̲ ̲ ̲ ̲ ̲ ̲ ̲ ̲ ̲ ̲ ̲ ̲ ̲ ̲ ̲ ̲ ̲ ̲h̲m̲a̲x̲,̲ ̲r̲e̲q̲u̲i̲r̲e̲,̲ ̲b̲i̲n̲d̲,̲ ̲b̲i̲n̲d̲E̲x̲e̲c̲,̲ ̲p̲u̲r̲e̲,̲ ̲p̲u̲r̲e̲E̲x̲e̲c̲,̲ ̲h̲p̲]̲ at h

Note: This linter can be disabled with `set_option linter.unusedSimpArgs false`
warning: LidoSRv3/Audit/Source/TopupBeaconCommitted.lean:205:45: This simp argument is unused:
  decide_false

Hint: Omit it from the simp argument list.
  simp only [̵d̵e̵c̵i̵d̵e̵_̵t̵r̵u̵e̵,̵d̵e̵c̵i̵d̵e̵_̵f̵a̵l̵s̵e̵,̵i̵f̵_̵t̵r̵u̵e̵,̵i̵f̵_̵f̵a̵l̵s̵e̵,̵R̵e̵s̵u̵l̵t̵.̵m̵k̵.̵i̵n̵j̵E̵q̵,̵B̵o̵o̵l̵.̵f̵a̵l̵s̵e̵_̵e̵q̵_̵t̵r̵u̵e̵,̵r̵e̵d̵u̵c̵e̵C̵t̵o̵r̵E̵q̵,̵f̵a̵l̵s̵e̵_̵a̵n̵d̵,̵L̵i̵s̵t̵.̵n̵i̵l̵_̵a̵p̵p̵e̵n̵d̵,̵T̵o̵p̵u̵p̵B̵e̵a̵c̵o̵n̵B̵a̵t̵c̵h̵.̵l̵o̵o̵p̵,̵h̵p̵k̵,̵h̵z̵,̵h̵m̵i̵n̵,̵h̵m̵a̵x̵,̵r̵e̵q̵u̵i̵r̵e̵,̵b̵i̵n̵d̵,̵b̵i̵n̵d̵E̵x̵e̵c̵,̵p̵u̵r̵e̵,̵p̵u̵r̵e̵E̵x̵e̵c̵,̵h̵p̵,̵h̵t̵]̵[̲d̲e̲c̲i̲d̲e̲_̲t̲r̲u̲e̲,̲ ̲i̲f̲_̲t̲r̲u̲e̲,̲ ̲i̲f̲_̲f̲a̲l̲s̲e̲,̲ ̲R̲e̲s̲u̲l̲t̲.̲m̲k̲.̲i̲n̲j̲E̲q̲,̲
  ̲ ̲ ̲ ̲ ̲ ̲ ̲ ̲ ̲ ̲ ̲ ̲ ̲ ̲ ̲ ̲ ̲ ̲ ̲ ̲ ̲ ̲ ̲ ̲ ̲B̲o̲o̲l̲.̲f̲a̲l̲s̲e̲_̲e̲q̲_̲t̲r̲u̲e̲,̲ ̲r̲e̲d̲u̲c̲e̲C̲t̲o̲r̲E̲q̲,̲ ̲f̲a̲l̲s̲e̲_̲a̲n̲d̲,̲ ̲L̲i̲s̲t̲.̲n̲i̲l̲_̲a̲p̲p̲e̲n̲d̲,̲
  ̲ ̲ ̲ ̲ ̲ ̲ ̲ ̲ ̲ ̲ ̲ ̲ ̲ ̲ ̲ ̲ ̲ ̲ ̲ ̲ ̲ ̲ ̲ ̲ ̲T̲o̲p̲u̲p̲B̲e̲a̲c̲o̲n̲B̲a̲t̲c̲h̲.̲l̲o̲o̲p̲,̲ ̲h̲p̲k̲,̲ ̲h̲z̲,̲ ̲h̲m̲i̲n̲,̲ ̲h̲m̲a̲x̲,̲ ̲r̲e̲q̲u̲i̲r̲e̲,̲ ̲b̲i̲n̲d̲,̲ ̲b̲i̲n̲d̲E̲x̲e̲c̲,̲ ̲p̲u̲r̲e̲,̲
  ̲ ̲ ̲ ̲ ̲ ̲ ̲ ̲ ̲ ̲ ̲ ̲ ̲ ̲ ̲ ̲ ̲ ̲ ̲ ̲ ̲ ̲ ̲ ̲ ̲p̲u̲r̲e̲E̲x̲e̲c̲,̲ ̲h̲p̲,̲ ̲h̲t̲]̲ at h

Note: This linter can be disabled with `set_option linter.unusedSimpArgs false`
warning: LidoSRv3/Audit/Source/TopupBeaconCommitted.lean:205:91: This simp argument is unused:
  Bool.false_eq_true

Hint: Omit it from the simp argument list.
  simp only [̵d̵e̵c̵i̵d̵e̵_̵t̵r̵u̵e̵,̵d̵e̵c̵i̵d̵e̵_̵f̵a̵l̵s̵e̵,̵i̵f̵_̵t̵r̵u̵e̵,̵i̵f̵_̵f̵a̵l̵s̵e̵,̵R̵e̵s̵u̵l̵t̵.̵m̵k̵.̵i̵n̵j̵E̵q̵,̵B̵o̵o̵l̵.̵f̵a̵l̵s̵e̵_̵e̵q̵_̵t̵r̵u̵e̵,̵r̵e̵d̵u̵c̵e̵C̵t̵o̵r̵E̵q̵,̵f̵a̵l̵s̵e̵_̵a̵n̵d̵,̵L̵i̵s̵t̵.̵n̵i̵l̵_̵a̵p̵p̵e̵n̵d̵,̵T̵o̵p̵u̵p̵B̵e̵a̵c̵o̵n̵B̵a̵t̵c̵h̵.̵l̵o̵o̵p̵,̵h̵p̵k̵,̵h̵z̵,̵h̵m̵i̵n̵,̵h̵m̵a̵x̵,̵r̵e̵q̵u̵i̵r̵e̵,̵b̵i̵n̵d̵,̵b̵i̵n̵d̵E̵x̵e̵c̵,̵p̵u̵r̵e̵,̵p̵u̵r̵e̵E̵x̵e̵c̵,̵h̵p̵,̵h̵t̵]̵[̲d̲e̲c̲i̲d̲e̲_̲t̲r̲u̲e̲,̲ ̲d̲e̲c̲i̲d̲e̲_̲f̲a̲l̲s̲e̲,̲ ̲i̲f̲_̲t̲r̲u̲e̲,̲ ̲i̲f̲_̲f̲a̲l̲s̲e̲,̲ ̲R̲e̲s̲u̲l̲t̲.̲m̲k̲.̲i̲n̲j̲E̲q̲,̲
  ̲ ̲ ̲ ̲ ̲ ̲ ̲ ̲ ̲ ̲ ̲ ̲ ̲ ̲ ̲ ̲ ̲ ̲ ̲ ̲ ̲ ̲ ̲ ̲ ̲r̲e̲d̲u̲c̲e̲C̲t̲o̲r̲E̲q̲,̲ ̲f̲a̲l̲s̲e̲_̲a̲n̲d̲,̲ ̲L̲i̲s̲t̲.̲n̲i̲l̲_̲a̲p̲p̲e̲n̲d̲,̲ ̲T̲o̲p̲u̲p̲B̲e̲a̲c̲o̲n̲B̲a̲t̲c̲h̲.̲l̲o̲o̲p̲,̲ ̲h̲p̲k̲,̲ ̲h̲z̲,̲
  ̲ ̲ ̲ ̲ ̲ ̲ ̲ ̲ ̲ ̲ ̲ ̲ ̲ ̲ ̲ ̲ ̲ ̲ ̲ ̲ ̲ ̲ ̲ ̲ ̲h̲m̲i̲n̲,̲ ̲h̲m̲a̲x̲,̲ ̲r̲e̲q̲u̲i̲r̲e̲,̲ ̲b̲i̲n̲d̲,̲ ̲b̲i̲n̲d̲E̲x̲e̲c̲,̲ ̲p̲u̲r̲e̲,̲ ̲p̲u̲r̲e̲E̲x̲e̲c̲,̲ ̲h̲p̲,̲ ̲h̲t̲]̲ at h

Note: This linter can be disabled with `set_option linter.unusedSimpArgs false`
warning: LidoSRv3/Audit/Source/TopupBeaconCommitted.lean:224:19: This simp argument is unused:
  decide_true

Hint: Omit it from the simp argument list.
  simp only [̵d̵e̵c̵i̵d̵e̵_̵t̵r̵u̵e̵,̵d̵e̵c̵i̵d̵e̵_̵f̵a̵l̵s̵e̵,̵i̵f̵_̵t̵r̵u̵e̵,̵i̵f̵_̵f̵a̵l̵s̵e̵,̵R̵e̵s̵u̵l̵t̵.̵m̵k̵.̵i̵n̵j̵E̵q̵,̵B̵o̵o̵l̵.̵f̵a̵l̵s̵e̵_̵e̵q̵_̵t̵r̵u̵e̵,̵r̵e̵d̵u̵c̵e̵C̵t̵o̵r̵E̵q̵,̵f̵a̵l̵s̵e̵_̵a̵n̵d̵,̵L̵i̵s̵t̵.̵n̵i̵l̵_̵a̵p̵p̵e̵n̵d̵,̵T̵o̵p̵u̵p̵B̵e̵a̵c̵o̵n̵B̵a̵t̵c̵h̵.̵l̵o̵o̵p̵,̵h̵p̵k̵,̵r̵e̵q̵u̵i̵r̵e̵,̵b̵i̵n̵d̵,̵b̵i̵n̵d̵E̵x̵e̵c̵,̵f̵a̵i̵l̵]̵[̲d̲e̲c̲i̲d̲e̲_̲f̲a̲l̲s̲e̲,̲ ̲i̲f̲_̲t̲r̲u̲e̲,̲ ̲i̲f̲_̲f̲a̲l̲s̲e̲,̲ ̲R̲e̲s̲u̲l̲t̲.̲m̲k̲.̲i̲n̲j̲E̲q̲,̲ ̲B̲o̲o̲l̲.̲f̲a̲l̲s̲e̲_̲e̲q̲_̲t̲r̲u̲e̲,̲
  ̲ ̲ ̲ ̲ ̲ ̲ ̲ ̲ ̲r̲e̲d̲u̲c̲e̲C̲t̲o̲r̲E̲q̲,̲ ̲f̲a̲l̲s̲e̲_̲a̲n̲d̲,̲ ̲L̲i̲s̲t̲.̲n̲i̲l̲_̲a̲p̲p̲e̲n̲d̲,̲ ̲T̲o̲p̲u̲p̲B̲e̲a̲c̲o̲n̲B̲a̲t̲c̲h̲.̲l̲o̲o̲p̲,̲ ̲h̲p̲k̲,̲ ̲r̲e̲q̲u̲i̲r̲e̲,̲ ̲b̲i̲n̲d̲,̲
  ̲ ̲ ̲ ̲ ̲ ̲ ̲ ̲ ̲b̲i̲n̲d̲E̲x̲e̲c̲,̲ ̲f̲a̲i̲l̲]̲ at h

Note: This linter can be disabled with `set_option linter.unusedSimpArgs false`
warning: LidoSRv3/Audit/Source/TopupBeaconCommitted.lean:224:44: This simp argument is unused:
  if_true

Hint: Omit it from the simp argument list.
  simp only [decide_true, ̲decide_false, ̲if_t̵r̵u̵e̵,̵i̵f_̵f̵alse, ̲Result.mk.injEq, ̲Bool.false_eq_true,
  ̲ ̲ ̲ ̲ ̲ ̲ ̲ ̲ ̲reduceCtorEq, ̲false_and, ̲List.nil_append, ̲TopupBeaconBatch.loop, ̲hpk, ̲require, ̲bind,
  ̲ ̲ ̲ ̲ ̲ ̲ ̲ ̲ ̲bindExec, ̲fail] at h

Note: This linter can be disabled with `set_option linter.unusedSimpArgs false`
warning: LidoSRv3/Audit/Source/TopupBeaconCommitted.lean:224:119: This simp argument is unused:
  List.nil_append

Hint: Omit it from the simp argument list.
  simp only [̵d̵e̵c̵i̵d̵e̵_̵t̵r̵u̵e̵,̵d̵e̵c̵i̵d̵e̵_̵f̵a̵l̵s̵e̵,̵i̵f̵_̵t̵r̵u̵e̵,̵i̵f̵_̵f̵a̵l̵s̵e̵,̵R̵e̵s̵u̵l̵t̵.̵m̵k̵.̵i̵n̵j̵E̵q̵,̵B̵o̵o̵l̵.̵f̵a̵l̵s̵e̵_̵e̵q̵_̵t̵r̵u̵e̵,̵r̵e̵d̵u̵c̵e̵C̵t̵o̵r̵E̵q̵,̵f̵a̵l̵s̵e̵_̵a̵n̵d̵,̵L̵i̵s̵t̵.̵n̵i̵l̵_̵a̵p̵p̵e̵n̵d̵,̵T̵o̵p̵u̵p̵B̵e̵a̵c̵o̵n̵B̵a̵t̵c̵h̵.̵l̵o̵o̵p̵,̵h̵p̵k̵,̵r̵e̵q̵u̵i̵r̵e̵,̵b̵i̵n̵d̵,̵b̵i̵n̵d̵E̵x̵e̵c̵,̵f̵a̵i̵l̵]̵[̲d̲e̲c̲i̲d̲e̲_̲t̲r̲u̲e̲,̲ ̲d̲e̲c̲i̲d̲e̲_̲f̲a̲l̲s̲e̲,̲ ̲i̲f̲_̲t̲r̲u̲e̲,̲ ̲i̲f̲_̲f̲a̲l̲s̲e̲,̲ ̲R̲e̲s̲u̲l̲t̲.̲m̲k̲.̲i̲n̲j̲E̲q̲,̲
  ̲ ̲ ̲ ̲ ̲ ̲ ̲ ̲ ̲B̲o̲o̲l̲.̲f̲a̲l̲s̲e̲_̲e̲q̲_̲t̲r̲u̲e̲,̲ ̲r̲e̲d̲u̲c̲e̲C̲t̲o̲r̲E̲q̲,̲ ̲f̲a̲l̲s̲e̲_̲a̲n̲d̲,̲ ̲T̲o̲p̲u̲p̲B̲e̲a̲c̲o̲n̲B̲a̲t̲c̲h̲.̲l̲o̲o̲p̲,̲ ̲h̲p̲k̲,̲ ̲r̲e̲q̲u̲i̲r̲e̲,̲ ̲b̲i̲n̲d̲,̲
  ̲ ̲ ̲ ̲ ̲ ̲ ̲ ̲ ̲b̲i̲n̲d̲E̲x̲e̲c̲,̲ ̲f̲a̲i̲l̲]̲ at h

Note: This linter can be disabled with `set_option linter.unusedSimpArgs false`
info: LidoSRv3/Audit/Source/TopupBeaconCommitted.lean:299:0: 'LidoSRv3.Audit.Source.TopupBeaconCommitted.helper_success_count' depends on axioms: [propext,
 Classical.choice,
 Quot.sound]
info: LidoSRv3/Audit/Source/TopupBeaconCommitted.lean:300:0: 'LidoSRv3.Audit.Source.TopupBeaconCommitted.loop_success_count' depends on axioms: [propext,
 Classical.choice,
 Quot.sound]
info: LidoSRv3/Audit/Source/TopupBeaconCommitted.lean:301:0: 'LidoSRv3.Audit.Source.TopupBeaconCommitted.deposit_success_count' depends on axioms: [propext,
 Classical.choice,
 Quot.sound]
info: LidoSRv3/Audit/Source/TopupBeaconCommitted.lean:302:0: 'LidoSRv3.Audit.Source.TopupBeaconCommitted.push_success_count' depends on axioms: [propext,
 Classical.choice,
 Quot.sound]
info: LidoSRv3/Audit/Source/TopupBeaconCommitted.lean:303:0: 'LidoSRv3.Audit.Source.TopupBeaconCommitted.guarded_amount_fits' depends on axioms: [propext, Quot.sound]
info: LidoSRv3/Audit/Source/TopupBeaconCommitted.lean:304:0: 'LidoSRv3.Audit.Source.TopupBeaconCommitted.loop_success_balances' depends on axioms: [propext, Quot.sound]
info: LidoSRv3/Audit/Source/TopupBeaconCommitted.lean:305:0: 'LidoSRv3.Audit.Source.TopupBeaconCommitted.run_success_balances' depends on axioms: [propext, Quot.sound]
info: LidoSRv3/Audit/Source/TopupBeaconCommitted.lean:306:0: 'LidoSRv3.Audit.Source.TopupBeaconCommitted.helper_success_balances' depends on axioms: [propext,
 Classical.choice,
 Quot.sound]
info: LidoSRv3/Audit/Source/TopupBeaconCommitted.lean:307:0: 'LidoSRv3.Audit.Source.TopupBeaconCommitted.committed_funding' depends on axioms: [propext, Quot.sound]
⚠ [1317/1378] Replayed audit.trio.deposit.LiveBeaconCommitted
warning: audit/trio/deposit/LiveBeaconCommitted.lean:81:9: Local variable 'unit' resembles constructor 'PUnit.unit' - write '.unit' (with a dot) or 'PUnit.unit' to use the constructor.

Note: This linter can be disabled with `set_option linter.constructorNameAsVariable false`
warning: audit/trio/deposit/LiveBeaconCommitted.lean:103:9: Local variable 'unit' resembles constructor 'PUnit.unit' - write '.unit' (with a dot) or 'PUnit.unit' to use the constructor.

Note: This linter can be disabled with `set_option linter.constructorNameAsVariable false`
warning: audit/trio/deposit/LiveBeaconCommitted.lean:107:11: Local variable 'unit' resembles constructor 'PUnit.unit' - write '.unit' (with a dot) or 'PUnit.unit' to use the constructor.

Note: This linter can be disabled with `set_option linter.constructorNameAsVariable false`
warning: audit/trio/deposit/LiveBeaconCommitted.lean:116:15: Local variable 'unit' resembles constructor 'PUnit.unit' - write '.unit' (with a dot) or 'PUnit.unit' to use the constructor.

Note: This linter can be disabled with `set_option linter.constructorNameAsVariable false`
warning: audit/trio/deposit/LiveBeaconCommitted.lean:120:44: This simp argument is unused:
  List.append_nil

Hint: Omit it from the simp argument list.
  simp only [Live.bindExec, lengthGuard, Live.pureExec, beaconLoop, hwithdrawal, hlengths,
  ̲  ̲ ̲ ̲ ̲ ̲ ̲ ̲ ̲ ̲ ̲ ̲ ̲ ̲h̵l̵o̵o̵p̵,̵ ̵L̵i̵s̵t̵.̵a̵p̵p̵e̵n̵d̵_̵n̵i̵l̵]̵h̲l̲o̲o̲p̲]̲ at h

Note: This linter can be disabled with `set_option linter.unusedSimpArgs false`
warning: audit/trio/deposit/LiveBeaconCommitted.lean:124:25: This simp argument is unused:
  Live.pureExec

Hint: Omit it from the simp argument list.
  simp only [Live.p̵u̵r̵e̵E̵x̵e̵c̵,̵ ̵L̵i̵v̵e̵.̵Result.mk.injEq, true_and, List.nil_append, List.append_nil] at h

Note: This linter can be disabled with `set_option linter.unusedSimpArgs false`
warning: audit/trio/deposit/LiveBeaconCommitted.lean:327:39: This simp argument is unused:
  if_neg

Hint: Omit it from the simp argument list.
  simp only [hl, hr, hbcn, if_pos,̵ ̵i̵f̵_̵n̵e̵g̵] at hw hb ⊢

Note: This linter can be disabled with `set_option linter.unusedSimpArgs false`
info: audit/trio/deposit/LiveBeaconCommitted.lean:329:0: 'audit.trio.deposit.LiveBeaconCommitted.execute_pipeline_success_conservation' depends on axioms: [propext,
 Classical.choice,
 Quot.sound]
info: audit/trio/deposit/LiveBeaconCommitted.lean:331:0: 'audit.trio.deposit.LiveBeaconCommitted.execute_ok_derives_preparation' depends on axioms: [propext,
 Classical.choice,
 Quot.sound]
info: audit/trio/deposit/LiveBeaconCommitted.lean:332:0: 'audit.trio.deposit.LiveBeaconCommitted.execute_ok_derives_actual_effects' depends on axioms: [propext,
 Classical.choice,
 Quot.sound]
⚠ [1324/1378] Replayed LidoSRv3.Audit.Verity.ConsolidationTx
warning: LidoSRv3/Audit/Verity/ConsolidationTx.lean:726:36: This simp argument is unused:
  requestCall

Hint: Omit it from the simp argument list.
  simp [commitObservables,̵ ̵r̵e̵q̵u̵e̵s̵t̵C̵a̵l̵l̵]

Note: This linter can be disabled with `set_option linter.unusedSimpArgs false`
warning: LidoSRv3/Audit/Verity/ConsolidationTx.lean:770:53: This simp argument is unused:
  payload

Hint: Omit it from the simp argument list.
  simp [commitObservables, p̵a̵y̵l̵o̵a̵d̵,̵ ̵hLen]

Note: This linter can be disabled with `set_option linter.unusedSimpArgs false`
warning: LidoSRv3/Audit/Verity/ConsolidationTx.lean:930:23: This simp argument is unused:
  ih

Hint: Omit it from the simp argument list.
  simp ̵[̵i̵h̵]̵

Note: This linter can be disabled with `set_option linter.unusedSimpArgs false`
⚠ [1326/1378] Replayed LidoSRv3.Audit.Guarantees.PConsolidation1
warning: LidoSRv3/Audit/Guarantees/PConsolidation1.lean:240:41: This simp argument is unused:
  List.mem_nil_iff

Hint: Omit it from the simp argument list.
  simp [List.mem_cons,̵ ̵L̵i̵s̵t̵.̵m̵e̵m̵_̵n̵i̵l̵_̵i̵f̵f̵] at hx

Note: This linter can be disabled with `set_option linter.unusedSimpArgs false`
⚠ [1334/1378] Replayed audit.trio.consolidation.GatewayCall
warning: audit/trio/consolidation/GatewayCall.lean:187:79: This simp argument is unused:
  pureExec

Hint: Omit it from the simp argument list.
  simp only [addConsolidationRequestsLoop, validatePublicKey, pubkeyLength, ̲h̲s̲'̲,̲
                      hs̵'̵,̵ ̵h̵t', decide_true, Live.require, bind, bindExec, pure, ̵p̵u̵r̵e̵E̵x̵e̵c̵,̵
                      callAddConsolidationRequest, hc, List.nil_append]

Note: This linter can be disabled with `set_option linter.unusedSimpArgs false`
warning: audit/trio/consolidation/GatewayCall.lean:188:49: This simp argument is unused:
  hc

Hint: Omit it from the simp argument list.
  simp only [addConsolidationRequestsLoop, validatePublicKey, pubkeyLength,
  ̵  ̵ ̵ ̵ ̵ ̵ ̵ ̵ ̵ ̵ ̵ ̵ ̵ ̵ ̵ ̵ ̵ ̵ ̵ ̵hs',
  ̲  ̲ ̲ ̲ ̲ ̲ ̲ ̲ ̲ ̲ ̲ ̲ ̲ ̲ ̲ ̲ ̲ ̲ ̲ ̲ht', decide_true, Live.require, bind, bindExec, pure, pureExec,
                      callAddConsolidationRequest, h̵c̵,̵ ̵List.nil_append]

Note: This linter can be disabled with `set_option linter.unusedSimpArgs false`
warning: audit/trio/consolidation/GatewayCall.lean:188:53: This simp argument is unused:
  List.nil_append

Hint: Omit it from the simp argument list.
  simp only [addConsolidationRequestsLoop, validatePublicKey, pubkeyLength, hs',
  ̲  ̲ ̲ ̲ ̲ ̲ ̲ ̲ ̲ ̲ ̲ ̲ ̲ ̲ ̲ ̲ ̲ ̲ ̲ ̲ht', decide_true, Live.require, bind, bindExec, pure, pureExec,
                      callAddConsolidationRequest, h̵c̵,̵ ̵L̵i̵s̵t̵.̵n̵i̵l̵_̵a̵p̵p̵e̵n̵d̵]̵h̲c̲]̲

Note: This linter can be disabled with `set_option linter.unusedSimpArgs false`
warning: audit/trio/consolidation/GatewayCall.lean:259:54: Used `tac1 <;> tac2` where `(tac1; tac2)` would suffice

Note: This linter can be disabled with `set_option linter.unnecessarySeqFocus false`
info: audit/trio/consolidation/GatewayCall.lean:366:0: 'audit.trio.consolidation.GatewayCall.execute_success_requests' depends on axioms: [propext,
 Classical.choice,
 Quot.sound]
info: audit/trio/consolidation/GatewayCall.lean:367:0: 'audit.trio.consolidation.GatewayCall.invoke_failure_restores' depends on axioms: [propext]
ℹ [1335/1378] Replayed LidoSRv3.Audit.Guarantees.PConsolidation1ActualGatewayVault
info: LidoSRv3/Audit/Guarantees/PConsolidation1ActualGatewayVault.lean:45:0: 'LidoSRv3.Audit.Guarantees.PConsolidation1.actual_gateway_vault_failure_restores' depends on axioms: [propext]
info: LidoSRv3/Audit/Guarantees/PConsolidation1ActualGatewayVault.lean:46:0: 'LidoSRv3.Audit.Guarantees.PConsolidation1.actual_gateway_vault_requests' depends on axioms: [propext,
 Classical.choice,
 Quot.sound]
⚠ [1347/1378] Replayed LidoSRv3.Audit.Source.TopupModuleCall
warning: LidoSRv3/Audit/Source/TopupModuleCall.lean:119:6: try 'simp' instead of 'simpa'

Note: This linter can be disabled with `set_option linter.unnecessarySimpa false`
warning: LidoSRv3/Audit/Source/TopupModuleCall.lean:121:6: try 'simp' instead of 'simpa'

Note: This linter can be disabled with `set_option linter.unnecessarySimpa false`
warning: LidoSRv3/Audit/Source/TopupModuleCall.lean:132:4: try 'simp' instead of 'simpa'

Note: This linter can be disabled with `set_option linter.unnecessarySimpa false`
warning: LidoSRv3/Audit/Source/TopupModuleCall.lean:134:4: try 'simp' instead of 'simpa'

Note: This linter can be disabled with `set_option linter.unnecessarySimpa false`
warning: LidoSRv3/Audit/Source/TopupModuleCall.lean:146:2: try 'simp' instead of 'simpa'

Note: This linter can be disabled with `set_option linter.unnecessarySimpa false`
ℹ [1348/1378] Replayed LidoSRv3.Audit.Source.TopupRouterCommitted
info: LidoSRv3/Audit/Source/TopupRouterCommitted.lean:153:0: 'LidoSRv3.Audit.Source.TopupRouterCommitted.continuation_success' depends on axioms: [propext,
 Classical.choice,
 Quot.sound]
info: LidoSRv3/Audit/Source/TopupRouterCommitted.lean:154:0: 'LidoSRv3.Audit.Source.TopupRouterCommitted.execute_success_program' depends on axioms: [propext,
 Classical.choice,
 Quot.sound]
info: LidoSRv3/Audit/Source/TopupRouterCommitted.lean:155:0: 'LidoSRv3.Audit.Source.TopupRouterCommitted.module_execute_success' depends on axioms: [propext,
 Classical.choice,
 Quot.sound]
ℹ [1349/1378] Replayed LidoSRv3.Audit.Source.TopupPipelineLedger
info: LidoSRv3/Audit/Source/TopupPipelineLedger.lean:95:0: 'LidoSRv3.Audit.Source.TopupPipelineLedger.positive_effects_conservation' depends on axioms: [propext,
 Classical.choice,
 Quot.sound]
info: LidoSRv3/Audit/Source/TopupPipelineLedger.lean:96:0: 'LidoSRv3.Audit.Source.TopupPipelineLedger.execute_success_conservation' depends on axioms: [propext,
 Classical.choice,
 Quot.sound]
ℹ [1350/1378] Replayed LidoSRv3.Audit.Guarantees.PTopup1ActualContinuation
info: LidoSRv3/Audit/Guarantees/PTopup1ActualContinuation.lean:31:0: 'LidoSRv3.Audit.Guarantees.PTopup1.actual_continuation_conserves' depends on axioms: [propext,
 Classical.choice,
 Quot.sound]
⚠ [1353/1378] Replayed LidoSRv3.Audit.SszDepositEquivalence
warning: LidoSRv3/Audit/SszDepositEquivalence.lean:93:4: This simp argument is unused:
  Ssz.traverseBranch

Hint: Omit it from the simp argument list.
  simp [structuralEncoding, structuralWitness, structuralCombine, Ssz.validatorRoot,̵
  ̵ ̵ ̵ ̵ ̵S̵s̵z̵.̵t̵r̵a̵v̵e̵r̵s̵e̵B̵r̵a̵n̵c̵h̵]

Note: This linter can be disabled with `set_option linter.unusedSimpArgs false`
warning: LidoSRv3/Audit/SszDepositEquivalence.lean:213:12: This simp argument is unused:
  sourceWitness

Hint: Omit it from the simp argument list.
  simp [̵s̵o̵u̵r̵c̵e̵W̵i̵t̵n̵e̵s̵s̵,̵ ̵s̵t̵r̵u̵c̵t̵u̵r̵a̵l̵W̵i̵t̵n̵e̵s̵s̵]̵[̲s̲t̲r̲u̲c̲t̲u̲r̲a̲l̲W̲i̲t̲n̲e̲s̲s̲]̲

Note: This linter can be disabled with `set_option linter.unusedSimpArgs false`
warning: LidoSRv3/Audit/SszDepositEquivalence.lean:213:27: This simp argument is unused:
  structuralWitness

Hint: Omit it from the simp argument list.
  simp [sourceWitness,̵ ̵s̵t̵r̵u̵c̵t̵u̵r̵a̵l̵W̵i̵t̵n̵e̵s̵s̵]

Note: This linter can be disabled with `set_option linter.unusedSimpArgs false`
⚠ [1360/1378] Replayed LidoSRv3.Audit.Verity.SszTxSimulation
warning: LidoSRv3/Audit/Verity/SszTxSimulation.lean:317:8: try 'simp' instead of 'simpa'

Note: This linter can be disabled with `set_option linter.unnecessarySimpa false`
info: LidoSRv3/Audit/Verity/SszTxSimulation.lean:346:0: LidoSRv3.Audit.Verity.SszTxSimulation.ssz_tx_simulation_correct {State : Type} (input : TxInputs) (before after : State)
  (attempts : List CallAttempt) (trace : CommitTrace) (hwidths : exactTxWidths input) :
  exactTxWidths input ∧
    (digestPreimages input.toInputs).length = 7 ∧
      (runVerification input = VerificationOutcome.accept ↔ computedRoot input = input.expectedDepositDataRoot) ∧
        (runVerification input = VerificationOutcome.revertRootMismatch →
          (transactionObservation input before after attempts trace).committedState = before)
info: LidoSRv3/Audit/Verity/SszTxSimulation.lean:347:0: LidoSRv3.Audit.Verity.SszTxSimulation.sha256_call_world_rollback (input : Inputs) (adversary : AdversaryModel)
  (state : CallState) : (DenoteExternalCalls.denote (sha256Calls input) adversary state).snd.world = state.world
info: LidoSRv3/Audit/Verity/SszTxSimulation.lean:348:0: Compiler.CompilationModel.Denote.Sha256.denote_success_compose (oracle : StaticCallOracle)
  (fipsSha256 : ByteArray → ByteArray) (world : Verity.ContractState) (inputOffset inputSize outputOffset : Nat)
  (digest : Digest) (sha256_correct : sha256_correct oracle fipsSha256)
  (hcall : oracle (request world.memory inputOffset inputSize outputOffset) = StaticCallResult.success digest) :
  Denote.Sha256.denote oracle world inputOffset inputSize outputOffset =
    Outcome.success (digestWord (fipsSha256 (memorySlice world.memory inputOffset inputSize)))
      (writeDigest world outputOffset (fipsSha256 (memorySlice world.memory inputOffset inputSize)))
ℹ [1362/1378] Replayed LidoSRv3.Audit.Source.SszDepositConsumer
info: LidoSRv3/Audit/Source/SszDepositConsumer.lean:139:0: 'LidoSRv3.Audit.Source.SszDepositConsumer.reconstructed_consumed' depends on axioms: [propext, Quot.sound]
info: LidoSRv3/Audit/Source/SszDepositConsumer.lean:140:0: 'LidoSRv3.Audit.Source.SszDepositConsumer.deposit_success_consumed' depends on axioms: [propext,
 Classical.choice,
 Quot.sound]
info: LidoSRv3/Audit/Source/SszDepositConsumer.lean:141:0: 'LidoSRv3.Audit.Source.SszDepositConsumer.dispatch_success_consumed' depends on axioms: [propext,
 Classical.choice,
 Quot.sound]
info: LidoSRv3/Audit/Source/SszDepositConsumer.lean:142:0: 'LidoSRv3.Audit.Source.SszDepositConsumer.push_success_consumed' depends on axioms: [propext,
 Classical.choice,
 Quot.sound]
ℹ [1363/1378] Replayed LidoSRv3.Audit.Guarantees.PDeposit1ActualPipeline
info: LidoSRv3/Audit/Guarantees/PDeposit1ActualPipeline.lean:35:0: 'LidoSRv3.Audit.Guarantees.PDeposit1.actual_live_pipeline_conservation' depends on axioms: [propext,
 Classical.choice,
 Quot.sound]
ℹ [1370/1616] Replayed LidoSRv3.Audit.Source.TopupBatchConsumer
info: LidoSRv3/Audit/Source/TopupBatchConsumer.lean:173:0: 'LidoSRv3.Audit.Source.TopupBatchConsumer.blockCap_packed' depends on axioms: [propext, Quot.sound]
info: LidoSRv3/Audit/Source/TopupBatchConsumer.lean:174:0: 'LidoSRv3.Audit.Source.TopupBatchConsumer.target_bound' depends on axioms: [propext, Quot.sound]
info: LidoSRv3/Audit/Source/TopupBatchConsumer.lean:175:0: 'LidoSRv3.Audit.Source.TopupBatchConsumer.continuation_input' depends on axioms: [propext]
info: LidoSRv3/Audit/Source/TopupBatchConsumer.lean:176:0: 'LidoSRv3.Audit.Source.TopupBatchConsumer.run_success_exact_effects' depends on axioms: [propext,
 Classical.choice,
 Quot.sound]
info: LidoSRv3/Audit/Source/TopupBatchConsumer.lean:177:0: 'LidoSRv3.Audit.Source.TopupBatchConsumer.run_success_bound' depends on axioms: [propext, Classical.choice, Quot.sound]
ℹ [1371/1616] Replayed LidoSRv3.Audit.Guarantees.PTopup1ActualBatch
info: LidoSRv3/Audit/Guarantees/PTopup1ActualBatch.lean:48:0: 'LidoSRv3.Audit.Guarantees.PTopup1.actual_module_batch_effects' depends on axioms: [propext,
 Classical.choice,
 Quot.sound]
ℹ [1373/1616] Replayed LidoSRv3.Audit.Guarantees.PSsz1ActualDeposit
info: LidoSRv3/Audit/Guarantees/PSsz1ActualDeposit.lean:26:0: 'LidoSRv3.Audit.Guarantees.PSsz1.actual_deposit_call_binds_root' depends on axioms: [propext,
 Classical.choice,
 Quot.sound]
⚠ [1404/1616] Replayed LidoSRv3.Audit.Verity.MinFirstDistributionTx
warning: LidoSRv3/Audit/Verity/MinFirstDistributionTx.lean:142:52: try 'simp' instead of 'simpa'

Note: This linter can be disabled with `set_option linter.unnecessarySimpa false`
warning: LidoSRv3/Audit/Verity/MinFirstDistributionTx.lean:485:22: This simp argument is unused:
  modelAllocateLoop

Hint: Omit it from the simp argument list.
  simp [m̵o̵d̵e̵l̵A̵l̵l̵o̵c̵a̵t̵e̵L̵o̵o̵p̵,̵ ̵hModelStep, hzv]

Note: This linter can be disabled with `set_option linter.unusedSimpArgs false`
warning: LidoSRv3/Audit/Verity/MinFirstDistributionTx.lean:485:53: This simp argument is unused:
  hzv

Hint: Omit it from the simp argument list.
  simp [modelAllocateLoop, hModelStep,̵ ̵h̵z̵v̵]

Note: This linter can be disabled with `set_option linter.unusedSimpArgs false`
warning: LidoSRv3/Audit/Verity/MinFirstDistributionTx.lean:492:25: This simp argument is unused:
  modelAllocateLoop

Hint: Omit it from the simp argument list.
  simp only [m̵o̵d̵e̵l̵A̵l̵l̵o̵c̵a̵t̵e̵L̵o̵o̵p̵,̵ ̵if_neg hzv, hModelStep, if_neg hav]

Note: This linter can be disabled with `set_option linter.unusedSimpArgs false`
warning: LidoSRv3/Audit/Verity/MinFirstDistributionTx.lean:492:44: This simp argument is unused:
  if_neg hzv

Hint: Omit it from the simp argument list.
  simp only [modelAllocateLoop, i̵f̵_̵n̵e̵g̵ ̵h̵z̵v̵,̵ ̵hModelStep, if_neg hav]

Note: This linter can be disabled with `set_option linter.unusedSimpArgs false`
⚠ [1408/1616] Replayed LidoSRv3.Audit.Verity.DepositNFrameTx
warning: LidoSRv3/Audit/Verity/DepositNFrameTx.lean:299:26: This simp argument is unused:
  Nat.add_assoc

Hint: Omit it from the simp argument list.
  simp [afterBatches, N̵a̵t̵.̵a̵d̵d̵_̵a̵s̵s̵o̵c̵,̵ ̵Nat.add_comm, Nat.add_left_comm]

Note: This linter can be disabled with `set_option linter.unusedSimpArgs false`
warning: LidoSRv3/Audit/Verity/DepositNFrameTx.lean:448:25: This simp argument is unused:
  Nat.add_assoc

Hint: Omit it from the simp argument list.
  simp [afterPushes, N̵a̵t̵.̵a̵d̵d̵_̵a̵s̵s̵o̵c̵,̵ ̵Nat.add_comm, Nat.add_left_comm]

Note: This linter can be disabled with `set_option linter.unusedSimpArgs false`
warning: LidoSRv3/Audit/Verity/DepositNFrameTx.lean:505:13: This simp argument is unused:
  Bind.bind

Hint: Omit it from the simp argument list.
  simp only [B̵i̵n̵d̵.̵b̵i̵n̵d̵,̵ ̵_root_.Verity.bind, hValueGuard, _root_.Verity.require, if_true]

Note: This linter can be disabled with `set_option linter.unusedSimpArgs false`
warning: LidoSRv3/Audit/Verity/DepositNFrameTx.lean:505:24: This simp argument is unused:
  _root_.Verity.bind

Hint: Omit it from the simp argument list.
  simp only [Bind.bind, _̵r̵o̵o̵t̵_̵.̵V̵e̵r̵i̵t̵y̵.̵b̵i̵n̵d̵,̵ ̵hValueGuard, _root_.Verity.require, if_true]

Note: This linter can be disabled with `set_option linter.unusedSimpArgs false`
warning: LidoSRv3/Audit/Verity/DepositNFrameTx.lean:505:57: This simp argument is unused:
  _root_.Verity.require

Hint: Omit it from the simp argument list.
  simp only [Bind.bind, _root_.Verity.bind, hValueGuard, _̵r̵o̵o̵t̵_̵.̵V̵e̵r̵i̵t̵y̵.̵r̵e̵q̵u̵i̵r̵e̵,̵ ̵if_true]

Note: This linter can be disabled with `set_option linter.unusedSimpArgs false`
warning: LidoSRv3/Audit/Verity/DepositNFrameTx.lean:507:13: This simp argument is unused:
  Bind.bind

Hint: Omit it from the simp argument list.
  simp only [B̵i̵n̵d̵.̵b̵i̵n̵d̵,̵ ̵_root_.Verity.bind]

Note: This linter can be disabled with `set_option linter.unusedSimpArgs false`
warning: LidoSRv3/Audit/Verity/DepositNFrameTx.lean:507:24: This simp argument is unused:
  _root_.Verity.bind

Hint: Omit it from the simp argument list.
  simp only [Bind.bind,̵ ̵_̵r̵o̵o̵t̵_̵.̵V̵e̵r̵i̵t̵y̵.̵b̵i̵n̵d̵]

Note: This linter can be disabled with `set_option linter.unusedSimpArgs false`
warning: LidoSRv3/Audit/Verity/DepositNFrameTx.lean:509:13: This simp argument is unused:
  Bind.bind

Hint: Omit it from the simp argument list.
  simp only [B̵i̵n̵d̵.̵b̵i̵n̵d̵,̵ ̵_root_.Verity.bind, DepositParentTx.getState, hClose,
  ̵  ̵ ̵ ̵beq_self_eq_true,
  ̲  ̲ ̲ ̲_root_.Verity.require, if_true, committedState, entry, processed, pulled]

Note: This linter can be disabled with `set_option linter.unusedSimpArgs false`
warning: LidoSRv3/Audit/Verity/DepositNFrameTx.lean:509:24: This simp argument is unused:
  _root_.Verity.bind

Hint: Omit it from the simp argument list.
  simp only [Bind.bind, _̵r̵o̵o̵t̵_̵.̵V̵e̵r̵i̵t̵y̵.̵b̵i̵n̵d̵,̵ ̵DepositParentTx.getState, hClose,
  ̵  ̵ ̵ ̵beq_self_eq_true, _root_.Verity.require,
  ̲  ̲ ̲ ̲if_true, committedState, entry, processed, pulled]

Note: This linter can be disabled with `set_option linter.unusedSimpArgs false`
warning: LidoSRv3/Audit/Verity/DepositNFrameTx.lean:509:44: This simp argument is unused:
  DepositParentTx.getState

Hint: Omit it from the simp argument list.
  simp only [Bind.bind, _root_.Verity.bind, D̵e̵p̵o̵s̵i̵t̵P̵a̵r̵e̵n̵t̵T̵x̵.̵g̵e̵t̵S̵t̵a̵t̵e̵,̵ ̵hClose, beq_self_eq_true, _root_.Verity.require,
  ̲  ̲ ̲ ̲if_true, committedState, entry, processed, pulled]

Note: This linter can be disabled with `set_option linter.unusedSimpArgs false`
warning: LidoSRv3/Audit/Verity/DepositNFrameTx.lean:510:22: This simp argument is unused:
  _root_.Verity.require

Hint: Omit it from the simp argument list.
  simp only [Bind.bind, _root_.Verity.bind, DepositParentTx.getState, hClose,
  ̵  ̵ ̵ ̵beq_self_eq_true,
  ̲ _̵r̵o̵o̵t̵_̵.̵V̵e̵r̵i̵t̵y̵.̵r̵e̵q̵u̵i̵r̵e̵,̵  ̲ ̲if_true, committedState, entry, processed, pulled]

Note: This linter can be disabled with `set_option linter.unusedSimpArgs false`
warning: LidoSRv3/Audit/Verity/DepositNFrameTx.lean:553:6: This simp argument is unused:
  List.drop_left

Hint: Omit it from the simp argument list.
  simp [observe, sourceObservables, committed_balance inputs state h, committed_calls,̵
  ̵ ̵ ̵ ̵ ̵ ̵ ̵L̵i̵s̵t̵.̵d̵r̵o̵p̵_̵l̵e̵f̵t̵]

Note: This linter can be disabled with `set_option linter.unusedSimpArgs false`
⚠ [1413/1616] Replayed LidoSRv3.Audit.Source.ReserveCorrespondence
warning: LidoSRv3/Audit/Source/ReserveCorrespondence.lean:410:53: This simp argument is unused:
  setStorage

Hint: Omit it from the simp argument list.
  simp [ReserveContract.withdrawWithGuards, ReserveContract.withdraw,
  ̵  ̵ ̵ ̵ ̵ ̵ ̵ ̵ ̵ ̵observeVerity, specTx,
  ̲  ̲ ̲ ̲ ̲ ̲ ̲ ̲ ̲ ̲modelWithdrawDepositableEther,
  ̵  ̵ ̵ ̵ ̵ ̵ ̵ ̵ ̵ ̵spendDepositableEther, getBufferedEtherAllocation, decode,
            min, minWord, requireSomeUint, getStorage, s̵e̵t̵S̵t̵o̵r̵a̵g̵e̵,̵
  ̵ ̵ ̵ ̵ ̵ ̵ ̵ ̵ ̵ ̵ ̵ContractState.readSlot,
  ̲  ̲ ̲ ̲ ̲ ̲ ̲ ̲ ̲ ̲ContractState.writeSlot, Verity.require,
  ̵  ̵ ̵ ̵ ̵ ̵ ̵ ̵ ̵ ̵Verity.bind, Bind.bind, Pure.pure, Contract.run,
            hzero, hdeposits, depositsReserve, hremaining]

Note: This linter can be disabled with `set_option linter.unusedSimpArgs false`
warning: LidoSRv3/Audit/Source/ReserveCorrespondence.lean:411:34: This simp argument is unused:
  ContractState.writeSlot

Hint: Omit it from the simp argument list.
  simp [ReserveContract.withdrawWithGuards, ReserveContract.withdraw, observeVerity, specTx,
  ̲  ̲ ̲ ̲ ̲ ̲ ̲ ̲ ̲ ̲modelWithdrawDepositableEther, spendDepositableEther, getBufferedEtherAllocation, decode,
            min, minWord, requireSomeUint, getStorage, setStorage, ContractState.readSlot,
  ̲  ̲ ̲ ̲ ̲ ̲ ̲ ̲ ̲ ̲C̵o̵n̵t̵r̵a̵c̵t̵S̵t̵a̵t̵e̵.̵w̵r̵i̵t̵e̵S̵l̵o̵t̵,̵ ̵Verity.require, Verity.bind, Bind.bind, Pure.pure, Contract.run, hzero, hdeposits,
  ̲  ̲ ̲ ̲ ̲ ̲ ̲ ̲ ̲ ̲depositsReserve, hremaining]

Note: This linter can be disabled with `set_option linter.unusedSimpArgs false`
warning: LidoSRv3/Audit/Source/ReserveCorrespondence.lean:413:28: This simp argument is unused:
  depositsReserve

Hint: Omit it from the simp argument list.
  simp [ReserveContract.withdrawWithGuards, ReserveContract.withdraw,
  ̵  ̵ ̵ ̵ ̵ ̵ ̵ ̵ ̵ ̵observeVerity, specTx,
  ̲  ̲ ̲ ̲ ̲ ̲ ̲ ̲ ̲ ̲modelWithdrawDepositableEther,
  ̵  ̵ ̵ ̵ ̵ ̵ ̵ ̵ ̵ ̵spendDepositableEther, getBufferedEtherAllocation, decode,
            min, minWord, requireSomeUint, getStorage, setStorage,
  ̵  ̵ ̵ ̵ ̵ ̵ ̵ ̵ ̵ ̵ContractState.readSlot,
  ̲  ̲ ̲ ̲ ̲ ̲ ̲ ̲ ̲ ̲ContractState.writeSlot, Verity.require,
  ̵  ̵ ̵ ̵ ̵ ̵ ̵ ̵ ̵ ̵Verity.bind, Bind.bind, Pure.pure, Contract.run,
            hzero, hdeposits, d̵e̵p̵o̵s̵i̵t̵s̵R̵e̵s̵e̵r̵v̵e̵,̵ ̵hremaining]

Note: This linter can be disabled with `set_option linter.unusedSimpArgs false`
warning: LidoSRv3/Audit/Source/ReserveCorrespondence.lean:427:57: This simp argument is unused:
  setStorage

Hint: Omit it from the simp argument list.
  simp [ReserveContract.withdrawWithGuards, ReserveContract.withdraw, observeVerity,
  ̲  ̲ ̲ ̲ ̲ ̲ ̲ ̲ ̲ ̲ ̲ ̲ ̲ ̲specTx, modelWithdrawDepositableEther, spendDepositableEther,
  ̲  ̲ ̲ ̲ ̲ ̲ ̲ ̲ ̲ ̲ ̲ ̲ ̲ ̲getBufferedEtherAllocation, decode, min, minWord, requireSomeUint, getStorage,
  ̲  ̲ ̲ ̲ ̲ ̲ ̲ ̲ ̲ ̲ ̲ ̲ ̲ ̲s̵e̵t̵S̵t̵o̵r̵a̵g̵e̵,̵ContractState.readSlot, ContractState.writeSlot, Verity.require, Verity.bind,
                Bind.bind, Pure.pure, Contract.run, hzero, hdeposits, hwithdrawals, depositsReserve,
  ̲  ̲ ̲ ̲ ̲ ̲ ̲ ̲ ̲ ̲ ̲ ̲ ̲ ̲withdrawalsReserve, hremaining, hunreserved]

Note: This linter can be disabled with `set_option linter.unusedSimpArgs false`
warning: LidoSRv3/Audit/Source/ReserveCorrespondence.lean:428:38: This simp argument is unused:
  ContractState.writeSlot

Hint: Omit it from the simp argument list.
  simp [ReserveContract.withdrawWithGuards, ReserveContract.withdraw, observeVerity,
  ̲  ̲ ̲ ̲ ̲ ̲ ̲ ̲ ̲ ̲ ̲ ̲ ̲ ̲specTx, modelWithdrawDepositableEther, spendDepositableEther,
  ̲  ̲ ̲ ̲ ̲ ̲ ̲ ̲ ̲ ̲ ̲ ̲ ̲ ̲getBufferedEtherAllocation, decode, min, minWord, requireSomeUint, getStorage,
  ̲  ̲ ̲ ̲ ̲ ̲ ̲ ̲ ̲ ̲ ̲ ̲ ̲ ̲setStorage, ContractState.readSlot, C̵o̵n̵t̵r̵a̵c̵t̵S̵t̵a̵t̵e̵.̵w̵r̵i̵t̵e̵S̵l̵o̵t̵,̵ ̵Verity.require, Verity.bind, Bind.bind, Pure.pure,
  ̲  ̲ ̲ ̲ ̲ ̲ ̲ ̲ ̲ ̲ ̲ ̲ ̲ ̲Contract.run, hzero, hdeposits, hwithdrawals, depositsReserve, withdrawalsReserve,
  ̲  ̲ ̲ ̲ ̲ ̲ ̲ ̲ ̲ ̲ ̲ ̲ ̲ ̲hremaining, hunreserved]

Note: This linter can be disabled with `set_option linter.unusedSimpArgs false`
warning: LidoSRv3/Audit/Source/ReserveCorrespondence.lean:430:46: This simp argument is unused:
  depositsReserve

Hint: Omit it from the simp argument list.
  simp [ReserveContract.withdrawWithGuards, ReserveContract.withdraw, observeVerity,
  ̲  ̲ ̲ ̲ ̲ ̲ ̲ ̲ ̲ ̲ ̲ ̲ ̲ ̲specTx, modelWithdrawDepositableEther, spendDepositableEther,
  ̲  ̲ ̲ ̲ ̲ ̲ ̲ ̲ ̲ ̲ ̲ ̲ ̲ ̲getBufferedEtherAllocation, decode, min, minWord, requireSomeUint, getStorage,
  ̲  ̲ ̲ ̲ ̲ ̲ ̲ ̲ ̲ ̲ ̲ ̲ ̲ ̲setStorage, ContractState.readSlot, ContractState.writeSlot, Verity.require,
                Verity.bind, Bind.bind, Pure.pure, Contract.run, hzero, hdeposits, hwithdrawals,
  ̲  ̲ ̲ ̲ ̲ ̲ ̲ ̲ ̲ ̲ ̲ ̲ ̲ ̲d̵e̵p̵o̵s̵i̵t̵s̵R̵e̵s̵e̵r̵v̵e̵,̵withdrawalsReserve, hremaining, hunreserved]

Note: This linter can be disabled with `set_option linter.unusedSimpArgs false`
warning: LidoSRv3/Audit/Source/ReserveCorrespondence.lean:431:14: This simp argument is unused:
  withdrawalsReserve

Hint: Omit it from the simp argument list.
  simp [ReserveContract.withdrawWithGuards, ReserveContract.withdraw, observeVerity,
  ̲  ̲ ̲ ̲ ̲ ̲ ̲ ̲ ̲ ̲ ̲ ̲ ̲ ̲specTx, modelWithdrawDepositableEther, spendDepositableEther,
  ̲  ̲ ̲ ̲ ̲ ̲ ̲ ̲ ̲ ̲ ̲ ̲ ̲ ̲getBufferedEtherAllocation, decode, min, minWord, requireSomeUint, getStorage,
  ̲  ̲ ̲ ̲ ̲ ̲ ̲ ̲ ̲ ̲ ̲ ̲ ̲ ̲setStorage, ContractState.readSlot, ContractState.writeSlot, Verity.require,
                Verity.bind, Bind.bind, Pure.pure, Contract.run, hzero, hdeposits, hwithdrawals,
  ̲  ̲ ̲ ̲ ̲ ̲ ̲ ̲ ̲ ̲ ̲ ̲ ̲ ̲depositsReserve, w̵i̵t̵h̵d̵r̵a̵w̵a̵l̵s̵R̵e̵s̵e̵r̵v̵e̵,̵ ̵hremaining, hunreserved]

Note: This linter can be disabled with `set_option linter.unusedSimpArgs false`
warning: LidoSRv3/Audit/Source/ReserveCorrespondence.lean:441:30: This simp argument is unused:
  setStorage

Hint: Omit it from the simp argument list.
  simp [ReserveContract.withdrawWithGuards, ReserveContract.withdraw, observeVerity,
  ̲  ̲ ̲ ̲ ̲ ̲ ̲ ̲ ̲ ̲ ̲ ̲ ̲ ̲ ̲ ̲ ̲ ̲specTx, modelWithdrawDepositableEther, spendDepositableEther,
  ̲  ̲ ̲ ̲ ̲ ̲ ̲ ̲ ̲ ̲ ̲ ̲ ̲ ̲ ̲ ̲ ̲ ̲getBufferedEtherAllocation, getDepositableEther, decode, min, minWord,
  ̲  ̲ ̲ ̲ ̲ ̲ ̲ ̲ ̲ ̲ ̲ ̲ ̲ ̲ ̲ ̲ ̲ ̲requireSomeUint, getStorage, s̵e̵t̵S̵t̵o̵r̵a̵g̵e̵,̵ ̵ContractState.readSlot, ContractState.writeSlot,
  ̲  ̲ ̲ ̲ ̲ ̲ ̲ ̲ ̲ ̲ ̲ ̲ ̲ ̲ ̲ ̲ ̲ ̲Verity.require, Verity.bind, Bind.bind, Pure.pure, Contract.run, hzero, hdeposits,
                    hwithdrawals, depositsReserve, withdrawalsReserve, hremaining, hunreserved,
  ̲  ̲ ̲ ̲ ̲ ̲ ̲ ̲ ̲ ̲ ̲ ̲ ̲ ̲ ̲ ̲ ̲ ̲hdepositable]

Note: This linter can be disabled with `set_option linter.unusedSimpArgs false`
warning: LidoSRv3/Audit/Source/ReserveCorrespondence.lean:442:18: This simp argument is unused:
  ContractState.writeSlot

Hint: Omit it from the simp argument list.
  simp [ReserveContract.withdrawWithGuards, ReserveContract.withdraw, observeVerity,
  ̲  ̲ ̲ ̲ ̲ ̲ ̲ ̲ ̲ ̲ ̲ ̲ ̲ ̲ ̲ ̲ ̲ ̲specTx, modelWithdrawDepositableEther, spendDepositableEther,
  ̲  ̲ ̲ ̲ ̲ ̲ ̲ ̲ ̲ ̲ ̲ ̲ ̲ ̲ ̲ ̲ ̲ ̲getBufferedEtherAllocation, getDepositableEther, decode, min, minWord,
  ̲  ̲ ̲ ̲ ̲ ̲ ̲ ̲ ̲ ̲ ̲ ̲ ̲ ̲ ̲ ̲ ̲ ̲requireSomeUint, getStorage, setStorage, ContractState.readSlot, C̵o̵n̵t̵r̵a̵c̵t̵S̵t̵a̵t̵e̵.̵w̵r̵i̵t̵e̵S̵l̵o̵t̵,̵ ̵Verity.require,
  ̲  ̲ ̲ ̲ ̲ ̲ ̲ ̲ ̲ ̲ ̲ ̲ ̲ ̲ ̲ ̲ ̲ ̲Verity.bind, Bind.bind, Pure.pure, Contract.run, hzero, hdeposits, hwithdrawals,
  ̲  ̲ ̲ ̲ ̲ ̲ ̲ ̲ ̲ ̲ ̲ ̲ ̲ ̲ ̲ ̲ ̲ ̲depositsReserve, withdrawalsReserve, hremaining, hunreserved, hdepositable]

Note: This linter can be disabled with `set_option linter.unusedSimpArgs false`
warning: LidoSRv3/Audit/Source/ReserveCorrespondence.lean:444:32: This simp argument is unused:
  depositsReserve

Hint: Omit it from the simp argument list.
  simp [ReserveContract.withdrawWithGuards, ReserveContract.withdraw, observeVerity,
  ̲  ̲ ̲ ̲ ̲ ̲ ̲ ̲ ̲ ̲ ̲ ̲ ̲ ̲ ̲ ̲ ̲ ̲specTx, modelWithdrawDepositableEther, spendDepositableEther,
  ̲  ̲ ̲ ̲ ̲ ̲ ̲ ̲ ̲ ̲ ̲ ̲ ̲ ̲ ̲ ̲ ̲ ̲getBufferedEtherAllocation, getDepositableEther, decode, min, minWord,
  ̲  ̲ ̲ ̲ ̲ ̲ ̲ ̲ ̲ ̲ ̲ ̲ ̲ ̲ ̲ ̲ ̲ ̲requireSomeUint, getStorage, setStorage, ContractState.readSlot,
                    ContractState.writeSlot, Verity.require, Verity.bind, Bind.bind, Pure.pure,
  ̲  ̲ ̲ ̲ ̲ ̲ ̲ ̲ ̲ ̲ ̲ ̲ ̲ ̲ ̲ ̲ ̲ ̲Contract.run, hzero, hdeposits, hwithdrawals, d̵e̵p̵o̵s̵i̵t̵s̵R̵e̵s̵e̵r̵v̵e̵,̵ ̵withdrawalsReserve, hremaining,
                    hunreserved, hdepositable]

Note: This linter can be disabled with `set_option linter.unusedSimpArgs false`
warning: LidoSRv3/Audit/Source/ReserveCorrespondence.lean:444:49: This simp argument is unused:
  withdrawalsReserve

Hint: Omit it from the simp argument list.
  simp [ReserveContract.withdrawWithGuards, ReserveContract.withdraw, observeVerity,
  ̲  ̲ ̲ ̲ ̲ ̲ ̲ ̲ ̲ ̲ ̲ ̲ ̲ ̲ ̲ ̲ ̲ ̲specTx, modelWithdrawDepositableEther, spendDepositableEther,
  ̲  ̲ ̲ ̲ ̲ ̲ ̲ ̲ ̲ ̲ ̲ ̲ ̲ ̲ ̲ ̲ ̲ ̲getBufferedEtherAllocation, getDepositableEther, decode, min, minWord,
  ̲  ̲ ̲ ̲ ̲ ̲ ̲ ̲ ̲ ̲ ̲ ̲ ̲ ̲ ̲ ̲ ̲ ̲requireSomeUint, getStorage, setStorage, ContractState.readSlot,
                    ContractState.writeSlot, Verity.require, Verity.bind, Bind.bind, Pure.pure,
  ̲  ̲ ̲ ̲ ̲ ̲ ̲ ̲ ̲ ̲ ̲ ̲ ̲ ̲ ̲ ̲ ̲ ̲Contract.run, hzero, hdeposits, hwithdrawals, depositsReserve, w̵i̵t̵h̵d̵r̵a̵w̵a̵l̵s̵R̵e̵s̵e̵r̵v̵e̵,̵ ̵hremaining,
                    hunreserved, hdepositable]

Note: This linter can be disabled with `set_option linter.unusedSimpArgs false`
warning: LidoSRv3/Audit/Source/ReserveCorrespondence.lean:456:67: This simp argument is unused:
  setStorage

Hint: Omit it from the simp argument list.
  simp [ReserveContract.withdrawWithGuards, ReserveContract.withdraw,
  ̲  ̲ ̲ ̲ ̲ ̲ ̲ ̲ ̲ ̲ ̲ ̲ ̲ ̲ ̲ ̲ ̲ ̲ ̲ ̲ ̲ ̲ ̲ ̲observeVerity, specTx, modelWithdrawDepositableEther, spendDepositableEther,
                          getBufferedEtherAllocation, getDepositableEther, decode, min, minWord,
  ̲  ̲ ̲ ̲ ̲ ̲ ̲ ̲ ̲ ̲ ̲ ̲ ̲ ̲ ̲ ̲ ̲ ̲ ̲ ̲ ̲ ̲ ̲ ̲requireSomeUint, getStorage, s̵e̵t̵S̵t̵o̵r̵a̵g̵e̵,̵ContractState.readSlot,
                          ContractState.writeSlot, Verity.require, Verity.bind, Bind.bind, Pure.pure,
  ̲  ̲ ̲ ̲ ̲ ̲ ̲ ̲ ̲ ̲ ̲ ̲ ̲ ̲ ̲ ̲ ̲ ̲ ̲ ̲ ̲ ̲ ̲ ̲Contract.run, hzero, hdeposits, hwithdrawals, depositsReserve,
  ̲  ̲ ̲ ̲ ̲ ̲ ̲ ̲ ̲ ̲ ̲ ̲ ̲ ̲ ̲ ̲ ̲ ̲ ̲ ̲ ̲ ̲ ̲ ̲withdrawalsReserve, hremaining, hunreserved, hdepositable, henough, hpost]

Note: This linter can be disabled with `set_option linter.unusedSimpArgs false`
warning: LidoSRv3/Audit/Source/ReserveCorrespondence.lean:457:48: This simp argument is unused:
  ContractState.writeSlot

Hint: Omit it from the simp argument list.
  simp [ReserveContract.withdrawWithGuards, ReserveContract.withdraw,
  ̲  ̲ ̲ ̲ ̲ ̲ ̲ ̲ ̲ ̲ ̲ ̲ ̲ ̲ ̲ ̲ ̲ ̲ ̲ ̲ ̲ ̲ ̲ ̲observeVerity, specTx, modelWithdrawDepositableEther, spendDepositableEther,
                          getBufferedEtherAllocation, getDepositableEther, decode, min, minWord,
  ̲  ̲ ̲ ̲ ̲ ̲ ̲ ̲ ̲ ̲ ̲ ̲ ̲ ̲ ̲ ̲ ̲ ̲ ̲ ̲ ̲ ̲ ̲ ̲requireSomeUint, getStorage, setStorage, ContractState.readSlot,
  ̲  ̲ ̲ ̲ ̲ ̲ ̲ ̲ ̲ ̲ ̲ ̲ ̲ ̲ ̲ ̲ ̲ ̲ ̲ ̲ ̲ ̲ ̲ ̲C̵o̵n̵t̵r̵a̵c̵t̵S̵t̵a̵t̵e̵.̵w̵r̵i̵t̵e̵S̵l̵o̵t̵,̵Verity.require, Verity.bind, Bind.bind, Pure.pure, Contract.run, hzero,
  ̲  ̲ ̲ ̲ ̲ ̲ ̲ ̲ ̲ ̲ ̲ ̲ ̲ ̲ ̲ ̲ ̲ ̲ ̲ ̲ ̲ ̲ ̲ ̲hdeposits, hwithdrawals, depositsReserve, withdrawalsReserve, hremaining,
  ̲  ̲ ̲ ̲ ̲ ̲ ̲ ̲ ̲ ̲ ̲ ̲ ̲ ̲ ̲ ̲ ̲ ̲ ̲ ̲ ̲ ̲ ̲ ̲hunreserved, hdepositable, henough, hpost]

Note: This linter can be disabled with `set_option linter.unusedSimpArgs false`
warning: LidoSRv3/Audit/Source/ReserveCorrespondence.lean:459:70: This simp argument is unused:
  depositsReserve

Hint: Omit it from the simp argument list.
  simp [ReserveContract.withdrawWithGuards, ReserveContract.withdraw,
  ̲  ̲ ̲ ̲ ̲ ̲ ̲ ̲ ̲ ̲ ̲ ̲ ̲ ̲ ̲ ̲ ̲ ̲ ̲ ̲ ̲ ̲ ̲ ̲observeVerity, specTx, modelWithdrawDepositableEther, spendDepositableEther,
                          getBufferedEtherAllocation, getDepositableEther, decode, min, minWord,
  ̲  ̲ ̲ ̲ ̲ ̲ ̲ ̲ ̲ ̲ ̲ ̲ ̲ ̲ ̲ ̲ ̲ ̲ ̲ ̲ ̲ ̲ ̲ ̲requireSomeUint, getStorage, setStorage, ContractState.readSlot,
  ̲  ̲ ̲ ̲ ̲ ̲ ̲ ̲ ̲ ̲ ̲ ̲ ̲ ̲ ̲ ̲ ̲ ̲ ̲ ̲ ̲ ̲ ̲ ̲ContractState.writeSlot, Verity.require, Verity.bind, Bind.bind, Pure.pure,
                          Contract.run, hzero, hdeposits, hwithdrawals, d̵e̵p̵o̵s̵i̵t̵s̵R̵e̵s̵e̵r̵v̵e̵,̵withdrawalsReserve,
                          hremaining, hunreserved, hdepositable, henough, hpost]

Note: This linter can be disabled with `set_option linter.unusedSimpArgs false`
warning: LidoSRv3/Audit/Source/ReserveCorrespondence.lean:460:24: This simp argument is unused:
  withdrawalsReserve

Hint: Omit it from the simp argument list.
  simp [ReserveContract.withdrawWithGuards, ReserveContract.withdraw,
  ̲  ̲ ̲ ̲ ̲ ̲ ̲ ̲ ̲ ̲ ̲ ̲ ̲ ̲ ̲ ̲ ̲ ̲ ̲ ̲ ̲ ̲ ̲ ̲observeVerity, specTx, modelWithdrawDepositableEther, spendDepositableEther,
                          getBufferedEtherAllocation, getDepositableEther, decode, min, minWord,
  ̲  ̲ ̲ ̲ ̲ ̲ ̲ ̲ ̲ ̲ ̲ ̲ ̲ ̲ ̲ ̲ ̲ ̲ ̲ ̲ ̲ ̲ ̲ ̲requireSomeUint, getStorage, setStorage, ContractState.readSlot,
  ̲  ̲ ̲ ̲ ̲ ̲ ̲ ̲ ̲ ̲ ̲ ̲ ̲ ̲ ̲ ̲ ̲ ̲ ̲ ̲ ̲ ̲ ̲ ̲ContractState.writeSlot, Verity.require, Verity.bind, Bind.bind, Pure.pure,
                          Contract.run, hzero, hdeposits, hwithdrawals, depositsReserve, w̵i̵t̵h̵d̵r̵a̵w̵a̵l̵s̵R̵e̵s̵e̵r̵v̵e̵,̵ ̵hremaining,
  ̲  ̲ ̲ ̲ ̲ ̲ ̲ ̲ ̲ ̲ ̲ ̲ ̲ ̲ ̲ ̲ ̲ ̲ ̲ ̲ ̲ ̲ ̲ ̲hunreserved, hdepositable, henough, hpost]

Note: This linter can be disabled with `set_option linter.unusedSimpArgs false`
warning: LidoSRv3/Audit/Source/ReserveCorrespondence.lean:470:71: This simp argument is unused:
  setStorage

Hint: Omit it from the simp argument list.
  simp [ReserveContract.withdrawWithGuards, ReserveContract.withdraw,
  ̲  ̲ ̲ ̲ ̲ ̲ ̲ ̲ ̲ ̲ ̲ ̲ ̲ ̲ ̲ ̲ ̲ ̲ ̲ ̲ ̲ ̲ ̲ ̲ ̲ ̲ ̲ ̲observeVerity, specTx, modelWithdrawDepositableEther,
  ̲  ̲ ̲ ̲ ̲ ̲ ̲ ̲ ̲ ̲ ̲ ̲ ̲ ̲ ̲ ̲ ̲ ̲ ̲ ̲ ̲ ̲ ̲ ̲ ̲ ̲ ̲ ̲spendDepositableEther, getBufferedEtherAllocation, getDepositableEther,
  ̲  ̲ ̲ ̲ ̲ ̲ ̲ ̲ ̲ ̲ ̲ ̲ ̲ ̲ ̲ ̲ ̲ ̲ ̲ ̲ ̲ ̲ ̲ ̲ ̲ ̲ ̲ ̲decode, min, minWord, requireSomeUint, getStorage,
  ̲  ̲ ̲ ̲ ̲ ̲ ̲ ̲ ̲ ̲ ̲ ̲ ̲ ̲ ̲ ̲ ̲ ̲ ̲ ̲ ̲ ̲ ̲ ̲ ̲ ̲ ̲ ̲s̵e̵t̵S̵t̵o̵r̵a̵g̵e̵,̵ContractState.readSlot, ContractState.writeSlot, Verity.require,
                              Verity.bind, Bind.bind, Pure.pure, Contract.run, hzero, hdeposits,
  ̲  ̲ ̲ ̲ ̲ ̲ ̲ ̲ ̲ ̲ ̲ ̲ ̲ ̲ ̲ ̲ ̲ ̲ ̲ ̲ ̲ ̲ ̲ ̲ ̲ ̲ ̲ ̲hwithdrawals, depositsReserve, withdrawalsReserve, hremaining,
  ̲  ̲ ̲ ̲ ̲ ̲ ̲ ̲ ̲ ̲ ̲ ̲ ̲ ̲ ̲ ̲ ̲ ̲ ̲ ̲ ̲ ̲ ̲ ̲ ̲ ̲ ̲ ̲hunreserved, hdepositable, henough, hpost, hbuffered]

Note: This linter can be disabled with `set_option linter.unusedSimpArgs false`
warning: LidoSRv3/Audit/Source/ReserveCorrespondence.lean:471:52: This simp argument is unused:
  ContractState.writeSlot

Hint: Omit it from the simp argument list.
  simp [ReserveContract.withdrawWithGuards, ReserveContract.withdraw,
  ̲  ̲ ̲ ̲ ̲ ̲ ̲ ̲ ̲ ̲ ̲ ̲ ̲ ̲ ̲ ̲ ̲ ̲ ̲ ̲ ̲ ̲ ̲ ̲ ̲ ̲ ̲ ̲observeVerity, specTx, modelWithdrawDepositableEther,
  ̲  ̲ ̲ ̲ ̲ ̲ ̲ ̲ ̲ ̲ ̲ ̲ ̲ ̲ ̲ ̲ ̲ ̲ ̲ ̲ ̲ ̲ ̲ ̲ ̲ ̲ ̲ ̲spendDepositableEther, getBufferedEtherAllocation, getDepositableEther,
  ̲  ̲ ̲ ̲ ̲ ̲ ̲ ̲ ̲ ̲ ̲ ̲ ̲ ̲ ̲ ̲ ̲ ̲ ̲ ̲ ̲ ̲ ̲ ̲ ̲ ̲ ̲ ̲decode, min, minWord, requireSomeUint, getStorage, setStorage,
                              ContractState.readSlot, C̵o̵n̵t̵r̵a̵c̵t̵S̵t̵a̵t̵e̵.̵w̵r̵i̵t̵e̵S̵l̵o̵t̵,̵Verity.require, Verity.bind, Bind.bind,
  ̲  ̲ ̲ ̲ ̲ ̲ ̲ ̲ ̲ ̲ ̲ ̲ ̲ ̲ ̲ ̲ ̲ ̲ ̲ ̲ ̲ ̲ ̲ ̲ ̲ ̲ ̲ ̲Pure.pure, Contract.run, hzero, hdeposits, hwithdrawals,
  ̲  ̲ ̲ ̲ ̲ ̲ ̲ ̲ ̲ ̲ ̲ ̲ ̲ ̲ ̲ ̲ ̲ ̲ ̲ ̲ ̲ ̲ ̲ ̲ ̲ ̲ ̲ ̲depositsReserve, withdrawalsReserve, hremaining, hunreserved,
  ̲  ̲ ̲ ̲ ̲ ̲ ̲ ̲ ̲ ̲ ̲ ̲ ̲ ̲ ̲ ̲ ̲ ̲ ̲ ̲ ̲ ̲ ̲ ̲ ̲ ̲ ̲ ̲hdepositable, henough, hpost, hbuffered]

Note: This linter can be disabled with `set_option linter.unusedSimpArgs false`
warning: LidoSRv3/Audit/Source/ReserveCorrespondence.lean:473:74: This simp argument is unused:
  depositsReserve

Hint: Omit it from the simp argument list.
  simp [ReserveContract.withdrawWithGuards, ReserveContract.withdraw,
  ̲  ̲ ̲ ̲ ̲ ̲ ̲ ̲ ̲ ̲ ̲ ̲ ̲ ̲ ̲ ̲ ̲ ̲ ̲ ̲ ̲ ̲ ̲ ̲ ̲ ̲ ̲ ̲observeVerity, specTx, modelWithdrawDepositableEther,
  ̲  ̲ ̲ ̲ ̲ ̲ ̲ ̲ ̲ ̲ ̲ ̲ ̲ ̲ ̲ ̲ ̲ ̲ ̲ ̲ ̲ ̲ ̲ ̲ ̲ ̲ ̲ ̲spendDepositableEther, getBufferedEtherAllocation, getDepositableEther,
  ̲  ̲ ̲ ̲ ̲ ̲ ̲ ̲ ̲ ̲ ̲ ̲ ̲ ̲ ̲ ̲ ̲ ̲ ̲ ̲ ̲ ̲ ̲ ̲ ̲ ̲ ̲ ̲decode, min, minWord, requireSomeUint, getStorage, setStorage,
                              ContractState.readSlot, ContractState.writeSlot, Verity.require,
  ̲  ̲ ̲ ̲ ̲ ̲ ̲ ̲ ̲ ̲ ̲ ̲ ̲ ̲ ̲ ̲ ̲ ̲ ̲ ̲ ̲ ̲ ̲ ̲ ̲ ̲ ̲ ̲Verity.bind, Bind.bind, Pure.pure, Contract.run, hzero, hdeposits,
  ̲  ̲ ̲ ̲ ̲ ̲ ̲ ̲ ̲ ̲ ̲ ̲ ̲ ̲ ̲ ̲ ̲ ̲ ̲ ̲ ̲ ̲ ̲ ̲ ̲ ̲ ̲ ̲hwithdrawals, d̵e̵p̵o̵s̵i̵t̵s̵R̵e̵s̵e̵r̵v̵e̵,̵withdrawalsReserve, hremaining, hunreserved, hdepositable,
                              henough, hpost, hbuffered]

Note: This linter can be disabled with `set_option linter.unusedSimpArgs false`
warning: LidoSRv3/Audit/Source/ReserveCorrespondence.lean:474:28: This simp argument is unused:
  withdrawalsReserve

Hint: Omit it from the simp argument list.
  simp [ReserveContract.withdrawWithGuards, ReserveContract.withdraw,
  ̲  ̲ ̲ ̲ ̲ ̲ ̲ ̲ ̲ ̲ ̲ ̲ ̲ ̲ ̲ ̲ ̲ ̲ ̲ ̲ ̲ ̲ ̲ ̲ ̲ ̲ ̲ ̲observeVerity, specTx, modelWithdrawDepositableEther,
  ̲  ̲ ̲ ̲ ̲ ̲ ̲ ̲ ̲ ̲ ̲ ̲ ̲ ̲ ̲ ̲ ̲ ̲ ̲ ̲ ̲ ̲ ̲ ̲ ̲ ̲ ̲ ̲spendDepositableEther, getBufferedEtherAllocation, getDepositableEther,
  ̲  ̲ ̲ ̲ ̲ ̲ ̲ ̲ ̲ ̲ ̲ ̲ ̲ ̲ ̲ ̲ ̲ ̲ ̲ ̲ ̲ ̲ ̲ ̲ ̲ ̲ ̲ ̲decode, min, minWord, requireSomeUint, getStorage, setStorage,
                              ContractState.readSlot, ContractState.writeSlot, Verity.require,
  ̲  ̲ ̲ ̲ ̲ ̲ ̲ ̲ ̲ ̲ ̲ ̲ ̲ ̲ ̲ ̲ ̲ ̲ ̲ ̲ ̲ ̲ ̲ ̲ ̲ ̲ ̲ ̲Verity.bind, Bind.bind, Pure.pure, Contract.run, hzero, hdeposits,
  ̲  ̲ ̲ ̲ ̲ ̲ ̲ ̲ ̲ ̲ ̲ ̲ ̲ ̲ ̲ ̲ ̲ ̲ ̲ ̲ ̲ ̲ ̲ ̲ ̲ ̲ ̲ ̲hwithdrawals, depositsReserve, w̵i̵t̵h̵d̵r̵a̵w̵a̵l̵s̵R̵e̵s̵e̵r̵v̵e̵,̵ ̵hremaining, hunreserved, hdepositable,
  ̲  ̲ ̲ ̲ ̲ ̲ ̲ ̲ ̲ ̲ ̲ ̲ ̲ ̲ ̲ ̲ ̲ ̲ ̲ ̲ ̲ ̲ ̲ ̲ ̲ ̲ ̲ ̲henough, hpost, hbuffered]

Note: This linter can be disabled with `set_option linter.unusedSimpArgs false`
warning: LidoSRv3/Audit/Source/ReserveCorrespondence.lean:486:61: This simp argument is unused:
  setStorage

Hint: Omit it from the simp argument list.
  simp [ReserveContract.withdrawWithGuards, ReserveContract.withdraw,
  ̲  ̲ ̲ ̲ ̲ ̲ ̲ ̲ ̲ ̲ ̲ ̲ ̲ ̲ ̲ ̲ ̲ ̲ ̲ ̲ ̲ ̲ ̲ ̲ ̲ ̲ ̲ ̲ ̲ ̲ ̲ ̲observeVerity, specTx, modelWithdrawDepositableEther,
                                  spendDepositableEther, getBufferedEtherAllocation,
                                  getDepositableEther, decode, min, minWord, requireSomeUint,
  ̲  ̲ ̲ ̲ ̲ ̲ ̲ ̲ ̲ ̲ ̲ ̲ ̲ ̲ ̲ ̲ ̲ ̲ ̲ ̲ ̲ ̲ ̲ ̲ ̲ ̲ ̲ ̲ ̲ ̲ ̲ ̲getStorage, s̵e̵t̵S̵t̵o̵r̵a̵g̵e̵,̵ContractState.readSlot, ContractState.writeSlot,
  ̲  ̲ ̲ ̲ ̲ ̲ ̲ ̲ ̲ ̲ ̲ ̲ ̲ ̲ ̲ ̲ ̲ ̲ ̲ ̲ ̲ ̲ ̲ ̲ ̲ ̲ ̲ ̲ ̲ ̲ ̲ ̲Verity.require, Verity.bind, Bind.bind, Pure.pure, Contract.run,
                                  hzero, hdeposits, hwithdrawals, depositsReserve, withdrawalsReserve,
                                  hremaining, hunreserved, hdepositable, henough, hpost, hbuffered,
  ̲  ̲ ̲ ̲ ̲ ̲ ̲ ̲ ̲ ̲ ̲ ̲ ̲ ̲ ̲ ̲ ̲ ̲ ̲ ̲ ̲ ̲ ̲ ̲ ̲ ̲ ̲ ̲ ̲ ̲ ̲ ̲hnext]

Note: This linter can be disabled with `set_option linter.unusedSimpArgs false`
warning: LidoSRv3/Audit/Source/ReserveCorrespondence.lean:487:56: This simp argument is unused:
  ContractState.writeSlot

Hint: Omit it from the simp argument list.
  simp [ReserveContract.withdrawWithGuards, ReserveContract.withdraw,
  ̲  ̲ ̲ ̲ ̲ ̲ ̲ ̲ ̲ ̲ ̲ ̲ ̲ ̲ ̲ ̲ ̲ ̲ ̲ ̲ ̲ ̲ ̲ ̲ ̲ ̲ ̲ ̲ ̲ ̲ ̲ ̲observeVerity, specTx, modelWithdrawDepositableEther,
                                  spendDepositableEther, getBufferedEtherAllocation,
                                  getDepositableEther, decode, min, minWord, requireSomeUint,
  ̲  ̲ ̲ ̲ ̲ ̲ ̲ ̲ ̲ ̲ ̲ ̲ ̲ ̲ ̲ ̲ ̲ ̲ ̲ ̲ ̲ ̲ ̲ ̲ ̲ ̲ ̲ ̲ ̲ ̲ ̲ ̲getStorage, setStorage, ContractState.readSlot, C̵o̵n̵t̵r̵a̵c̵t̵S̵t̵a̵t̵e̵.̵w̵r̵i̵t̵e̵S̵l̵o̵t̵,̵Verity.require,
                                  Verity.bind, Bind.bind, Pure.pure, Contract.run, hzero, hdeposits,
  ̲  ̲ ̲ ̲ ̲ ̲ ̲ ̲ ̲ ̲ ̲ ̲ ̲ ̲ ̲ ̲ ̲ ̲ ̲ ̲ ̲ ̲ ̲ ̲ ̲ ̲ ̲ ̲ ̲ ̲ ̲ ̲hwithdrawals, depositsReserve, withdrawalsReserve, hremaining,
  ̲  ̲ ̲ ̲ ̲ ̲ ̲ ̲ ̲ ̲ ̲ ̲ ̲ ̲ ̲ ̲ ̲ ̲ ̲ ̲ ̲ ̲ ̲ ̲ ̲ ̲ ̲ ̲ ̲ ̲ ̲ ̲hunreserved, hdepositable, henough, hpost, hbuffered, hnext]

Note: This linter can be disabled with `set_option linter.unusedSimpArgs false`
warning: LidoSRv3/Audit/Source/ReserveCorrespondence.lean:489:78: This simp argument is unused:
  depositsReserve

Hint: Omit it from the simp argument list.
  simp [ReserveContract.withdrawWithGuards, ReserveContract.withdraw,
  ̲  ̲ ̲ ̲ ̲ ̲ ̲ ̲ ̲ ̲ ̲ ̲ ̲ ̲ ̲ ̲ ̲ ̲ ̲ ̲ ̲ ̲ ̲ ̲ ̲ ̲ ̲ ̲ ̲ ̲ ̲ ̲observeVerity, specTx, modelWithdrawDepositableEther,
                                  spendDepositableEther, getBufferedEtherAllocation,
                                  getDepositableEther, decode, min, minWord, requireSomeUint,
  ̲  ̲ ̲ ̲ ̲ ̲ ̲ ̲ ̲ ̲ ̲ ̲ ̲ ̲ ̲ ̲ ̲ ̲ ̲ ̲ ̲ ̲ ̲ ̲ ̲ ̲ ̲ ̲ ̲ ̲ ̲ ̲getStorage, setStorage, ContractState.readSlot,
  ̲  ̲ ̲ ̲ ̲ ̲ ̲ ̲ ̲ ̲ ̲ ̲ ̲ ̲ ̲ ̲ ̲ ̲ ̲ ̲ ̲ ̲ ̲ ̲ ̲ ̲ ̲ ̲ ̲ ̲ ̲ ̲ContractState.writeSlot, Verity.require, Verity.bind, Bind.bind,
  ̲  ̲ ̲ ̲ ̲ ̲ ̲ ̲ ̲ ̲ ̲ ̲ ̲ ̲ ̲ ̲ ̲ ̲ ̲ ̲ ̲ ̲ ̲ ̲ ̲ ̲ ̲ ̲ ̲ ̲ ̲ ̲Pure.pure, Contract.run, hzero, hdeposits, hwithdrawals,
  ̲  ̲ ̲ ̲ ̲ ̲ ̲ ̲ ̲ ̲ ̲ ̲ ̲ ̲ ̲ ̲ ̲ ̲ ̲ ̲ ̲ ̲ ̲ ̲ ̲ ̲ ̲ ̲ ̲ ̲ ̲ ̲d̵e̵p̵o̵s̵i̵t̵s̵R̵e̵s̵e̵r̵v̵e̵,̵withdrawalsReserve, hremaining, hunreserved, hdepositable, henough,
  ̲  ̲ ̲ ̲ ̲ ̲ ̲ ̲ ̲ ̲ ̲ ̲ ̲ ̲ ̲ ̲ ̲ ̲ ̲ ̲ ̲ ̲ ̲ ̲ ̲ ̲ ̲ ̲ ̲ ̲ ̲ ̲hpost, hbuffered, hnext]

Note: This linter can be disabled with `set_option linter.unusedSimpArgs false`
warning: LidoSRv3/Audit/Source/ReserveCorrespondence.lean:490:32: This simp argument is unused:
  withdrawalsReserve

Hint: Omit it from the simp argument list.
  simp [ReserveContract.withdrawWithGuards, ReserveContract.withdraw,
  ̲  ̲ ̲ ̲ ̲ ̲ ̲ ̲ ̲ ̲ ̲ ̲ ̲ ̲ ̲ ̲ ̲ ̲ ̲ ̲ ̲ ̲ ̲ ̲ ̲ ̲ ̲ ̲ ̲ ̲ ̲ ̲observeVerity, specTx, modelWithdrawDepositableEther,
                                  spendDepositableEther, getBufferedEtherAllocation,
                                  getDepositableEther, decode, min, minWord, requireSomeUint,
  ̲  ̲ ̲ ̲ ̲ ̲ ̲ ̲ ̲ ̲ ̲ ̲ ̲ ̲ ̲ ̲ ̲ ̲ ̲ ̲ ̲ ̲ ̲ ̲ ̲ ̲ ̲ ̲ ̲ ̲ ̲ ̲getStorage, setStorage, ContractState.readSlot,
  ̲  ̲ ̲ ̲ ̲ ̲ ̲ ̲ ̲ ̲ ̲ ̲ ̲ ̲ ̲ ̲ ̲ ̲ ̲ ̲ ̲ ̲ ̲ ̲ ̲ ̲ ̲ ̲ ̲ ̲ ̲ ̲ContractState.writeSlot, Verity.require, Verity.bind, Bind.bind,
  ̲  ̲ ̲ ̲ ̲ ̲ ̲ ̲ ̲ ̲ ̲ ̲ ̲ ̲ ̲ ̲ ̲ ̲ ̲ ̲ ̲ ̲ ̲ ̲ ̲ ̲ ̲ ̲ ̲ ̲ ̲ ̲Pure.pure, Contract.run, hzero, hdeposits, hwithdrawals,
  ̲  ̲ ̲ ̲ ̲ ̲ ̲ ̲ ̲ ̲ ̲ ̲ ̲ ̲ ̲ ̲ ̲ ̲ ̲ ̲ ̲ ̲ ̲ ̲ ̲ ̲ ̲ ̲ ̲ ̲ ̲ ̲depositsReserve, w̵i̵t̵h̵d̵r̵a̵w̵a̵l̵s̵R̵e̵s̵e̵r̵v̵e̵,̵ ̵hremaining, hunreserved, hdepositable, henough,
  ̲  ̲ ̲ ̲ ̲ ̲ ̲ ̲ ̲ ̲ ̲ ̲ ̲ ̲ ̲ ̲ ̲ ̲ ̲ ̲ ̲ ̲ ̲ ̲ ̲ ̲ ̲ ̲ ̲ ̲ ̲ ̲hpost, hbuffered, hnext]

Note: This linter can be disabled with `set_option linter.unusedSimpArgs false`
warning: LidoSRv3/Audit/Source/ReserveCorrespondence.lean:511:78: This simp argument is unused:
  depositsReserve

Hint: Omit it from the simp argument list.
  simp [ReserveContract.withdrawWithGuards, ReserveContract.withdraw,
  ̲  ̲ ̲ ̲ ̲ ̲ ̲ ̲ ̲ ̲ ̲ ̲ ̲ ̲ ̲ ̲ ̲ ̲ ̲ ̲ ̲ ̲ ̲ ̲ ̲ ̲ ̲ ̲ ̲ ̲ ̲ ̲observeVerity, specTx, ReserveContract.buffered,
                                  ReserveContract.storedDepositsReserve,
                                  ReserveContract.unfinalizedStETH,
                                  ReserveContract.depositedPostReport,
                                  ReserveContract.depositedNextReportAdjusted,
                                  modelWithdrawDepositableEther, spendDepositableEther,
  ̲  ̲ ̲ ̲ ̲ ̲ ̲ ̲ ̲ ̲ ̲ ̲ ̲ ̲ ̲ ̲ ̲ ̲ ̲ ̲ ̲ ̲ ̲ ̲ ̲ ̲ ̲ ̲ ̲ ̲ ̲ ̲getBufferedEtherAllocation, getDepositableEther, decode, min,
  ̲  ̲ ̲ ̲ ̲ ̲ ̲ ̲ ̲ ̲ ̲ ̲ ̲ ̲ ̲ ̲ ̲ ̲ ̲ ̲ ̲ ̲ ̲ ̲ ̲ ̲ ̲ ̲ ̲ ̲ ̲ ̲minWord, requireSomeUint, getStorage, setStorage,
                                  ContractState.readSlot, ContractState.writeSlot, Verity.require,
  ̲  ̲ ̲ ̲ ̲ ̲ ̲ ̲ ̲ ̲ ̲ ̲ ̲ ̲ ̲ ̲ ̲ ̲ ̲ ̲ ̲ ̲ ̲ ̲ ̲ ̲ ̲ ̲ ̲ ̲ ̲ ̲Verity.bind, Bind.bind, Pure.pure, Contract.run, hzero, hdeposits,
  ̲  ̲ ̲ ̲ ̲ ̲ ̲ ̲ ̲ ̲ ̲ ̲ ̲ ̲ ̲ ̲ ̲ ̲ ̲ ̲ ̲ ̲ ̲ ̲ ̲ ̲ ̲ ̲ ̲ ̲ ̲ ̲hwithdrawals, d̵e̵p̵o̵s̵i̵t̵s̵R̵e̵s̵e̵r̵v̵e̵,̵withdrawalsReserve, hremaining, hunreserved,
  ̲  ̲ ̲ ̲ ̲ ̲ ̲ ̲ ̲ ̲ ̲ ̲ ̲ ̲ ̲ ̲ ̲ ̲ ̲ ̲ ̲ ̲ ̲ ̲ ̲ ̲ ̲ ̲ ̲ ̲ ̲ ̲hdepositable, henough, hpost, hbuffered, hnext]

Note: This linter can be disabled with `set_option linter.unusedSimpArgs false`
warning: LidoSRv3/Audit/Source/ReserveCorrespondence.lean:512:32: This simp argument is unused:
  withdrawalsReserve

Hint: Omit it from the simp argument list.
  simp [ReserveContract.withdrawWithGuards, ReserveContract.withdraw,
  ̲  ̲ ̲ ̲ ̲ ̲ ̲ ̲ ̲ ̲ ̲ ̲ ̲ ̲ ̲ ̲ ̲ ̲ ̲ ̲ ̲ ̲ ̲ ̲ ̲ ̲ ̲ ̲ ̲ ̲ ̲ ̲observeVerity, specTx, ReserveContract.buffered,
                                  ReserveContract.storedDepositsReserve,
                                  ReserveContract.unfinalizedStETH,
                                  ReserveContract.depositedPostReport,
                                  ReserveContract.depositedNextReportAdjusted,
                                  modelWithdrawDepositableEther, spendDepositableEther,
  ̲  ̲ ̲ ̲ ̲ ̲ ̲ ̲ ̲ ̲ ̲ ̲ ̲ ̲ ̲ ̲ ̲ ̲ ̲ ̲ ̲ ̲ ̲ ̲ ̲ ̲ ̲ ̲ ̲ ̲ ̲ ̲getBufferedEtherAllocation, getDepositableEther, decode, min,
  ̲  ̲ ̲ ̲ ̲ ̲ ̲ ̲ ̲ ̲ ̲ ̲ ̲ ̲ ̲ ̲ ̲ ̲ ̲ ̲ ̲ ̲ ̲ ̲ ̲ ̲ ̲ ̲ ̲ ̲ ̲ ̲minWord, requireSomeUint, getStorage, setStorage,
                                  ContractState.readSlot, ContractState.writeSlot, Verity.require,
  ̲  ̲ ̲ ̲ ̲ ̲ ̲ ̲ ̲ ̲ ̲ ̲ ̲ ̲ ̲ ̲ ̲ ̲ ̲ ̲ ̲ ̲ ̲ ̲ ̲ ̲ ̲ ̲ ̲ ̲ ̲ ̲Verity.bind, Bind.bind, Pure.pure, Contract.run, hzero, hdeposits,
  ̲  ̲ ̲ ̲ ̲ ̲ ̲ ̲ ̲ ̲ ̲ ̲ ̲ ̲ ̲ ̲ ̲ ̲ ̲ ̲ ̲ ̲ ̲ ̲ ̲ ̲ ̲ ̲ ̲ ̲ ̲ ̲hwithdrawals, depositsReserve, w̵i̵t̵h̵d̵r̵a̵w̵a̵l̵s̵R̵e̵s̵e̵r̵v̵e̵,̵ ̵hremaining, hunreserved,
                                  hdepositable, henough, hpost, hbuffered, hnext]

Note: This linter can be disabled with `set_option linter.unusedSimpArgs false`
warning: LidoSRv3/Audit/Source/ReserveCorrespondence.lean:519:63: This simp argument is unused:
  setStorage

Hint: Omit it from the simp argument list.
  simp [ReserveContract.withdrawWithGuards, ReserveContract.withdraw,
  ̲  ̲ ̲ ̲ ̲ ̲ ̲ ̲ ̲ ̲ ̲ ̲ ̲ ̲ ̲ ̲ ̲ ̲observeVerity, specTx, modelWithdrawDepositableEther, spendDepositableEther,
                    getBufferedEtherAllocation, getDepositableEther, decode, min, minWord,
  ̲  ̲ ̲ ̲ ̲ ̲ ̲ ̲ ̲ ̲ ̲ ̲ ̲ ̲ ̲ ̲ ̲ ̲requireSomeUint, getStorage, s̵e̵t̵S̵t̵o̵r̵a̵g̵e̵,̵ContractState.readSlot, ContractState.writeSlot,
  ̲  ̲ ̲ ̲ ̲ ̲ ̲ ̲ ̲ ̲ ̲ ̲ ̲ ̲ ̲ ̲ ̲ ̲Verity.require, Verity.bind, Bind.bind, Pure.pure, Contract.run, hzero, hdeposits,
  ̲  ̲ ̲ ̲ ̲ ̲ ̲ ̲ ̲ ̲ ̲ ̲ ̲ ̲ ̲ ̲ ̲ ̲hwithdrawals, depositsReserve, withdrawalsReserve, hremaining, hunreserved,
  ̲  ̲ ̲ ̲ ̲ ̲ ̲ ̲ ̲ ̲ ̲ ̲ ̲ ̲ ̲ ̲ ̲ ̲hdepositable, henough]

Note: This linter can be disabled with `set_option linter.unusedSimpArgs false`
warning: LidoSRv3/Audit/Source/ReserveCorrespondence.lean:520:44: This simp argument is unused:
  ContractState.writeSlot

Hint: Omit it from the simp argument list.
  simp [ReserveContract.withdrawWithGuards, ReserveContract.withdraw,
  ̲  ̲ ̲ ̲ ̲ ̲ ̲ ̲ ̲ ̲ ̲ ̲ ̲ ̲ ̲ ̲ ̲ ̲observeVerity, specTx, modelWithdrawDepositableEther, spendDepositableEther,
                    getBufferedEtherAllocation, getDepositableEther, decode, min, minWord,
  ̲  ̲ ̲ ̲ ̲ ̲ ̲ ̲ ̲ ̲ ̲ ̲ ̲ ̲ ̲ ̲ ̲ ̲requireSomeUint, getStorage, setStorage, ContractState.readSlot, C̵o̵n̵t̵r̵a̵c̵t̵S̵t̵a̵t̵e̵.̵w̵r̵i̵t̵e̵S̵l̵o̵t̵,̵Verity.require,
                    Verity.bind, Bind.bind, Pure.pure, Contract.run, hzero, hdeposits, hwithdrawals,
  ̲  ̲ ̲ ̲ ̲ ̲ ̲ ̲ ̲ ̲ ̲ ̲ ̲ ̲ ̲ ̲ ̲ ̲depositsReserve, withdrawalsReserve, hremaining, hunreserved, hdepositable,
                    henough]

Note: This linter can be disabled with `set_option linter.unusedSimpArgs false`
warning: LidoSRv3/Audit/Source/ReserveCorrespondence.lean:522:66: This simp argument is unused:
  depositsReserve

Hint: Omit it from the simp argument list.
  simp [ReserveContract.withdrawWithGuards, ReserveContract.withdraw,
  ̲  ̲ ̲ ̲ ̲ ̲ ̲ ̲ ̲ ̲ ̲ ̲ ̲ ̲ ̲ ̲ ̲ ̲observeVerity, specTx, modelWithdrawDepositableEther, spendDepositableEther,
                    getBufferedEtherAllocation, getDepositableEther, decode, min, minWord,
  ̲  ̲ ̲ ̲ ̲ ̲ ̲ ̲ ̲ ̲ ̲ ̲ ̲ ̲ ̲ ̲ ̲ ̲requireSomeUint, getStorage, setStorage, ContractState.readSlot,
  ̲  ̲ ̲ ̲ ̲ ̲ ̲ ̲ ̲ ̲ ̲ ̲ ̲ ̲ ̲ ̲ ̲ ̲ContractState.writeSlot, Verity.require, Verity.bind, Bind.bind, Pure.pure,
                    Contract.run, hzero, hdeposits, hwithdrawals, d̵e̵p̵o̵s̵i̵t̵s̵R̵e̵s̵e̵r̵v̵e̵,̵withdrawalsReserve, hremaining,
  ̲  ̲ ̲ ̲ ̲ ̲ ̲ ̲ ̲ ̲ ̲ ̲ ̲ ̲ ̲ ̲ ̲ ̲hunreserved, hdepositable, henough]

Note: This linter can be disabled with `set_option linter.unusedSimpArgs false`
warning: LidoSRv3/Audit/Source/ReserveCorrespondence.lean:523:20: This simp argument is unused:
  withdrawalsReserve

Hint: Omit it from the simp argument list.
  simp [ReserveContract.withdrawWithGuards, ReserveContract.withdraw,
  ̲  ̲ ̲ ̲ ̲ ̲ ̲ ̲ ̲ ̲ ̲ ̲ ̲ ̲ ̲ ̲ ̲ ̲observeVerity, specTx, modelWithdrawDepositableEther, spendDepositableEther,
                    getBufferedEtherAllocation, getDepositableEther, decode, min, minWord,
  ̲  ̲ ̲ ̲ ̲ ̲ ̲ ̲ ̲ ̲ ̲ ̲ ̲ ̲ ̲ ̲ ̲ ̲requireSomeUint, getStorage, setStorage, ContractState.readSlot,
  ̲  ̲ ̲ ̲ ̲ ̲ ̲ ̲ ̲ ̲ ̲ ̲ ̲ ̲ ̲ ̲ ̲ ̲ContractState.writeSlot, Verity.require, Verity.bind, Bind.bind, Pure.pure,
                    Contract.run, hzero, hdeposits, hwithdrawals, depositsReserve, w̵i̵t̵h̵d̵r̵a̵w̵a̵l̵s̵R̵e̵s̵e̵r̵v̵e̵,̵ ̵hremaining,
  ̲  ̲ ̲ ̲ ̲ ̲ ̲ ̲ ̲ ̲ ̲ ̲ ̲ ̲ ̲ ̲ ̲ ̲hunreserved, hdepositable, henough]

Note: This linter can be disabled with `set_option linter.unusedSimpArgs false`
⚠ [1417/1616] Replayed LidoSRv3.Audit.Verity.PConsolidationEth1CompositionTxUniversalRevert
warning: LidoSRv3/Audit/Verity/PConsolidationEth1CompositionTxUniversalRevert.lean:75:66: This simp argument is unused:
  evalExprList

Hint: Omit it from the simp argument list.
  simp [executeFunctionWithCalls, gwTx, gatewayFn, gatewaySpec, declaredValueCheck, effectiveFields,
  ̲  ̲ ̲ ̲bindExternalParams, DynamicAbi.bindExternalParams, DynamicAbi.bindSupportedParams,
  ̲  ̲ ̲ ̲DynamicAbi.decodeSupportedParamWord, amountParam, batchParam, execStmtListWithCalls,
  ̲  ̲ ̲ ̲execStmtWithCalls, execStmt, evalExpr, e̵v̵a̵l̵E̵x̵p̵r̵L̵i̵s̵t̵,̵boolWord, lookupValue, bindValue, withPayableCallContext,
  ̲  ̲ ̲ ̲withTransactionContext, wordNormalize, DynamicAbi.wordNormalize, execExternalCallBind,
  ̲  ̲ ̲ ̲gatewayEnv, envWith, link, denoteCallJournaled, denoteCall, identityAdversary, chargedGas,
  ̲  ̲ ̲ ̲journalEntry, debitSelfBalance, bindResultWords, honest]

Note: This linter can be disabled with `set_option linter.unusedSimpArgs false`
warning: LidoSRv3/Audit/Verity/PConsolidationEth1CompositionTxUniversalRevert.lean:76:27: This simp argument is unused:
  bindValue

Hint: Omit it from the simp argument list.
  simp [executeFunctionWithCalls, gwTx, gatewayFn, gatewaySpec, declaredValueCheck, effectiveFields,
  ̲  ̲ ̲ ̲bindExternalParams, DynamicAbi.bindExternalParams, DynamicAbi.bindSupportedParams,
  ̲  ̲ ̲ ̲DynamicAbi.decodeSupportedParamWord, amountParam, batchParam, execStmtListWithCalls,
  ̲  ̲ ̲ ̲execStmtWithCalls, execStmt, evalExpr, evalExprList, boolWord, lookupValue,
  ̲  ̲ ̲ ̲b̵i̵n̵d̵V̵a̵l̵u̵e̵,̵ ̵withPayableCallContext, withTransactionContext, wordNormalize, DynamicAbi.wordNormalize,
  ̲  ̲ ̲ ̲execExternalCallBind, gatewayEnv, envWith, link, denoteCallJournaled, denoteCall,
  ̲  ̲ ̲ ̲identityAdversary, chargedGas, journalEntry, debitSelfBalance, bindResultWords, honest]

Note: This linter can be disabled with `set_option linter.unusedSimpArgs false`
warning: LidoSRv3/Audit/Verity/PConsolidationEth1CompositionTxUniversalRevert.lean:77:45: This simp argument is unused:
  execExternalCallBind

Hint: Omit it from the simp argument list.
  simp [executeFunctionWithCalls, gwTx, gatewayFn, gatewaySpec, declaredValueCheck, effectiveFields,
  ̲  ̲ ̲ ̲bindExternalParams, DynamicAbi.bindExternalParams, DynamicAbi.bindSupportedParams,
  ̲  ̲ ̲ ̲DynamicAbi.decodeSupportedParamWord, amountParam, batchParam, execStmtListWithCalls,
  ̲  ̲ ̲ ̲execStmtWithCalls, execStmt, evalExpr, evalExprList, boolWord, lookupValue, bindValue,
  ̲  ̲ ̲ ̲withPayableCallContext, withTransactionContext, wordNormalize, DynamicAbi.wordNormalize,
  ̲  ̲ ̲ ̲e̵x̵e̵c̵E̵x̵t̵e̵r̵n̵a̵l̵C̵a̵l̵l̵B̵i̵n̵d̵,̵ ̵gatewayEnv, envWith, link, denoteCallJournaled, denoteCall, identityAdversary, chargedGas,
  ̲  ̲ ̲ ̲journalEntry, debitSelfBalance, bindResultWords, honest]

Note: This linter can be disabled with `set_option linter.unusedSimpArgs false`
warning: LidoSRv3/Audit/Verity/PConsolidationEth1CompositionTxUniversalRevert.lean:78:10: This simp argument is unused:
  denoteCallJournaled

Hint: Omit it from the simp argument list.
  simp [executeFunctionWithCalls, gwTx, gatewayFn, gatewaySpec, declaredValueCheck, effectiveFields,
  ̲  ̲ ̲ ̲bindExternalParams, DynamicAbi.bindExternalParams, DynamicAbi.bindSupportedParams,
  ̲  ̲ ̲ ̲DynamicAbi.decodeSupportedParamWord, amountParam, batchParam, execStmtListWithCalls,
  ̲  ̲ ̲ ̲execStmtWithCalls, execStmt, evalExpr, evalExprList, boolWord, lookupValue, bindValue,
  ̲  ̲ ̲ ̲withPayableCallContext, withTransactionContext, wordNormalize, DynamicAbi.wordNormalize,
  ̲  ̲ ̲ ̲execExternalCallBind, gatewayEnv, envWith, link, d̵e̵n̵o̵t̵e̵C̵a̵l̵l̵J̵o̵u̵r̵n̵a̵l̵e̵d̵,̵ ̵denoteCall, identityAdversary, chargedGas,
  ̲  ̲ ̲ ̲journalEntry, debitSelfBalance, bindResultWords, honest]

Note: This linter can be disabled with `set_option linter.unusedSimpArgs false`
warning: LidoSRv3/Audit/Verity/PConsolidationEth1CompositionTxUniversalRevert.lean:78:31: This simp argument is unused:
  denoteCall

Hint: Omit it from the simp argument list.
  simp [executeFunctionWithCalls, gwTx, gatewayFn, gatewaySpec, declaredValueCheck, effectiveFields,
  ̲  ̲ ̲ ̲bindExternalParams, DynamicAbi.bindExternalParams, DynamicAbi.bindSupportedParams,
  ̲  ̲ ̲ ̲DynamicAbi.decodeSupportedParamWord, amountParam, batchParam, execStmtListWithCalls,
  ̲  ̲ ̲ ̲execStmtWithCalls, execStmt, evalExpr, evalExprList, boolWord, lookupValue, bindValue,
  ̲  ̲ ̲ ̲withPayableCallContext, withTransactionContext, wordNormalize, DynamicAbi.wordNormalize,
  ̲  ̲ ̲ ̲execExternalCallBind, gatewayEnv, envWith, link, denoteCallJournaled, d̵e̵n̵o̵t̵e̵C̵a̵l̵l̵,̵ ̵identityAdversary,
  ̲  ̲ ̲ ̲chargedGas, journalEntry, debitSelfBalance, bindResultWords, honest]

Note: This linter can be disabled with `set_option linter.unusedSimpArgs false`
warning: LidoSRv3/Audit/Verity/PConsolidationEth1CompositionTxUniversalRevert.lean:78:62: This simp argument is unused:
  chargedGas

Hint: Omit it from the simp argument list.
  simp [executeFunctionWithCalls, gwTx, gatewayFn, gatewaySpec, declaredValueCheck, effectiveFields,
  ̲  ̲ ̲ ̲bindExternalParams, DynamicAbi.bindExternalParams, DynamicAbi.bindSupportedParams,
  ̲  ̲ ̲ ̲DynamicAbi.decodeSupportedParamWord, amountParam, batchParam, execStmtListWithCalls,
  ̲  ̲ ̲ ̲execStmtWithCalls, execStmt, evalExpr, evalExprList, boolWord, lookupValue, bindValue,
  ̲  ̲ ̲ ̲withPayableCallContext, withTransactionContext, wordNormalize, DynamicAbi.wordNormalize,
  ̲  ̲ ̲ ̲execExternalCallBind, gatewayEnv, envWith, link, denoteCallJournaled, denoteCall,
  ̲  ̲ ̲ ̲identityAdversary, c̵h̵a̵r̵g̵e̵d̵G̵a̵s̵,̵ ̵journalEntry, debitSelfBalance, bindResultWords, honest]

Note: This linter can be disabled with `set_option linter.unusedSimpArgs false`
warning: LidoSRv3/Audit/Verity/PConsolidationEth1CompositionTxUniversalRevert.lean:78:74: This simp argument is unused:
  journalEntry

Hint: Omit it from the simp argument list.
  simp [executeFunctionWithCalls, gwTx, gatewayFn, gatewaySpec, declaredValueCheck, effectiveFields,
  ̲  ̲ ̲ ̲bindExternalParams, DynamicAbi.bindExternalParams, DynamicAbi.bindSupportedParams,
  ̲  ̲ ̲ ̲DynamicAbi.decodeSupportedParamWord, amountParam, batchParam, execStmtListWithCalls,
  ̲  ̲ ̲ ̲execStmtWithCalls, execStmt, evalExpr, evalExprList, boolWord, lookupValue, bindValue,
  ̲  ̲ ̲ ̲withPayableCallContext, withTransactionContext, wordNormalize, DynamicAbi.wordNormalize,
  ̲  ̲ ̲ ̲execExternalCallBind, gatewayEnv, envWith, link, denoteCallJournaled, denoteCall,
  ̲  ̲ ̲ ̲identityAdversary, chargedGas, j̵o̵u̵r̵n̵a̵l̵E̵n̵t̵r̵y̵,̵debitSelfBalance, bindResultWords, honest]

Note: This linter can be disabled with `set_option linter.unusedSimpArgs false`
warning: LidoSRv3/Audit/Verity/PConsolidationEth1CompositionTxUniversalRevert.lean:79:4: This simp argument is unused:
  debitSelfBalance

Hint: Omit it from the simp argument list.
  simp [executeFunctionWithCalls, gwTx, gatewayFn, gatewaySpec, declaredValueCheck, effectiveFields,
  ̲  ̲ ̲ ̲bindExternalParams, DynamicAbi.bindExternalParams, DynamicAbi.bindSupportedParams,
  ̲  ̲ ̲ ̲DynamicAbi.decodeSupportedParamWord, amountParam, batchParam, execStmtListWithCalls,
  ̲  ̲ ̲ ̲execStmtWithCalls, execStmt, evalExpr, evalExprList, boolWord, lookupValue, bindValue,
  ̲  ̲ ̲ ̲withPayableCallContext, withTransactionContext, wordNormalize, DynamicAbi.wordNormalize,
  ̲  ̲ ̲ ̲execExternalCallBind, gatewayEnv, envWith, link, denoteCallJournaled, denoteCall,
  ̲  ̲ ̲ ̲identityAdversary, chargedGas, journalEntry, d̵e̵b̵i̵t̵S̵e̵l̵f̵B̵a̵l̵a̵n̵c̵e̵,̵ ̵bindResultWords, honest]

Note: This linter can be disabled with `set_option linter.unusedSimpArgs false`
warning: LidoSRv3/Audit/Verity/PConsolidationEth1CompositionTxUniversalRevert.lean:79:22: This simp argument is unused:
  bindResultWords

Hint: Omit it from the simp argument list.
  simp [executeFunctionWithCalls, gwTx, gatewayFn, gatewaySpec, declaredValueCheck, effectiveFields,
  ̲  ̲ ̲ ̲bindExternalParams, DynamicAbi.bindExternalParams, DynamicAbi.bindSupportedParams,
  ̲  ̲ ̲ ̲DynamicAbi.decodeSupportedParamWord, amountParam, batchParam, execStmtListWithCalls,
  ̲  ̲ ̲ ̲execStmtWithCalls, execStmt, evalExpr, evalExprList, boolWord, lookupValue, bindValue,
  ̲  ̲ ̲ ̲withPayableCallContext, withTransactionContext, wordNormalize, DynamicAbi.wordNormalize,
  ̲  ̲ ̲ ̲execExternalCallBind, gatewayEnv, envWith, link, denoteCallJournaled, denoteCall,
  ̲  ̲ ̲ ̲identityAdversary, chargedGas, journalEntry, debitSelfBalance, b̵i̵n̵d̵R̵e̵s̵u̵l̵t̵W̵o̵r̵d̵s̵,̵ ̵honest]

Note: This linter can be disabled with `set_option linter.unusedSimpArgs false`
warning: LidoSRv3/Audit/Verity/PConsolidationEth1CompositionTxUniversalRevert.lean:83:38: Variable name `hn` is not explicitly referenced.

The binding can be removed (if unused) or named `_` (if used implicitly).

Note: This linter can be disabled with `set_option linter.unusedVariables false`
warning: LidoSRv3/Audit/Verity/PConsolidationEth1CompositionTxUniversalRevert.lean:135:66: This simp argument is unused:
  evalExprList

Hint: Omit it from the simp argument list.
  simp [executeFunctionWithCalls, gwTx, gatewayFn, gatewaySpec, declaredValueCheck,
  ̵  ̵ ̵ ̵effectiveFields,
  ̲  ̲ ̲ ̲bindExternalParams, DynamicAbi.bindE̵x̵E̲x̲ter̵n̵a̵l̵r̲n̲a̲l̲Params, ̲D̲y̲n̲a̲m̲i̲c̲A̲b̲i̲.̲b̲i̲n̲d̲S̲u̲p̲p̲o̲r̲t̲e̲d̲P̲a̲r̲a̲m̲s̲,̲
      DynamicAbi.b̵i̵n̵dS̵u̵p̵p̵o̵r̵t̵ed̵P̵a̵r̵a̵m̵s̵,̵ ̵D̵y̵n̵a̵m̵i̵cA̵b̵i̵.̵d̵e̵c̵odeSupportedParamWord, amountParam, batchParam,
  ̵  ̵ ̵ ̵execStmtListWithCalls,
  ̲  ̲ ̲ ̲execStmtWithCalls, execStmt, evalExpr, e̵v̵a̵l̵E̵x̵p̵r̵L̵i̵s̵t̵,̵
  ̵ ̵ ̵ ̵ ̵boolWord, lookupValue, bindValue, withPayableCallContext,
  ̲  ̲ ̲ ̲withTransactionContext,
  ̵  ̵ ̵ ̵wordNormalize, DynamicAbi.wordNormalize, execExternalCallBind,
  ̲  ̲ ̲ ̲gatewayEnv, envWith,
  ̵  ̵ ̵ ̵link, denoteCallJournaled, denoteCall, identityAdversary, chargedGas,
  ̲  ̲ ̲ ̲journalEntry,
  ̵  ̵ ̵ ̵debitSelfBalance, bindResultWords, honest, hpos, hmv', hnM', hn, hfee',
      gateway_fee_slot, readFieldWord, feeField, ContractState.readSlot, ContractState.storage,
      hstorageW, mul_ofNat_val, hwrap]

Note: This linter can be disabled with `set_option linter.unusedSimpArgs false`
warning: LidoSRv3/Audit/Verity/PConsolidationEth1CompositionTxUniversalRevert.lean:137:45: This simp argument is unused:
  execExternalCallBind

Hint: Omit it from the simp argument list.
  simp [executeFunctionWithCalls, gwTx, gatewayFn, gatewaySpec, declaredValueCheck,
  ̵  ̵ ̵ ̵effectiveFields,
  ̲  ̲ ̲ ̲bindExternalParams, DynamicAbi.bindE̵x̵E̲x̲ter̵n̵a̵l̵r̲n̲a̲l̲Params, ̲D̲y̲n̲a̲m̲i̲c̲A̲b̲i̲.̲b̲i̲n̲d̲S̲u̲p̲p̲o̲r̲t̲e̲d̲P̲a̲r̲a̲m̲s̲,̲
      DynamicAbi.b̵i̵n̵dS̵u̵p̵p̵o̵r̵t̵ed̵P̵a̵r̵a̵m̵s̵,̵ ̵D̵y̵n̵a̵m̵i̵cA̵b̵i̵.̵d̵e̵c̵odeSupportedParamWord, amountParam, batchParam,
  ̵  ̵ ̵ ̵execStmtListWithCalls,
  ̲  ̲ ̲ ̲execStmtWithCalls, execStmt, evalExpr, evalExprList,
  ̵  ̵ ̵ ̵boolWord, lookupValue, bindValue,
  ̲  ̲ ̲ ̲withPayableCallContext, withTransactionContext,
  ̵  ̵ ̵ ̵wordNormalize, DynamicAbi.wordNormalize,
  ̲ e̵x̵e̵c̵E̵x̵t̵e̵r̵n̵a̵l̵C̵a̵l̵l̵B̵i̵n̵d̵,̵  ̲ ̲gatewayEnv, envWith,
  ̵  ̵ ̵ ̵link, denoteCallJournaled, denoteCall, identityAdversary, chargedGas,
  ̲  ̲ ̲ ̲journalEntry,
  ̵  ̵ ̵ ̵debitSelfBalance, bindResultWords, honest, hpos, hmv', hnM', hn, hfee',
      gateway_fee_slot, readFieldWord, feeField, ContractState.readSlot, ContractState.storage,
      hstorageW, mul_ofNat_val, hwrap]

Note: This linter can be disabled with `set_option linter.unusedSimpArgs false`
warning: LidoSRv3/Audit/Verity/PConsolidationEth1CompositionTxUniversalRevert.lean:138:10: This simp argument is unused:
  denoteCallJournaled

Hint: Omit it from the simp argument list.
  simp [executeFunctionWithCalls, gwTx, gatewayFn, gatewaySpec, declaredValueCheck,
  ̵  ̵ ̵ ̵effectiveFields,
  ̲  ̲ ̲ ̲bindExternalParams, DynamicAbi.bindE̵x̵E̲x̲ter̵n̵a̵l̵r̲n̲a̲l̲Params, ̲D̲y̲n̲a̲m̲i̲c̲A̲b̲i̲.̲b̲i̲n̲d̲S̲u̲p̲p̲o̲r̲t̲e̲d̲P̲a̲r̲a̲m̲s̲,̲
      DynamicAbi.b̵i̵n̵dS̵u̵p̵p̵o̵r̵t̵ed̵P̵a̵r̵a̵m̵s̵,̵ ̵D̵y̵n̵a̵m̵i̵cA̵b̵i̵.̵d̵e̵c̵odeSupportedParamWord, amountParam, batchParam,
  ̵  ̵ ̵ ̵execStmtListWithCalls,
  ̲  ̲ ̲ ̲execStmtWithCalls, execStmt, evalExpr, evalExprList,
  ̵  ̵ ̵ ̵boolWord, lookupValue, bindValue,
  ̲  ̲ ̲ ̲withPayableCallContext, withTransactionContext,
  ̵  ̵ ̵ ̵wordNormalize, DynamicAbi.wordNormalize,
  ̲  ̲ ̲ ̲execExternalCallBind, gatewayEnv, envWith,
  ̵  ̵ ̵ ̵link, denoteCallJ̵o̵u̵r̵n̵a̵l̵e̵d̵, d̵e̵n̵o̵t̵e̵C̵a̵l̵l̵,̵ ̵identityAdversary, chargedGas,
  ̲  ̲ ̲ ̲journalEntry,
  ̵  ̵ ̵ ̵debitSelfBalance, bindResultWords, honest, hpos, hmv', hnM', hn, hfee',
      gateway_fee_slot, readFieldWord, feeField, ContractState.readSlot, ContractState.storage,
      hstorageW, mul_ofNat_val, hwrap]

Note: This linter can be disabled with `set_option linter.unusedSimpArgs false`
warning: LidoSRv3/Audit/Verity/PConsolidationEth1CompositionTxUniversalRevert.lean:138:31: This simp argument is unused:
  denoteCall

Hint: Omit it from the simp argument list.
  simp [executeFunctionWithCalls, gwTx, gatewayFn, gatewaySpec, declaredValueCheck,
  ̵  ̵ ̵ ̵effectiveFields,
  ̲  ̲ ̲ ̲bindExternalParams, DynamicAbi.bindE̵x̵E̲x̲ter̵n̵a̵l̵r̲n̲a̲l̲Params, ̲D̲y̲n̲a̲m̲i̲c̲A̲b̲i̲.̲b̲i̲n̲d̲S̲u̲p̲p̲o̲r̲t̲e̲d̲P̲a̲r̲a̲m̲s̲,̲
      DynamicAbi.b̵i̵n̵dS̵u̵p̵p̵o̵r̵t̵ed̵P̵a̵r̵a̵m̵s̵,̵ ̵D̵y̵n̵a̵m̵i̵cA̵b̵i̵.̵d̵e̵c̵odeSupportedParamWord, amountParam, batchParam,
  ̵  ̵ ̵ ̵execStmtListWithCalls,
  ̲  ̲ ̲ ̲execStmtWithCalls, execStmt, evalExpr, evalExprList,
  ̵  ̵ ̵ ̵boolWord, lookupValue, bindValue,
  ̲  ̲ ̲ ̲withPayableCallContext, withTransactionContext,
  ̵  ̵ ̵ ̵wordNormalize, DynamicAbi.wordNormalize,
  ̲  ̲ ̲ ̲execExternalCallBind, gatewayEnv, envWith,
  ̵  ̵ ̵ ̵link, denoteCallJournaled, d̵e̵n̵o̵t̵e̵C̵a̵l̵l̵,̵ ̵identityAdversary,
  ̲  ̲ ̲ ̲chargedGas, journalEntry,
  ̵  ̵ ̵ ̵debitSelfBalance, bindResultWords, honest, hpos, hmv', hnM', hn,
  ̲  ̲ ̲ ̲hfee',
  ̵  ̵ ̵ ̵gateway_fee_slot, readFieldWord, feeField, ContractState.readSlot, ContractState.storage,
      hstorageW, mul_ofNat_val, hwrap]

Note: This linter can be disabled with `set_option linter.unusedSimpArgs false`
warning: LidoSRv3/Audit/Verity/PConsolidationEth1CompositionTxUniversalRevert.lean:138:62: This simp argument is unused:
  chargedGas

Hint: Omit it from the simp argument list.
  simp [executeFunctionWithCalls, gwTx, gatewayFn, gatewaySpec, declaredValueCheck,
  ̵  ̵ ̵ ̵effectiveFields,
  ̲  ̲ ̲ ̲bindExternalParams, DynamicAbi.bindE̵x̵E̲x̲ter̵n̵a̵l̵r̲n̲a̲l̲Params, ̲D̲y̲n̲a̲m̲i̲c̲A̲b̲i̲.̲b̲i̲n̲d̲S̲u̲p̲p̲o̲r̲t̲e̲d̲P̲a̲r̲a̲m̲s̲,̲
      DynamicAbi.b̵i̵n̵dS̵u̵p̵p̵o̵r̵t̵ed̵P̵a̵r̵a̵m̵s̵,̵ ̵D̵y̵n̵a̵m̵i̵cA̵b̵i̵.̵d̵e̵c̵odeSupportedParamWord, amountParam, batchParam,
  ̵  ̵ ̵ ̵execStmtListWithCalls,
  ̲  ̲ ̲ ̲execStmtWithCalls, execStmt, evalExpr, evalExprList,
  ̵  ̵ ̵ ̵boolWord, lookupValue, bindValue,
  ̲  ̲ ̲ ̲withPayableCallContext, withTransactionContext,
  ̵  ̵ ̵ ̵wordNormalize, DynamicAbi.wordNormalize,
  ̲  ̲ ̲ ̲execExternalCallBind, gatewayEnv, envWith,
  ̵  ̵ ̵ ̵link, denoteCallJournaled, denoteCall,
  ̲  ̲ ̲ ̲identityAdversary, c̵h̵a̵r̵g̵e̵d̵G̵a̵s̵,̵ ̵journalEntry,
  ̵  ̵ ̵ ̵debitSelfBalance, bindResultWords, honest, hpos, hmv', hnM',
  ̲  ̲ ̲ ̲hn, hfee',
  ̵  ̵ ̵ ̵gateway_fee_slot, readFieldWord, feeField, ContractState.readSlot,
  ̲  ̲ ̲ ̲ContractState.storage,
  ̵  ̵ ̵ ̵hstorageW, mul_ofNat_val, hwrap]

Note: This linter can be disabled with `set_option linter.unusedSimpArgs false`
warning: LidoSRv3/Audit/Verity/PConsolidationEth1CompositionTxUniversalRevert.lean:138:74: This simp argument is unused:
  journalEntry

Hint: Omit it from the simp argument list.
  simp [executeFunctionWithCalls, gwTx, gatewayFn, gatewaySpec, declaredValueCheck,
  ̵  ̵ ̵ ̵effectiveFields,
  ̲  ̲ ̲ ̲bindExternalParams, DynamicAbi.bindE̵x̵E̲x̲ter̵n̵a̵l̵r̲n̲a̲l̲Params, ̲D̲y̲n̲a̲m̲i̲c̲A̲b̲i̲.̲b̲i̲n̲d̲S̲u̲p̲p̲o̲r̲t̲e̲d̲P̲a̲r̲a̲m̲s̲,̲
      DynamicAbi.b̵i̵n̵dS̵u̵p̵p̵o̵r̵t̵ed̵P̵a̵r̵a̵m̵s̵,̵ ̵D̵y̵n̵a̵m̵i̵cA̵b̵i̵.̵d̵e̵c̵odeSupportedParamWord, amountParam, batchParam,
  ̵  ̵ ̵ ̵execStmtListWithCalls,
  ̲  ̲ ̲ ̲execStmtWithCalls, execStmt, evalExpr, evalExprList,
  ̵  ̵ ̵ ̵boolWord, lookupValue, bindValue,
  ̲  ̲ ̲ ̲withPayableCallContext, withTransactionContext,
  ̵  ̵ ̵ ̵wordNormalize, DynamicAbi.wordNormalize,
  ̲  ̲ ̲ ̲execExternalCallBind, gatewayEnv, envWith,
  ̵  ̵ ̵ ̵link, denoteCallJournaled, denoteCall,
  ̲  ̲ ̲ ̲identityAdversary, chargedGas, j̵o̵u̵r̵n̵a̵l̵E̵n̵t̵r̵y̵,̵
  ̵ ̵ ̵ ̵ ̵debitSelfBalance, bindResultWords, honest, hpos, hmv', hnM', hn,
  ̲  ̲ ̲ ̲hfee',
  ̵  ̵ ̵ ̵gateway_fee_slot, readFieldWord, feeField, ContractState.readSlot, ContractState.storage,
      hstorageW, mul_ofNat_val, hwrap]

Note: This linter can be disabled with `set_option linter.unusedSimpArgs false`
warning: LidoSRv3/Audit/Verity/PConsolidationEth1CompositionTxUniversalRevert.lean:139:4: This simp argument is unused:
  debitSelfBalance

Hint: Omit it from the simp argument list.
  simp [executeFunctionWithCalls, gwTx, gatewayFn, gatewaySpec, declaredValueCheck,
  ̵  ̵ ̵ ̵effectiveFields,
  ̲  ̲ ̲ ̲bindExternalParams, DynamicAbi.bindE̵x̵E̲x̲ter̵n̵a̵l̵r̲n̲a̲l̲Params, ̲D̲y̲n̲a̲m̲i̲c̲A̲b̲i̲.̲b̲i̲n̲d̲S̲u̲p̲p̲o̲r̲t̲e̲d̲P̲a̲r̲a̲m̲s̲,̲
      DynamicAbi.b̵i̵n̵dS̵u̵p̵p̵o̵r̵t̵ed̵P̵a̵r̵a̵m̵s̵,̵ ̵D̵y̵n̵a̵m̵i̵cA̵b̵i̵.̵d̵e̵c̵odeSupportedParamWord, amountParam, batchParam,
  ̵  ̵ ̵ ̵execStmtListWithCalls,
  ̲  ̲ ̲ ̲execStmtWithCalls, execStmt, evalExpr, evalExprList,
  ̵  ̵ ̵ ̵boolWord, lookupValue, bindValue,
  ̲  ̲ ̲ ̲withPayableCallContext, withTransactionContext,
  ̵  ̵ ̵ ̵wordNormalize, DynamicAbi.wordNormalize,
  ̲  ̲ ̲ ̲execExternalCallBind, gatewayEnv, envWith,
  ̵  ̵ ̵ ̵link, denoteCallJournaled, denoteCall,
  ̲  ̲ ̲ ̲identityAdversary, chargedGas, journalEntry,
  ̵  ̵ ̵ ̵d̵e̵bit̵S̵e̵l̵f̵B̵a̵l̵a̵nc̵e̵,̵ ̵b̵i̵n̵dResultWords, honest, hpos, hmv', hnM', hn,
  ̲  ̲ ̲ ̲hfee',
  ̵  ̵ ̵ ̵gateway_fee_slot, readFieldWord, feeField, ContractState.readSlot, ContractState.storage,
      hstorageW, mul_ofNat_val, hwrap]

Note: This linter can be disabled with `set_option linter.unusedSimpArgs false`
warning: LidoSRv3/Audit/Verity/PConsolidationEth1CompositionTxUniversalRevert.lean:139:22: This simp argument is unused:
  bindResultWords

Hint: Omit it from the simp argument list.
  simp [executeFunctionWithCalls, gwTx, gatewayFn, gatewaySpec, declaredValueCheck,
  ̵  ̵ ̵ ̵effectiveFields,
  ̲  ̲ ̲ ̲bindExternalParams, DynamicAbi.bindE̵x̵E̲x̲ter̵n̵a̵l̵r̲n̲a̲l̲Params, ̲D̲y̲n̲a̲m̲i̲c̲A̲b̲i̲.̲b̲i̲n̲d̲S̲u̲p̲p̲o̲r̲t̲e̲d̲P̲a̲r̲a̲m̲s̲,̲
      DynamicAbi.b̵i̵n̵dS̵u̵p̵p̵o̵r̵t̵ed̵P̵a̵r̵a̵m̵s̵,̵ ̵D̵y̵n̵a̵m̵i̵cA̵b̵i̵.̵d̵e̵c̵odeSupportedParamWord, amountParam, batchParam,
  ̵  ̵ ̵ ̵execStmtListWithCalls,
  ̲  ̲ ̲ ̲execStmtWithCalls, execStmt, evalExpr, evalExprList,
  ̵  ̵ ̵ ̵boolWord, lookupValue, bindValue,
  ̲  ̲ ̲ ̲withPayableCallContext, withTransactionContext,
  ̵  ̵ ̵ ̵wordNormalize, DynamicAbi.wordNormalize,
  ̲  ̲ ̲ ̲execExternalCallBind, gatewayEnv, envWith,
  ̵  ̵ ̵ ̵link, denoteCallJournaled, denoteCall,
  ̲  ̲ ̲ ̲identityAdversary, chargedGas, journalEntry,
  ̵  ̵ ̵ ̵debitSelfBalance, b̵i̵n̵d̵R̵e̵s̵u̵l̵t̵W̵o̵r̵d̵s̵,̵ ̵honest, hpos, hmv', hnM', hn,
  ̲  ̲ ̲ ̲hfee',
  ̵  ̵ ̵ ̵gateway_fee_slot, readFieldWord, feeField, ContractState.readSlot, ContractState.storage,
      hstorageW, mul_ofNat_val, hwrap]

Note: This linter can be disabled with `set_option linter.unusedSimpArgs false`
warning: LidoSRv3/Audit/Verity/PConsolidationEth1CompositionTxUniversalRevert.lean:148:5: Variable name `hfee` is not explicitly referenced.

The binding can be removed (if unused) or named `_` (if used implicitly).

Note: This linter can be disabled with `set_option linter.unusedVariables false`
warning: LidoSRv3/Audit/Verity/PConsolidationEth1CompositionTxUniversalRevert.lean:169:66: This simp argument is unused:
  evalExprList

Hint: Omit it from the simp argument list.
  simp [executeFunctionWithCalls, gwTx, gatewayFn, gatewaySpec, declaredValueCheck,
  ̵  ̵ ̵ ̵effectiveFields,
  ̲  ̲ ̲ ̲bindExternalParams, DynamicAbi.bindE̵x̵E̲x̲ter̵n̵a̵l̵r̲n̲a̲l̲Params, ̲D̲y̲n̲a̲m̲i̲c̲A̲b̲i̲.̲b̲i̲n̲d̲S̲u̲p̲p̲o̲r̲t̲e̲d̲P̲a̲r̲a̲m̲s̲,̲
      DynamicAbi.b̵i̵n̵dS̵u̵p̵p̵o̵r̵t̵ed̵P̵a̵r̵a̵m̵s̵,̵ ̵D̵y̵n̵a̵m̵i̵cA̵b̵i̵.̵d̵e̵c̵odeSupportedParamWord, amountParam, batchParam,
  ̵  ̵ ̵ ̵execStmtListWithCalls,
  ̲  ̲ ̲ ̲execStmtWithCalls, execStmt, evalExpr, e̵v̵a̵l̵E̵x̵p̵r̵L̵i̵s̵t̵,̵
  ̵ ̵ ̵ ̵ ̵boolWord, lookupValue, bindValue, withPayableCallContext,
  ̲  ̲ ̲ ̲withTransactionContext,
  ̵  ̵ ̵ ̵wordNormalize, DynamicAbi.wordNormalize, execExternalCallBind,
  ̲  ̲ ̲ ̲gatewayEnv, envWith,
  ̵  ̵ ̵ ̵link, denoteCallJournaled, denoteCall, identityAdversary, chargedGas,
  ̲  ̲ ̲ ̲journalEntry,
  ̵  ̵ ̵ ̵debitSelfBalance, bindResultWords, honest, hpos, hmv', hnM', hn, hnf',
      gateway_fee_slot, readFieldWord, feeField, ContractState.readSlot, ContractState.storage,
      hstorageW, mul_ofNat_val, hdiv, hle]

Note: This linter can be disabled with `set_option linter.unusedSimpArgs false`
warning: LidoSRv3/Audit/Verity/PConsolidationEth1CompositionTxUniversalRevert.lean:171:45: This simp argument is unused:
  execExternalCallBind

Hint: Omit it from the simp argument list.
  simp [executeFunctionWithCalls, gwTx, gatewayFn, gatewaySpec, declaredValueCheck,
  ̵  ̵ ̵ ̵effectiveFields,
  ̲  ̲ ̲ ̲bindExternalParams, DynamicAbi.bindE̵x̵E̲x̲ter̵n̵a̵l̵r̲n̲a̲l̲Params, ̲D̲y̲n̲a̲m̲i̲c̲A̲b̲i̲.̲b̲i̲n̲d̲S̲u̲p̲p̲o̲r̲t̲e̲d̲P̲a̲r̲a̲m̲s̲,̲
      DynamicAbi.b̵i̵n̵dS̵u̵p̵p̵o̵r̵t̵ed̵P̵a̵r̵a̵m̵s̵,̵ ̵D̵y̵n̵a̵m̵i̵cA̵b̵i̵.̵d̵e̵c̵odeSupportedParamWord, amountParam, batchParam,
  ̵  ̵ ̵ ̵execStmtListWithCalls,
  ̲  ̲ ̲ ̲execStmtWithCalls, execStmt, evalExpr, evalExprList,
  ̵  ̵ ̵ ̵boolWord, lookupValue, bindValue,
  ̲  ̲ ̲ ̲withPayableCallContext, withTransactionContext,
  ̵  ̵ ̵ ̵wordNormalize, DynamicAbi.wordNormalize,
  ̲ e̵x̵e̵c̵E̵x̵t̵e̵r̵n̵a̵l̵C̵a̵l̵l̵B̵i̵n̵d̵,̵  ̲ ̲gatewayEnv, envWith,
  ̵  ̵ ̵ ̵link, denoteCallJournaled, denoteCall, identityAdversary, chargedGas,
  ̲  ̲ ̲ ̲journalEntry,
  ̵  ̵ ̵ ̵debitSelfBalance, bindResultWords, honest, hpos, hmv', hnM', hn, hnf',
      gateway_fee_slot, readFieldWord, feeField, ContractState.readSlot, ContractState.storage,
      hstorageW, mul_ofNat_val, hdiv, hle]

Note: This linter can be disabled with `set_option linter.unusedSimpArgs false`
warning: LidoSRv3/Audit/Verity/PConsolidationEth1CompositionTxUniversalRevert.lean:172:10: This simp argument is unused:
  denoteCallJournaled

Hint: Omit it from the simp argument list.
  simp [executeFunctionWithCalls, gwTx, gatewayFn, gatewaySpec, declaredValueCheck,
  ̵  ̵ ̵ ̵effectiveFields,
  ̲  ̲ ̲ ̲bindExternalParams, DynamicAbi.bindE̵x̵E̲x̲ter̵n̵a̵l̵r̲n̲a̲l̲Params, ̲D̲y̲n̲a̲m̲i̲c̲A̲b̲i̲.̲b̲i̲n̲d̲S̲u̲p̲p̲o̲r̲t̲e̲d̲P̲a̲r̲a̲m̲s̲,̲
      DynamicAbi.b̵i̵n̵dS̵u̵p̵p̵o̵r̵t̵ed̵P̵a̵r̵a̵m̵s̵,̵ ̵D̵y̵n̵a̵m̵i̵cA̵b̵i̵.̵d̵e̵c̵odeSupportedParamWord, amountParam, batchParam,
  ̵  ̵ ̵ ̵execStmtListWithCalls,
  ̲  ̲ ̲ ̲execStmtWithCalls, execStmt, evalExpr, evalExprList,
  ̵  ̵ ̵ ̵boolWord, lookupValue, bindValue,
  ̲  ̲ ̲ ̲withPayableCallContext, withTransactionContext,
  ̵  ̵ ̵ ̵wordNormalize, DynamicAbi.wordNormalize,
  ̲  ̲ ̲ ̲execExternalCallBind, gatewayEnv, envWith,
  ̵  ̵ ̵ ̵link, denoteCallJ̵o̵u̵r̵n̵a̵l̵e̵d̵, d̵e̵n̵o̵t̵e̵C̵a̵l̵l̵,̵ ̵identityAdversary, chargedGas,
  ̲  ̲ ̲ ̲journalEntry,
  ̵  ̵ ̵ ̵debitSelfBalance, bindResultWords, honest, hpos, hmv', hnM', hn, hnf',
      gateway_fee_slot, readFieldWord, feeField, ContractState.readSlot, ContractState.storage,
      hstorageW, mul_ofNat_val, hdiv, hle]

Note: This linter can be disabled with `set_option linter.unusedSimpArgs false`
warning: LidoSRv3/Audit/Verity/PConsolidationEth1CompositionTxUniversalRevert.lean:172:31: This simp argument is unused:
  denoteCall

Hint: Omit it from the simp argument list.
  simp [executeFunctionWithCalls, gwTx, gatewayFn, gatewaySpec, declaredValueCheck,
  ̵  ̵ ̵ ̵effectiveFields,
  ̲  ̲ ̲ ̲bindExternalParams, DynamicAbi.bindE̵x̵E̲x̲ter̵n̵a̵l̵r̲n̲a̲l̲Params, ̲D̲y̲n̲a̲m̲i̲c̲A̲b̲i̲.̲b̲i̲n̲d̲S̲u̲p̲p̲o̲r̲t̲e̲d̲P̲a̲r̲a̲m̲s̲,̲
      DynamicAbi.b̵i̵n̵dS̵u̵p̵p̵o̵r̵t̵ed̵P̵a̵r̵a̵m̵s̵,̵ ̵D̵y̵n̵a̵m̵i̵cA̵b̵i̵.̵d̵e̵c̵odeSupportedParamWord, amountParam, batchParam,
  ̵  ̵ ̵ ̵execStmtListWithCalls,
  ̲  ̲ ̲ ̲execStmtWithCalls, execStmt, evalExpr, evalExprList,
  ̵  ̵ ̵ ̵boolWord, lookupValue, bindValue,
  ̲  ̲ ̲ ̲withPayableCallContext, withTransactionContext,
  ̵  ̵ ̵ ̵wordNormalize, DynamicAbi.wordNormalize,
  ̲  ̲ ̲ ̲execExternalCallBind, gatewayEnv, envWith,
  ̵  ̵ ̵ ̵link, denoteCallJournaled, d̵e̵n̵o̵t̵e̵C̵a̵l̵l̵,̵ ̵identityAdversary,
  ̲  ̲ ̲ ̲chargedGas, journalEntry,
  ̵  ̵ ̵ ̵debitSelfBalance, bindResultWords, honest, hpos, hmv', hnM', hn, hnf',
      gateway_fee_slot, readFieldWord, feeField, ContractState.readSlot, ContractState.storage,
      hstorageW, mul_ofNat_val, hdiv, hle]

Note: This linter can be disabled with `set_option linter.unusedSimpArgs false`
warning: LidoSRv3/Audit/Verity/PConsolidationEth1CompositionTxUniversalRevert.lean:172:62: This simp argument is unused:
  chargedGas

Hint: Omit it from the simp argument list.
  simp [executeFunctionWithCalls, gwTx, gatewayFn, gatewaySpec, declaredValueCheck,
  ̵  ̵ ̵ ̵effectiveFields,
  ̲  ̲ ̲ ̲bindExternalParams, DynamicAbi.bindE̵x̵E̲x̲ter̵n̵a̵l̵r̲n̲a̲l̲Params, ̲D̲y̲n̲a̲m̲i̲c̲A̲b̲i̲.̲b̲i̲n̲d̲S̲u̲p̲p̲o̲r̲t̲e̲d̲P̲a̲r̲a̲m̲s̲,̲
      DynamicAbi.b̵i̵n̵dS̵u̵p̵p̵o̵r̵t̵ed̵P̵a̵r̵a̵m̵s̵,̵ ̵D̵y̵n̵a̵m̵i̵cA̵b̵i̵.̵d̵e̵c̵odeSupportedParamWord, amountParam, batchParam,
  ̵  ̵ ̵ ̵execStmtListWithCalls,
  ̲  ̲ ̲ ̲execStmtWithCalls, execStmt, evalExpr, evalExprList,
  ̵  ̵ ̵ ̵boolWord, lookupValue, bindValue,
  ̲  ̲ ̲ ̲withPayableCallContext, withTransactionContext,
  ̵  ̵ ̵ ̵wordNormalize, DynamicAbi.wordNormalize,
  ̲  ̲ ̲ ̲execExternalCallBind, gatewayEnv, envWith,
  ̵  ̵ ̵ ̵link, denoteCallJournaled, denoteCall,
  ̲  ̲ ̲ ̲identityAdversary, c̵h̵a̵r̵g̵e̵d̵G̵a̵s̵,̵ ̵journalEntry,
  ̵  ̵ ̵ ̵debitSelfBalance, bindResultWords, honest, hpos, hmv', hnM',
  ̲  ̲ ̲ ̲hn, hnf',
  ̵  ̵ ̵ ̵gateway_fee_slot, readFieldWord, feeField, ContractState.readSlot,
  ̲  ̲ ̲ ̲ContractState.storage,
  ̵  ̵ ̵ ̵hstorageW, mul_ofNat_val, hdiv, hle]

Note: This linter can be disabled with `set_option linter.unusedSimpArgs false`
warning: LidoSRv3/Audit/Verity/PConsolidationEth1CompositionTxUniversalRevert.lean:172:74: This simp argument is unused:
  journalEntry

Hint: Omit it from the simp argument list.
  simp [executeFunctionWithCalls, gwTx, gatewayFn, gatewaySpec, declaredValueCheck,
  ̵  ̵ ̵ ̵effectiveFields,
  ̲  ̲ ̲ ̲bindExternalParams, DynamicAbi.bindE̵x̵E̲x̲ter̵n̵a̵l̵r̲n̲a̲l̲Params, ̲D̲y̲n̲a̲m̲i̲c̲A̲b̲i̲.̲b̲i̲n̲d̲S̲u̲p̲p̲o̲r̲t̲e̲d̲P̲a̲r̲a̲m̲s̲,̲
      DynamicAbi.b̵i̵n̵dS̵u̵p̵p̵o̵r̵t̵ed̵P̵a̵r̵a̵m̵s̵,̵ ̵D̵y̵n̵a̵m̵i̵cA̵b̵i̵.̵d̵e̵c̵odeSupportedParamWord, amountParam, batchParam,
  ̵  ̵ ̵ ̵execStmtListWithCalls,
  ̲  ̲ ̲ ̲execStmtWithCalls, execStmt, evalExpr, evalExprList,
  ̵  ̵ ̵ ̵boolWord, lookupValue, bindValue,
  ̲  ̲ ̲ ̲withPayableCallContext, withTransactionContext,
  ̵  ̵ ̵ ̵wordNormalize, DynamicAbi.wordNormalize,
  ̲  ̲ ̲ ̲execExternalCallBind, gatewayEnv, envWith,
  ̵  ̵ ̵ ̵link, denoteCallJournaled, denoteCall,
  ̲  ̲ ̲ ̲identityAdversary, chargedGas, j̵o̵u̵r̵n̵a̵l̵E̵n̵t̵r̵y̵,̵
  ̵ ̵ ̵ ̵ ̵debitSelfBalance, bindResultWords, honest, hpos, hmv', hnM', hn,
  ̲  ̲ ̲ ̲hnf',
  ̵  ̵ ̵ ̵gateway_fee_slot, readFieldWord, feeField, ContractState.readSlot, ContractState.storage,
      hstorageW, mul_ofNat_val, hdiv, hle]

Note: This linter can be disabled with `set_option linter.unusedSimpArgs false`
warning: LidoSRv3/Audit/Verity/PConsolidationEth1CompositionTxUniversalRevert.lean:173:4: This simp argument is unused:
  debitSelfBalance

Hint: Omit it from the simp argument list.
  simp [executeFunctionWithCalls, gwTx, gatewayFn, gatewaySpec, declaredValueCheck,
  ̵  ̵ ̵ ̵effectiveFields,
  ̲  ̲ ̲ ̲bindExternalParams, DynamicAbi.bindE̵x̵E̲x̲ter̵n̵a̵l̵r̲n̲a̲l̲Params, ̲D̲y̲n̲a̲m̲i̲c̲A̲b̲i̲.̲b̲i̲n̲d̲S̲u̲p̲p̲o̲r̲t̲e̲d̲P̲a̲r̲a̲m̲s̲,̲
      DynamicAbi.b̵i̵n̵dS̵u̵p̵p̵o̵r̵t̵ed̵P̵a̵r̵a̵m̵s̵,̵ ̵D̵y̵n̵a̵m̵i̵cA̵b̵i̵.̵d̵e̵c̵odeSupportedParamWord, amountParam, batchParam,
  ̵  ̵ ̵ ̵execStmtListWithCalls,
  ̲  ̲ ̲ ̲execStmtWithCalls, execStmt, evalExpr, evalExprList,
  ̵  ̵ ̵ ̵boolWord, lookupValue, bindValue,
  ̲  ̲ ̲ ̲withPayableCallContext, withTransactionContext,
  ̵  ̵ ̵ ̵wordNormalize, DynamicAbi.wordNormalize,
  ̲  ̲ ̲ ̲execExternalCallBind, gatewayEnv, envWith,
  ̵  ̵ ̵ ̵link, denoteCallJournaled, denoteCall,
  ̲  ̲ ̲ ̲identityAdversary, chargedGas, journalEntry,
  ̵  ̵ ̵ ̵d̵e̵bit̵S̵e̵l̵f̵B̵a̵l̵a̵nc̵e̵,̵ ̵b̵i̵n̵dResultWords, honest, hpos, hmv', hnM', hn,
  ̲  ̲ ̲ ̲hnf',
  ̵  ̵ ̵ ̵gateway_fee_slot, readFieldWord, feeField, ContractState.readSlot, ContractState.storage,
      hstorageW, mul_ofNat_val, hdiv, hle]

Note: This linter can be disabled with `set_option linter.unusedSimpArgs false`
warning: LidoSRv3/Audit/Verity/PConsolidationEth1CompositionTxUniversalRevert.lean:173:22: This simp argument is unused:
  bindResultWords

Hint: Omit it from the simp argument list.
  simp [executeFunctionWithCalls, gwTx, gatewayFn, gatewaySpec, declaredValueCheck,
  ̵  ̵ ̵ ̵effectiveFields,
  ̲  ̲ ̲ ̲bindExternalParams, DynamicAbi.bindE̵x̵E̲x̲ter̵n̵a̵l̵r̲n̲a̲l̲Params, ̲D̲y̲n̲a̲m̲i̲c̲A̲b̲i̲.̲b̲i̲n̲d̲S̲u̲p̲p̲o̲r̲t̲e̲d̲P̲a̲r̲a̲m̲s̲,̲
      DynamicAbi.b̵i̵n̵dS̵u̵p̵p̵o̵r̵t̵ed̵P̵a̵r̵a̵m̵s̵,̵ ̵D̵y̵n̵a̵m̵i̵cA̵b̵i̵.̵d̵e̵c̵odeSupportedParamWord, amountParam, batchParam,
  ̵  ̵ ̵ ̵execStmtListWithCalls,
  ̲  ̲ ̲ ̲execStmtWithCalls, execStmt, evalExpr, evalExprList,
  ̵  ̵ ̵ ̵boolWord, lookupValue, bindValue,
  ̲  ̲ ̲ ̲withPayableCallContext, withTransactionContext,
  ̵  ̵ ̵ ̵wordNormalize, DynamicAbi.wordNormalize,
  ̲  ̲ ̲ ̲execExternalCallBind, gatewayEnv, envWith,
  ̵  ̵ ̵ ̵link, denoteCallJournaled, denoteCall,
  ̲  ̲ ̲ ̲identityAdversary, chargedGas, journalEntry,
  ̵  ̵ ̵ ̵debitSelfBalance, b̵i̵n̵d̵R̵e̵s̵u̵l̵t̵W̵o̵r̵d̵s̵,̵ ̵honest, hpos, hmv', hnM', hn,
  ̲  ̲ ̲ ̲hnf',
  ̵  ̵ ̵ ̵gateway_fee_slot, readFieldWord, feeField, ContractState.readSlot, ContractState.storage,
      hstorageW, mul_ofNat_val, hdiv, hle]

Note: This linter can be disabled with `set_option linter.unusedSimpArgs false`
⚠ [1423/1616] Replayed LidoSRv3.Audit.Verity.AddressTx
warning: LidoSRv3/Audit/Verity/AddressTx.lean:277:34: This simp argument is unused:
  AddressTxContract.paused

Hint: Omit it from the simp argument list.
  simp_all (config := { maxSteps := 1000000 })
  ̵  ̵ ̵ ̵[executePinnedSource, stateFor, observeAddress,
  ̲  ̲ ̲ ̲sourceAddressView, run, admitted,
  ̵  ̵ ̵ ̵successfulPost, AddressTxContract.transferFrom, ̵_̵r̵o̵o̵t̵_̵.̵V̵e̵r̵i̵t̵y̵.̵r̵e̵q̵u̵i̵r̵e̵,̵
      _root_.Verity.r̲e̲q̲u̲i̲r̲e̲,̲ ̲_̲r̲o̲o̲t̲_̲.̲V̲e̲r̲i̲t̲y̲.̲Contract.run, _root_.Verity.bind, Bind.bind,
      _root_.Verity.msgSender, _root_.Verity.getMappingUint,
  ̵  ̵ ̵ ̵_root_.Verity.setMappingUint, ̵A̵d̵d̵r̵e̵s̵s̵T̵x̵C̵o̵n̵t̵r̵a̵c̵t̵.̵p̵a̵u̵s̵e̵d̵,̵
      AddressTxContract.balances, AddressTxContract.allowances,
  ̵  ̵ ̵ ̵AddressTxContract.owners,
  ̲  ̲ ̲ ̲AddressTxContract.claimed,
  ̵  ̵ ̵ ̵AddressTxContract.recipients, ContractState.readSlot,
      ContractState.writeSlot, ContractState.readMap, ContractState.writeMap,
  ̵  ̵ ̵ ̵ContractState.readMap2,
  ̲  ̲ ̲ ̲ContractState.writeMap2,
  ̵  ̵ ̵ ̵ContractState.readMapUint, ContractState.writeMapUint,
      ContractState.storage, ContractState.storageMap,
  ̵  ̵ ̵ ̵ContractState.storageMap2,
  ̲  ̲ ̲ ̲ContractState.storageMapUint]

Note: This linter can be disabled with `set_option linter.unusedSimpArgs false`
warning: LidoSRv3/Audit/Verity/AddressTx.lean:278:4: This simp argument is unused:
  AddressTxContract.balances

Hint: Omit it from the simp argument list.
  simp_all (config := { maxSteps := 1000000 })
  ̵  ̵ ̵ ̵[executePinnedSource, stateFor, observeAddress,
  ̲  ̲ ̲ ̲sourceAddressView, run, admitted,
  ̵  ̵ ̵ ̵successfulPost, AddressTxContract.transferFrom, ̵_̵r̵o̵o̵t̵_̵.̵V̵e̵r̵i̵t̵y̵.̵r̵e̵q̵u̵i̵r̵e̵,̵
      _root_.Verity.r̲e̲q̲u̲i̲r̲e̲,̲ ̲_̲r̲o̲o̲t̲_̲.̲V̲e̲r̲i̲t̲y̲.̲Contract.run, _root_.Verity.bind, Bind.bind,
      _root_.Verity.msgSender, _root_.Verity.getMappingUint,
  ̵  ̵ ̵ ̵_root_.Verity.setMappingUint,
  ̲  ̲ ̲ ̲AddressTxContract.paused,
  ̵  ̵ ̵ ̵AddressTxContract.b̵all̲o̲w̲ances, AddressTxContract.a̵l̵l̵owa̵nc̵er̲s,
      AddressTxContract.o̵w̵n̵e̵r̵s̵,̵ ̵A̵d̵d̵r̵e̵s̵s̵T̵x̵C̵o̵n̵t̵r̵a̵ct̵.̵c̵laimed,
  ̵  ̵ ̵ ̵AddressTxContract.recipients, ContractState.readSlot,
      ContractState.writeSlot, ContractState.readMap, ContractState.writeMap,
  ̵  ̵ ̵ ̵ContractState.readMap2,
  ̲  ̲ ̲ ̲ContractState.writeMap2,
  ̵  ̵ ̵ ̵ContractState.readMapUint, ContractState.writeMapUint,
      ContractState.storage, ContractState.storageMap,
  ̵  ̵ ̵ ̵ContractState.storageMap2,
  ̲  ̲ ̲ ̲ContractState.storageMapUint]

Note: This linter can be disabled with `set_option linter.unusedSimpArgs false`
warning: LidoSRv3/Audit/Verity/AddressTx.lean:278:32: This simp argument is unused:
  AddressTxContract.allowances

Hint: Omit it from the simp argument list.
  simp_all (config := { maxSteps := 1000000 })
  ̵  ̵ ̵ ̵[executePinnedSource, stateFor, observeAddress,
  ̲  ̲ ̲ ̲sourceAddressView, run, admitted,
  ̵  ̵ ̵ ̵successfulPost, AddressTxContract.transferFrom, ̵_̵r̵o̵o̵t̵_̵.̵V̵e̵r̵i̵t̵y̵.̵r̵e̵q̵u̵i̵r̵e̵,̵
      _root_.Verity.r̲e̲q̲u̲i̲r̲e̲,̲ ̲_̲r̲o̲o̲t̲_̲.̲V̲e̲r̲i̲t̲y̲.̲Contract.run, _root_.Verity.bind, Bind.bind,
      _root_.Verity.msgSender, _root_.Verity.getMappingUint,
  ̵  ̵ ̵ ̵_root_.Verity.setMappingUint,
  ̲  ̲ ̲ ̲AddressTxContract.paused,
  ̵  ̵ ̵ ̵AddressTxContract.balances, AddressTxContract.a̵l̵l̵owa̵nc̵er̲s,
      AddressTxContract.o̵w̵n̵e̵r̵s̵,̵ ̵A̵d̵d̵r̵e̵s̵s̵T̵x̵C̵o̵n̵t̵r̵a̵ct̵.̵c̵laimed,
  ̵  ̵ ̵ ̵AddressTxContract.recipients, ContractState.readSlot,
      ContractState.writeSlot, ContractState.readMap, ContractState.writeMap,
  ̵  ̵ ̵ ̵ContractState.readMap2,
  ̲  ̲ ̲ ̲ContractState.writeMap2,
  ̵  ̵ ̵ ̵ContractState.readMapUint, ContractState.writeMapUint,
      ContractState.storage, ContractState.storageMap,
  ̵  ̵ ̵ ̵ContractState.storageMap2,
  ̲  ̲ ̲ ̲ContractState.storageMapUint]

Note: This linter can be disabled with `set_option linter.unusedSimpArgs false`
warning: LidoSRv3/Audit/Verity/AddressTx.lean:280:34: This simp argument is unused:
  ContractState.readSlot

Hint: Omit it from the simp argument list.
  simp_all (config := { maxSteps := 1000000 })
  ̵  ̵ ̵ ̵[executePinnedSource, stateFor, observeAddress,
  ̲  ̲ ̲ ̲sourceAddressView, run, admitted,
  ̵  ̵ ̵ ̵successfulPost, AddressTxContract.transferFrom, ̵_̵r̵o̵o̵t̵_̵.̵V̵e̵r̵i̵t̵y̵.̵r̵e̵q̵u̵i̵r̵e̵,̵
      _root_.Verity.r̲e̲q̲u̲i̲r̲e̲,̲ ̲_̲r̲o̲o̲t̲_̲.̲V̲e̲r̲i̲t̲y̲.̲Contract.run, _root_.Verity.bind, Bind.bind,
      _root_.Verity.msgSender, _root_.Verity.getMappingUint,
  ̵  ̵ ̵ ̵_root_.Verity.setMappingUint,
  ̲  ̲ ̲ ̲AddressTxContract.paused,
  ̵  ̵ ̵ ̵AddressTxContract.balances, AddressTxContract.allowances,
      AddressTxContract.owners, AddressTxContract.claimed,
  ̵  ̵ ̵ ̵AddressTxContract.recipients, ̵C̵o̵n̵t̵r̵a̵c̵t̵S̵t̵a̵t̵e̵.̵r̵e̵a̵d̵S̵l̵o̵t̵,̵
      ContractState.writeSlot, ContractState.readMap, ContractState.writeMap,
  ̵  ̵ ̵ ̵ContractState.readMap2,
  ̲  ̲ ̲ ̲ContractState.writeMap2,
  ̵  ̵ ̵ ̵ContractState.readMapUint, ContractState.writeMapUint,
      ContractState.storage, ContractState.storageMap,
  ̵  ̵ ̵ ̵ContractState.storageMap2,
  ̲  ̲ ̲ ̲ContractState.storageMapUint]

Note: This linter can be disabled with `set_option linter.unusedSimpArgs false`
warning: LidoSRv3/Audit/Verity/AddressTx.lean:281:29: This simp argument is unused:
  ContractState.readMap

Hint: Omit it from the simp argument list.
  simp_all (config := { maxSteps := 1000000 })
  ̵  ̵ ̵ ̵[executePinnedSource, stateFor, observeAddress,
  ̲  ̲ ̲ ̲sourceAddressView, run, admitted,
  ̵  ̵ ̵ ̵successfulPost, AddressTxContract.transferFrom, ̵_̵r̵o̵o̵t̵_̵.̵V̵e̵r̵i̵t̵y̵.̵r̵e̵q̵u̵i̵r̵e̵,̵
      _root_.Verity.r̲e̲q̲u̲i̲r̲e̲,̲ ̲_̲r̲o̲o̲t̲_̲.̲V̲e̲r̲i̲t̲y̲.̲Contract.run, _root_.Verity.bind, Bind.bind,
      _root_.Verity.msgSender, _root_.Verity.getMappingUint,
  ̵  ̵ ̵ ̵_root_.Verity.setMappingUint,
  ̲  ̲ ̲ ̲AddressTxContract.paused,
  ̵  ̵ ̵ ̵AddressTxContract.balances, AddressTxContract.allowances,
      AddressTxContract.owners, AddressTxContract.claimed,
  ̵  ̵ ̵ ̵AddressTxContract.recipients,
  ̲  ̲ ̲ ̲ContractState.readSlot,
  ̵  ̵ ̵ ̵ContractState.writeSlot, ContractState.r̵e̵a̵d̵M̵a̵p̵,̵ ̵C̵o̵n̵t̵r̵a̵c̵t̵S̵t̵a̵t̵e̵.̵writeMap,
  ̵  ̵ ̵ ̵ContractState.readMap2,
  ̲  ̲ ̲ ̲ContractState.writeMap2,
  ̵  ̵ ̵ ̵ContractState.readMapUint, ContractState.writeMapUint,
      ContractState.storage, ContractState.storageMap,
  ̵  ̵ ̵ ̵ContractState.storageMap2,
  ̲  ̲ ̲ ̲ContractState.storageMapUint]

Note: This linter can be disabled with `set_option linter.unusedSimpArgs false`
warning: LidoSRv3/Audit/Verity/AddressTx.lean:282:4: This simp argument is unused:
  ContractState.readMap2

Hint: Omit it from the simp argument list.
  simp_all (config := { maxSteps := 1000000 })
  ̵  ̵ ̵ ̵[executePinnedSource, stateFor, observeAddress,
  ̲  ̲ ̲ ̲sourceAddressView, run, admitted,
  ̵  ̵ ̵ ̵successfulPost, AddressTxContract.transferFrom, ̵_̵r̵o̵o̵t̵_̵.̵V̵e̵r̵i̵t̵y̵.̵r̵e̵q̵u̵i̵r̵e̵,̵
      _root_.Verity.r̲e̲q̲u̲i̲r̲e̲,̲ ̲_̲r̲o̲o̲t̲_̲.̲V̲e̲r̲i̲t̲y̲.̲Contract.run, _root_.Verity.bind, Bind.bind,
      _root_.Verity.msgSender, _root_.Verity.getMappingUint,
  ̵  ̵ ̵ ̵_root_.Verity.setMappingUint,
  ̲  ̲ ̲ ̲AddressTxContract.paused,
  ̵  ̵ ̵ ̵AddressTxContract.balances, AddressTxContract.allowances,
      AddressTxContract.owners, AddressTxContract.claimed,
  ̵  ̵ ̵ ̵AddressTxContract.recipients,
  ̲  ̲ ̲ ̲ContractState.readSlot,
  ̵  ̵ ̵ ̵ContractState.writeSlot, ContractState.readMap, ContractState.writeMap,
      ContractState.r̵e̵a̵d̵M̵a̵p̵2̵,̵ ̵C̵o̵n̵t̵r̵a̵c̵t̵S̵t̵a̵t̵e̵.̵writeMap2,
  ̵  ̵ ̵ ̵ContractState.readMapUint, ContractState.writeMapUint,
      ContractState.storage, ContractState.storageMap,
  ̵  ̵ ̵ ̵ContractState.storageMap2,
  ̲  ̲ ̲ ̲ContractState.storageMapUint]

Note: This linter can be disabled with `set_option linter.unusedSimpArgs false`
warning: LidoSRv3/Audit/Verity/AddressTx.lean:284:4: This simp argument is unused:
  ContractState.storage

Hint: Omit it from the simp argument list.
  simp_all (config := { maxSteps := 1000000 })
  ̵  ̵ ̵ ̵[executePinnedSource, stateFor, observeAddress,
  ̲  ̲ ̲ ̲sourceAddressView, run, admitted,
  ̵  ̵ ̵ ̵successfulPost, AddressTxContract.transferFrom, ̵_̵r̵o̵o̵t̵_̵.̵V̵e̵r̵i̵t̵y̵.̵r̵e̵q̵u̵i̵r̵e̵,̵
      _root_.Verity.r̲e̲q̲u̲i̲r̲e̲,̲ ̲_̲r̲o̲o̲t̲_̲.̲V̲e̲r̲i̲t̲y̲.̲Contract.run, _root_.Verity.bind, Bind.bind,
      _root_.Verity.msgSender, _root_.Verity.getMappingUint,
  ̵  ̵ ̵ ̵_root_.Verity.setMappingUint,
  ̲  ̲ ̲ ̲AddressTxContract.paused,
  ̵  ̵ ̵ ̵AddressTxContract.balances, AddressTxContract.allowances,
      AddressTxContract.owners, AddressTxContract.claimed,
  ̵  ̵ ̵ ̵AddressTxContract.recipients,
  ̲  ̲ ̲ ̲ContractState.readSlot,
  ̵  ̵ ̵ ̵ContractState.writeSlot, ContractState.readMap, ContractState.writeMap,
      ContractState.readMap2, ContractState.writeMap2,
  ̵  ̵ ̵ ̵ContractState.readMapUint,
  ̲  ̲ ̲ ̲ContractState.writeMapUint,
  ̵  ̵ ̵ ̵ContractState.storage,̵ ̵C̵o̵n̵t̵r̵a̵c̵t̵S̵t̵a̵t̵e̵.̵s̵t̵o̵r̵a̵g̵e̵Map,
  ̵  ̵ ̵ ̵ContractState.storageMap2,
  ̲  ̲ ̲ ̲ContractState.storageMapUint]

Note: This linter can be disabled with `set_option linter.unusedSimpArgs false`
warning: LidoSRv3/Audit/Verity/AddressTx.lean:284:27: This simp argument is unused:
  ContractState.storageMap

Hint: Omit it from the simp argument list.
  simp_all (config := { maxSteps := 1000000 })
  ̵  ̵ ̵ ̵[executePinnedSource, stateFor, observeAddress,
  ̲  ̲ ̲ ̲sourceAddressView, run, admitted,
  ̵  ̵ ̵ ̵successfulPost, AddressTxContract.transferFrom, ̵_̵r̵o̵o̵t̵_̵.̵V̵e̵r̵i̵t̵y̵.̵r̵e̵q̵u̵i̵r̵e̵,̵
      _root_.Verity.r̲e̲q̲u̲i̲r̲e̲,̲ ̲_̲r̲o̲o̲t̲_̲.̲V̲e̲r̲i̲t̲y̲.̲Contract.run, _root_.Verity.bind, Bind.bind,
      _root_.Verity.msgSender, _root_.Verity.getMappingUint,
  ̵  ̵ ̵ ̵_root_.Verity.setMappingUint,
  ̲  ̲ ̲ ̲AddressTxContract.paused,
  ̵  ̵ ̵ ̵AddressTxContract.balances, AddressTxContract.allowances,
      AddressTxContract.owners, AddressTxContract.claimed,
  ̵  ̵ ̵ ̵AddressTxContract.recipients,
  ̲  ̲ ̲ ̲ContractState.readSlot,
  ̵  ̵ ̵ ̵ContractState.writeSlot, ContractState.readMap, ContractState.writeMap,
      ContractState.readMap2, ContractState.writeMap2,
  ̵  ̵ ̵ ̵ContractState.readMapUint,
  ̲  ̲ ̲ ̲ContractState.writeMapUint,
  ̵  ̵ ̵ ̵ContractState.storage, ContractState.storageMap,̵
  ̵ ̵ ̵ ̵ ̵C̵o̵n̵t̵r̵a̵c̵t̵S̵t̵a̵t̵e̵.̵s̵t̵o̵r̵a̵g̵e̵M̵a̵p̵2,
  ̲  ̲ ̲ ̲ContractState.storageMapUint]

Note: This linter can be disabled with `set_option linter.unusedSimpArgs false`
warning: LidoSRv3/Audit/Verity/AddressTx.lean:285:4: This simp argument is unused:
  ContractState.storageMap2

Hint: Omit it from the simp argument list.
  simp_all (config := { maxSteps := 1000000 })
  ̵  ̵ ̵ ̵[executePinnedSource, stateFor, observeAddress,
  ̲  ̲ ̲ ̲sourceAddressView, run, admitted,
  ̵  ̵ ̵ ̵successfulPost, AddressTxContract.transferFrom, ̵_̵r̵o̵o̵t̵_̵.̵V̵e̵r̵i̵t̵y̵.̵r̵e̵q̵u̵i̵r̵e̵,̵
      _root_.Verity.r̲e̲q̲u̲i̲r̲e̲,̲ ̲_̲r̲o̲o̲t̲_̲.̲V̲e̲r̲i̲t̲y̲.̲Contract.run, _root_.Verity.bind, Bind.bind,
      _root_.Verity.msgSender, _root_.Verity.getMappingUint,
  ̵  ̵ ̵ ̵_root_.Verity.setMappingUint,
  ̲  ̲ ̲ ̲AddressTxContract.paused,
  ̵  ̵ ̵ ̵AddressTxContract.balances, AddressTxContract.allowances,
      AddressTxContract.owners, AddressTxContract.claimed,
  ̵  ̵ ̵ ̵AddressTxContract.recipients,
  ̲  ̲ ̲ ̲ContractState.readSlot,
  ̵  ̵ ̵ ̵ContractState.writeSlot, ContractState.readMap, ContractState.writeMap,
      ContractState.readMap2, ContractState.writeMap2,
  ̵  ̵ ̵ ̵ContractState.readMapUint,
  ̲  ̲ ̲ ̲ContractState.writeMapUint,
  ̵  ̵ ̵ ̵ContractState.storage, ContractState.storageMap,
      ContractState.storageMap2̵,̵ ̵C̵o̵n̵t̵r̵a̵c̵t̵S̵t̵a̵t̵e̵.̵s̵t̵o̵r̵a̵g̵e̵M̵a̵p̵Uint]

Note: This linter can be disabled with `set_option linter.unusedSimpArgs false`
warning: LidoSRv3/Audit/Verity/AddressTx.lean:290:5: This simp argument is unused:
  hone

Hint: Omit it from the simp argument list.
  simp_all (config :=
  ̲  ̲ ̲ ̲{ maxSteps := 1000000 })
  ̵  ̵ ̵ ̵[h̵o̵n̵e̵,̵ ̵_root_.Verity.Contract.run, _root_.Verity.bind, Bind.bind]

Note: This linter can be disabled with `set_option linter.unusedSimpArgs false`
warning: LidoSRv3/Audit/Verity/AddressTx.lean:290:11: This simp argument is unused:
  _root_.Verity.Contract.run

Hint: Omit it from the simp argument list.
  simp_all (config := { maxSteps := 1000000 }) [hone,
  ̲  ̲ ̲ ̲_̵r̵o̵o̵t̵_̵.̵V̵e̵r̵i̵t̵y̵.̵C̵o̵n̵t̵r̵a̵c̵t̵.̵r̵u̵n̵,̵ ̵_root_.Verity.bind, Bind.bind]

Note: This linter can be disabled with `set_option linter.unusedSimpArgs false`
warning: LidoSRv3/Audit/Verity/AddressTx.lean:290:39: This simp argument is unused:
  _root_.Verity.bind

Hint: Omit it from the simp argument list.
  simp_all (config := { maxSteps := 1000000 }) [hone,
  ̲  ̲ ̲ ̲_root_.Verity.Contract.run, _̵r̵o̵o̵t̵_̵.̵V̵e̵r̵i̵t̵y̵.̵b̵i̵n̵d̵,̵ ̵Bind.bind]

Note: This linter can be disabled with `set_option linter.unusedSimpArgs false`
warning: LidoSRv3/Audit/Verity/AddressTx.lean:290:59: This simp argument is unused:
  Bind.bind

Hint: Omit it from the simp argument list.
  simp_all (config := { maxSteps := 1000000 })
  ̵  ̵ ̵ ̵[hone,
  ̲  ̲ ̲ ̲_root_.Verity.Contract.run, _root_.Verity.bind,̵ ̵B̵i̵n̵d̵.̵b̵i̵n̵d̵]

Note: This linter can be disabled with `set_option linter.unusedSimpArgs false`
warning: LidoSRv3/Audit/Verity/AddressTx.lean:294:8: This simp argument is unused:
  _root_.Verity.Contract.run

Hint: Omit it from the simp argument list.
  simp_all (config :=
  ̲  ̲ ̲ ̲ ̲ ̲{
  ̲  ̲ ̲ ̲ ̲ ̲ ̲ ̲maxSteps :=
  ̲  ̲ ̲ ̲ ̲ ̲ ̲ ̲ ̲ ̲1000000 }) [show inp.requestOwner = inp.senderFrom ↔ inp.senderFrom = inp.requestOwner
  ̲  ̲ ̲ ̲ ̲ ̲ ̲ ̲ ̲ ̲from eq_comm,
        _̵r̵o̵o̵t̵_̵.̵V̵e̵r̵i̵t̵y̵.̵C̵o̵n̵t̵r̵a̵c̵t̵.̵r̵u̵n̵,̵ ̵_root_.Verity.bind, Bind.bind]

Note: This linter can be disabled with `set_option linter.unusedSimpArgs false`
warning: LidoSRv3/Audit/Verity/AddressTx.lean:294:36: This simp argument is unused:
  _root_.Verity.bind

Hint: Omit it from the simp argument list.
  simp_all (config :=
  ̲  ̲ ̲ ̲ ̲ ̲{
  ̲  ̲ ̲ ̲ ̲ ̲ ̲ ̲maxSteps :=
  ̲  ̲ ̲ ̲ ̲ ̲ ̲ ̲ ̲ ̲1000000 }) [show inp.requestOwner = inp.senderFrom ↔ inp.senderFrom = inp.requestOwner
  ̲  ̲ ̲ ̲ ̲ ̲ ̲ ̲ ̲ ̲from eq_comm,
        _root_.Verity.Contract.run, _̵r̵o̵o̵t̵_̵.̵V̵e̵r̵i̵t̵y̵.̵b̵i̵n̵d̵,̵ ̵Bind.bind]

Note: This linter can be disabled with `set_option linter.unusedSimpArgs false`
warning: LidoSRv3/Audit/Verity/AddressTx.lean:294:56: This simp argument is unused:
  Bind.bind

Hint: Omit it from the simp argument list.
  simp_all (config :=
  ̲  ̲ ̲ ̲ ̲ ̲{
  ̲  ̲ ̲ ̲ ̲ ̲ ̲ ̲maxSteps :=
  ̲  ̲ ̲ ̲ ̲ ̲ ̲ ̲ ̲ ̲1000000 }) [show inp.requestOwner = inp.senderFrom ↔ inp.senderFrom = inp.requestOwner
  ̲  ̲ ̲ ̲ ̲ ̲ ̲ ̲ ̲ ̲from eq_comm,
        _root_.Verity.Contract.run, _̵r̵o̵o̵t̵_̵.̵V̵e̵r̵i̵t̵y̵.̵b̵i̵n̵d̵,̵ ̵B̵i̵n̵d̵.̵b̵i̵n̵d̵]̵_̲r̲o̲o̲t̲_̲.̲V̲e̲r̲i̲t̲y̲.̲b̲i̲n̲d̲]̲

Note: This linter can be disabled with `set_option linter.unusedSimpArgs false`
warning: LidoSRv3/Audit/Verity/AddressTx.lean:317:4: This simp argument is unused:
  _root_.Verity.setMappingUint

Hint: Omit it from the simp argument list.
  simp_all (config := { maxSteps := 1000000 })
  ̵  ̵ ̵ ̵[executePinnedSource, stateFor, observeAddress,
  ̲  ̲ ̲ ̲sourceAddressView, run, admitted,
  ̵  ̵ ̵ ̵successfulPost, AddressTxContract.requestWithdrawal, ̵_̵r̵o̵o̵t̵_̵.̵V̵e̵r̵i̵t̵y̵.̵r̵e̵q̵u̵i̵r̵e̵,̵
      _root_.Verity.r̲e̲q̲u̲i̲r̲e̲,̲ ̲_̲r̲o̲o̲t̲_̲.̲V̲e̲r̲i̲t̲y̲.̲Contract.run, _root_.Verity.bind, Bind.bind,
      _root_.Verity.msgSender, _root_.Verity.getStorage, _root_.Verity.getMapping,
      _root_.Verity.getMapping2, _root_.Verity.setMapping,
  ̵  ̵ ̵ ̵_̵r̵o̵o̵t̵_̵.̵V̵e̵r̵i̵t̵y̵.̵s̵e̵t̵M̵a̵p̵p̵i̵n̵g̵U̵i̵n̵t̵,̵ ̵AddressTxContract.paused,
      AddressTxContract.balances, AddressTxContract.allowances,
  ̵  ̵ ̵ ̵AddressTxContract.owners,
  ̲  ̲ ̲ ̲AddressTxContract.claimed,
  ̵  ̵ ̵ ̵AddressTxContract.recipients, ContractState.readSlot,
  ̲  ̲ ̲ ̲ContractState.writeSlot,
  ̵  ̵ ̵ ̵ContractState.readMap, ContractState.writeMap,
  ̵  ̵ ̵ ̵ContractState.readMap2,
  ̲  ̲ ̲ ̲ContractState.writeMap2,
  ̵  ̵ ̵ ̵ContractState.readMapUint, ContractState.writeMapUint,
      ContractState.storage, ContractState.storageMap,
  ̵  ̵ ̵ ̵ContractState.storageMap2,
  ̲  ̲ ̲ ̲ContractState.storageMapUint,
  ̵  ̵ ̵ ̵Verity.Core.Uint256.ofNat, hmod]

Note: This linter can be disabled with `set_option linter.unusedSimpArgs false`
warning: LidoSRv3/Audit/Verity/AddressTx.lean:319:30: This simp argument is unused:
  AddressTxContract.claimed

Hint: Omit it from the simp argument list.
  simp_all (config := { maxSteps := 1000000 })
  ̵  ̵ ̵ ̵[executePinnedSource, stateFor, observeAddress,
  ̲  ̲ ̲ ̲sourceAddressView, run, admitted,
  ̵  ̵ ̵ ̵successfulPost, AddressTxContract.requestWithdrawal, ̵_̵r̵o̵o̵t̵_̵.̵V̵e̵r̵i̵t̵y̵.̵r̵e̵q̵u̵i̵r̵e̵,̵
      _root_.Verity.r̲e̲q̲u̲i̲r̲e̲,̲ ̲_̲r̲o̲o̲t̲_̲.̲V̲e̲r̲i̲t̲y̲.̲Contract.run, _root_.Verity.bind, Bind.bind,
      _root_.Verity.msgSender, _root_.Verity.getStorage, _root_.Verity.getMapping,
      _root_.Verity.getMapping2, _root_.Verity.setMapping,
  ̵  ̵ ̵ ̵_root_.Verity.setMappingUint,
  ̲  ̲ ̲ ̲AddressTxContract.paused,
  ̵  ̵ ̵ ̵AddressTxContract.balances, AddressTxContract.allowances,
      AddressTxContract.owners, AddressTxContract.c̵l̵a̵i̵m̵e̵d̵,̵
  ̵ ̵ ̵ ̵ ̵A̵d̵d̵res̵s̵T̵x̵C̵o̵n̵t̵r̵a̵ct̵.̵r̵e̵c̵ipients, ContractState.readSlot,
  ̲  ̲ ̲ ̲ContractState.writeSlot,
  ̵  ̵ ̵ ̵ContractState.readMap, ContractState.writeMap,
  ̵  ̵ ̵ ̵ContractState.readMap2,
  ̲  ̲ ̲ ̲ContractState.writeMap2,
  ̵  ̵ ̵ ̵ContractState.readMapUint, ContractState.writeMapUint,
      ContractState.storage, ContractState.storageMap,
  ̵  ̵ ̵ ̵ContractState.storageMap2,
  ̲  ̲ ̲ ̲ContractState.storageMapUint,
  ̵  ̵ ̵ ̵Verity.Core.Uint256.ofNat, hmod]

Note: This linter can be disabled with `set_option linter.unusedSimpArgs false`
warning: LidoSRv3/Audit/Verity/AddressTx.lean:326:31: This simp argument is unused:
  hmod

Hint: Omit it from the simp argument list.
  simp_all (config := { maxSteps := 1000000 })
  ̵  ̵ ̵ ̵[executePinnedSource, stateFor, observeAddress,
  ̲  ̲ ̲ ̲sourceAddressView, run, admitted,
  ̵  ̵ ̵ ̵successfulPost, AddressTxContract.requestWithdrawal, ̵_̵r̵o̵o̵t̵_̵.̵V̵e̵r̵i̵t̵y̵.̵r̵e̵q̵u̵i̵r̵e̵,̵
      _root_.Verity.r̲e̲q̲u̲i̲r̲e̲,̲ ̲_̲r̲o̲o̲t̲_̲.̲V̲e̲r̲i̲t̲y̲.̲Contract.run, _root_.Verity.bind, Bind.bind,
      _root_.Verity.msgSender, _root_.Verity.getStorage, _root_.Verity.getMapping,
      _root_.Verity.getMapping2, _root_.Verity.setMapping,
  ̵  ̵ ̵ ̵_root_.Verity.setMappingUint,
  ̲  ̲ ̲ ̲AddressTxContract.paused,
  ̵  ̵ ̵ ̵AddressTxContract.balances, AddressTxContract.allowances,
      AddressTxContract.owners, AddressTxContract.claimed,
  ̵  ̵ ̵ ̵AddressTxContract.recipients,
  ̲  ̲ ̲ ̲ContractState.readSlot, ContractState.writeSlot,
  ̵  ̵ ̵ ̵ContractState.readMap, ContractState.writeMap,
      ContractState.readMap2, ContractState.writeMap2,
  ̵  ̵ ̵ ̵ContractState.readMapUint,
  ̲  ̲ ̲ ̲ContractState.writeMapUint,
  ̵  ̵ ̵ ̵ContractState.storage, ContractState.storageMap,
      ContractState.storageMap2, ContractState.storageMapUint,
  ̵  ̵ ̵ ̵Verity.Core.Uint256.ofNat,̵ ̵h̵m̵o̵d̵]

Note: This linter can be disabled with `set_option linter.unusedSimpArgs false`
warning: LidoSRv3/Audit/Verity/AddressTx.lean:328:5: This simp argument is unused:
  hone

Hint: Omit it from the simp argument list.
  simp_all (config :=
  ̲  ̲ ̲ ̲{ maxSteps := 1000000 })
  ̵  ̵ ̵ ̵[h̵o̵n̵e̵,̵ ̵_root_.Verity.Contract.run, _root_.Verity.bind, Bind.bind]

Note: This linter can be disabled with `set_option linter.unusedSimpArgs false`
warning: LidoSRv3/Audit/Verity/AddressTx.lean:328:11: This simp argument is unused:
  _root_.Verity.Contract.run

Hint: Omit it from the simp argument list.
  simp_all (config := { maxSteps := 1000000 }) [hone,
  ̲  ̲ ̲ ̲_̵r̵o̵o̵t̵_̵.̵V̵e̵r̵i̵t̵y̵.̵C̵o̵n̵t̵r̵a̵c̵t̵.̵r̵u̵n̵,̵ ̵_root_.Verity.bind, Bind.bind]

Note: This linter can be disabled with `set_option linter.unusedSimpArgs false`
warning: LidoSRv3/Audit/Verity/AddressTx.lean:328:39: This simp argument is unused:
  _root_.Verity.bind

Hint: Omit it from the simp argument list.
  simp_all (config := { maxSteps := 1000000 }) [hone,
  ̲  ̲ ̲ ̲_root_.Verity.Contract.run, _̵r̵o̵o̵t̵_̵.̵V̵e̵r̵i̵t̵y̵.̵b̵i̵n̵d̵,̵ ̵Bind.bind]

Note: This linter can be disabled with `set_option linter.unusedSimpArgs false`
warning: LidoSRv3/Audit/Verity/AddressTx.lean:328:59: This simp argument is unused:
  Bind.bind

Hint: Omit it from the simp argument list.
  simp_all (config := { maxSteps := 1000000 })
  ̵  ̵ ̵ ̵[hone,
  ̲  ̲ ̲ ̲_root_.Verity.Contract.run, _root_.Verity.bind,̵ ̵B̵i̵n̵d̵.̵b̵i̵n̵d̵]

Note: This linter can be disabled with `set_option linter.unusedSimpArgs false`
warning: LidoSRv3/Audit/Verity/AddressTx.lean:330:5: This simp argument is unused:
  _root_.Verity.Contract.run

Hint: Omit it from the simp argument list.
  simp_all (config :=
  ̲  ̲ ̲ ̲{ maxSteps := 1000000 }) [̵_̵r̵o̵o̵t̵_̵.̵V̵e̵r̵i̵t̵y̵.̵C̵o̵n̵t̵r̵a̵c̵t̵.̵r̵u̵n̵,̵ ̵_̵r̵o̵o̵t̵_̵.̵V̵e̵r̵i̵t̵y̵.̵b̵i̵n̵d̵,̵[̲_̲r̲o̲o̲t̲_̲.̲V̲e̲r̲i̲t̲y̲.̲b̲i̲n̲d̲,̲ Bind.bind]

Note: This linter can be disabled with `set_option linter.unusedSimpArgs false`
warning: LidoSRv3/Audit/Verity/AddressTx.lean:330:33: This simp argument is unused:
  _root_.Verity.bind

Hint: Omit it from the simp argument list.
  simp_all (config :=
  ̲  ̲ ̲ ̲{ maxSteps := 1000000 }) [_root_.Verity.Contract.run, _̵r̵o̵o̵t̵_̵.̵V̵e̵r̵i̵t̵y̵.̵b̵i̵n̵d̵,̵ ̵Bind.bind]

Note: This linter can be disabled with `set_option linter.unusedSimpArgs false`
warning: LidoSRv3/Audit/Verity/AddressTx.lean:330:53: This simp argument is unused:
  Bind.bind

Hint: Omit it from the simp argument list.
  simp_all (config :=
  ̲  ̲ ̲ ̲{ maxSteps := 1000000 })
  ̵  ̵ ̵ ̵[_root_.Verity.Contract.run, _root_.Verity.bind,̵ ̵B̵i̵n̵d̵.̵b̵i̵n̵d̵]

Note: This linter can be disabled with `set_option linter.unusedSimpArgs false`
warning: LidoSRv3/Audit/Verity/AddressTx.lean:332:5: This simp argument is unused:
  _root_.Verity.Contract.run

Hint: Omit it from the simp argument list.
  simp_all (config :=
  ̲  ̲ ̲ ̲{ maxSteps := 1000000 }) [̵_̵r̵o̵o̵t̵_̵.̵V̵e̵r̵i̵t̵y̵.̵C̵o̵n̵t̵r̵a̵c̵t̵.̵r̵u̵n̵,̵ ̵_̵r̵o̵o̵t̵_̵.̵V̵e̵r̵i̵t̵y̵.̵b̵i̵n̵d̵,̵[̲_̲r̲o̲o̲t̲_̲.̲V̲e̲r̲i̲t̲y̲.̲b̲i̲n̲d̲,̲ Bind.bind]

Note: This linter can be disabled with `set_option linter.unusedSimpArgs false`
warning: LidoSRv3/Audit/Verity/AddressTx.lean:332:33: This simp argument is unused:
  _root_.Verity.bind

Hint: Omit it from the simp argument list.
  simp_all (config :=
  ̲  ̲ ̲ ̲{ maxSteps := 1000000 }) [_root_.Verity.Contract.run, _̵r̵o̵o̵t̵_̵.̵V̵e̵r̵i̵t̵y̵.̵b̵i̵n̵d̵,̵ ̵Bind.bind]

Note: This linter can be disabled with `set_option linter.unusedSimpArgs false`
warning: LidoSRv3/Audit/Verity/AddressTx.lean:332:53: This simp argument is unused:
  Bind.bind

Hint: Omit it from the simp argument list.
  simp_all (config :=
  ̲  ̲ ̲ ̲{ maxSteps := 1000000 })
  ̵  ̵ ̵ ̵[_root_.Verity.Contract.run, _root_.Verity.bind,̵ ̵B̵i̵n̵d̵.̵b̵i̵n̵d̵]

Note: This linter can be disabled with `set_option linter.unusedSimpArgs false`
warning: LidoSRv3/Audit/Verity/AddressTx.lean:334:5: This simp argument is unused:
  _root_.Verity.Contract.run

Hint: Omit it from the simp argument list.
  simp_all (config :=
  ̲  ̲ ̲ ̲{ maxSteps := 1000000 }) [̵_̵r̵o̵o̵t̵_̵.̵V̵e̵r̵i̵t̵y̵.̵C̵o̵n̵t̵r̵a̵c̵t̵.̵r̵u̵n̵,̵ ̵_̵r̵o̵o̵t̵_̵.̵V̵e̵r̵i̵t̵y̵.̵b̵i̵n̵d̵,̵[̲_̲r̲o̲o̲t̲_̲.̲V̲e̲r̲i̲t̲y̲.̲b̲i̲n̲d̲,̲ Bind.bind]

Note: This linter can be disabled with `set_option linter.unusedSimpArgs false`
warning: LidoSRv3/Audit/Verity/AddressTx.lean:334:33: This simp argument is unused:
  _root_.Verity.bind

Hint: Omit it from the simp argument list.
  simp_all (config :=
  ̲  ̲ ̲ ̲{ maxSteps := 1000000 }) [_root_.Verity.Contract.run, _̵r̵o̵o̵t̵_̵.̵V̵e̵r̵i̵t̵y̵.̵b̵i̵n̵d̵,̵ ̵Bind.bind]

Note: This linter can be disabled with `set_option linter.unusedSimpArgs false`
warning: LidoSRv3/Audit/Verity/AddressTx.lean:334:53: This simp argument is unused:
  Bind.bind

Hint: Omit it from the simp argument list.
  simp_all (config :=
  ̲  ̲ ̲ ̲{ maxSteps := 1000000 })
  ̵  ̵ ̵ ̵[_root_.Verity.Contract.run, _root_.Verity.bind,̵ ̵B̵i̵n̵d̵.̵b̵i̵n̵d̵]

Note: This linter can be disabled with `set_option linter.unusedSimpArgs false`
warning: LidoSRv3/Audit/Verity/AddressTx.lean:336:5: This simp argument is unused:
  _root_.Verity.Contract.run

Hint: Omit it from the simp argument list.
  simp_all (config :=
  ̲  ̲ ̲ ̲{ maxSteps := 1000000 }) [̵_̵r̵o̵o̵t̵_̵.̵V̵e̵r̵i̵t̵y̵.̵C̵o̵n̵t̵r̵a̵c̵t̵.̵r̵u̵n̵,̵ ̵_̵r̵o̵o̵t̵_̵.̵V̵e̵r̵i̵t̵y̵.̵b̵i̵n̵d̵,̵[̲_̲r̲o̲o̲t̲_̲.̲V̲e̲r̲i̲t̲y̲.̲b̲i̲n̲d̲,̲ Bind.bind, _root_.Verity.setMapping,
  ̲  ̲ ̲ ̲ContractState.writeMap]

Note: This linter can be disabled with `set_option linter.unusedSimpArgs false`
warning: LidoSRv3/Audit/Verity/AddressTx.lean:336:33: This simp argument is unused:
  _root_.Verity.bind

Hint: Omit it from the simp argument list.
  simp_all (config :=
  ̲  ̲ ̲ ̲{ maxSteps := 1000000 }) [_root_.Verity.Contract.run, _̵r̵o̵o̵t̵_̵.̵V̵e̵r̵i̵t̵y̵.̵b̵i̵n̵d̵,̵ ̵Bind.bind, _root_.Verity.setMapping,
  ̲  ̲ ̲ ̲ContractState.writeMap]

Note: This linter can be disabled with `set_option linter.unusedSimpArgs false`
warning: LidoSRv3/Audit/Verity/AddressTx.lean:336:53: This simp argument is unused:
  Bind.bind

Hint: Omit it from the simp argument list.
  simp_all (config :=
  ̲  ̲ ̲ ̲{ maxSteps := 1000000 })
  ̵  ̵ ̵ ̵[_root_.Verity.Contract.run, _root_.Verity.bind, ̵B̵i̵n̵d̵.̵b̵i̵n̵d̵,̵
       ̵ ̵_root_.Verity.setMapping, ContractState.writeMap]

Note: This linter can be disabled with `set_option linter.unusedSimpArgs false`
warning: LidoSRv3/Audit/Verity/AddressTx.lean:337:6: This simp argument is unused:
  _root_.Verity.setMapping

Hint: Omit it from the simp argument list.
  simp_all (config :=
  ̲  ̲ ̲ ̲{ maxSteps := 1000000 }) [_root_.Verity.Contract.run, _root_.Verity.bind, Bind.bind,
      _̵r̵o̵o̵t̵_̵.̵V̵e̵r̵i̵t̵y̵.̵s̵e̵t̵M̵a̵p̵p̵i̵n̵g̵,̵ ̵ContractState.writeMap]

Note: This linter can be disabled with `set_option linter.unusedSimpArgs false`
warning: LidoSRv3/Audit/Verity/AddressTx.lean:337:32: This simp argument is unused:
  ContractState.writeMap

Hint: Omit it from the simp argument list.
  simp_all (config :=
  ̲  ̲ ̲ ̲{ maxSteps := 1000000 }) [_root_.Verity.Contract.run, _root_.Verity.bind, Bind.bind,
      _̵r̵o̵o̵t̵_̵.̵V̵e̵r̵i̵t̵y̵.̵s̵e̵t̵M̵a̵p̵p̵i̵n̵g̵,̵ ̵C̵o̵n̵t̵r̵a̵c̵t̵S̵t̵a̵t̵e̵.̵w̵r̵i̵t̵e̵M̵a̵p̵]̵_̲r̲o̲o̲t̲_̲.̲V̲e̲r̲i̲t̲y̲.̲s̲e̲t̲M̲a̲p̲p̲i̲n̲g̲]̲

Note: This linter can be disabled with `set_option linter.unusedSimpArgs false`
warning: LidoSRv3/Audit/Verity/AddressTx.lean:339:25: This simp argument is unused:
  Bind.bind

Hint: Omit it from the simp argument list.
  simp_all (config :=
  ̲  ̲ ̲ ̲{ maxSteps := 1000000 }) [_root_.Verity.bind, B̵i̵n̵d̵.̵b̵i̵n̵d̵,̵ ̵_root_.Verity.setMappingUint,
      _root_.Verity.Contract.run, observeAddress, ContractState.writeMapUint,
  ̲  ̲ ̲ ̲ContractState.readMapUint, ContractState.storageMapUint, ContractState.storage]

Note: This linter can be disabled with `set_option linter.unusedSimpArgs false`
warning: LidoSRv3/Audit/Verity/AddressTx.lean:340:6: This simp argument is unused:
  _root_.Verity.Contract.run

Hint: Omit it from the simp argument list.
  simp_all (config :=
  ̲  ̲ ̲ ̲{ maxSteps := 1000000 })
  ̵  ̵ ̵ ̵[_root_.Verity.bind, Bind.bind, _root_.Verity.setMappingUint,
       ̵ ̵_̵r̵oo̵t̵_̵.̵V̵e̵r̵i̵t̵y̵.̵C̵o̵n̵t̵r̵a̵c̵t̵.̵r̵u̵n̵,̵ ̵o̵bserveAddress,
  ̵  ̵ ̵ ̵ ̵ ̵ContractState.writeMapUint, ContractState.readMapUint,
       ̵ ̵ContractState.storageMapUint, ContractState.storage]

Note: This linter can be disabled with `set_option linter.unusedSimpArgs false`
warning: LidoSRv3/Audit/Verity/AddressTx.lean:340:34: This simp argument is unused:
  observeAddress

Hint: Omit it from the simp argument list.
  simp_all (config :=
  ̲  ̲ ̲ ̲{ maxSteps := 1000000 })
  ̵  ̵ ̵ ̵[_root_.Verity.bind, Bind.bind, _root_.Verity.setMappingUint,
       ̵ ̵_root_.Verity.Contract.run, o̵b̵s̵e̵r̵v̵e̵A̵d̵d̵r̵e̵s̵s̵,̵
  ̵ ̵ ̵ ̵ ̵ ̵ ̵ContractState.writeMapUint, ContractState.readMapUint,
       ̵ ̵ContractState.storageMapUint, ContractState.storage]

Note: This linter can be disabled with `set_option linter.unusedSimpArgs false`
warning: LidoSRv3/Audit/Verity/AddressTx.lean:341:34: This simp argument is unused:
  ContractState.readMapUint

Hint: Omit it from the simp argument list.
  simp_all (config :=
  ̲  ̲ ̲ ̲{ maxSteps := 1000000 })
  ̵  ̵ ̵ ̵[_root_.Verity.bind, Bind.bind, _root_.Verity.setMappingUint,
       ̵ ̵_root_.Verity.Contract.run, observeAddress,
  ̵  ̵ ̵ ̵ ̵ ̵ContractState.writeMapUint, ̵C̵o̵n̵t̵r̵a̵c̵t̵S̵t̵a̵t̵e̵.̵r̵e̵a̵d̵M̵a̵p̵U̵i̵n̵t̵,̵
       ̵ ̵ContractState.storageMapUint, ContractState.storage]

Note: This linter can be disabled with `set_option linter.unusedSimpArgs false`
warning: LidoSRv3/Audit/Verity/AddressTx.lean:342:6: This simp argument is unused:
  ContractState.storageMapUint

Hint: Omit it from the simp argument list.
  simp_all (config :=
  ̲  ̲ ̲ ̲{ maxSteps := 1000000 }) [_root_.Verity.bind, Bind.bind, _root_.Verity.setMappingUint,
      _root_.Verity.Contract.run, observeAddress, ContractState.writeMapUint,
  ̲  ̲ ̲ ̲ContractState.readMapUint, C̵o̵n̵t̵r̵a̵c̵t̵S̵t̵a̵t̵e̵.̵s̵t̵o̵r̵a̵g̵e̵M̵a̵p̵U̵i̵n̵t̵,̵ ̵ContractState.storage]

Note: This linter can be disabled with `set_option linter.unusedSimpArgs false`
warning: LidoSRv3/Audit/Verity/AddressTx.lean:342:36: This simp argument is unused:
  ContractState.storage

Hint: Omit it from the simp argument list.
  simp_all (config :=
  ̲  ̲ ̲ ̲{ maxSteps := 1000000 })
  ̵  ̵ ̵ ̵[_root_.Verity.bind, Bind.bind, _root_.Verity.setMappingUint,
       ̵ ̵_root_.Verity.Contract.run, observeAddress,
  ̵  ̵ ̵ ̵ ̵ ̵ContractState.writeMapUint,
  ̲  ̲ ̲ ̲ContractState.readMapUint,
  ̵  ̵ ̵ ̵ ̵ ̵ContractState.storageMapUint,̵ ̵C̵o̵n̵t̵r̵a̵c̵t̵S̵t̵a̵t̵e̵.̵s̵t̵o̵r̵a̵g̵e̵]

Note: This linter can be disabled with `set_option linter.unusedSimpArgs false`
warning: LidoSRv3/Audit/Verity/AddressTx.lean:355:34: This simp argument is unused:
  AddressTxContract.paused

Hint: Omit it from the simp argument list.
  simp_all (config := { maxSteps := 1000000 })
  ̵  ̵ ̵ ̵[executePinnedSource, stateFor, observeAddress,
  ̲  ̲ ̲ ̲sourceAddressView, run, admitted,
  ̵  ̵ ̵ ̵successfulPost, AddressTxContract.claimWithdrawal, ̵_̵r̵o̵o̵t̵_̵.̵V̵e̵r̵i̵t̵y̵.̵r̵e̵q̵u̵i̵r̵e̵,̵
      _root_.Verity.r̲e̲q̲u̲i̲r̲e̲,̲ ̲_̲r̲o̲o̲t̲_̲.̲V̲e̲r̲i̲t̲y̲.̲Contract.run, _root_.Verity.bind, Bind.bind,
      _root_.Verity.msgSender, _root_.Verity.getMappingUint,
  ̵  ̵ ̵ ̵_root_.Verity.setMappingUint, ̵A̵d̵d̵r̵e̵s̵s̵T̵x̵C̵o̵n̵t̵r̵a̵c̵t̵.̵p̵a̵u̵s̵e̵d̵,̵
      AddressTxContract.balances, AddressTxContract.allowances,
  ̵  ̵ ̵ ̵AddressTxContract.owners,
  ̲  ̲ ̲ ̲AddressTxContract.claimed,
  ̵  ̵ ̵ ̵AddressTxContract.recipients, ContractState.readSlot,
      ContractState.writeSlot, ContractState.readMap, ContractState.writeMap,
  ̵  ̵ ̵ ̵ContractState.readMap2,
  ̲  ̲ ̲ ̲ContractState.writeMap2,
  ̵  ̵ ̵ ̵ContractState.readMapUint, ContractState.writeMapUint,
      ContractState.storage, ContractState.storageMap,
  ̵  ̵ ̵ ̵ContractState.storageMap2,
  ̲  ̲ ̲ ̲ContractState.storageMapUint]

Note: This linter can be disabled with `set_option linter.unusedSimpArgs false`
warning: LidoSRv3/Audit/Verity/AddressTx.lean:356:4: This simp argument is unused:
  AddressTxContract.balances

Hint: Omit it from the simp argument list.
  simp_all (config := { maxSteps := 1000000 })
  ̵  ̵ ̵ ̵[executePinnedSource, stateFor, observeAddress,
  ̲  ̲ ̲ ̲sourceAddressView, run, admitted,
  ̵  ̵ ̵ ̵successfulPost, AddressTxContract.claimWithdrawal, ̵_̵r̵o̵o̵t̵_̵.̵V̵e̵r̵i̵t̵y̵.̵r̵e̵q̵u̵i̵r̵e̵,̵
      _root_.Verity.r̲e̲q̲u̲i̲r̲e̲,̲ ̲_̲r̲o̲o̲t̲_̲.̲V̲e̲r̲i̲t̲y̲.̲Contract.run, _root_.Verity.bind, Bind.bind,
      _root_.Verity.msgSender, _root_.Verity.getMappingUint,
  ̵  ̵ ̵ ̵_root_.Verity.setMappingUint,
  ̲  ̲ ̲ ̲AddressTxContract.paused,
  ̵  ̵ ̵ ̵AddressTxContract.b̵all̲o̲w̲ances, AddressTxContract.a̵l̵l̵owa̵nc̵er̲s,
      AddressTxContract.o̵w̵n̵e̵r̵s̵,̵ ̵A̵d̵d̵r̵e̵s̵s̵T̵x̵C̵o̵n̵t̵r̵a̵ct̵.̵c̵laimed,
  ̵  ̵ ̵ ̵AddressTxContract.recipients, ContractState.readSlot,
      ContractState.writeSlot, ContractState.readMap, ContractState.writeMap,
  ̵  ̵ ̵ ̵ContractState.readMap2,
  ̲  ̲ ̲ ̲ContractState.writeMap2,
  ̵  ̵ ̵ ̵ContractState.readMapUint, ContractState.writeMapUint,
      ContractState.storage, ContractState.storageMap,
  ̵  ̵ ̵ ̵ContractState.storageMap2,
  ̲  ̲ ̲ ̲ContractState.storageMapUint]

Note: This linter can be disabled with `set_option linter.unusedSimpArgs false`
warning: LidoSRv3/Audit/Verity/AddressTx.lean:356:32: This simp argument is unused:
  AddressTxContract.allowances

Hint: Omit it from the simp argument list.
  simp_all (config := { maxSteps := 1000000 })
  ̵  ̵ ̵ ̵[executePinnedSource, stateFor, observeAddress,
  ̲  ̲ ̲ ̲sourceAddressView, run, admitted,
  ̵  ̵ ̵ ̵successfulPost, AddressTxContract.claimWithdrawal, ̵_̵r̵o̵o̵t̵_̵.̵V̵e̵r̵i̵t̵y̵.̵r̵e̵q̵u̵i̵r̵e̵,̵
      _root_.Verity.r̲e̲q̲u̲i̲r̲e̲,̲ ̲_̲r̲o̲o̲t̲_̲.̲V̲e̲r̲i̲t̲y̲.̲Contract.run, _root_.Verity.bind, Bind.bind,
      _root_.Verity.msgSender, _root_.Verity.getMappingUint,
  ̵  ̵ ̵ ̵_root_.Verity.setMappingUint,
  ̲  ̲ ̲ ̲AddressTxContract.paused,
  ̵  ̵ ̵ ̵AddressTxContract.balances, AddressTxContract.a̵l̵l̵owa̵nc̵er̲s,
      AddressTxContract.o̵w̵n̵e̵r̵s̵,̵ ̵A̵d̵d̵r̵e̵s̵s̵T̵x̵C̵o̵n̵t̵r̵a̵ct̵.̵c̵laimed,
  ̵  ̵ ̵ ̵AddressTxContract.recipients, ContractState.readSlot,
      ContractState.writeSlot, ContractState.readMap, ContractState.writeMap,
  ̵  ̵ ̵ ̵ContractState.readMap2,
  ̲  ̲ ̲ ̲ContractState.writeMap2,
  ̵  ̵ ̵ ̵ContractState.readMapUint, ContractState.writeMapUint,
      ContractState.storage, ContractState.storageMap,
  ̵  ̵ ̵ ̵ContractState.storageMap2,
  ̲  ̲ ̲ ̲ContractState.storageMapUint]

Note: This linter can be disabled with `set_option linter.unusedSimpArgs false`
warning: LidoSRv3/Audit/Verity/AddressTx.lean:358:34: This simp argument is unused:
  ContractState.readSlot

Hint: Omit it from the simp argument list.
  simp_all (config := { maxSteps := 1000000 })
  ̵  ̵ ̵ ̵[executePinnedSource, stateFor, observeAddress,
  ̲  ̲ ̲ ̲sourceAddressView, run, admitted,
  ̵  ̵ ̵ ̵successfulPost, AddressTxContract.claimWithdrawal, ̵_̵r̵o̵o̵t̵_̵.̵V̵e̵r̵i̵t̵y̵.̵r̵e̵q̵u̵i̵r̵e̵,̵
      _root_.Verity.r̲e̲q̲u̲i̲r̲e̲,̲ ̲_̲r̲o̲o̲t̲_̲.̲V̲e̲r̲i̲t̲y̲.̲Contract.run, _root_.Verity.bind, Bind.bind,
      _root_.Verity.msgSender, _root_.Verity.getMappingUint,
  ̵  ̵ ̵ ̵_root_.Verity.setMappingUint,
  ̲  ̲ ̲ ̲AddressTxContract.paused,
  ̵  ̵ ̵ ̵AddressTxContract.balances, AddressTxContract.allowances,
      AddressTxContract.owners, AddressTxContract.claimed,
  ̵  ̵ ̵ ̵AddressTxContract.recipients, ̵C̵o̵n̵t̵r̵a̵c̵t̵S̵t̵a̵t̵e̵.̵r̵e̵a̵d̵S̵l̵o̵t̵,̵
      ContractState.writeSlot, ContractState.readMap, ContractState.writeMap,
  ̵  ̵ ̵ ̵ContractState.readMap2,
  ̲  ̲ ̲ ̲ContractState.writeMap2,
  ̵  ̵ ̵ ̵ContractState.readMapUint, ContractState.writeMapUint,
      ContractState.storage, ContractState.storageMap,
  ̵  ̵ ̵ ̵ContractState.storageMap2,
  ̲  ̲ ̲ ̲ContractState.storageMapUint]

Note: This linter can be disabled with `set_option linter.unusedSimpArgs false`
warning: LidoSRv3/Audit/Verity/AddressTx.lean:359:29: This simp argument is unused:
  ContractState.readMap

Hint: Omit it from the simp argument list.
  simp_all (config := { maxSteps := 1000000 })
  ̵  ̵ ̵ ̵[executePinnedSource, stateFor, observeAddress,
  ̲  ̲ ̲ ̲sourceAddressView, run, admitted,
  ̵  ̵ ̵ ̵successfulPost, AddressTxContract.claimWithdrawal, ̵_̵r̵o̵o̵t̵_̵.̵V̵e̵r̵i̵t̵y̵.̵r̵e̵q̵u̵i̵r̵e̵,̵
      _root_.Verity.r̲e̲q̲u̲i̲r̲e̲,̲ ̲_̲r̲o̲o̲t̲_̲.̲V̲e̲r̲i̲t̲y̲.̲Contract.run, _root_.Verity.bind, Bind.bind,
      _root_.Verity.msgSender, _root_.Verity.getMappingUint,
  ̵  ̵ ̵ ̵_root_.Verity.setMappingUint,
  ̲  ̲ ̲ ̲AddressTxContract.paused,
  ̵  ̵ ̵ ̵AddressTxContract.balances, AddressTxContract.allowances,
      AddressTxContract.owners, AddressTxContract.claimed,
  ̵  ̵ ̵ ̵AddressTxContract.recipients,
  ̲  ̲ ̲ ̲ContractState.readSlot,
  ̵  ̵ ̵ ̵ContractState.writeSlot, ContractState.r̵e̵a̵d̵M̵a̵p̵,̵ ̵C̵o̵n̵t̵r̵a̵c̵t̵S̵t̵a̵t̵e̵.̵writeMap,
  ̵  ̵ ̵ ̵ContractState.readMap2,
  ̲  ̲ ̲ ̲ContractState.writeMap2,
  ̵  ̵ ̵ ̵ContractState.readMapUint, ContractState.writeMapUint,
      ContractState.storage, ContractState.storageMap,
  ̵  ̵ ̵ ̵ContractState.storageMap2,
  ̲  ̲ ̲ ̲ContractState.storageMapUint]

Note: This linter can be disabled with `set_option linter.unusedSimpArgs false`
warning: LidoSRv3/Audit/Verity/AddressTx.lean:360:4: This simp argument is unused:
  ContractState.readMap2

Hint: Omit it from the simp argument list.
  simp_all (config := { maxSteps := 1000000 })
  ̵  ̵ ̵ ̵[executePinnedSource, stateFor, observeAddress,
  ̲  ̲ ̲ ̲sourceAddressView, run, admitted,
  ̵  ̵ ̵ ̵successfulPost, AddressTxContract.claimWithdrawal, ̵_̵r̵o̵o̵t̵_̵.̵V̵e̵r̵i̵t̵y̵.̵r̵e̵q̵u̵i̵r̵e̵,̵
      _root_.Verity.r̲e̲q̲u̲i̲r̲e̲,̲ ̲_̲r̲o̲o̲t̲_̲.̲V̲e̲r̲i̲t̲y̲.̲Contract.run, _root_.Verity.bind, Bind.bind,
      _root_.Verity.msgSender, _root_.Verity.getMappingUint,
  ̵  ̵ ̵ ̵_root_.Verity.setMappingUint,
  ̲  ̲ ̲ ̲AddressTxContract.paused,
  ̵  ̵ ̵ ̵AddressTxContract.balances, AddressTxContract.allowances,
      AddressTxContract.owners, AddressTxContract.claimed,
  ̵  ̵ ̵ ̵AddressTxContract.recipients,
  ̲  ̲ ̲ ̲ContractState.readSlot,
  ̵  ̵ ̵ ̵ContractState.writeSlot, ContractState.readMap, ContractState.writeMap,
      ContractState.r̵e̵a̵d̵M̵a̵p̵2̵,̵ ̵C̵o̵n̵t̵r̵a̵c̵t̵S̵t̵a̵t̵e̵.̵writeMap2,
  ̵  ̵ ̵ ̵ContractState.readMapUint, ContractState.writeMapUint,
      ContractState.storage, ContractState.storageMap,
  ̵  ̵ ̵ ̵ContractState.storageMap2,
  ̲  ̲ ̲ ̲ContractState.storageMapUint]

Note: This linter can be disabled with `set_option linter.unusedSimpArgs false`
warning: LidoSRv3/Audit/Verity/AddressTx.lean:362:4: This simp argument is unused:
  ContractState.storage

Hint: Omit it from the simp argument list.
  simp_all (config := { maxSteps := 1000000 })
  ̵  ̵ ̵ ̵[executePinnedSource, stateFor, observeAddress,
  ̲  ̲ ̲ ̲sourceAddressView, run, admitted,
  ̵  ̵ ̵ ̵successfulPost, AddressTxContract.claimWithdrawal, ̵_̵r̵o̵o̵t̵_̵.̵V̵e̵r̵i̵t̵y̵.̵r̵e̵q̵u̵i̵r̵e̵,̵
      _root_.Verity.r̲e̲q̲u̲i̲r̲e̲,̲ ̲_̲r̲o̲o̲t̲_̲.̲V̲e̲r̲i̲t̲y̲.̲Contract.run, _root_.Verity.bind, Bind.bind,
      _root_.Verity.msgSender, _root_.Verity.getMappingUint,
  ̵  ̵ ̵ ̵_root_.Verity.setMappingUint,
  ̲  ̲ ̲ ̲AddressTxContract.paused,
  ̵  ̵ ̵ ̵AddressTxContract.balances, AddressTxContract.allowances,
      AddressTxContract.owners, AddressTxContract.claimed,
  ̵  ̵ ̵ ̵AddressTxContract.recipients,
  ̲  ̲ ̲ ̲ContractState.readSlot,
  ̵  ̵ ̵ ̵ContractState.writeSlot, ContractState.readMap, ContractState.writeMap,
      ContractState.readMap2, ContractState.writeMap2,
  ̵  ̵ ̵ ̵ContractState.readMapUint,
  ̲  ̲ ̲ ̲ContractState.writeMapUint,
  ̵  ̵ ̵ ̵ContractState.storage,̵ ̵C̵o̵n̵t̵r̵a̵c̵t̵S̵t̵a̵t̵e̵.̵s̵t̵o̵r̵a̵g̵e̵Map,
  ̵  ̵ ̵ ̵ContractState.storageMap2,
  ̲  ̲ ̲ ̲ContractState.storageMapUint]

Note: This linter can be disabled with `set_option linter.unusedSimpArgs false`
warning: LidoSRv3/Audit/Verity/AddressTx.lean:362:27: This simp argument is unused:
  ContractState.storageMap

Hint: Omit it from the simp argument list.
  simp_all (config := { maxSteps := 1000000 })
  ̵  ̵ ̵ ̵[executePinnedSource, stateFor, observeAddress,
  ̲  ̲ ̲ ̲sourceAddressView, run, admitted,
  ̵  ̵ ̵ ̵successfulPost, AddressTxContract.claimWithdrawal, ̵_̵r̵o̵o̵t̵_̵.̵V̵e̵r̵i̵t̵y̵.̵r̵e̵q̵u̵i̵r̵e̵,̵
      _root_.Verity.r̲e̲q̲u̲i̲r̲e̲,̲ ̲_̲r̲o̲o̲t̲_̲.̲V̲e̲r̲i̲t̲y̲.̲Contract.run, _root_.Verity.bind, Bind.bind,
      _root_.Verity.msgSender, _root_.Verity.getMappingUint,
  ̵  ̵ ̵ ̵_root_.Verity.setMappingUint,
  ̲  ̲ ̲ ̲AddressTxContract.paused,
  ̵  ̵ ̵ ̵AddressTxContract.balances, AddressTxContract.allowances,
      AddressTxContract.owners, AddressTxContract.claimed,
  ̵  ̵ ̵ ̵AddressTxContract.recipients,
  ̲  ̲ ̲ ̲ContractState.readSlot,
  ̵  ̵ ̵ ̵ContractState.writeSlot, ContractState.readMap, ContractState.writeMap,
      ContractState.readMap2, ContractState.writeMap2,
  ̵  ̵ ̵ ̵ContractState.readMapUint,
  ̲  ̲ ̲ ̲ContractState.writeMapUint,
  ̵  ̵ ̵ ̵ContractState.storage, ContractState.storageMap,̵
  ̵ ̵ ̵ ̵ ̵C̵o̵n̵t̵r̵a̵c̵t̵S̵t̵a̵t̵e̵.̵s̵t̵o̵r̵a̵g̵e̵M̵a̵p̵2,
  ̲  ̲ ̲ ̲ContractState.storageMapUint]

Note: This linter can be disabled with `set_option linter.unusedSimpArgs false`
warning: LidoSRv3/Audit/Verity/AddressTx.lean:363:4: This simp argument is unused:
  ContractState.storageMap2

Hint: Omit it from the simp argument list.
  simp_all (config := { maxSteps := 1000000 })
  ̵  ̵ ̵ ̵[executePinnedSource, stateFor, observeAddress,
  ̲  ̲ ̲ ̲sourceAddressView, run, admitted,
  ̵  ̵ ̵ ̵successfulPost, AddressTxContract.claimWithdrawal, ̵_̵r̵o̵o̵t̵_̵.̵V̵e̵r̵i̵t̵y̵.̵r̵e̵q̵u̵i̵r̵e̵,̵
      _root_.Verity.r̲e̲q̲u̲i̲r̲e̲,̲ ̲_̲r̲o̲o̲t̲_̲.̲V̲e̲r̲i̲t̲y̲.̲Contract.run, _root_.Verity.bind, Bind.bind,
      _root_.Verity.msgSender, _root_.Verity.getMappingUint,
  ̵  ̵ ̵ ̵_root_.Verity.setMappingUint,
  ̲  ̲ ̲ ̲AddressTxContract.paused,
  ̵  ̵ ̵ ̵AddressTxContract.balances, AddressTxContract.allowances,
      AddressTxContract.owners, AddressTxContract.claimed,
  ̵  ̵ ̵ ̵AddressTxContract.recipients,
  ̲  ̲ ̲ ̲ContractState.readSlot,
  ̵  ̵ ̵ ̵ContractState.writeSlot, ContractState.readMap, ContractState.writeMap,
      ContractState.readMap2, ContractState.writeMap2,
  ̵  ̵ ̵ ̵ContractState.readMapUint,
  ̲  ̲ ̲ ̲ContractState.writeMapUint,
  ̵  ̵ ̵ ̵ContractState.storage, ContractState.storageMap,
      ContractState.storageMap2̵,̵ ̵C̵o̵n̵t̵r̵a̵c̵t̵S̵t̵a̵t̵e̵.̵s̵t̵o̵r̵a̵g̵e̵M̵a̵p̵Uint]

Note: This linter can be disabled with `set_option linter.unusedSimpArgs false`
warning: LidoSRv3/Audit/Verity/AddressTx.lean:366:5: This simp argument is unused:
  _root_.Verity.Contract.run

Hint: Omit it from the simp argument list.
  simp_all (config :=
  ̲  ̲ ̲ ̲{ maxSteps := 1000000 }) [̵_̵r̵o̵o̵t̵_̵.̵V̵e̵r̵i̵t̵y̵.̵C̵o̵n̵t̵r̵a̵c̵t̵.̵r̵u̵n̵,̵ ̵_̵r̵o̵o̵t̵_̵.̵V̵e̵r̵i̵t̵y̵.̵b̵i̵n̵d̵,̵[̲_̲r̲o̲o̲t̲_̲.̲V̲e̲r̲i̲t̲y̲.̲b̲i̲n̲d̲,̲ Bind.bind]

Note: This linter can be disabled with `set_option linter.unusedSimpArgs false`
warning: LidoSRv3/Audit/Verity/AddressTx.lean:366:33: This simp argument is unused:
  _root_.Verity.bind

Hint: Omit it from the simp argument list.
  simp_all (config :=
  ̲  ̲ ̲ ̲{ maxSteps := 1000000 }) [_root_.Verity.Contract.run, _̵r̵o̵o̵t̵_̵.̵V̵e̵r̵i̵t̵y̵.̵b̵i̵n̵d̵,̵ ̵Bind.bind]

Note: This linter can be disabled with `set_option linter.unusedSimpArgs false`
warning: LidoSRv3/Audit/Verity/AddressTx.lean:366:53: This simp argument is unused:
  Bind.bind

Hint: Omit it from the simp argument list.
  simp_all (config :=
  ̲  ̲ ̲ ̲{ maxSteps := 1000000 })
  ̵  ̵ ̵ ̵[_root_.Verity.Contract.run, _root_.Verity.bind,̵ ̵B̵i̵n̵d̵.̵b̵i̵n̵d̵]

Note: This linter can be disabled with `set_option linter.unusedSimpArgs false`
warning: LidoSRv3/Audit/Verity/AddressTx.lean:368:5: This simp argument is unused:
  hone

Hint: Omit it from the simp argument list.
  simp_all (config :=
  ̲  ̲ ̲ ̲{ maxSteps := 1000000 })
  ̵  ̵ ̵ ̵[h̵o̵n̵e̵,̵ ̵_root_.Verity.Contract.run, _root_.Verity.bind, Bind.bind]

Note: This linter can be disabled with `set_option linter.unusedSimpArgs false`
warning: LidoSRv3/Audit/Verity/AddressTx.lean:368:11: This simp argument is unused:
  _root_.Verity.Contract.run

Hint: Omit it from the simp argument list.
  simp_all (config := { maxSteps := 1000000 }) [hone,
  ̲  ̲ ̲ ̲_̵r̵o̵o̵t̵_̵.̵V̵e̵r̵i̵t̵y̵.̵C̵o̵n̵t̵r̵a̵c̵t̵.̵r̵u̵n̵,̵ ̵_root_.Verity.bind, Bind.bind]

Note: This linter can be disabled with `set_option linter.unusedSimpArgs false`
warning: LidoSRv3/Audit/Verity/AddressTx.lean:368:39: This simp argument is unused:
  _root_.Verity.bind

Hint: Omit it from the simp argument list.
  simp_all (config := { maxSteps := 1000000 }) [hone,
  ̲  ̲ ̲ ̲_root_.Verity.Contract.run, _̵r̵o̵o̵t̵_̵.̵V̵e̵r̵i̵t̵y̵.̵b̵i̵n̵d̵,̵ ̵Bind.bind]

Note: This linter can be disabled with `set_option linter.unusedSimpArgs false`
warning: LidoSRv3/Audit/Verity/AddressTx.lean:368:59: This simp argument is unused:
  Bind.bind

Hint: Omit it from the simp argument list.
  simp_all (config := { maxSteps := 1000000 })
  ̵  ̵ ̵ ̵[hone,
  ̲  ̲ ̲ ̲_root_.Verity.Contract.run, _root_.Verity.bind,̵ ̵B̵i̵n̵d̵.̵b̵i̵n̵d̵]

Note: This linter can be disabled with `set_option linter.unusedSimpArgs false`
warning: LidoSRv3/Audit/Verity/AddressTx.lean:370:5: This simp argument is unused:
  _root_.Verity.Contract.run

Hint: Omit it from the simp argument list.
  simp_all (config :=
  ̲  ̲ ̲ ̲{ maxSteps := 1000000 }) [̵_̵r̵o̵o̵t̵_̵.̵V̵e̵r̵i̵t̵y̵.̵C̵o̵n̵t̵r̵a̵c̵t̵.̵r̵u̵n̵,̵ ̵_̵r̵o̵o̵t̵_̵.̵V̵e̵r̵i̵t̵y̵.̵b̵i̵n̵d̵,̵[̲_̲r̲o̲o̲t̲_̲.̲V̲e̲r̲i̲t̲y̲.̲b̲i̲n̲d̲,̲ Bind.bind]

Note: This linter can be disabled with `set_option linter.unusedSimpArgs false`
warning: LidoSRv3/Audit/Verity/AddressTx.lean:370:33: This simp argument is unused:
  _root_.Verity.bind

Hint: Omit it from the simp argument list.
  simp_all (config :=
  ̲  ̲ ̲ ̲{ maxSteps := 1000000 }) [_root_.Verity.Contract.run, _̵r̵o̵o̵t̵_̵.̵V̵e̵r̵i̵t̵y̵.̵b̵i̵n̵d̵,̵ ̵Bind.bind]

Note: This linter can be disabled with `set_option linter.unusedSimpArgs false`
warning: LidoSRv3/Audit/Verity/AddressTx.lean:370:53: This simp argument is unused:
  Bind.bind

Hint: Omit it from the simp argument list.
  simp_all (config :=
  ̲  ̲ ̲ ̲{ maxSteps := 1000000 })
  ̵  ̵ ̵ ̵[_root_.Verity.Contract.run, _root_.Verity.bind,̵ ̵B̵i̵n̵d̵.̵b̵i̵n̵d̵]

Note: This linter can be disabled with `set_option linter.unusedSimpArgs false`
warning: LidoSRv3/Audit/Verity/AddressTx.lean:372:5: This simp argument is unused:
  _root_.Verity.Contract.run

Hint: Omit it from the simp argument list.
  simp_all (config :=
  ̲  ̲ ̲ ̲{ maxSteps := 1000000 }) [̵_̵r̵o̵o̵t̵_̵.̵V̵e̵r̵i̵t̵y̵.̵C̵o̵n̵t̵r̵a̵c̵t̵.̵r̵u̵n̵,̵ ̵_̵r̵o̵o̵t̵_̵.̵V̵e̵r̵i̵t̵y̵.̵b̵i̵n̵d̵,̵[̲_̲r̲o̲o̲t̲_̲.̲V̲e̲r̲i̲t̲y̲.̲b̲i̲n̲d̲,̲ Bind.bind]

Note: This linter can be disabled with `set_option linter.unusedSimpArgs false`
warning: LidoSRv3/Audit/Verity/AddressTx.lean:372:33: This simp argument is unused:
  _root_.Verity.bind

Hint: Omit it from the simp argument list.
  simp_all (config :=
  ̲  ̲ ̲ ̲{ maxSteps := 1000000 }) [_root_.Verity.Contract.run, _̵r̵o̵o̵t̵_̵.̵V̵e̵r̵i̵t̵y̵.̵b̵i̵n̵d̵,̵ ̵Bind.bind]

Note: This linter can be disabled with `set_option linter.unusedSimpArgs false`
warning: LidoSRv3/Audit/Verity/AddressTx.lean:372:53: This simp argument is unused:
  Bind.bind

Hint: Omit it from the simp argument list.
  simp_all (config :=
  ̲  ̲ ̲ ̲{ maxSteps := 1000000 })
  ̵  ̵ ̵ ̵[_root_.Verity.Contract.run, _root_.Verity.bind,̵ ̵B̵i̵n̵d̵.̵b̵i̵n̵d̵]

Note: This linter can be disabled with `set_option linter.unusedSimpArgs false`
warning: LidoSRv3/Audit/Verity/AddressTx.lean:376:8: This simp argument is unused:
  _root_.Verity.Contract.run

Hint: Omit it from the simp argument list.
  simp_all (config :=
  ̲  ̲ ̲ ̲ ̲ ̲{
  ̲  ̲ ̲ ̲ ̲ ̲ ̲ ̲maxSteps :=
  ̲  ̲ ̲ ̲ ̲ ̲ ̲ ̲ ̲ ̲1000000 }) [show inp.requestOwner = inp.caller ↔ inp.caller = inp.requestOwner from
  ̲  ̲ ̲ ̲ ̲ ̲ ̲ ̲ ̲ ̲eq_comm,
        _̵r̵o̵o̵t̵_̵.̵V̵e̵r̵i̵t̵y̵.̵C̵o̵n̵t̵r̵a̵c̵t̵.̵r̵u̵n̵,̵ ̵_root_.Verity.bind, Bind.bind]

Note: This linter can be disabled with `set_option linter.unusedSimpArgs false`
warning: LidoSRv3/Audit/Verity/AddressTx.lean:376:36: This simp argument is unused:
  _root_.Verity.bind

Hint: Omit it from the simp argument list.
  simp_all (config :=
  ̲  ̲ ̲ ̲ ̲ ̲{
  ̲  ̲ ̲ ̲ ̲ ̲ ̲ ̲maxSteps :=
  ̲  ̲ ̲ ̲ ̲ ̲ ̲ ̲ ̲ ̲1000000 }) [show inp.requestOwner = inp.caller ↔ inp.caller = inp.requestOwner from
  ̲  ̲ ̲ ̲ ̲ ̲ ̲ ̲ ̲ ̲eq_comm,
        _root_.Verity.Contract.run, _̵r̵o̵o̵t̵_̵.̵V̵e̵r̵i̵t̵y̵.̵b̵i̵n̵d̵,̵ ̵Bind.bind]

Note: This linter can be disabled with `set_option linter.unusedSimpArgs false`
warning: LidoSRv3/Audit/Verity/AddressTx.lean:376:56: This simp argument is unused:
  Bind.bind

Hint: Omit it from the simp argument list.
  simp_all (config :=
  ̲  ̲ ̲ ̲ ̲ ̲{
  ̲  ̲ ̲ ̲ ̲ ̲ ̲ ̲maxSteps :=
  ̲  ̲ ̲ ̲ ̲ ̲ ̲ ̲ ̲ ̲1000000 }) [show inp.requestOwner = inp.caller ↔ inp.caller = inp.requestOwner from
  ̲  ̲ ̲ ̲ ̲ ̲ ̲ ̲ ̲ ̲eq_comm,
        _root_.Verity.Contract.run, _̵r̵o̵o̵t̵_̵.̵V̵e̵r̵i̵t̵y̵.̵b̵i̵n̵d̵,̵ ̵B̵i̵n̵d̵.̵b̵i̵n̵d̵]̵_̲r̲o̲o̲t̲_̲.̲V̲e̲r̲i̲t̲y̲.̲b̲i̲n̲d̲]̲

Note: This linter can be disabled with `set_option linter.unusedSimpArgs false`
warning: LidoSRv3/Audit/Verity/AddressTx.lean:378:5: This simp argument is unused:
  _root_.Verity.bind

Hint: Omit it from the simp argument list.
  simp_all (config :=
  ̲  ̲ ̲ ̲{ maxSteps := 1000000 }) [̵_̵r̵o̵o̵t̵_̵.̵V̵e̵r̵i̵t̵y̵.̵b̵i̵n̵d̵,̵ ̵B̵i̵n̵d̵.̵b̵i̵n̵d̵,̵[̲B̲i̲n̲d̲.̲b̲i̲n̲d̲,̲ _root_.Verity.setMappingUint, ContractState.writeMapUint,
  ̲  ̲ ̲ ̲ContractState.readMapUint, ContractState.storageMapUint]

Note: This linter can be disabled with `set_option linter.unusedSimpArgs false`
warning: LidoSRv3/Audit/Verity/AddressTx.lean:378:25: This simp argument is unused:
  Bind.bind

Hint: Omit it from the simp argument list.
  simp_all (config :=
  ̲  ̲ ̲ ̲{ maxSteps := 1000000 })
  ̵  ̵ ̵ ̵[_root_.Verity.bind, B̵i̵n̵d̵.̵b̵i̵n̵d̵,̵ ̵_root_.Verity.setMappingUint,
       ̵ ̵ContractState.writeMapUint, ContractState.readMapUint,
  ̵  ̵ ̵ ̵ ̵ ̵ContractState.storageMapUint]

Note: This linter can be disabled with `set_option linter.unusedSimpArgs false`
warning: LidoSRv3/Audit/Verity/AddressTx.lean:378:36: This simp argument is unused:
  _root_.Verity.setMappingUint

Hint: Omit it from the simp argument list.
  simp_all (config :=
  ̲  ̲ ̲ ̲{ maxSteps := 1000000 }) [_root_.Verity.bind, Bind.bind, _̵r̵o̵o̵t̵_̵.̵V̵e̵r̵i̵t̵y̵.̵s̵e̵t̵M̵a̵p̵p̵i̵n̵g̵U̵i̵n̵t̵,̵ContractState.writeMapUint,
      ContractState.readMapUint, ContractState.storageMapUint]

Note: This linter can be disabled with `set_option linter.unusedSimpArgs false`
warning: LidoSRv3/Audit/Verity/AddressTx.lean:379:6: This simp argument is unused:
  ContractState.writeMapUint

Hint: Omit it from the simp argument list.
  simp_all (config :=
  ̲  ̲ ̲ ̲{ maxSteps := 1000000 }) [_root_.Verity.bind, Bind.bind, _root_.Verity.setMappingUint,
      C̵o̵n̵t̵r̵a̵c̵t̵S̵t̵a̵t̵e̵.̵w̵r̵i̵t̵e̵M̵a̵p̵U̵i̵n̵t̵,̵ ̵ContractState.readMapUint, ContractState.storageMapUint]

Note: This linter can be disabled with `set_option linter.unusedSimpArgs false`
warning: LidoSRv3/Audit/Verity/AddressTx.lean:379:34: This simp argument is unused:
  ContractState.readMapUint

Hint: Omit it from the simp argument list.
  simp_all (config :=
  ̲  ̲ ̲ ̲{ maxSteps := 1000000 }) [_root_.Verity.bind, Bind.bind, _root_.Verity.setMappingUint,
      ContractState.writeMapUint, C̵o̵n̵t̵r̵a̵c̵t̵S̵t̵a̵t̵e̵.̵r̵e̵a̵d̵M̵a̵p̵U̵i̵n̵t̵,̵ContractState.storageMapUint]

Note: This linter can be disabled with `set_option linter.unusedSimpArgs false`
warning: LidoSRv3/Audit/Verity/AddressTx.lean:380:6: This simp argument is unused:
  ContractState.storageMapUint

Hint: Omit it from the simp argument list.
  simp_all (config :=
  ̲  ̲ ̲ ̲{ maxSteps := 1000000 }) [_root_.Verity.bind, Bind.bind, _root_.Verity.setMappingUint,
      ContractState.writeMapUint, C̵o̵n̵t̵r̵a̵c̵t̵S̵t̵a̵t̵e̵.̵r̵e̵a̵d̵M̵a̵p̵U̵i̵n̵t̵,̵
  ̵ ̵ ̵ ̵ ̵ ̵ ̵C̵o̵n̵t̵r̵a̵c̵t̵S̵t̵a̵t̵e̵.̵s̵t̵o̵r̵a̵g̵e̵M̵a̵p̵U̵i̵n̵t̵]̵C̲o̲n̲t̲r̲a̲c̲t̲S̲t̲a̲t̲e̲.̲r̲e̲a̲d̲M̲a̲p̲U̲i̲n̲t̲]̲

Note: This linter can be disabled with `set_option linter.unusedSimpArgs false`
warning: LidoSRv3/Audit/Verity/AddressTx.lean:398:6: try 'simp' instead of 'simpa'

Note: This linter can be disabled with `set_option linter.unnecessarySimpa false`
warning: LidoSRv3/Audit/Verity/AddressTx.lean:405:4: This simp argument is unused:
  AddressTxContract.paused

Hint: Omit it from the simp argument list.
  simp_all (config := { maxSteps := 1000000 })
  ̵  ̵ ̵ ̵[executePinnedSource, stateFor, observeAddress,
  ̲  ̲ ̲ ̲sourceAddressView, run, admitted,
  ̵  ̵ ̵ ̵successfulPost, AddressTxContract.redeem, ̵_̵r̵o̵o̵t̵_̵.̵V̵e̵r̵i̵t̵y̵.̵r̵e̵q̵u̵i̵r̵e̵,̵
      _root_.Verity.r̲e̲q̲u̲i̲r̲e̲,̲ ̲_̲r̲o̲o̲t̲_̲.̲V̲e̲r̲i̲t̲y̲.̲Contract.run, _root_.Verity.bind, Bind.bind,
      _root_.Verity.msgSender, _root_.Verity.getMapping,
  ̵  ̵ ̵ ̵_root_.Verity.setMapping,
  ̲  ̲ ̲ ̲_root_.Verity.setMappingUint,
  ̵  ̵ ̵ ̵AddressTxContract.p̵a̵u̵s̵e̵d̵,̵ ̵A̵d̵d̵r̵e̵s̵s̵T̵x̵C̵o̵n̵t̵r̵a̵c̵t̵.̵balances,
  ̵  ̵ ̵ ̵AddressTxContract.allowances,
  ̲  ̲ ̲ ̲AddressTxContract.owners,
  ̵  ̵ ̵ ̵AddressTxContract.claimed, AddressTxContract.recipients,
      ContractState.readSlot, ContractState.writeSlot,
  ̵  ̵ ̵ ̵ContractState.readMap, ContractState.writeMap,
      ContractState.readMap2, ContractState.writeMap2,
  ̵  ̵ ̵ ̵ContractState.readMapUint,
  ̲  ̲ ̲ ̲ContractState.writeMapUint,
  ̵  ̵ ̵ ̵ContractState.storage, ContractState.storageMap,
      ContractState.storageMap2, ContractState.storageMapUint,
  ̵  ̵ ̵ ̵Verity.Core.Uint256.ofNat, hzero]

Note: This linter can be disabled with `set_option linter.unusedSimpArgs false`
warning: LidoSRv3/Audit/Verity/AddressTx.lean:406:4: This simp argument is unused:
  AddressTxContract.allowances

Hint: Omit it from the simp argument list.
  simp_all (config := { maxSteps := 1000000 })
  ̵  ̵ ̵ ̵[executePinnedSource, stateFor, observeAddress,
  ̲  ̲ ̲ ̲sourceAddressView, run, admitted,
  ̵  ̵ ̵ ̵successfulPost, AddressTxContract.redeem, ̵_̵r̵o̵o̵t̵_̵.̵V̵e̵r̵i̵t̵y̵.̵r̵e̵q̵u̵i̵r̵e̵,̵
      _root_.Verity.r̲e̲q̲u̲i̲r̲e̲,̲ ̲_̲r̲o̲o̲t̲_̲.̲V̲e̲r̲i̲t̲y̲.̲Contract.run, _root_.Verity.bind, Bind.bind,
      _root_.Verity.msgSender, _root_.Verity.getMapping,
  ̵  ̵ ̵ ̵_root_.Verity.setMapping,
  ̲  ̲ ̲ ̲_root_.Verity.setMappingUint,
  ̵  ̵ ̵ ̵AddressTxContract.paused, AddressTxContract.balances,
      AddressTxContract.a̵l̵l̵owa̵nc̵es̵,̵ ̵A̵d̵d̵re̵ss̵T̵x̵C̵o̵n̵t̵r̵a̵c̵t̵.̵o̵w̵n̵e̵r̵s̵,
  ̵  ̵ ̵ ̵AddressTxContract.claimed, AddressTxContract.recipients,
      ContractState.readSlot, ContractState.writeSlot,
  ̵  ̵ ̵ ̵ContractState.readMap, ContractState.writeMap,
      ContractState.readMap2, ContractState.writeMap2,
  ̵  ̵ ̵ ̵ContractState.readMapUint,
  ̲  ̲ ̲ ̲ContractState.writeMapUint,
  ̵  ̵ ̵ ̵ContractState.storage, ContractState.storageMap,
      ContractState.storageMap2, ContractState.storageMapUint,
  ̵  ̵ ̵ ̵Verity.Core.Uint256.ofNat, hzero]

Note: This linter can be disabled with `set_option linter.unusedSimpArgs false`
warning: LidoSRv3/Audit/Verity/AddressTx.lean:406:34: This simp argument is unused:
  AddressTxContract.owners

Hint: Omit it from the simp argument list.
  simp_all (config := { maxSteps := 1000000 })
  ̵  ̵ ̵ ̵[executePinnedSource, stateFor, observeAddress,
  ̲  ̲ ̲ ̲sourceAddressView, run, admitted,
  ̵  ̵ ̵ ̵successfulPost, AddressTxContract.redeem, ̵_̵r̵o̵o̵t̵_̵.̵V̵e̵r̵i̵t̵y̵.̵r̵e̵q̵u̵i̵r̵e̵,̵
      _root_.Verity.r̲e̲q̲u̲i̲r̲e̲,̲ ̲_̲r̲o̲o̲t̲_̲.̲V̲e̲r̲i̲t̲y̲.̲Contract.run, _root_.Verity.bind, Bind.bind,
      _root_.Verity.msgSender, _root_.Verity.getMapping,
  ̵  ̵ ̵ ̵_root_.Verity.setMapping,
  ̲  ̲ ̲ ̲_root_.Verity.setMappingUint,
  ̵  ̵ ̵ ̵AddressTxContract.paused, AddressTxContract.balances,
      AddressTxContract.allowances, AddressTxContract.o̵w̵n̵e̵r̵s̵,̵
  ̵ ̵ ̵ ̵ ̵A̵d̵d̵r̵e̵s̵s̵T̵x̵C̵o̵n̵t̵r̵a̵ct̵.̵c̵laimed, AddressTxContract.recipients,
      ContractState.readSlot, ContractState.writeSlot,
  ̵  ̵ ̵ ̵ContractState.readMap, ContractState.writeMap,
      ContractState.readMap2, ContractState.writeMap2,
  ̵  ̵ ̵ ̵ContractState.readMapUint,
  ̲  ̲ ̲ ̲ContractState.writeMapUint,
  ̵  ̵ ̵ ̵ContractState.storage, ContractState.storageMap,
      ContractState.storageMap2, ContractState.storageMapUint,
  ̵  ̵ ̵ ̵Verity.Core.Uint256.ofNat, hzero]

Note: This linter can be disabled with `set_option linter.unusedSimpArgs false`
warning: LidoSRv3/Audit/Verity/AddressTx.lean:407:4: This simp argument is unused:
  AddressTxContract.claimed

Hint: Omit it from the simp argument list.
  simp_all (config := { maxSteps := 1000000 })
  ̵  ̵ ̵ ̵[executePinnedSource, stateFor, observeAddress,
  ̲  ̲ ̲ ̲sourceAddressView, run, admitted,
  ̵  ̵ ̵ ̵successfulPost, AddressTxContract.redeem, ̵_̵r̵o̵o̵t̵_̵.̵V̵e̵r̵i̵t̵y̵.̵r̵e̵q̵u̵i̵r̵e̵,̵
      _root_.Verity.r̲e̲q̲u̲i̲r̲e̲,̲ ̲_̲r̲o̲o̲t̲_̲.̲V̲e̲r̲i̲t̲y̲.̲Contract.run, _root_.Verity.bind, Bind.bind,
      _root_.Verity.msgSender, _root_.Verity.getMapping,
  ̵  ̵ ̵ ̵_root_.Verity.setMapping,
  ̲  ̲ ̲ ̲_root_.Verity.setMappingUint,
  ̵  ̵ ̵ ̵AddressTxContract.paused, AddressTxContract.balances,
      AddressTxContract.allowances, AddressTxContract.owners,
  ̵  ̵ ̵ ̵AddressTxContract.c̵l̵a̵i̵m̵e̵d̵,̵ ̵A̵d̵d̵res̵s̵T̵x̵C̵o̵n̵t̵r̵a̵ct̵.̵r̵e̵c̵ipients,
      ContractState.readSlot, ContractState.writeSlot,
  ̵  ̵ ̵ ̵ContractState.readMap, ContractState.writeMap,
      ContractState.readMap2, ContractState.writeMap2,
  ̵  ̵ ̵ ̵ContractState.readMapUint,
  ̲  ̲ ̲ ̲ContractState.writeMapUint,
  ̵  ̵ ̵ ̵ContractState.storage, ContractState.storageMap,
      ContractState.storageMap2, ContractState.storageMapUint,
  ̵  ̵ ̵ ̵Verity.Core.Uint256.ofNat, hzero]

Note: This linter can be disabled with `set_option linter.unusedSimpArgs false`
warning: LidoSRv3/Audit/Verity/AddressTx.lean:408:4: This simp argument is unused:
  ContractState.readSlot

Hint: Omit it from the simp argument list.
  simp_all (config := { maxSteps := 1000000 })
  ̵  ̵ ̵ ̵[executePinnedSource, stateFor, observeAddress,
  ̲  ̲ ̲ ̲sourceAddressView, run, admitted,
  ̵  ̵ ̵ ̵successfulPost, AddressTxContract.redeem, ̵_̵r̵o̵o̵t̵_̵.̵V̵e̵r̵i̵t̵y̵.̵r̵e̵q̵u̵i̵r̵e̵,̵
      _root_.Verity.r̲e̲q̲u̲i̲r̲e̲,̲ ̲_̲r̲o̲o̲t̲_̲.̲V̲e̲r̲i̲t̲y̲.̲Contract.run, _root_.Verity.bind, Bind.bind,
      _root_.Verity.msgSender, _root_.Verity.getMapping,
  ̵  ̵ ̵ ̵_root_.Verity.setMapping,
  ̲  ̲ ̲ ̲_root_.Verity.setMappingUint,
  ̵  ̵ ̵ ̵AddressTxContract.paused, AddressTxContract.balances,
      AddressTxContract.allowances, AddressTxContract.owners,
  ̵  ̵ ̵ ̵AddressTxContract.claimed,
  ̲  ̲ ̲ ̲AddressTxContract.recipients,
  ̵  ̵ ̵ ̵ContractState.r̵e̵a̵d̵S̵l̵o̵t̵,̵ ̵C̵o̵n̵t̵r̵a̵c̵t̵S̵t̵a̵t̵e̵.̵writeSlot,
  ̵  ̵ ̵ ̵ContractState.readMap,
  ̲  ̲ ̲ ̲ContractState.writeMap,
  ̵  ̵ ̵ ̵ContractState.readMap2, ContractState.writeMap2,
      ContractState.readMapUint, ContractState.writeMapUint,
  ̵  ̵ ̵ ̵ContractState.storage,
  ̲  ̲ ̲ ̲ContractState.storageMap,
  ̵  ̵ ̵ ̵ContractState.storageMap2, ContractState.storageMapUint,
      Verity.Core.Uint256.ofNat, hzero]

Note: This linter can be disabled with `set_option linter.unusedSimpArgs false`
warning: LidoSRv3/Audit/Verity/AddressTx.lean:410:4: This simp argument is unused:
  ContractState.readMap2

Hint: Omit it from the simp argument list.
  simp_all (config := { maxSteps := 1000000 })
  ̵  ̵ ̵ ̵[executePinnedSource, stateFor, observeAddress,
  ̲  ̲ ̲ ̲sourceAddressView, run, admitted,
  ̵  ̵ ̵ ̵successfulPost, AddressTxContract.redeem, ̵_̵r̵o̵o̵t̵_̵.̵V̵e̵r̵i̵t̵y̵.̵r̵e̵q̵u̵i̵r̵e̵,̵
      _root_.Verity.r̲e̲q̲u̲i̲r̲e̲,̲ ̲_̲r̲o̲o̲t̲_̲.̲V̲e̲r̲i̲t̲y̲.̲Contract.run, _root_.Verity.bind, Bind.bind,
      _root_.Verity.msgSender, _root_.Verity.getMapping,
  ̵  ̵ ̵ ̵_root_.Verity.setMapping,
  ̲  ̲ ̲ ̲_root_.Verity.setMappingUint,
  ̵  ̵ ̵ ̵AddressTxContract.paused, AddressTxContract.balances,
      AddressTxContract.allowances, AddressTxContract.owners,
  ̵  ̵ ̵ ̵AddressTxContract.claimed,
  ̲  ̲ ̲ ̲AddressTxContract.recipients,
  ̵  ̵ ̵ ̵ContractState.readSlot, ContractState.writeSlot,
      ContractState.readMap, ContractState.writeMap,
  ̵  ̵ ̵ ̵ContractState.r̵e̵a̵d̵M̵a̵p̵2̵,̵ ̵C̵o̵n̵t̵r̵a̵c̵t̵S̵t̵a̵t̵e̵.̵writeMap2,
      ContractState.readMapUint, ContractState.writeMapUint,
  ̵  ̵ ̵ ̵ContractState.storage,
  ̲  ̲ ̲ ̲ContractState.storageMap,
  ̵  ̵ ̵ ̵ContractState.storageMap2, ContractState.storageMapUint,
      Verity.Core.Uint256.ofNat, hzero]

Note: This linter can be disabled with `set_option linter.unusedSimpArgs false`
warning: LidoSRv3/Audit/Verity/AddressTx.lean:412:4: This simp argument is unused:
  ContractState.storage

Hint: Omit it from the simp argument list.
  simp_all (config := { maxSteps := 1000000 })
  ̵  ̵ ̵ ̵[executePinnedSource, stateFor, observeAddress,
  ̲  ̲ ̲ ̲sourceAddressView, run, admitted,
  ̵  ̵ ̵ ̵successfulPost, AddressTxContract.redeem, ̵_̵r̵o̵o̵t̵_̵.̵V̵e̵r̵i̵t̵y̵.̵r̵e̵q̵u̵i̵r̵e̵,̵
      _root_.Verity.r̲e̲q̲u̲i̲r̲e̲,̲ ̲_̲r̲o̲o̲t̲_̲.̲V̲e̲r̲i̲t̲y̲.̲Contract.run, _root_.Verity.bind, Bind.bind,
      _root_.Verity.msgSender, _root_.Verity.getMapping,
  ̵  ̵ ̵ ̵_root_.Verity.setMapping,
  ̲  ̲ ̲ ̲_root_.Verity.setMappingUint,
  ̵  ̵ ̵ ̵AddressTxContract.paused, AddressTxContract.balances,
      AddressTxContract.allowances, AddressTxContract.owners,
  ̵  ̵ ̵ ̵AddressTxContract.claimed,
  ̲  ̲ ̲ ̲AddressTxContract.recipients,
  ̵  ̵ ̵ ̵ContractState.readSlot, ContractState.writeSlot,
      ContractState.readMap, ContractState.writeMap,
  ̵  ̵ ̵ ̵ContractState.readMap2, ContractState.writeMap2,
      ContractState.readMapUint, ContractState.writeMapUint,
  ̵  ̵ ̵ ̵ContractState.storage,̵ ̵C̵o̵n̵t̵r̵a̵c̵t̵S̵t̵a̵t̵e̵.̵s̵t̵o̵r̵a̵g̵e̵Map,
      ContractState.storageMap2, ContractState.storageMapUint,
  ̵  ̵ ̵ ̵Verity.Core.Uint256.ofNat, hzero]

Note: This linter can be disabled with `set_option linter.unusedSimpArgs false`
warning: LidoSRv3/Audit/Verity/AddressTx.lean:413:4: This simp argument is unused:
  ContractState.storageMap2

Hint: Omit it from the simp argument list.
  simp_all (config := { maxSteps := 1000000 })
  ̵  ̵ ̵ ̵[executePinnedSource, stateFor, observeAddress,
  ̲  ̲ ̲ ̲sourceAddressView, run, admitted,
  ̵  ̵ ̵ ̵successfulPost, AddressTxContract.redeem, ̵_̵r̵o̵o̵t̵_̵.̵V̵e̵r̵i̵t̵y̵.̵r̵e̵q̵u̵i̵r̵e̵,̵
      _root_.Verity.r̲e̲q̲u̲i̲r̲e̲,̲ ̲_̲r̲o̲o̲t̲_̲.̲V̲e̲r̲i̲t̲y̲.̲Contract.run, _root_.Verity.bind, Bind.bind,
      _root_.Verity.msgSender, _root_.Verity.getMapping,
  ̵  ̵ ̵ ̵_root_.Verity.setMapping,
  ̲  ̲ ̲ ̲_root_.Verity.setMappingUint,
  ̵  ̵ ̵ ̵AddressTxContract.paused, AddressTxContract.balances,
      AddressTxContract.allowances, AddressTxContract.owners,
  ̵  ̵ ̵ ̵AddressTxContract.claimed,
  ̲  ̲ ̲ ̲AddressTxContract.recipients,
  ̵  ̵ ̵ ̵ContractState.readSlot, ContractState.writeSlot,
      ContractState.readMap, ContractState.writeMap,
  ̵  ̵ ̵ ̵ContractState.readMap2, ContractState.writeMap2,
      ContractState.readMapUint, ContractState.writeMapUint,
  ̵  ̵ ̵ ̵ContractState.storage, ̵C̵o̵n̵t̵r̵a̵c̵t̵S̵t̵a̵t̵e̵.̵s̵t̵o̵r̵a̵g̵e̵M̵a̵p̵,̵
      ContractState.storageMap2̵, ContractState.storageMapUint,
  ̵  ̵ ̵ ̵Verity.Core.Uint256.ofNat, hzero]

Note: This linter can be disabled with `set_option linter.unusedSimpArgs false`
warning: LidoSRv3/Audit/Verity/AddressTx.lean:414:31: This simp argument is unused:
  hzero

Hint: Omit it from the simp argument list.
  simp_all (config := { maxSteps := 1000000 })
  ̵  ̵ ̵ ̵[executePinnedSource, stateFor, observeAddress,
  ̲  ̲ ̲ ̲sourceAddressView, run, admitted,
  ̵  ̵ ̵ ̵successfulPost, AddressTxContract.redeem, ̵_̵r̵o̵o̵t̵_̵.̵V̵e̵r̵i̵t̵y̵.̵r̵e̵q̵u̵i̵r̵e̵,̵
      _root_.Verity.r̲e̲q̲u̲i̲r̲e̲,̲ ̲_̲r̲o̲o̲t̲_̲.̲V̲e̲r̲i̲t̲y̲.̲Contract.run, _root_.Verity.bind, Bind.bind,
      _root_.Verity.msgSender, _root_.Verity.getMapping,
  ̵  ̵ ̵ ̵_root_.Verity.setMapping,
  ̲  ̲ ̲ ̲_root_.Verity.setMappingUint,
  ̵  ̵ ̵ ̵AddressTxContract.paused, AddressTxContract.balances,
      AddressTxContract.allowances, AddressTxContract.owners,
  ̵  ̵ ̵ ̵AddressTxContract.claimed,
  ̲  ̲ ̲ ̲AddressTxContract.recipients,
  ̵  ̵ ̵ ̵ContractState.readSlot, ContractState.writeSlot,
      ContractState.readMap, ContractState.writeMap,
  ̵  ̵ ̵ ̵ContractState.readMap2, ContractState.writeMap2,
      ContractState.readMapUint, ContractState.writeMapUint,
  ̵  ̵ ̵ ̵ContractState.storage,
  ̲  ̲ ̲ ̲ContractState.storageMap,
  ̵  ̵ ̵ ̵ContractState.storageMap2, ContractState.storageMapUint,
      Verity.Core.Uint256.ofNat,̵ ̵h̵z̵e̵r̵o̵]

Note: This linter can be disabled with `set_option linter.unusedSimpArgs false`
warning: LidoSRv3/Audit/Verity/AddressTx.lean:418:5: This simp argument is unused:
  _root_.Verity.bind

Hint: Omit it from the simp argument list.
  simp_all (config :=
  ̲  ̲ ̲ ̲{ maxSteps := 1000000 }) [̵_̵r̵o̵o̵t̵_̵.̵V̵e̵r̵i̵t̵y̵.̵b̵i̵n̵d̵,̵ ̵B̵i̵n̵d̵.̵b̵i̵n̵d̵,̵[̲B̲i̲n̲d̲.̲b̲i̲n̲d̲,̲ _root_.Verity.setMappingUint, ContractState.writeMapUint,
  ̲  ̲ ̲ ̲ContractState.readMapUint, ContractState.storageMapUint]

Note: This linter can be disabled with `set_option linter.unusedSimpArgs false`
warning: LidoSRv3/Audit/Verity/AddressTx.lean:418:25: This simp argument is unused:
  Bind.bind

Hint: Omit it from the simp argument list.
  simp_all (config :=
  ̲  ̲ ̲ ̲{ maxSteps := 1000000 })
  ̵  ̵ ̵ ̵[_root_.Verity.bind, B̵i̵n̵d̵.̵b̵i̵n̵d̵,̵ ̵_root_.Verity.setMappingUint,
       ̵ ̵ContractState.writeMapUint, ContractState.readMapUint,
  ̵  ̵ ̵ ̵ ̵ ̵ContractState.storageMapUint]

Note: This linter can be disabled with `set_option linter.unusedSimpArgs false`
warning: LidoSRv3/Audit/Verity/AddressTx.lean:418:36: This simp argument is unused:
  _root_.Verity.setMappingUint

Hint: Omit it from the simp argument list.
  simp_all (config :=
  ̲  ̲ ̲ ̲{ maxSteps := 1000000 }) [_root_.Verity.bind, Bind.bind, _̵r̵o̵o̵t̵_̵.̵V̵e̵r̵i̵t̵y̵.̵s̵e̵t̵M̵a̵p̵p̵i̵n̵g̵U̵i̵n̵t̵,̵ContractState.writeMapUint,
      ContractState.readMapUint, ContractState.storageMapUint]

Note: This linter can be disabled with `set_option linter.unusedSimpArgs false`
warning: LidoSRv3/Audit/Verity/AddressTx.lean:419:6: This simp argument is unused:
  ContractState.writeMapUint

Hint: Omit it from the simp argument list.
  simp_all (config :=
  ̲  ̲ ̲ ̲{ maxSteps := 1000000 }) [_root_.Verity.bind, Bind.bind, _root_.Verity.setMappingUint,
      C̵o̵n̵t̵r̵a̵c̵t̵S̵t̵a̵t̵e̵.̵w̵r̵i̵t̵e̵M̵a̵p̵U̵i̵n̵t̵,̵ ̵ContractState.readMapUint, ContractState.storageMapUint]

Note: This linter can be disabled with `set_option linter.unusedSimpArgs false`
warning: LidoSRv3/Audit/Verity/AddressTx.lean:419:34: This simp argument is unused:
  ContractState.readMapUint

Hint: Omit it from the simp argument list.
  simp_all (config :=
  ̲  ̲ ̲ ̲{ maxSteps := 1000000 }) [_root_.Verity.bind, Bind.bind, _root_.Verity.setMappingUint,
      ContractState.writeMapUint, C̵o̵n̵t̵r̵a̵c̵t̵S̵t̵a̵t̵e̵.̵r̵e̵a̵d̵M̵a̵p̵U̵i̵n̵t̵,̵ContractState.storageMapUint]

Note: This linter can be disabled with `set_option linter.unusedSimpArgs false`
warning: LidoSRv3/Audit/Verity/AddressTx.lean:420:6: This simp argument is unused:
  ContractState.storageMapUint

Hint: Omit it from the simp argument list.
  simp_all (config :=
  ̲  ̲ ̲ ̲{ maxSteps := 1000000 }) [_root_.Verity.bind, Bind.bind, _root_.Verity.setMappingUint,
      ContractState.writeMapUint, C̵o̵n̵t̵r̵a̵c̵t̵S̵t̵a̵t̵e̵.̵r̵e̵a̵d̵M̵a̵p̵U̵i̵n̵t̵,̵
  ̵ ̵ ̵ ̵ ̵ ̵ ̵C̵o̵n̵t̵r̵a̵c̵t̵S̵t̵a̵t̵e̵.̵s̵t̵o̵r̵a̵g̵e̵M̵a̵p̵U̵i̵n̵t̵]̵C̲o̲n̲t̲r̲a̲c̲t̲S̲t̲a̲t̲e̲.̲r̲e̲a̲d̲M̲a̲p̲U̲i̲n̲t̲]̲

Note: This linter can be disabled with `set_option linter.unusedSimpArgs false`
ℹ [1427/1616] Replayed LidoSRv3.Audit.Guarantees.PTopup2ActualBatch
info: LidoSRv3/Audit/Guarantees/PTopup2ActualBatch.lean:40:0: 'LidoSRv3.Audit.Guarantees.PTopup2.actual_module_batch_bound' depends on axioms: [propext, Classical.choice, Quot.sound]
⚠ [1433/1616] Replayed LidoSRv3.Audit.Verity.ReserveRelationalTx
warning: LidoSRv3/Audit/Verity/ReserveRelationalTx.lean:303:44: This simp argument is unused:
  memory_writeSlot

Hint: Omit it from the simp argument list.
  simp [readBatchEnd, arrayState, evalExpr,̵ ̵m̵e̵m̵o̵r̵y̵_̵w̵r̵i̵t̵e̵S̵l̵o̵t̵]

Note: This linter can be disabled with `set_option linter.unusedSimpArgs false`
⚠ [1444/1616] Replayed LidoSRv3.Audit.Verity.VaultEthTx
warning: LidoSRv3/Audit/Verity/VaultEthTx.lean:94:23: This simp argument is unused:
  hRoute

Hint: Omit it from the simp argument list.
  simp [execute, hR̵o̵u̵t̵e̵,̵ ̵h̵Source, Contract.run] at hExecute

Note: This linter can be disabled with `set_option linter.unusedSimpArgs false`
warning: LidoSRv3/Audit/Verity/VaultEthTx.lean:109:25: This simp argument is unused:
  hRoute

Hint: Omit it from the simp argument list.
  simp [execute, hR̵o̵u̵t̵e̵,̵ ̵h̵Source, Contract.run] at hExecute

Note: This linter can be disabled with `set_option linter.unusedSimpArgs false`
warning: LidoSRv3/Audit/Verity/VaultEthTx.lean:113:21: This simp argument is unused:
  hRoute

Hint: Omit it from the simp argument list.
  simp [execute, hR̵o̵u̵t̵e̵,̵ ̵h̵Source, Contract.run] at hExecute

Note: This linter can be disabled with `set_option linter.unusedSimpArgs false`
warning: LidoSRv3/Audit/Verity/VaultEthTx.lean:121:23: This simp argument is unused:
  hRoute

Hint: Omit it from the simp argument list.
  simp [execute, hR̵o̵u̵t̵e̵,̵ ̵h̵Source, Contract.run] at hExecute

Note: This linter can be disabled with `set_option linter.unusedSimpArgs false`
warning: LidoSRv3/Audit/Verity/VaultEthTx.lean:136:25: This simp argument is unused:
  hRoute

Hint: Omit it from the simp argument list.
  simp [execute, hR̵o̵u̵t̵e̵,̵ ̵h̵Source, Contract.run] at hExecute

Note: This linter can be disabled with `set_option linter.unusedSimpArgs false`
ℹ [1473/1616] Replayed LidoSRv3.Tests.ConsolidationGatewayCallRegression
info: LidoSRv3/Tests/ConsolidationGatewayCallRegression.lean:51:0: 'LidoSRv3.Tests.ConsolidationGatewayCallRegression.consumes_two_real_payloads' depends on axioms: [propext]
info: LidoSRv3/Tests/ConsolidationGatewayCallRegression.lean:52:0: 'LidoSRv3.Tests.ConsolidationGatewayCallRegression.preserves_static_flag_and_call_order' depends on axioms: [propext]
info: LidoSRv3/Tests/ConsolidationGatewayCallRegression.lean:53:0: 'LidoSRv3.Tests.ConsolidationGatewayCallRegression.unauthorized_gateway_rejected' depends on axioms: [propext]
info: LidoSRv3/Tests/ConsolidationGatewayCallRegression.lean:54:0: 'LidoSRv3.Tests.ConsolidationGatewayCallRegression.incorrect_fee_after_staticcall' depends on axioms: [propext]
ℹ [1476/1616] Replayed LidoSRv3.Audit.Source.TrioComposition.ReturnMemory
info: LidoSRv3/Audit/Source/TrioComposition/ReturnMemory.lean:132:0: 'LidoSRv3.Audit.Source.TrioComposition.ReturnMemory.summary_correspondence' depends on axioms: [propext,
 Classical.choice,
 Quot.sound]
info: LidoSRv3/Audit/Source/TrioComposition/ReturnMemory.lean:133:0: 'LidoSRv3.Audit.Source.TrioComposition.ReturnMemory.stake_correspondence' depends on axioms: [propext,
 Classical.choice,
 Quot.sound]
info: LidoSRv3/Audit/Source/TrioComposition/ReturnMemory.lean:134:0: 'LidoSRv3.Audit.Source.TrioComposition.ReturnMemory.summary_allocation_failure' depends on axioms: [propext, Quot.sound]
info: LidoSRv3/Audit/Source/TrioComposition/ReturnMemory.lean:136:0: 'LidoSRv3.Audit.Source.TrioComposition.ReturnMemory.summary_take' depends on axioms: [propext,
 Classical.choice,
 Quot.sound]
info: LidoSRv3/Audit/Source/TrioComposition/ReturnMemory.lean:137:0: 'LidoSRv3.Audit.Source.TrioComposition.ReturnMemory.allocation_failure' depends on axioms: [propext]
info: LidoSRv3/Audit/Source/TrioComposition/ReturnMemory.lean:138:0: 'LidoSRv3.Audit.Source.TrioComposition.ReturnMemory.bounded_summary_projection' depends on axioms: [propext,
 Classical.choice,
 Quot.sound]
info: LidoSRv3/Audit/Source/TrioComposition/ReturnMemory.lean:139:0: 'LidoSRv3.Audit.Source.TrioComposition.ReturnMemory.bounded_stake_projection' depends on axioms: [propext,
 Classical.choice,
 Quot.sound]
ℹ [1477/1616] Replayed LidoSRv3.Audit.Source.TrioComposition.RowMemory
info: LidoSRv3/Audit/Source/TrioComposition/RowMemory.lean:215:0: 'LidoSRv3.Audit.Source.TrioComposition.RowMemory.firstLoop_exact' depends on axioms: [propext,
 Classical.choice,
 Quot.sound]
info: LidoSRv3/Audit/Source/TrioComposition/RowMemory.lean:216:0: 'LidoSRv3.Audit.Source.TrioComposition.RowMemory.endPointer_bound' depends on axioms: [propext, Quot.sound]
info: LidoSRv3/Audit/Source/TrioComposition/RowMemory.lean:217:0: 'LidoSRv3.Audit.Source.TrioComposition.RowMemory.firstRow_exact' depends on axioms: [propext,
 Classical.choice,
 Quot.sound]
info: LidoSRv3/Audit/Source/TrioComposition/RowMemory.lean:218:0: 'LidoSRv3.Audit.Source.TrioComposition.RowMemory.firstRow_erasure' depends on axioms: [propext,
 Classical.choice,
 Quot.sound]
info: LidoSRv3/Audit/Source/TrioComposition/RowMemory.lean:219:0: 'LidoSRv3.Audit.Source.TrioComposition.RowMemory.config_failure' depends on axioms: [propext, Quot.sound]
ℹ [1478/1616] Replayed LidoSRv3.Audit.Source.TrioComposition.FinalMemoryRows
info: LidoSRv3/Audit/Source/TrioComposition/FinalMemoryRows.lean:164:0: 'LidoSRv3.Audit.Source.TrioComposition.FinalMemoryRows.slot_exact' depends on axioms: [propext, Quot.sound]
info: LidoSRv3/Audit/Source/TrioComposition/FinalMemoryRows.lean:165:0: 'LidoSRv3.Audit.Source.TrioComposition.FinalMemoryRows.firstRow_exact' depends on axioms: [propext,
 Classical.choice,
 Quot.sound]
info: LidoSRv3/Audit/Source/TrioComposition/FinalMemoryRows.lean:166:0: 'LidoSRv3.Audit.Source.TrioComposition.FinalMemoryRows.firstLoop_exact' depends on axioms: [propext,
 Classical.choice,
 Quot.sound]
info: LidoSRv3/Audit/Source/TrioComposition/FinalMemoryRows.lean:167:0: 'LidoSRv3.Audit.Source.TrioComposition.FinalMemoryRows.endPointer_bound' depends on axioms: [propext, Quot.sound]
ℹ [1479/1616] Replayed LidoSRv3.Audit.Source.TrioAlloc2.MemoryPrefix
info: LidoSRv3/Audit/Source/TrioAlloc2/MemoryPrefix.lean:148:0: 'LidoSRv3.Audit.Source.TrioAlloc2.MemoryPrefix.execute_success_iff' depends on axioms: [propext, Quot.sound]
info: LidoSRv3/Audit/Source/TrioAlloc2/MemoryPrefix.lean:149:0: 'LidoSRv3.Audit.Source.TrioAlloc2.MemoryPrefix.execute_overflow_iff' depends on axioms: [propext,
 Classical.choice,
 Quot.sound]
info: LidoSRv3/Audit/Source/TrioAlloc2/MemoryPrefix.lean:151:0: 'LidoSRv3.Audit.Source.TrioAlloc2.MemoryPrefix.reserve_success' depends on axioms: [propext, Quot.sound]
info: LidoSRv3/Audit/Source/TrioAlloc2/MemoryPrefix.lean:152:0: 'LidoSRv3.Audit.Source.TrioAlloc2.MemoryPrefix.execute_extent' depends on axioms: [propext, Quot.sound]
ℹ [1480/1616] Replayed LidoSRv3.Audit.Source.TrioComposition.MemoryGuard
info: LidoSRv3/Audit/Source/TrioComposition/MemoryGuard.lean:38:0: 'LidoSRv3.Audit.Source.TrioComposition.MemoryGuard.run_eq' depends on axioms: [propext, Classical.choice, Quot.sound]
info: LidoSRv3/Audit/Source/TrioComposition/MemoryGuard.lean:39:0: 'LidoSRv3.Audit.Source.TrioComposition.MemoryGuard.check_eq' depends on axioms: [propext, Classical.choice, Quot.sound]
ℹ [1481/1616] Replayed LidoSRv3.Audit.Source.TrioComposition.FinalMemoryProducer
info: LidoSRv3/Audit/Source/TrioComposition/FinalMemoryProducer.lean:117:0: 'LidoSRv3.Audit.Source.TrioComposition.FinalMemoryProducer.afterPrefix_exact' depends on axioms: [propext,
 Classical.choice,
 Quot.sound]
info: LidoSRv3/Audit/Source/TrioComposition/FinalMemoryProducer.lean:118:0: 'LidoSRv3.Audit.Source.TrioComposition.FinalMemoryProducer.guardedProducer_exact' depends on axioms: [propext,
 Classical.choice,
 Quot.sound]
info: LidoSRv3/Audit/Source/TrioComposition/FinalMemoryProducer.lean:119:0: 'LidoSRv3.Audit.Source.TrioComposition.FinalMemoryProducer.producer_exact' depends on axioms: [propext,
 Classical.choice,
 Quot.sound]
info: LidoSRv3/Audit/Source/TrioComposition/FinalMemoryProducer.lean:120:0: 'LidoSRv3.Audit.Source.TrioComposition.FinalMemoryProducer.endPointer_bound' depends on axioms: [propext, Quot.sound]
ℹ [1482/1616] Replayed LidoSRv3.Audit.Source.TrioAlloc2.MemoryComposition
info: LidoSRv3/Audit/Source/TrioAlloc2/MemoryComposition.lean:71:0: 'LidoSRv3.Audit.Source.TrioAlloc2.producer_then_memory_consumer_distributes' depends on axioms: [propext,
 Classical.choice,
 Quot.sound]
info: LidoSRv3/Audit/Source/TrioAlloc2/MemoryComposition.lean:72:0: 'LidoSRv3.Audit.Source.TrioAlloc2.producer_then_byte_consumer_distributes' depends on axioms: [propext,
 Classical.choice,
 Quot.sound]
ℹ [1483/1616] Replayed LidoSRv3.Audit.Source.TrioComposition.MemoryTransport
info: LidoSRv3/Audit/Source/TrioComposition/MemoryTransport.lean:169:0: 'LidoSRv3.Audit.Source.TrioComposition.MemoryTransport.storeArray_related' depends on axioms: [propext, Quot.sound]
info: LidoSRv3/Audit/Source/TrioComposition/MemoryTransport.lean:170:0: 'LidoSRv3.Audit.Source.TrioComposition.MemoryTransport.storeElement_related' depends on axioms: [propext,
 Classical.choice,
 Quot.sound]
info: LidoSRv3/Audit/Source/TrioComposition/MemoryTransport.lean:171:0: 'LidoSRv3.Audit.Source.TrioComposition.MemoryTransport.storeArray_frame' depends on axioms: [propext,
 Classical.choice,
 Quot.sound]
info: LidoSRv3/Audit/Source/TrioComposition/MemoryTransport.lean:172:0: 'LidoSRv3.Audit.Source.TrioComposition.MemoryTransport.storeElement_frame' depends on axioms: [propext,
 Classical.choice,
 Quot.sound]
⚠ [1484/1616] Replayed LidoSRv3.Audit.Source.TrioComposition.ProducerStores
warning: LidoSRv3/Audit/Source/TrioComposition/ProducerStores.lean:114:5: Variable name `cend` is not explicitly referenced.

The binding can be removed (if unused) or named `_` (if used implicitly).

Note: This linter can be disabled with `set_option linter.unusedVariables false`
info: LidoSRv3/Audit/Source/TrioComposition/ProducerStores.lean:193:0: 'LidoSRv3.Audit.Source.TrioComposition.ProducerStores.projection' depends on axioms: [propext, Quot.sound]
info: LidoSRv3/Audit/Source/TrioComposition/ProducerStores.lean:194:0: 'LidoSRv3.Audit.Source.TrioComposition.ProducerStores.success' depends on axioms: [propext,
 Classical.choice,
 Quot.sound]
info: LidoSRv3/Audit/Source/TrioComposition/ProducerStores.lean:196:0: 'LidoSRv3.Audit.Source.TrioComposition.ProducerStores.firstLoop_exact' depends on axioms: [propext, Quot.sound]
info: LidoSRv3/Audit/Source/TrioComposition/ProducerStores.lean:197:0: 'LidoSRv3.Audit.Source.TrioComposition.ProducerStores.secondLoop_exact' depends on axioms: [propext, Quot.sound]
⚠ [1485/1616] Replayed audit.trio.alloc2.composition.AllocationMemoryBridge
warning: audit/trio/alloc2/composition/AllocationMemoryBridge.lean:71:28: This simp argument is unused:
  hr

Hint: Omit it from the simp argument list.
  simp [h̵r̵,̵ ̵toProducer, bind, Except.bind, Except.mapError]

Note: This linter can be disabled with `set_option linter.unusedSimpArgs false`
warning: audit/trio/alloc2/composition/AllocationMemoryBridge.lean:78:26: This simp argument is unused:
  ha

Hint: Omit it from the simp argument list.
  simp [h̵a̵,̵ ̵toProducer, bind, Except.bind, Except.mapError]

Note: This linter can be disabled with `set_option linter.unusedSimpArgs false`
warning: audit/trio/alloc2/composition/AllocationMemoryBridge.lean:81:28: This simp argument is unused:
  ha

Hint: Omit it from the simp argument list.
  simp [ha̵,̵ ̵h̵c, toProducer, bind, Except.bind, Except.mapError]

Note: This linter can be disabled with `set_option linter.unusedSimpArgs false`
info: audit/trio/alloc2/composition/AllocationMemoryBridge.lean:98:0: 'LidoSRv3.Audit.Source.TrioAlloc2.MemoryPrefix.prefix_eq_producer' depends on axioms: [propext,
 Classical.choice,
 Quot.sound]
info: audit/trio/alloc2/composition/AllocationMemoryBridge.lean:99:0: 'LidoSRv3.Audit.Source.TrioAlloc2.MemoryPrefix.producerPrefix_extent' depends on axioms: [propext,
 Classical.choice,
 Quot.sound]
info: audit/trio/alloc2/composition/AllocationMemoryBridge.lean:101:0: 'LidoSRv3.Audit.Source.TrioAlloc2.MemoryPrefix.rounded_aligned' depends on axioms: [propext, Quot.sound]
info: audit/trio/alloc2/composition/AllocationMemoryBridge.lean:102:0: 'LidoSRv3.Audit.Source.TrioAlloc2.MemoryPrefix.finalize_eq_reserve' depends on axioms: [propext,
 Classical.choice,
 Quot.sound]
info: audit/trio/alloc2/composition/AllocationMemoryBridge.lean:103:0: 'LidoSRv3.Audit.Source.TrioAlloc2.MemoryPrefix.array_eq_producer' depends on axioms: [propext,
 Classical.choice,
 Quot.sound]
ℹ [1486/1616] Replayed LidoSRv3.Audit.Source.TrioComposition.FinalMemoryStoredProducer
info: LidoSRv3/Audit/Source/TrioComposition/FinalMemoryStoredProducer.lean:297:0: 'LidoSRv3.Audit.Source.TrioComposition.FinalMemoryStoredProducer.producer_exact' depends on axioms: [propext,
 Classical.choice,
 Quot.sound]
info: LidoSRv3/Audit/Source/TrioComposition/FinalMemoryStoredProducer.lean:298:0: 'LidoSRv3.Audit.Source.TrioComposition.FinalMemoryStoredProducer.projection' depends on axioms: [propext,
 Classical.choice,
 Quot.sound]
info: LidoSRv3/Audit/Source/TrioComposition/FinalMemoryStoredProducer.lean:299:0: 'LidoSRv3.Audit.Source.TrioComposition.FinalMemoryStoredProducer.success' depends on axioms: [propext,
 Classical.choice,
 Quot.sound]
info: LidoSRv3/Audit/Source/TrioComposition/FinalMemoryStoredProducer.lean:300:0: 'LidoSRv3.Audit.Source.TrioComposition.FinalMemoryStoredProducer.bounds' depends on axioms: [propext, Quot.sound]
info: LidoSRv3/Audit/Source/TrioComposition/FinalMemoryStoredProducer.lean:301:0: 'LidoSRv3.Audit.Source.TrioComposition.FinalMemoryStoredProducer.guard_projection' depends on axioms: [propext,
 Classical.choice,
 Quot.sound]
info: LidoSRv3/Audit/Source/TrioComposition/FinalMemoryStoredProducer.lean:302:0: 'LidoSRv3.Audit.Source.TrioComposition.FinalMemoryStoredProducer.scratch_store_frame' depends on axioms: [propext,
 Quot.sound]
ℹ [1487/1616] Replayed LidoSRv3.Audit.Source.TrioComposition.MemoryTransportCopy
info: LidoSRv3/Audit/Source/TrioComposition/MemoryTransportCopy.lean:138:0: 'LidoSRv3.Audit.Source.TrioComposition.MemoryTransport.copyArray_related' depends on axioms: [propext, Quot.sound]
info: LidoSRv3/Audit/Source/TrioComposition/MemoryTransportCopy.lean:139:0: 'LidoSRv3.Audit.Source.TrioComposition.MemoryTransport.copyWordsLive_eq' depends on axioms: [propext, Quot.sound]
info: LidoSRv3/Audit/Source/TrioComposition/MemoryTransportCopy.lean:140:0: 'LidoSRv3.Audit.Source.TrioComposition.MemoryTransport.importReturn_preserves' depends on axioms: [propext,
 Classical.choice,
 Quot.sound]
ℹ [1488/1616] Replayed LidoSRv3.Audit.Source.TrioComposition.MemoryTransportABI
info: LidoSRv3/Audit/Source/TrioComposition/MemoryTransportABI.lean:79:0: 'LidoSRv3.Audit.Source.TrioComposition.MemoryTransport.libraryFromMemory_exact' depends on axioms: [propext,
 Classical.choice,
 Quot.sound]
info: LidoSRv3/Audit/Source/TrioComposition/MemoryTransportABI.lean:80:0: 'LidoSRv3.Audit.Source.TrioComposition.MemoryTransport.library_return_transport' depends on axioms: [propext,
 Classical.choice,
 Quot.sound]
info: LidoSRv3/Audit/Source/TrioComposition/MemoryTransportABI.lean:81:0: 'LidoSRv3.Audit.Source.TrioComposition.MemoryTransport.producer_memory_library_distributes' depends on axioms: [propext,
 Classical.choice,
 Quot.sound]
ℹ [1489/1616] Replayed LidoSRv3.Audit.Source.TrioComposition.MemoryTransportReturn
info: LidoSRv3/Audit/Source/TrioComposition/MemoryTransportReturn.lean:89:0: 'LidoSRv3.Audit.Source.TrioComposition.MemoryTransport.staged_return_arrays' depends on axioms: [propext,
 Classical.choice,
 Quot.sound]
ℹ [1490/1616] Replayed LidoSRv3.Audit.Source.TrioComposition.ParentCalls
info: LidoSRv3/Audit/Source/TrioComposition/ParentCalls.lean:45:0: 'LidoSRv3.Audit.Source.TrioComposition.ParentCalls.correspondence' depends on axioms: [propext, Quot.sound]
ℹ [1491/1616] Replayed LidoSRv3.Audit.Source.TrioComposition.CallerMemory
info: LidoSRv3/Audit/Source/TrioComposition/CallerMemory.lean:87:0: 'LidoSRv3.Audit.Source.TrioComposition.CallerMemory.zero_exact' depends on axioms: [propext, Quot.sound]
info: LidoSRv3/Audit/Source/TrioComposition/CallerMemory.lean:88:0: 'LidoSRv3.Audit.Source.TrioComposition.CallerMemory.zero_allocation_failure' depends on axioms: [propext]
info: LidoSRv3/Audit/Source/TrioComposition/CallerMemory.lean:89:0: 'LidoSRv3.Audit.Source.TrioComposition.CallerMemory.canonicalReturn_exact' depends on axioms: [propext, Quot.sound]
info: LidoSRv3/Audit/Source/TrioComposition/CallerMemory.lean:90:0: 'LidoSRv3.Audit.Source.TrioComposition.CallerMemory.library_success' depends on axioms: [propext, Quot.sound]
ℹ [1492/1616] Replayed LidoSRv3.Audit.Source.TrioComposition.FinalMemoryCaller
info: LidoSRv3/Audit/Source/TrioComposition/FinalMemoryCaller.lean:135:0: 'LidoSRv3.Audit.Source.TrioComposition.FinalMemoryCaller.canonicalReply_exact' depends on axioms: [propext,
 Classical.choice,
 Quot.sound]
info: LidoSRv3/Audit/Source/TrioComposition/FinalMemoryCaller.lean:136:0: 'LidoSRv3.Audit.Source.TrioComposition.FinalMemoryCaller.producer_canonical_shape' depends on axioms: [propext,
 Classical.choice,
 Quot.sound]
info: LidoSRv3/Audit/Source/TrioComposition/FinalMemoryCaller.lean:137:0: 'LidoSRv3.Audit.Source.TrioComposition.FinalMemoryCaller.library_exact' depends on axioms: [propext,
 Classical.choice,
 Quot.sound]
info: LidoSRv3/Audit/Source/TrioComposition/FinalMemoryCaller.lean:138:0: 'LidoSRv3.Audit.Source.TrioComposition.FinalMemoryCaller.afterProducer_exact' depends on axioms: [propext,
 Classical.choice,
 Quot.sound]
ℹ [1493/1616] Replayed LidoSRv3.Audit.Source.TrioComposition.MemoryTransportCall
info: LidoSRv3/Audit/Source/TrioComposition/MemoryTransportCall.lean:226:0: 'LidoSRv3.Audit.Source.TrioComposition.MemoryTransportCall.attempted_trace' depends on axioms: [propext, Quot.sound]
info: LidoSRv3/Audit/Source/TrioComposition/MemoryTransportCall.lean:227:0: 'LidoSRv3.Audit.Source.TrioComposition.MemoryTransportCall.evaluate_prefix_drop' depends on axioms: [propext]
info: LidoSRv3/Audit/Source/TrioComposition/MemoryTransportCall.lean:228:0: 'LidoSRv3.Audit.Source.TrioComposition.MemoryTransportCall.nonempty_before_no_duplication' depends on axioms: [propext,
 Quot.sound]
info: LidoSRv3/Audit/Source/TrioComposition/MemoryTransportCall.lean:229:0: 'LidoSRv3.Audit.Source.TrioComposition.MemoryTransportCall.reverting_call' depends on axioms: [propext, Quot.sound]
info: LidoSRv3/Audit/Source/TrioComposition/MemoryTransportCall.lean:230:0: 'LidoSRv3.Audit.Source.TrioComposition.MemoryTransportCall.producer_observed_library_distributes' depends on axioms: [propext,
 Classical.choice,
 Quot.sound]
info: LidoSRv3/Audit/Source/TrioComposition/MemoryTransportCall.lean:231:0: 'LidoSRv3.Audit.Source.TrioComposition.MemoryTransportCall.observed_return_preserves_original' depends on axioms: [propext,
 Classical.choice,
 Quot.sound]
ℹ [1494/1616] Replayed LidoSRv3.Audit.Source.TrioAlloc2.ParentConversion
info: LidoSRv3/Audit/Source/TrioAlloc2/ParentConversion.lean:128:0: 'LidoSRv3.Audit.Source.TrioAlloc2.ParentConversion.rowArithmetic_success_iff' depends on axioms: [propext, Quot.sound]
info: LidoSRv3/Audit/Source/TrioAlloc2/ParentConversion.lean:129:0: 'LidoSRv3.Audit.Source.TrioAlloc2.ParentConversion.rowArithmetic_values' depends on axioms: [propext]
info: LidoSRv3/Audit/Source/TrioAlloc2/ParentConversion.lean:130:0: 'LidoSRv3.Audit.Source.TrioAlloc2.ParentConversion.positive_total_error_first' depends on axioms: [propext, Quot.sound]
info: LidoSRv3/Audit/Source/TrioAlloc2/ParentConversion.lean:131:0: 'LidoSRv3.Audit.Source.TrioAlloc2.ParentConversion.zeroDemand_overflow' depends on axioms: [propext, Quot.sound]
info: LidoSRv3/Audit/Source/TrioAlloc2/ParentConversion.lean:132:0: 'LidoSRv3.Audit.Source.TrioAlloc2.ParentConversion.allocated_total_mul_success' depends on axioms: [propext, Quot.sound]
⚠ [1495/1616] Replayed LidoSRv3.Audit.Source.TrioComposition.ConversionBridge
warning: LidoSRv3/Audit/Source/TrioComposition/ConversionBridge.lean:21:32: This simp argument is unused:
  hn

Hint: Omit it from the simp argument list.
  simp [h̵n̵,̵ ̵bind, Except.bind, Except.map]

Note: This linter can be disabled with `set_option linter.unusedSimpArgs false`
warning: LidoSRv3/Audit/Source/TrioComposition/ConversionBridge.lean:23:32: This simp argument is unused:
  hp

Hint: Omit it from the simp argument list.
  simp [h̵p̵,̵ ̵bind, Except.bind, Except.map]

Note: This linter can be disabled with `set_option linter.unusedSimpArgs false`
warning: LidoSRv3/Audit/Source/TrioComposition/ConversionBridge.lean:23:36: This simp argument is unused:
  bind

Hint: Omit it from the simp argument list.
  simp [hp, b̵i̵n̵d̵,̵ ̵Except.bind, Except.map]

Note: This linter can be disabled with `set_option linter.unusedSimpArgs false`
warning: LidoSRv3/Audit/Source/TrioComposition/ConversionBridge.lean:23:42: This simp argument is unused:
  Except.bind

Hint: Omit it from the simp argument list.
  simp [hp, bind, Except.b̵i̵n̵d̵,̵ ̵E̵x̵c̵e̵p̵t̵.̵map]

Note: This linter can be disabled with `set_option linter.unusedSimpArgs false`
warning: LidoSRv3/Audit/Source/TrioComposition/ConversionBridge.lean:23:55: This simp argument is unused:
  Except.map

Hint: Omit it from the simp argument list.
  simp [hp, bind, Except.bind,̵ ̵E̵x̵c̵e̵p̵t̵.̵m̵a̵p̵]

Note: This linter can be disabled with `set_option linter.unusedSimpArgs false`
warning: LidoSRv3/Audit/Source/TrioComposition/ConversionBridge.lean:25:61: This simp argument is unused:
  hs

Hint: Omit it from the simp argument list.
  simp [h̵s̵,̵ ̵bind, Except.bind, Except.map]

Note: This linter can be disabled with `set_option linter.unusedSimpArgs false`
warning: LidoSRv3/Audit/Source/TrioComposition/ConversionBridge.lean:25:65: This simp argument is unused:
  bind

Hint: Omit it from the simp argument list.
  simp [hs, b̵i̵n̵d̵,̵ ̵Except.bind, Except.map]

Note: This linter can be disabled with `set_option linter.unusedSimpArgs false`
warning: LidoSRv3/Audit/Source/TrioComposition/ConversionBridge.lean:25:71: This simp argument is unused:
  Except.bind

Hint: Omit it from the simp argument list.
  simp [hs, bind, Except.b̵i̵n̵d̵,̵ ̵E̵x̵c̵e̵p̵t̵.̵map]

Note: This linter can be disabled with `set_option linter.unusedSimpArgs false`
warning: LidoSRv3/Audit/Source/TrioComposition/ConversionBridge.lean:25:84: This simp argument is unused:
  Except.map

Hint: Omit it from the simp argument list.
  simp [hs, bind, Except.bind,̵ ̵E̵x̵c̵e̵p̵t̵.̵m̵a̵p̵]

Note: This linter can be disabled with `set_option linter.unusedSimpArgs false`
warning: LidoSRv3/Audit/Source/TrioComposition/ConversionBridge.lean:27:58: This simp argument is unused:
  hd

Hint: Omit it from the simp argument list.
  simp [h̵d̵,̵ ̵bind, Except.bind, Except.map]

Note: This linter can be disabled with `set_option linter.unusedSimpArgs false`
warning: LidoSRv3/Audit/Source/TrioComposition/ConversionBridge.lean:27:62: This simp argument is unused:
  bind

Hint: Omit it from the simp argument list.
  simp [hd, b̵i̵n̵d̵,̵ ̵Except.bind, Except.map]

Note: This linter can be disabled with `set_option linter.unusedSimpArgs false`
warning: LidoSRv3/Audit/Source/TrioComposition/ConversionBridge.lean:27:68: This simp argument is unused:
  Except.bind

Hint: Omit it from the simp argument list.
  simp [hd, bind, Except.b̵i̵n̵d̵,̵ ̵E̵x̵c̵e̵p̵t̵.̵map]

Note: This linter can be disabled with `set_option linter.unusedSimpArgs false`
warning: LidoSRv3/Audit/Source/TrioComposition/ConversionBridge.lean:27:81: This simp argument is unused:
  Except.map

Hint: Omit it from the simp argument list.
  simp [hd, bind, Except.bind,̵ ̵E̵x̵c̵e̵p̵t̵.̵m̵a̵p̵]

Note: This linter can be disabled with `set_option linter.unusedSimpArgs false`
warning: LidoSRv3/Audit/Source/TrioComposition/ConversionBridge.lean:29:57: This simp argument is unused:
  hm

Hint: Omit it from the simp argument list.
  simp [h̵m̵,̵ ̵bind, Except.bind, Except.map]

Note: This linter can be disabled with `set_option linter.unusedSimpArgs false`
warning: LidoSRv3/Audit/Source/TrioComposition/ConversionBridge.lean:29:61: This simp argument is unused:
  bind

Hint: Omit it from the simp argument list.
  simp [hm, b̵i̵n̵d̵,̵ ̵Except.bind, Except.map]

Note: This linter can be disabled with `set_option linter.unusedSimpArgs false`
warning: LidoSRv3/Audit/Source/TrioComposition/ConversionBridge.lean:29:67: This simp argument is unused:
  Except.bind

Hint: Omit it from the simp argument list.
  simp [hm, bind, Except.b̵i̵n̵d̵,̵ ̵E̵x̵c̵e̵p̵t̵.̵map]

Note: This linter can be disabled with `set_option linter.unusedSimpArgs false`
warning: LidoSRv3/Audit/Source/TrioComposition/ConversionBridge.lean:29:80: This simp argument is unused:
  Except.map

Hint: Omit it from the simp argument list.
  simp [hm, bind, Except.bind,̵ ̵E̵x̵c̵e̵p̵t̵.̵m̵a̵p̵]

Note: This linter can be disabled with `set_option linter.unusedSimpArgs false`
warning: LidoSRv3/Audit/Source/TrioComposition/ConversionBridge.lean:41:32: This simp argument is unused:
  hp

Hint: Omit it from the simp argument list.
  simp [h̵p̵,̵ ̵bind, Except.bind, Except.map]

Note: This linter can be disabled with `set_option linter.unusedSimpArgs false`
warning: LidoSRv3/Audit/Source/TrioComposition/ConversionBridge.lean:43:61: This simp argument is unused:
  hm

Hint: Omit it from the simp argument list.
  simp [h̵m̵,̵ ̵bind, Except.bind, Except.map]

Note: This linter can be disabled with `set_option linter.unusedSimpArgs false`
warning: LidoSRv3/Audit/Source/TrioComposition/ConversionBridge.lean:43:65: This simp argument is unused:
  bind

Hint: Omit it from the simp argument list.
  simp [hm, b̵i̵n̵d̵,̵ ̵Except.bind, Except.map]

Note: This linter can be disabled with `set_option linter.unusedSimpArgs false`
warning: LidoSRv3/Audit/Source/TrioComposition/ConversionBridge.lean:43:71: This simp argument is unused:
  Except.bind

Hint: Omit it from the simp argument list.
  simp [hm, bind, Except.b̵i̵n̵d̵,̵ ̵E̵x̵c̵e̵p̵t̵.̵map]

Note: This linter can be disabled with `set_option linter.unusedSimpArgs false`
warning: LidoSRv3/Audit/Source/TrioComposition/ConversionBridge.lean:43:84: This simp argument is unused:
  Except.map

Hint: Omit it from the simp argument list.
  simp [hm, bind, Except.bind,̵ ̵E̵x̵c̵e̵p̵t̵.̵m̵a̵p̵]

Note: This linter can be disabled with `set_option linter.unusedSimpArgs false`
warning: LidoSRv3/Audit/Source/TrioComposition/ConversionBridge.lean:45:32: This simp argument is unused:
  hn

Hint: Omit it from the simp argument list.
  simp [h̵n̵,̵ ̵bind, Except.bind, Except.map]

Note: This linter can be disabled with `set_option linter.unusedSimpArgs false`
warning: LidoSRv3/Audit/Source/TrioComposition/ConversionBridge.lean:45:36: This simp argument is unused:
  bind

Hint: Omit it from the simp argument list.
  simp [hn, b̵i̵n̵d̵,̵ ̵Except.bind, Except.map]

Note: This linter can be disabled with `set_option linter.unusedSimpArgs false`
warning: LidoSRv3/Audit/Source/TrioComposition/ConversionBridge.lean:45:42: This simp argument is unused:
  Except.bind

Hint: Omit it from the simp argument list.
  simp [hn, bind, Except.b̵i̵n̵d̵,̵ ̵E̵x̵c̵e̵p̵t̵.̵map]

Note: This linter can be disabled with `set_option linter.unusedSimpArgs false`
warning: LidoSRv3/Audit/Source/TrioComposition/ConversionBridge.lean:45:55: This simp argument is unused:
  Except.map

Hint: Omit it from the simp argument list.
  simp [hn, bind, Except.bind,̵ ̵E̵x̵c̵e̵p̵t̵.̵m̵a̵p̵]

Note: This linter can be disabled with `set_option linter.unusedSimpArgs false`
warning: LidoSRv3/Audit/Source/TrioComposition/ConversionBridge.lean:106:63: This simp argument is unused:
  hs

Hint: Omit it from the simp argument list.
  simp [h̵s̵,̵ ̵Except.map]

Note: This linter can be disabled with `set_option linter.unusedSimpArgs false`
warning: LidoSRv3/Audit/Source/TrioComposition/ConversionBridge.lean:108:58: This simp argument is unused:
  hd

Hint: Omit it from the simp argument list.
  simp [h̵d̵,̵ ̵Except.map]

Note: This linter can be disabled with `set_option linter.unusedSimpArgs false`
warning: LidoSRv3/Audit/Source/TrioComposition/ConversionBridge.lean:108:62: This simp argument is unused:
  Except.map

Hint: Omit it from the simp argument list.
  simp [hd,̵ ̵E̵x̵c̵e̵p̵t̵.̵m̵a̵p̵]

Note: This linter can be disabled with `set_option linter.unusedSimpArgs false`
warning: LidoSRv3/Audit/Source/TrioComposition/ConversionBridge.lean:110:54: This simp argument is unused:
  hm

Hint: Omit it from the simp argument list.
  simp [h̵m̵,̵ ̵Except.map]

Note: This linter can be disabled with `set_option linter.unusedSimpArgs false`
warning: LidoSRv3/Audit/Source/TrioComposition/ConversionBridge.lean:110:58: This simp argument is unused:
  Except.map

Hint: Omit it from the simp argument list.
  simp [hm,̵ ̵E̵x̵c̵e̵p̵t̵.̵m̵a̵p̵]

Note: This linter can be disabled with `set_option linter.unusedSimpArgs false`
warning: LidoSRv3/Audit/Source/TrioComposition/ConversionBridge.lean:137:54: This simp argument is unused:
  hm

Hint: Omit it from the simp argument list.
  simp [h̵m̵,̵ ̵Except.map]

Note: This linter can be disabled with `set_option linter.unusedSimpArgs false`
warning: LidoSRv3/Audit/Source/TrioComposition/ConversionBridge.lean:155:52: This simp argument is unused:
  hm

Hint: Omit it from the simp argument list.
  simp [h̵m̵,̵ ̵bind, Except.bind, Except.map]

Note: This linter can be disabled with `set_option linter.unusedSimpArgs false`
info: LidoSRv3/Audit/Source/TrioComposition/ConversionBridge.lean:192:0: 'LidoSRv3.Audit.Source.TrioComposition.ConversionBridge.positive_conversion_equiv' depends on axioms: [propext,
 Classical.choice,
 Quot.sound]
info: LidoSRv3/Audit/Source/TrioComposition/ConversionBridge.lean:193:0: 'LidoSRv3.Audit.Source.TrioComposition.ConversionBridge.zero_conversion_equiv' depends on axioms: [propext,
 Classical.choice,
 Quot.sound]
info: LidoSRv3/Audit/Source/TrioComposition/ConversionBridge.lean:194:0: 'LidoSRv3.Audit.Source.TrioComposition.ConversionBridge.producer_consumer_conversion_equiv' depends on axioms: [propext,
 Classical.choice,
 Quot.sound]
info: LidoSRv3/Audit/Source/TrioComposition/ConversionBridge.lean:196:0: 'LidoSRv3.Audit.Source.TrioComposition.ConversionBridge.positive_equiv' depends on axioms: [propext,
 Classical.choice,
 Quot.sound]
info: LidoSRv3/Audit/Source/TrioComposition/ConversionBridge.lean:197:0: 'LidoSRv3.Audit.Source.TrioComposition.ConversionBridge.zero_equiv' depends on axioms: [propext,
 Classical.choice,
 Quot.sound]
ℹ [1496/1616] Replayed LidoSRv3.Audit.Source.TrioComposition.MemoryTransportConversion
info: LidoSRv3/Audit/Source/TrioComposition/MemoryTransportConversion.lean:290:0: 'LidoSRv3.Audit.Source.TrioComposition.MemoryTransportConversion.positiveRows_related' depends on axioms: [propext,
 Classical.choice,
 Quot.sound]
info: LidoSRv3/Audit/Source/TrioComposition/MemoryTransportConversion.lean:291:0: 'LidoSRv3.Audit.Source.TrioComposition.MemoryTransportConversion.zeroRows_related' depends on axioms: [propext,
 Classical.choice,
 Quot.sound]
info: LidoSRv3/Audit/Source/TrioComposition/MemoryTransportConversion.lean:292:0: 'LidoSRv3.Audit.Source.TrioComposition.MemoryTransportConversion.positive_success' depends on axioms: [propext,
 Classical.choice,
 Quot.sound]
info: LidoSRv3/Audit/Source/TrioComposition/MemoryTransportConversion.lean:293:0: 'LidoSRv3.Audit.Source.TrioComposition.MemoryTransportConversion.zero_success' depends on axioms: [propext,
 Classical.choice,
 Quot.sound]
info: LidoSRv3/Audit/Source/TrioComposition/MemoryTransportConversion.lean:294:0: 'LidoSRv3.Audit.Source.TrioComposition.MemoryTransportConversion.positive_equiv' depends on axioms: [propext,
 Classical.choice,
 Quot.sound]
info: LidoSRv3/Audit/Source/TrioComposition/MemoryTransportConversion.lean:295:0: 'LidoSRv3.Audit.Source.TrioComposition.MemoryTransportConversion.zero_equiv' depends on axioms: [propext,
 Classical.choice,
 Quot.sound]
ℹ [1497/1616] Replayed LidoSRv3.Audit.Source.TrioComposition.FinalMemoryStoredParentMemory
info: LidoSRv3/Audit/Source/TrioComposition/FinalMemoryStoredParentMemory.lean:158:0: 'LidoSRv3.Audit.Source.TrioComposition.FinalMemoryStoredParentMemory.receive_canonical' depends on axioms: [propext,
 Classical.choice,
 Quot.sound]
info: LidoSRv3/Audit/Source/TrioComposition/FinalMemoryStoredParentMemory.lean:159:0: 'LidoSRv3.Audit.Source.TrioComposition.FinalMemoryStoredParentMemory.positive_projection' depends on axioms: [propext,
 Classical.choice,
 Quot.sound]
info: LidoSRv3/Audit/Source/TrioComposition/FinalMemoryStoredParentMemory.lean:160:0: 'LidoSRv3.Audit.Source.TrioComposition.FinalMemoryStoredParentMemory.zero_projection' depends on axioms: [propext,
 Classical.choice,
 Quot.sound]
info: LidoSRv3/Audit/Source/TrioComposition/FinalMemoryStoredParentMemory.lean:161:0: 'LidoSRv3.Audit.Source.TrioComposition.FinalMemoryStoredParentMemory.observed_memory' depends on axioms: [propext,
 Quot.sound]
ℹ [1498/1616] Replayed LidoSRv3.Audit.Source.TrioComposition.FinalMemoryStoredParentCaller
info: LidoSRv3/Audit/Source/TrioComposition/FinalMemoryStoredParentCaller.lean:161:0: 'LidoSRv3.Audit.Source.TrioComposition.FinalMemoryStoredParentCaller.zeroReply_projection' depends on axioms: [propext,
 Classical.choice,
 Quot.sound]
info: LidoSRv3/Audit/Source/TrioComposition/FinalMemoryStoredParentCaller.lean:162:0: 'LidoSRv3.Audit.Source.TrioComposition.FinalMemoryStoredParentCaller.positiveReply_projection' depends on axioms: [propext,
 Classical.choice,
 Quot.sound]
info: LidoSRv3/Audit/Source/TrioComposition/FinalMemoryStoredParentCaller.lean:163:0: 'LidoSRv3.Audit.Source.TrioComposition.FinalMemoryStoredParentCaller.empty_projection' depends on axioms: [propext,
 Classical.choice,
 Quot.sound]
info: LidoSRv3/Audit/Source/TrioComposition/FinalMemoryStoredParentCaller.lean:164:0: 'LidoSRv3.Audit.Source.TrioComposition.FinalMemoryStoredParentCaller.afterProducer_projection' depends on axioms: [propext,
 Classical.choice,
 Quot.sound]
info: LidoSRv3/Audit/Source/TrioComposition/FinalMemoryStoredParentCaller.lean:165:0: 'LidoSRv3.Audit.Source.TrioComposition.FinalMemoryStoredParentCaller.afterProducer_trace' depends on axioms: [propext,
 Quot.sound]
ℹ [1499/1616] Replayed LidoSRv3.Audit.Source.TrioComposition.FinalMemoryParent
info: LidoSRv3/Audit/Source/TrioComposition/FinalMemoryParent.lean:123:0: 'LidoSRv3.Audit.Source.TrioComposition.FinalMemoryParent.correspondence' depends on axioms: [propext,
 Classical.choice,
 Quot.sound]
info: LidoSRv3/Audit/Source/TrioComposition/FinalMemoryParent.lean:124:0: 'LidoSRv3.Audit.Source.TrioComposition.FinalMemoryParent.public_iff' depends on axioms: [propext,
 Classical.choice,
 Quot.sound]
info: LidoSRv3/Audit/Source/TrioComposition/FinalMemoryParent.lean:125:0: 'LidoSRv3.Audit.Source.TrioComposition.FinalMemoryParent.outer_allocation_failure' depends on axioms: [propext,
 Quot.sound]
info: LidoSRv3/Audit/Source/TrioComposition/FinalMemoryParent.lean:126:0: 'LidoSRv3.Audit.Source.TrioComposition.FinalMemoryParent.budget_from_small_entry' depends on axioms: [propext,
 Quot.sound]
ℹ [1500/1616] Replayed LidoSRv3.Audit.Source.TrioComposition.FinalMemoryStoredParent
info: LidoSRv3/Audit/Source/TrioComposition/FinalMemoryStoredParent.lean:224:0: 'LidoSRv3.Audit.Source.TrioComposition.FinalMemoryStoredParent.projection' depends on axioms: [propext,
 Classical.choice,
 Quot.sound]
info: LidoSRv3/Audit/Source/TrioComposition/FinalMemoryStoredParent.lean:225:0: 'LidoSRv3.Audit.Source.TrioComposition.FinalMemoryStoredParent.public_iff' depends on axioms: [propext,
 Classical.choice,
 Quot.sound]
info: LidoSRv3/Audit/Source/TrioComposition/FinalMemoryStoredParent.lean:226:0: 'LidoSRv3.Audit.Source.TrioComposition.FinalMemoryStoredParent.success' depends on axioms: [propext,
 Classical.choice,
 Quot.sound]
info: LidoSRv3/Audit/Source/TrioComposition/FinalMemoryStoredParent.lean:227:0: 'LidoSRv3.Audit.Source.TrioComposition.FinalMemoryStoredParent.positive_calls' depends on axioms: [propext, Quot.sound]
info: LidoSRv3/Audit/Source/TrioComposition/FinalMemoryStoredParent.lean:228:0: 'LidoSRv3.Audit.Source.TrioComposition.FinalMemoryStoredParent.trace_shape' depends on axioms: [propext, Quot.sound]
ℹ [1513/1616] Replayed LidoSRv3.Audit.Source.TrioComposition.MemoryProducer
info: LidoSRv3/Audit/Source/TrioComposition/MemoryProducer.lean:79:0: 'LidoSRv3.Audit.Source.TrioComposition.MemoryProducer.afterPrefix_exact' depends on axioms: [propext,
 Classical.choice,
 Quot.sound]
info: LidoSRv3/Audit/Source/TrioComposition/MemoryProducer.lean:80:0: 'LidoSRv3.Audit.Source.TrioComposition.MemoryProducer.producer_exact' depends on axioms: [propext,
 Classical.choice,
 Quot.sound]
info: LidoSRv3/Audit/Source/TrioComposition/MemoryProducer.lean:81:0: 'LidoSRv3.Audit.Source.TrioComposition.MemoryProducer.prefix_failure' depends on axioms: [propext]
⚠ [1514/1616] Replayed LidoSRv3.Audit.Source.TrioComposition.AllocationParentCalls
warning: LidoSRv3/Audit/Source/TrioComposition/AllocationParentCalls.lean:31:12: This simp argument is unused:
  divided

Hint: Omit it from the simp argument list.
  simp [d̵i̵v̵i̵d̵e̵d̵,̵ ̵success, CallTree.check, bind, CallTree.bind]

Note: This linter can be disabled with `set_option linter.unusedSimpArgs false`
info: LidoSRv3/Audit/Source/TrioComposition/AllocationParentCalls.lean:82:0: 'LidoSRv3.Audit.Source.TrioComposition.AllocationParentCalls.successful_prefix_extent' depends on axioms: [propext,
 Classical.choice,
 Quot.sound]
info: LidoSRv3/Audit/Source/TrioComposition/AllocationParentCalls.lean:84:0: 'LidoSRv3.Audit.Source.TrioComposition.AllocationParentCalls.successful_prefix_correspondence' depends on axioms: [propext,
 Quot.sound]
info: LidoSRv3/Audit/Source/TrioComposition/AllocationParentCalls.lean:85:0: 'LidoSRv3.Audit.Source.TrioComposition.AllocationParentCalls.empty_memory_failure' depends on axioms: [propext,
 Quot.sound]
info: LidoSRv3/Audit/Source/TrioComposition/AllocationParentCalls.lean:86:0: 'LidoSRv3.Audit.Source.TrioComposition.AllocationParentCalls.division_failure' depends on axioms: [propext, Quot.sound]
info: LidoSRv3/Audit/Source/TrioComposition/AllocationParentCalls.lean:87:0: 'LidoSRv3.Audit.Source.TrioComposition.AllocationParentCalls.memory_failure' depends on axioms: [propext, Quot.sound]
ℹ [1515/1616] Replayed LidoSRv3.Audit.Source.TrioComposition.MemoryParentCalls
info: LidoSRv3/Audit/Source/TrioComposition/MemoryParentCalls.lean:59:0: 'LidoSRv3.Audit.Source.TrioComposition.MemoryParentCalls.program_eq' depends on axioms: [propext,
 Classical.choice,
 Quot.sound]
info: LidoSRv3/Audit/Source/TrioComposition/MemoryParentCalls.lean:60:0: 'LidoSRv3.Audit.Source.TrioComposition.MemoryParentCalls.correspondence' depends on axioms: [propext,
 Classical.choice,
 Quot.sound]
info: LidoSRv3/Audit/Source/TrioComposition/MemoryParentCalls.lean:61:0: 'LidoSRv3.Audit.Source.TrioComposition.MemoryParentCalls.abi_extent' depends on axioms: [propext,
 Classical.choice,
 Quot.sound]
ℹ [1516/1616] Replayed LidoSRv3.Audit.Source.TrioComposition.WriterMemory
info: LidoSRv3/Audit/Source/TrioComposition/WriterMemory.lean:82:0: 'LidoSRv3.Audit.Source.TrioComposition.WriterMemory.from_history' depends on axioms: [propext,
 Classical.choice,
 Quot.sound]
info: LidoSRv3/Audit/Source/TrioComposition/WriterMemory.lean:83:0: 'LidoSRv3.Audit.Source.TrioComposition.WriterMemory.history_public_iff' depends on axioms: [propext,
 Classical.choice,
 Quot.sound]
info: LidoSRv3/Audit/Source/TrioComposition/WriterMemory.lean:84:0: 'LidoSRv3.Audit.Source.TrioComposition.WriterMemory.from_invariant' depends on axioms: [propext,
 Classical.choice,
 Quot.sound]
info: LidoSRv3/Audit/Source/TrioComposition/WriterMemory.lean:85:0: 'LidoSRv3.Audit.Source.TrioComposition.WriterMemory.after_share_writer' depends on axioms: [propext,
 Classical.choice,
 Quot.sound]
info: LidoSRv3/Audit/Source/TrioComposition/WriterMemory.lean:86:0: 'LidoSRv3.Audit.Source.TrioComposition.WriterMemory.after_parameter_writer' depends on axioms: [propext,
 Classical.choice,
 Quot.sound]
info: LidoSRv3/Audit/Source/TrioComposition/WriterMemory.lean:87:0: 'LidoSRv3.Audit.Source.TrioComposition.WriterMemory.after_admission' depends on axioms: [propext,
 Classical.choice,
 Quot.sound]
ℹ [1517/1616] Replayed LidoSRv3.Audit.Source.TrioComposition.LifecycleHistory
info: LidoSRv3/Audit/Source/TrioComposition/LifecycleHistory.lean:117:0: 'LidoSRv3.Audit.Source.TrioComposition.LifecycleHistory.stored_parent_iff' depends on axioms: [propext,
 Classical.choice,
 Quot.sound]
info: LidoSRv3/Audit/Source/TrioComposition/LifecycleHistory.lean:119:0: 'LidoSRv3.Audit.Source.TrioComposition.LifecycleHistory.final_parent_iff' depends on axioms: [propext,
 Classical.choice,
 Quot.sound]
info: LidoSRv3/Audit/Source/TrioComposition/LifecycleHistory.lean:121:0: 'LidoSRv3.Audit.Source.TrioComposition.LifecycleHistory.genesis_invariants' depends on axioms: [propext,
 Classical.choice,
 Quot.sound]
info: LidoSRv3/Audit/Source/TrioComposition/LifecycleHistory.lean:122:0: 'LidoSRv3.Audit.Source.TrioComposition.LifecycleHistory.invariants' depends on axioms: [propext,
 Classical.choice,
 Quot.sound]
info: LidoSRv3/Audit/Source/TrioComposition/LifecycleHistory.lean:123:0: 'LidoSRv3.Audit.Source.TrioComposition.LifecycleHistory.parent_correspondence' depends on axioms: [propext,
 Classical.choice,
 Quot.sound]
ℹ [1519/1616] Replayed LidoSRv3.Audit.Source.TrioComposition.VerityParent
info: LidoSRv3/Audit/Source/TrioComposition/VerityParent.lean:97:0: 'LidoSRv3.Audit.Source.TrioComposition.VerityParent.stored_correspondence' depends on axioms: [propext,
 Classical.choice,
 Quot.sound]
info: LidoSRv3/Audit/Source/TrioComposition/VerityParent.lean:99:0: 'LidoSRv3.Audit.Source.TrioComposition.VerityParent.memory_correspondence' depends on axioms: [propext, Quot.sound]
info: LidoSRv3/Audit/Source/TrioComposition/VerityParent.lean:100:0: 'LidoSRv3.Audit.Source.TrioComposition.VerityParent.memory_public_iff' depends on axioms: [propext,
 Classical.choice,
 Quot.sound]
info: LidoSRv3/Audit/Source/TrioComposition/VerityParent.lean:102:0: 'LidoSRv3.Audit.Source.TrioComposition.VerityParent.correspondence' depends on axioms: [propext, Quot.sound]
info: LidoSRv3/Audit/Source/TrioComposition/VerityParent.lean:103:0: 'LidoSRv3.Audit.Source.TrioComposition.VerityParent.public_iff' depends on axioms: [propext,
 Classical.choice,
 Quot.sound]
ℹ [1520/1616] Replayed LidoSRv3.Audit.Source.TrioComposition.ReserveLeafAllocation
info: LidoSRv3/Audit/Source/TrioComposition/ReserveLeafAllocation.lean:117:0: 'LidoSRv3.Audit.Source.TrioComposition.ReserveLeafAllocation.corresponds' depends on axioms: [propext, Quot.sound]
ℹ [1521/1616] Replayed LidoSRv3.Audit.Source.TrioComposition.ReserveLeafFrame
info: LidoSRv3/Audit/Source/TrioComposition/ReserveLeafFrame.lean:105:0: 'LidoSRv3.Audit.Source.TrioComposition.ReserveLeafFrame.corresponds' depends on axioms: [propext, Quot.sound]
ℹ [1522/1616] Replayed LidoSRv3.Audit.Source.TrioComposition.ReserveLeafSpend
info: LidoSRv3/Audit/Source/TrioComposition/ReserveLeafSpend.lean:69:0: 'LidoSRv3.Audit.Source.TrioComposition.ReserveLeafSpend.corresponds' depends on axioms: [propext,
 Classical.choice,
 Quot.sound]
info: LidoSRv3/Audit/Source/TrioComposition/ReserveLeafSpend.lean:70:0: 'LidoSRv3.Audit.Source.TrioComposition.ReserveLeafSpend.withdrawal_corresponds' depends on axioms: [propext,
 Classical.choice,
 Quot.sound]
ℹ [1545/1616] Replayed LidoSRv3.Tests.PConsolidationEth1RefundTxMutants
info: LidoSRv3/Tests/PConsolidationEth1RefundTxMutants.lean:69:0: LidoSRv3.Audit.Verity.PConsolidationEth1RefundTx.refund_failure_restores_snapshot (msgValue fee : Uint256)
  (vaultOk refundOk : Bool) (state rollback : ContractState) (reason : String)
  (h : (gatewayRefund msgValue fee vaultOk refundOk).run state = ContractResult.revert reason rollback) :
  rollback = state
info: LidoSRv3/Tests/PConsolidationEth1RefundTxMutants.lean:70:0: LidoSRv3.Audit.Verity.PConsolidationEth1RefundTx.withdraw_failure_restores_snapshot (amount : Uint256)
  (callerIsLido : Bool) (state rollback : ContractState) (reason : String)
  (h : (withdrawToLido amount callerIsLido).run state = ContractResult.revert reason rollback) : rollback = state
ℹ [1546/1616] Replayed LidoSRv3.Tests.PConsolidationEth1RequestTxMutants
info: LidoSRv3/Tests/PConsolidationEth1RequestTxMutants.lean:56:0: LidoSRv3.Audit.Verity.PConsolidationEth1RequestTx.bus_failure_restores_snapshot (msgValue : Uint256) (gatewayOk : Bool)
  (state rollback : ContractState) (reason : String)
  (h : (busForward msgValue gatewayOk).run state = ContractResult.revert reason rollback) : rollback = state
info: LidoSRv3/Tests/PConsolidationEth1RequestTxMutants.lean:57:0: LidoSRv3.Audit.Verity.PConsolidationEth1RequestTx.consolidation_prefix_failure_restores_snapshot (fee : Uint256)
  (secondOk : Bool) (state rollback : ContractState) (reason : String)
  (h : (sendTwoConsolidationFees fee secondOk).run state = ContractResult.revert reason rollback) : rollback = state
⚠ [1550/1616] Replayed LidoSRv3.Audit.Verity.TopupHybrid
warning: LidoSRv3/Audit/Verity/TopupHybrid.lean:157:26: This simp argument is unused:
  _root_.Verity.pure

Hint: Omit it from the simp argument list.
  simp [executeSource, sourceTx, observeVerity, withCalls, topupCallJournal,
        TopupTxContract.executeTopup,
  ̵  ̵ ̵ ̵ ̵ ̵TopupTxContract.executeNoTopup,
  ̲  ̲ ̲ ̲ ̲ ̲TopupTxContract.executePullRevert,
  ̵  ̵ ̵ ̵ ̵ ̵TopupTxContract.executePushRevert, _root_.Verity.require,
        _root_.Contracts.externalCallBind, _root_.Contracts.externalCallStubSuccess,
        _root_.Contracts.linkedCallEntry, _root_.Verity.Contract.run,
  ̵  ̵ ̵ ̵ ̵ ̵_root_.Verity.bind, _̵r̵o̵o̵t̵_̵.̵V̵e̵r̵i̵t̵y̵.̵p̵u̵r̵e̵,̵ ̵Bind.bind,
  ̲  ̲ ̲ ̲ ̲ ̲Pure.pure,
  ̵  ̵ ̵ ̵ ̵ ̵Outcome.reverts, Outcome.pulled, Outcome.pushed, hrun] at hconserves ⊢

Note: This linter can be disabled with `set_option linter.unusedSimpArgs false`
ℹ [1551/1616] Replayed LidoSRv3.Tests.TopupHybridMutants
info: LidoSRv3/Tests/TopupHybridMutants.lean:108:0: LidoSRv3.Audit.Verity.TopupHybrid.verity_tx_simulates_source (cfg : SourceTopupConfig) (inp : SourceTopupInput)
  (state : ContractState) : observeVerity state ((executeSource cfg inp).run state) = sourceTx cfg inp state
info: LidoSRv3/Tests/TopupHybridMutants.lean:109:0: LidoSRv3.Audit.Verity.TopupHybrid.verity_revert_restores_snapshot (cfg : SourceTopupConfig) (inp : SourceTopupInput)
  (state rollback : ContractState) (reason : String)
  (h : (executeSource cfg inp).run state = ContractResult.revert reason rollback) : rollback = state
info: LidoSRv3/Tests/TopupHybridMutants.lean:110:0: LidoSRv3.Audit.Verity.TopupHybrid.source_value_observation_adequate (cfg : SourceTopupConfig) (inp : SourceTopupInput) :
  (run cfg inp).pulled = (run cfg inp).pushed
⚠ [1556/1616] Replayed LidoSRv3.Audit.Verity.DepositTx
warning: LidoSRv3/Audit/Verity/DepositTx.lean:153:35: This simp argument is unused:
  Pure.pure

Hint: Omit it from the simp argument list.
  simp [executeOutcome, executeCalls, hRun, observe, DepositTxContract.execute,
      _root_.Contracts.externalCallBind, _root_.Contracts.externalCallStubSuccess,
      _root_.Verity.require,
  ̵  ̵ ̵ ̵_root_.Verity.Contract.run, _root_.Verity.bind,
  ̵  ̵ ̵ ̵_root_.Verity.pure,
  ̲  ̲ ̲ ̲Bind.bind, P̵u̵r̵e̵.̵p̵u̵r̵e̵,̵ ̵committedBalances, Nat.sub_add_cancel hFunds,
  ̵  ̵ ̵ ̵Core.Uint256.ofNat,
  ̲  ̲ ̲ ̲Nat.mod_eq_of_lt hAmountLt]

Note: This linter can be disabled with `set_option linter.unusedSimpArgs false`
⚠ [1602/1616] Replayed LidoSRv3.Tests.WithdrawalQueueRequestCustodyMutants
warning: LidoSRv3/Tests/WithdrawalQueueRequestCustodyMutants.lean:77:32: Variable name `s` is not explicitly referenced.

The binding can be removed (if unused) or named `_` (if used implicitly).

Note: This linter can be disabled with `set_option linter.unusedVariables false`
ℹ [1610/1616] Replayed LidoSRv3.Tests.AddressSourceMutants
info: LidoSRv3/Tests/AddressSourceMutants.lean:310:0: LidoSRv3.Audit.Verity.AddressTx.composed_verity_tx_address_equivariance :
  (∀ (a₁ a₂ : Address),
      a₁ ≠ 0 →
        a₂ ≠ 0 →
          ∀ (inp : Input),
            Audit.SolidityAddress.succeeds (run (renameInput a₁ a₂ inp)) = Audit.SolidityAddress.succeeds (run inp)) ∧
    (∀ (a₁ a₂ : Address),
        a₁ ≠ 0 →
          a₂ ≠ 0 →
            ∀ (inp : Input) (post : PostState),
              run inp = Outcome.committed post →
                run (renameInput a₁ a₂ inp) = Outcome.committed (renamePost a₁ a₂ post)) ∧
      (∀ (inp : Input),
          Audit.Verity.AddressTx.executePinnedSource inp =
            match inp.entryPoint with
            | EntryPoint.transferFrom =>
              Audit.Verity.AddressTx.AddressTxContract.transferFrom inp.senderFrom inp.recipient
                (Core.Uint256.ofNat inp.requestId) inp.requestExists
                (inp.callerIsApprovedForAll || inp.callerIsTokenApproved)
            | EntryPoint.requestWithdrawals =>
              Audit.Verity.AddressTx.AddressTxContract.requestWithdrawal (Core.Uint256.ofNat inp.amount)
                (Core.Uint256.ofNat inp.requestId) inp.recipient inp.amountInRange inp.externalCallSucceeds
            | EntryPoint.claimWithdrawalsTo =>
              Audit.Verity.AddressTx.AddressTxContract.claimWithdrawal (Core.Uint256.ofNat inp.requestId) inp.recipient
                inp.requestExists inp.requestFinalized inp.hintValid inp.externalCallSucceeds
            | EntryPoint.unwrap =>
              Audit.Verity.AddressTx.AddressTxContract.redeem (Core.Uint256.ofNat inp.amount)
                inp.externalCallSucceeds) ∧
        (∀ (inp : Input),
            inp.amount < 2 ^ 256 →
              ((!decide (inp.callerBalanceSufficient = true)) = true → inp.amount ≠ 0) →
                ((!decide (inp.callerAllowanceSufficient = true)) = true → inp.amount ≠ 0) →
                  Audit.Verity.AddressTx.observeAddress inp
                      ((Audit.Verity.AddressTx.executePinnedSource inp).run (Audit.Verity.AddressTx.stateFor inp)) =
                    Audit.Verity.AddressTx.sourceAddressView inp) ∧
          (∀ (program : Contract Unit) (state rollback : ContractState) (reason : String),
              program.run state = ContractResult.revert reason rollback → rollback = state) ∧
            (∀ (state rollback : ContractState) (reason : String),
                (Audit.Verity.AddressTx.AddressTxContract.requestWithdrawal 3 7 1 true false).run state =
                    ContractResult.revert reason rollback →
                  rollback = state) ∧
              (∀ (state rollback : ContractState) (reason : String),
                  (Audit.Verity.AddressTx.AddressTxContract.claimWithdrawal 7 1 true true true false).run state =
                      ContractResult.revert reason rollback →
                    rollback = state) ∧
                ∀ (a₁ a₂ : Address),
                  a₁ ≠ 0 →
                    a₂ ≠ 0 →
                      ∀ (inp : Input) (post : PostState),
                        run inp = Outcome.committed post →
                          inp.amount < 2 ^ 256 →
                            ((!decide (inp.callerBalanceSufficient = true)) = true → inp.amount ≠ 0) →
                              ((!decide (inp.callerAllowanceSufficient = true)) = true → inp.amount ≠ 0) →
                                Audit.Verity.AddressTx.observeAddress (renameInput a₁ a₂ inp)
                                    ((Audit.Verity.AddressTx.executePinnedSource (renameInput a₁ a₂ inp)).run
                                      (Audit.Verity.AddressTx.stateFor (renameInput a₁ a₂ inp))) =
                                  Audit.Verity.AddressTx.postAddressView inp.entryPoint (renamePost a₁ a₂ post)
info: LidoSRv3/Tests/AddressSourceMutants.lean:311:0: LidoSRv3.Audit.SolidityAddress.source_admission_nondiscriminatory (a₁ a₂ : Address) (h₁ : a₁ ≠ 0) (h₂ : a₂ ≠ 0)
  (inp : Input) :
  Audit.SolidityAddress.succeeds (run (renameInput a₁ a₂ inp)) = Audit.SolidityAddress.succeeds (run inp)
info: LidoSRv3/Tests/AddressSourceMutants.lean:312:0: LidoSRv3.Audit.SolidityAddress.source_success_post_state_equivariant (a₁ a₂ : Address) (h₁ : a₁ ≠ 0) (h₂ : a₂ ≠ 0)
  (inp : Input) (post : PostState) (h : run inp = Outcome.committed post) :
  run (renameInput a₁ a₂ inp) = Outcome.committed (renamePost a₁ a₂ post)
ℹ [1611/1616] Replayed LidoSRv3.Audit.Verity.Tests.SszTxSimulation
info: LidoSRv3/Audit/Verity/Tests/SszTxSimulation.lean:35:0: LidoSRv3.Audit.Verity.SszTxSimulation.root_mutant_rejected (input : TxInputs)
  (hmutant : computedRoot input ≠ input.expectedDepositDataRoot) :
  runVerification input = VerificationOutcome.revertRootMismatch
info: LidoSRv3/Audit/Verity/Tests/SszTxSimulation.lean:36:0: LidoSRv3.Audit.Verity.SszTxSimulation.verification_failure_rolls_back {State : Type} (input : TxInputs)
  (before after : State) (attempts : List CallAttempt) (trace : CommitTrace)
  (hfail : runVerification input = VerificationOutcome.revertRootMismatch) :
  (transactionObservation input before after attempts trace).committedState = before ∧
    (transactionObservation input before after attempts trace).committedTrace.ethMoves = [] ∧
      (transactionObservation input before after attempts trace).committedTrace.logs = []
info: LidoSRv3/Audit/Verity/Tests/SszTxSimulation.lean:37:0: LidoSRv3.Audit.Verity.SszTxSimulation.ssz_tx_simulation_correct {State : Type} (input : TxInputs) (before after : State)
  (attempts : List CallAttempt) (trace : CommitTrace) (hwidths : exactTxWidths input) :
  exactTxWidths input ∧
    (digestPreimages input.toInputs).length = 7 ∧
      (runVerification input = VerificationOutcome.accept ↔ computedRoot input = input.expectedDepositDataRoot) ∧
        (runVerification input = VerificationOutcome.revertRootMismatch →
          (transactionObservation input before after attempts trace).committedState = before)
ℹ [1612/1616] Built audit.trio.deposit.PhysicalMetadata (8.7s)
info: audit/trio/deposit/PhysicalMetadata.lean:196:0: 'audit.trio.deposit.PhysicalMetadata.packed_fields' depends on axioms: [propext, Classical.choice, Quot.sound]
info: audit/trio/deposit/PhysicalMetadata.lean:197:0: 'audit.trio.deposit.PhysicalMetadata.success_effects' depends on axioms: [propext, Classical.choice, Quot.sound]
info: audit/trio/deposit/PhysicalMetadata.lean:198:0: 'audit.trio.deposit.PhysicalMetadata.failure_restores' depends on axioms: [propext, Quot.sound]
ℹ [1613/1616] Built LidoSRv3.Audit.Guarantees.PDeposit1PhysicalMetadata (1.7s)
info: LidoSRv3/Audit/Guarantees/PDeposit1PhysicalMetadata.lean:43:0: 'LidoSRv3.Audit.Guarantees.PDeposit1.actual_physical_metadata_before_calls' depends on axioms: [propext,
 Classical.choice,
 Quot.sound]
info: LidoSRv3/Audit/Guarantees/PDeposit1PhysicalMetadata.lean:44:0: 'LidoSRv3.Audit.Guarantees.PDeposit1.actual_physical_metadata_failure_restores' depends on axioms: [propext, Quot.sound]
✔ [1614/1616] Built LidoSRv3.Audit.AllGuarantees (2.5s)
ℹ [1615/1616] Built LidoSRv3.Tests.DepositPhysicalMetadataRegression (2.6s)
info: LidoSRv3/Tests/DepositPhysicalMetadataRegression.lean:69:0: 'LidoSRv3.Tests.DepositPhysicalMetadataRegression.zero_keys_commit_physical_word' depends on axioms: [propext,
 Quot.sound]
info: LidoSRv3/Tests/DepositPhysicalMetadataRegression.lean:70:0: 'LidoSRv3.Tests.DepositPhysicalMetadataRegression.withdrawal_callback_consumes_updated_world' depends on axioms: [propext,
 Quot.sound]
info: LidoSRv3/Tests/DepositPhysicalMetadataRegression.lean:71:0: 'LidoSRv3.Tests.DepositPhysicalMetadataRegression.mapping_slot_addition_wraps' depends on axioms: [propext]
ℹ [1616/1616] Built LidoSRv3.Audit.Trust (1.9s)
info: LidoSRv3/Audit/Trust.lean:182:0: 'LidoSRv3.Audit.Quantity.checkedDiv_zero' depends on axioms: [propext]
info: LidoSRv3/Audit/Trust.lean:183:0: 'LidoSRv3.Audit.SolidityAccounting.SanityEnvelope.checker_implies_simulated' depends on axioms: [propext]
info: LidoSRv3/Audit/Trust.lean:184:0: 'LidoSRv3.Audit.Quantity.saturatingSub_zero_of_le' depends on axioms: [propext, Quot.sound]
info: LidoSRv3/Audit/Trust.lean:185:0: 'LidoSRv3.Audit.revert_restores_state_value_and_logs' depends on axioms: [propext]
info: LidoSRv3/Audit/Trust.lean:186:0: 'LidoSRv3.Audit.revert_may_retain_attempts' does not depend on any axioms
info: LidoSRv3/Audit/Trust.lean:187:0: 'LidoSRv3.Audit.valid_result_preserves_router_order' depends on axioms: [propext]
info: LidoSRv3/Audit/Trust.lean:188:0: 'LidoSRv3.Audit.Guarantees.PAlloc1.checked_execute' depends on axioms: [propext, Quot.sound]
info: LidoSRv3/Audit/Trust.lean:189:0: 'LidoSRv3.Audit.Guarantees.PAlloc1.verity_tx_simulates_allocation_count_from_storage' depends on axioms: [propext,
 Classical.choice,
 Quot.sound]
info: LidoSRv3/Audit/Trust.lean:190:0: 'LidoSRv3.Audit.Spec.AllocationCorrespondence.alloc1_spec_capacity_correspondence' depends on axioms: [propext,
 Quot.sound]
info: LidoSRv3/Audit/Trust.lean:191:0: 'LidoSRv3.Audit.Spec.AllocationCorrespondence.alloc2_spec_step_amount_correspondence' depends on axioms: [propext,
 Classical.choice,
 Quot.sound]
info: LidoSRv3/Audit/Trust.lean:192:0: 'LidoSRv3.Audit.Spec.AllocationCorrespondence.topup2_per_key_remains_gwei' depends on axioms: [propext, Quot.sound]
info: LidoSRv3/Audit/Trust.lean:193:0: 'LidoSRv3.Audit.Guarantees.PTopup2.verity_tx_simulates_topup2_spec' depends on axioms: [propext,
 Classical.choice,
 Quot.sound]
info: LidoSRv3/Audit/Trust.lean:194:0: 'LidoSRv3.Audit.Spec.AllocationCorrespondence.spec_amounts_do_not_imply_linkssource' depends on axioms: [propext]
info: LidoSRv3/Audit/Trust.lean:195:0: 'LidoSRv3.Tests.PackAAllocSpecMutants.target_as_capacity_kill_line_refutes_alloc1_spec' depends on axioms: [propext,
 Quot.sound]
info: LidoSRv3/Audit/Trust.lean:196:0: 'LidoSRv3.Tests.PackAAllocSpecMutants.spec_amounts_kill_line_refutes_linkssource' depends on axioms: [propext]
info: LidoSRv3/Audit/Trust.lean:197:0: 'LidoSRv3.Audit.Spec.EthJournalCorrespondence.success_journal_projects_to_spec' depends on axioms: [propext]
info: LidoSRv3/Audit/Trust.lean:198:0: 'LidoSRv3.Tests.PackBEthJournalMutants.third_destination_other_kill_line_refutes_spec_journal' depends on axioms: [propext]
info: LidoSRv3/Audit/Trust.lean:199:0: 'LidoSRv3.Tests.PackBEthJournalMutants.third_destination_lido_kill_line_refutes_spec_journal' depends on axioms: [propext]
info: LidoSRv3/Audit/Trust.lean:200:0: 'LidoSRv3.Audit.Spec.SszCorrespondence.verifyProof_implies_gindex' depends on axioms: [propext, Quot.sound]
info: LidoSRv3/Audit/Trust.lean:201:0: 'LidoSRv3.Audit.Spec.SszCorrespondence.gindex_concat_matches_spec' depends on axioms: [propext]
info: LidoSRv3/Audit/Trust.lean:202:0: 'LidoSRv3.Audit.Verity.SszAbstractDigest.abstract_digest_refinement' depends on axioms: [propext,
 Classical.choice,
 Quot.sound,
 LidoSRv3.Audit.Verity.SszAbstractDigest.deposit_data_root_compiles._native.native_decide.ax_1_1]
info: LidoSRv3/Audit/Trust.lean:203:0: 'LidoSRv3.Tests.PackCSszMutants.skip_gindex_kill_line_refutes_structural_child' does not depend on any axioms
info: LidoSRv3/Audit/Trust.lean:204:0: 'LidoSRv3.Tests.PackCSszMutants.engine_mutant_disagrees_with_sha256engine' depends on axioms: [propext,
 Quot.sound,
 LidoSRv3.Tests.PackCSszMutants.engine_mutant_disagrees_with_sha256engine._native.native_decide.ax_1_1]
info: LidoSRv3/Audit/Trust.lean:205:0: 'LidoSRv3.Audit.Spec.AddressClaimCorrespondence.two_claim_payouts_match_reads' depends on axioms: [propext,
 Classical.choice,
 Quot.sound]
info: LidoSRv3/Audit/Trust.lean:206:0: 'LidoSRv3.Tests.PackDAddressClaimMutants.swapped_payout_order_kill_line_refutes_batch' depends on axioms: [propext,
 Classical.choice,
 Quot.sound]
info: LidoSRv3/Audit/Trust.lean:207:0: 'LidoSRv3.Tests.PackDAddressClaimMutants.wrong_recipient_kill_line_refutes_batch' depends on axioms: [propext,
 Classical.choice,
 Quot.sound]
info: LidoSRv3/Audit/Trust.lean:208:0: 'LidoSRv3.Audit.Spec.OracleFrameCorrespondence.oracle_frame_shares_are_the_argument' does not depend on any axioms
info: LidoSRv3/Audit/Trust.lean:209:0: 'LidoSRv3.Audit.Spec.OracleFrameCorrespondence.account_parent_remains_order_only' depends on axioms: [propext,
 Quot.sound]
info: LidoSRv3/Audit/Trust.lean:210:0: 'LidoSRv3.Audit.Spec.OracleFrameCorrespondence.eugene_bound_cited' depends on axioms: [propext, Quot.sound]
info: LidoSRv3/Audit/Trust.lean:211:0: 'LidoSRv3.Tests.PackEOracleFrameMutants.computed_fee_kill_line_refutes_oracle_frame' depends on axioms: [propext]
info: LidoSRv3/Audit/Trust.lean:212:0: 'LidoSRv3.Audit.Spec.ConsolidationObserveCorrespondence.observe_success_payloads_reread_maps' depends on axioms: [propext]
info: LidoSRv3/Audit/Trust.lean:213:0: 'LidoSRv3.Audit.Verity.ConsolidationAbstractFlowModel.abstract_flow_refinement' depends on axioms: [propext,
 Classical.choice,
 Quot.sound,
 LidoSRv3.Audit.Verity.ConsolidationAbstractFlowModel.forward_compiles._native.native_decide.ax_1_1]
info: LidoSRv3/Audit/Trust.lean:214:0: 'LidoSRv3.Audit.Spec.ConsolidationObserveCorrespondence.persist_payloads_reread' depends on axioms: [propext,
 Quot.sound]
info: LidoSRv3/Audit/Trust.lean:215:0: 'LidoSRv3.Audit.Spec.ConsolidationObserveCorrespondence.gateway_nonzero_remains_named_hyp' depends on axioms: [propext]
info: LidoSRv3/Audit/Trust.lean:216:0: 'LidoSRv3.Tests.PackFConsolidationObserveMutants.swapped_map_reread_kill_line_refutes_observe' depends on axioms: [propext,
 LidoSRv3.Tests.PackFConsolidationObserveMutants.swapped_map_reread_kill_line_refutes_observe._native.native_decide.ax_1_1]
info: LidoSRv3/Audit/Trust.lean:217:0: 'LidoSRv3.Audit.Provenance.Deposit.canonical_deposit_contract_pin' does not depend on any axioms
info: LidoSRv3/Audit/Trust.lean:218:0: 'LidoSRv3.Audit.Provenance.Deposit.canonical_thirty_two_ether_pin' depends on axioms: [propext]
info: LidoSRv3/Audit/Trust.lean:219:0: 'LidoSRv3.Audit.Provenance.Deposit.production_conserving_config_at_thirty_two_ether' depends on axioms: [propext]
info: LidoSRv3/Audit/Trust.lean:220:0: 'LidoSRv3.Tests.PackGDepositProvenanceMutants.wrong_beacon_pin_kill_line' does not depend on any axioms
info: LidoSRv3/Audit/Trust.lean:221:0: 'LidoSRv3.Audit.Provenance.TopupBeacon.topup_verity_beacon_is_production_pin' depends on axioms: [propext]
info: LidoSRv3/Audit/Trust.lean:222:0: 'LidoSRv3.Audit.Provenance.TopupBeacon.topup_canonical_eq_deposit_canonical' does not depend on any axioms
info: LidoSRv3/Audit/Trust.lean:223:0: 'LidoSRv3.Tests.PackGTopupProvenanceMutants.dead_beacon_model_kill_line_disagrees_with_pin' depends on axioms: [propext,
 LidoSRv3.Tests.PackGTopupProvenanceMutants.dead_beacon_model_kill_line_disagrees_with_pin._native.native_decide.ax_1_1]
info: LidoSRv3/Audit/Trust.lean:224:0: 'LidoSRv3.Audit.Provenance.ConsolidationRequest.ensemble_request_is_not_canonical' does not depend on any axioms
info: LidoSRv3/Audit/Trust.lean:225:0: 'LidoSRv3.Audit.Provenance.ConsolidationRequest.rewrite_maps_ensemble_to_canonical' does not depend on any axioms
info: LidoSRv3/Audit/Trust.lean:226:0: 'LidoSRv3.Tests.PackGEth1ProvenanceMutants.dead_rewrite_kill_line_refutes_canonical_rewrite' does not depend on any axioms
info: LidoSRv3/Audit/Trust.lean:227:0: 'LidoSRv3.Audit.Spec.DepositEthJournalCorrespondence.deposit_success_journal_projects_to_spec' depends on axioms: [propext,
 Quot.sound]
info: LidoSRv3/Audit/Trust.lean:228:0: 'LidoSRv3.Tests.PackJDepositEthJournalMutants.third_destination_beacon_push_kill_line_refutes_projection_totality' depends on axioms: [propext]
info: LidoSRv3/Audit/Trust.lean:229:0: 'LidoSRv3.Audit.Spec.TopupEthJournalCorrespondence.topup_value_moving_journal_projects' depends on axioms: [propext]
info: LidoSRv3/Audit/Trust.lean:230:0: 'LidoSRv3.Audit.Spec.TopupEthJournalCorrespondence.topup_wrap_to_zero_journal_empty' depends on axioms: [propext]
info: LidoSRv3/Audit/Trust.lean:231:0: 'LidoSRv3.Tests.PackJTopupEthJournalMutants.beacon_as_consolidation_kill_line_refutes_dest_restriction' depends on axioms: [propext,
 Quot.sound,
 LidoSRv3.Tests.PackJTopupEthJournalMutants.beacon_as_consolidation_kill_line_refutes_dest_restriction._native.native_decide.ax_1_1]
info: LidoSRv3/Audit/Trust.lean:232:0: 'LidoSRv3.Audit.Spec.HashIdentificationChild.hash_identification_agrees_on_bytes' depends on axioms: [propext,
 Quot.sound]
info: LidoSRv3/Audit/Trust.lean:233:0: 'LidoSRv3.Tests.PackS1HashMutants.engine_mutant_still_disagrees' depends on axioms: [propext,
 Quot.sound,
 LidoSRv3.Tests.PackCSszMutants.engine_mutant_disagrees_with_sha256engine._native.native_decide.ax_1_1]
info: LidoSRv3/Audit/Trust.lean:234:0: 'LidoSRv3.Audit.Spec.ConsolidationBridgeGap.official_external_call_reverts' depends on axioms: [propext, Quot.sound]
info: LidoSRv3/Audit/Trust.lean:235:0: 'LidoSRv3.Audit.Spec.ConsolidationBridgeGap.gateway_nonzero_remains_named_hyp' depends on axioms: [propext]
info: LidoSRv3/Audit/Trust.lean:236:0: 'LidoSRv3.Tests.PackCGapMutants.dropping_gateway_nonzero_admits_free_batch' depends on axioms: [propext]
info: LidoSRv3/Audit/Trust.lean:237:0: 'LidoSRv3.Audit.Spec.Eip4788AnchorChild.ageCheck_ok_of_le' depends on axioms: [propext]
info: LidoSRv3/Audit/Trust.lean:238:0: 'LidoSRv3.Tests.PackW2Eip4788Mutants.skip_age_bound_kill_line' does not depend on any axioms
info: LidoSRv3/Audit/Trust.lean:239:0: 'LidoSRv3.Audit.Spec.ProductionGindexChild.cl_validator_index_is_toy' does not depend on any axioms
info: LidoSRv3/Audit/Trust.lean:240:0: 'LidoSRv3.Tests.PackW2GindexMutants.claimed_cl_validator_index_ten_is_false' does not depend on any axioms
info: LidoSRv3/Audit/Trust.lean:241:0: 'LidoSRv3.Audit.Spec.ProductionGindexChild.production_gindex_binding' depends on axioms: [propext]
info: LidoSRv3/Audit/Trust.lean:242:0: 'LidoSRv3.Tests.PackW2GindexMutants.wrong_packed_word_is_not_production_binding' depends on axioms: [propext]
info: LidoSRv3/Audit/Trust.lean:243:0: 'LidoSRv3.Audit.Spec.ConsolidationDenoteCallsChild.requestOne_uses_widened_call_constructor' does not depend on any axioms
info: LidoSRv3/Audit/Trust.lean:244:0: 'LidoSRv3.Audit.Spec.ConsolidationDenoteCallsChild.official_raw_call_still_reverts' depends on axioms: [propext,
 Quot.sound]
info: LidoSRv3/Audit/Trust.lean:245:0: 'LidoSRv3.Tests.PackW2DenoteMutants.official_revert_with_widened_bind' depends on axioms: [propext, Quot.sound]
info: LidoSRv3/Audit/Trust.lean:246:0: 'LidoSRv3.Audit.Spec.AddressClaimBatchCorrespondence.three_claim_payouts_match_reads' depends on axioms: [propext,
 Classical.choice,
 Quot.sound]
info: LidoSRv3/Audit/Trust.lean:247:0: 'LidoSRv3.Audit.Spec.AddressClaimBatchCorrespondence.length_mismatch_reverts' depends on axioms: [propext,
 Classical.choice,
 Quot.sound]
info: LidoSRv3/Audit/Trust.lean:248:0: 'LidoSRv3.Tests.PackW2AddressBatchMutants.swapped_payout_order_kill_line_refutes_three_item_batch' depends on axioms: [propext,
 Classical.choice,
 Quot.sound]
info: LidoSRv3/Audit/Trust.lean:249:0: 'LidoSRv3.Audit.Spec.Topup2WeiConversionChild.aligned_five_gwei_budget' depends on axioms: [propext, Quot.sound]
info: LidoSRv3/Audit/Trust.lean:250:0: 'LidoSRv3.Tests.PackW2Topup2WeiMutants.raw_valueWei_mutant_on_five_gwei_eq_five_billion_ne_five' depends on axioms: [propext,
 Quot.sound]
info: LidoSRv3/Audit/Trust.lean:251:0: 'LidoSRv3.Audit.Spec.ReserveQueueCacheChild.fresh_queue_cache_is_equality' does not depend on any axioms
info: LidoSRv3/Audit/Trust.lean:252:0: 'LidoSRv3.Tests.PackW2ReserveMutants.fresh_queue_cache_not_universal' depends on axioms: [propext]
info: LidoSRv3/Audit/Trust.lean:253:0: 'LidoSRv3.Audit.Spec.PauseAdmissionCorrespondence.request_or_unwrap_pause_balance_is_permissionless' depends on axioms: [propext]
info: LidoSRv3/Audit/Trust.lean:254:0: 'LidoSRv3.Audit.Spec.VaultHubScopeChild.approved_destination_cases' depends on axioms: [propext]
info: LidoSRv3/Audit/Trust.lean:255:0: 'LidoSRv3.Tests.PackW2ScopeMutants.approved_destination_has_only_six_scoped_ctors' does not depend on any axioms
info: LidoSRv3/Audit/Trust.lean:256:0: 'LidoSRv3.Audit.Guarantees.PAllocExec1.router_produces_executes_allocation' depends on axioms: [propext]
info: LidoSRv3/Audit/Trust.lean:257:0: 'LidoSRv3.Audit.Guarantees.PAllocExec1.allocated_amount_times_deposit_size' depends on axioms: [propext]
info: LidoSRv3/Audit/Trust.lean:258:0: 'LidoSRv3.Tests.PackN1AllocExecMutants.raw_count_router_kill_line_refutes_parent' depends on axioms: [propext]
info: LidoSRv3/Audit/Trust.lean:259:0: 'LidoSRv3.Tests.PackN1AllocExecMutants.raw_count_as_wei_kill_line' depends on axioms: [propext]
info: LidoSRv3/Audit/Trust.lean:260:0: 'LidoSRv3.Audit.Guarantees.PEthJournal1.journal_approved_excludes_protocol_return_paths' depends on axioms: [propext,
 Quot.sound]
info: LidoSRv3/Audit/Trust.lean:261:0: 'LidoSRv3.Audit.Guarantees.PEthJournal1.every_modeled_success_journal_approved' depends on axioms: [propext]
info: LidoSRv3/Audit/Trust.lean:262:0: 'LidoSRv3.Tests.PackN2EthJournalMutants.mutant_lido_approved_not_excluded_kill_line' depends on axioms: [propext]
info: LidoSRv3/Audit/Trust.lean:263:0: 'LidoSRv3.Tests.PackN2EthJournalMutants.fifth_destination_kill_line_retains_success_premises' depends on axioms: [propext,
 Quot.sound]
info: LidoSRv3/Audit/Trust.lean:264:0: 'LidoSRv3.Audit.Guarantees.PVaultEth1.protocol_return_value_hops' depends on axioms: [propext,
 Classical.choice,
 Quot.sound]
info: LidoSRv3/Audit/Trust.lean:265:0: 'LidoSRv3.Audit.Guarantees.PVaultEth1.vault_to_lido_value_frame_inhabited' depends on axioms: [propext,
 Classical.choice,
 Quot.sound]
info: LidoSRv3/Audit/Trust.lean:266:0: 'LidoSRv3.Audit.Guarantees.PVaultEth1.vault_to_withdrawal_queue_value_frame_inhabited' depends on axioms: [propext,
 Classical.choice,
 Quot.sound]
info: LidoSRv3/Audit/Trust.lean:267:0: 'LidoSRv3.Tests.PackP2VaultEthMutants.zero_value_frame_kill_line_refutes_parent' depends on axioms: [propext,
 Classical.choice,
 Quot.sound]
info: LidoSRv3/Audit/Trust.lean:268:0: 'LidoSRv3.Tests.PackP2VaultEthMutants.mutant_vault_lido_as_lidoPull_refutes_projection' depends on axioms: [propext]
info: LidoSRv3/Audit/Trust.lean:269:0: 'LidoSRv3.Tests.PackP2VaultEthMutants.input_caller_guard_refutes_exact_parent' depends on axioms: [propext,
 Classical.choice,
 Quot.sound]
info: LidoSRv3/Audit/Trust.lean:270:0: 'LidoSRv3.Audit.Guarantees.PToken1.request_owner_custody_invariant' depends on axioms: [propext, Quot.sound]
info: LidoSRv3/Audit/Trust.lean:271:0: 'LidoSRv3.Audit.Guarantees.PToken1.custody_premises_inhabited' does not depend on any axioms
info: LidoSRv3/Audit/Trust.lean:272:0: 'LidoSRv3.Audit.Guarantees.PToken1.supplied_owner_premises_inhabited' depends on axioms: [propext, Quot.sound]
info: LidoSRv3/Audit/Trust.lean:273:0: 'LidoSRv3.Audit.Source.WithdrawalQueueRequestCustody.custody_chain_preserved' depends on axioms: [propext, Quot.sound]
info: LidoSRv3/Audit/Trust.lean:274:0: 'LidoSRv3.Tests.WithdrawalQueueRequestCustodyMutants.zero_recipient_drop_kill_line_refutes_exact_parent' does not depend on any axioms
info: LidoSRv3/Audit/Trust.lean:275:0: 'LidoSRv3.Tests.WithdrawalQueueRequestCustodyMutants.caller_authorization_drop_kill_line_refutes_exact_parent' does not depend on any axioms
info: LidoSRv3/Audit/Trust.lean:276:0: 'LidoSRv3.Tests.WithdrawalQueueRequestCustodyMutants.owner_fallback_drop_kill_line_refutes_exact_parent' does not depend on any axioms
info: LidoSRv3/Audit/Trust.lean:277:0: 'LidoSRv3.Tests.WithdrawalQueueRequestCustodyMutants.owner_guard_drop_kill_line_refutes_exact_parent' does not depend on any axioms
info: LidoSRv3/Audit/Trust.lean:278:0: 'LidoSRv3.Audit.Guarantees.POracleSupply1.oracle_supply_mint_and_cap' depends on axioms: [propext]
info: LidoSRv3/Audit/Trust.lean:279:0: 'LidoSRv3.Audit.Guarantees.POracleSupply1.oracle_supply_entry_source_domain' depends on axioms: [propext, Quot.sound]
info: LidoSRv3/Audit/Trust.lean:280:0: 'LidoSRv3.Audit.Guarantees.POracleSupply1.oracle_supply_live_computed_mint' depends on axioms: [propext, Quot.sound]
info: LidoSRv3/Audit/Trust.lean:281:0: 'LidoSRv3.Tests.PackN3OracleMintMutants.sum_balances_mutant_killed' depends on axioms: [propext]
info: LidoSRv3/Audit/Trust.lean:282:0: 'LidoSRv3.Tests.PackN3OracleMintMutants.raw_fee_mutant_killed' does not depend on any axioms
info: LidoSRv3/Audit/Trust.lean:283:0: 'LidoSRv3.Tests.PackN3OracleMintMutants.free_argument_does_not_satisfy_computed_observe' depends on axioms: [propext,
 Quot.sound]
info: LidoSRv3/Audit/Trust.lean:284:0: 'LidoSRv3.Audit.Guarantees.POracleSupply1.oracle_supply_submit_report_data_computed_entry' depends on axioms: [propext,
 Quot.sound]
info: LidoSRv3/Audit/Trust.lean:285:0: 'LidoSRv3.Audit.SolidityAccounting.SubmitReportEntry.entry_mint_le_pinned_shares' depends on axioms: [propext]
info: LidoSRv3/Audit/Trust.lean:286:0: 'LidoSRv3.Audit.SolidityAccounting.SubmitReportEntry.entry_mint_eq_pinned_of_exact' depends on axioms: [propext]
info: LidoSRv3/Audit/Trust.lean:287:0: 'LidoSRv3.Tests.PackP3SubmitReportEntryMutants.still_free_entry_kill_line_refutes_parent' depends on axioms: [propext,
 Classical.choice,
 Quot.sound]
info: LidoSRv3/Audit/Trust.lean:288:0: 'LidoSRv3.Tests.PackP3SubmitReportEntryMutants.skips_simulate_kill_line_refutes_parent' depends on axioms: [propext,
 Classical.choice,
 Quot.sound]
info: LidoSRv3/Audit/Trust.lean:289:0: 'LidoSRv3.Tests.PackP3SubmitReportEntryMutants.hash_premise_is_load_bearing' depends on axioms: [propext]
info: LidoSRv3/Audit/Trust.lean:290:0: 'LidoSRv3.Audit.Guarantees.PAddressBatch1.p_address_batch_1_fuel_bounded_live_claim_batch' depends on axioms: [propext,
 Classical.choice,
 Quot.sound]
info: LidoSRv3/Audit/Trust.lean:291:0: 'LidoSRv3.Audit.Guarantees.PAddressBatch1.p_address_batch_1_unbounded_recipient_rename' depends on axioms: [propext,
 Classical.choice,
 Quot.sound]
info: LidoSRv3/Audit/Trust.lean:292:0: 'LidoSRv3.Audit.Guarantees.PAddressBatch1.p_address_batch_1_fuel_bounded_recipient_rename' depends on axioms: [propext,
 Classical.choice,
 Quot.sound]
info: LidoSRv3/Audit/Trust.lean:293:0: 'LidoSRv3.Tests.PackN4AddressBatchMutants.swapped_three_payout_order_kill_line_refutes_parent' depends on axioms: [propext,
 Classical.choice,
 Quot.sound]
info: LidoSRv3/Audit/Trust.lean:294:0: 'LidoSRv3.Tests.PackN4AddressBatchMutants.fixed_dest_rename_kill_line_refutes_parent' depends on axioms: [propext,
 Classical.choice,
 Quot.sound]
info: LidoSRv3/Audit/Trust.lean:295:0: 'LidoSRv3.Audit.Guarantees.PSszLive1.modeled_beacon_roots_live_ssz_consume' depends on axioms: [propext, Quot.sound]
info: LidoSRv3/Audit/Trust.lean:296:0: 'LidoSRv3.Audit.Verity.SszTxSimulation.digest_preimages_length' depends on axioms: [propext, Quot.sound]
info: LidoSRv3/Audit/Trust.lean:297:0: 'LidoSRv3.Audit.Spec.Eip4788AnchorChild.eip4788_parent_root_identified' depends on axioms: [propext]
info: LidoSRv3/Audit/Trust.lean:298:0: 'LidoSRv3.Audit.Verity.BeaconRootsTx.spec_source_verity_beacon_roots' depends on axioms: [propext]
info: LidoSRv3/Audit/Trust.lean:299:0: 'LidoSRv3.Audit.Guarantees.PSszLive1.production_witness_admission_correspondence' depends on axioms: [propext,
 Quot.sound]
info: LidoSRv3/Audit/Trust.lean:300:0: 'LidoSRv3.Tests.PackN5SszLiveMutants.skip_lookup_kill_line_refutes_parent' depends on axioms: [propext,
 Classical.choice,
 Quot.sound]
info: LidoSRv3/Audit/Trust.lean:301:0: 'LidoSRv3.Tests.PackN5SszLiveMutants.ignore_timestamp_kill_line_refutes_consume_parent' depends on axioms: [propext]
info: LidoSRv3/Audit/Trust.lean:302:0: 'LidoSRv3.Audit.Guarantees.PConsolidationValue1.official_denote_succeeds_and_justified_forwards_msg_value' depends on axioms: [propext,
 Classical.choice,
 Quot.sound]
info: LidoSRv3/Audit/Trust.lean:303:0: 'LidoSRv3.Audit.Guarantees.PConsolidationValue1.justified_interpreter_forwards_exactly_msg_value' depends on axioms: [propext,
 Classical.choice,
 Quot.sound]
info: LidoSRv3/Audit/Trust.lean:304:0: 'LidoSRv3.Audit.Verity.ConsolidationOfficialDenoteSuccess.official_denote_succeeds_on_value_bearing_request_calls' depends on axioms: [propext,
 Classical.choice,
 Quot.sound]
info: LidoSRv3/Audit/Trust.lean:305:0: 'LidoSRv3.Tests.PackN6ConsolValueMutants.official_denote_success_kill_line_refutes_parent' depends on axioms: [propext,
 Quot.sound]
info: LidoSRv3/Audit/Trust.lean:306:0: 'LidoSRv3.Tests.PackN6ConsolValueMutants.zero_value_calls_refute_exact_forwarding' depends on axioms: [propext,
 Classical.choice,
 Quot.sound]
info: LidoSRv3/Audit/Trust.lean:307:0: 'LidoSRv3.Tests.PackP6OfficialSuccessMutants.official_denote_mutant_still_reverts_refutes_parent' depends on axioms: [propext,
 Classical.choice,
 Quot.sound]
info: LidoSRv3/Audit/Trust.lean:308:0: 'LidoSRv3.Tests.PackP6OfficialSuccessMutants.zero_value_link_mutant_refutes_value_bearing_conjunct' depends on axioms: [propext,
 Classical.choice,
 Quot.sound]
info: LidoSRv3/Audit/Trust.lean:309:0: 'LidoSRv3.Tests.PackP6OfficialSuccessMutants.rejecting_predeploy_refutes_unpremised_success' depends on axioms: [propext,
 Classical.choice,
 Quot.sound]
info: LidoSRv3/Audit/Trust.lean:310:0: 'LidoSRv3.Audit.Guarantees.PAlloc1.active_capacity_bounded' depends on axioms: [propext]
info: LidoSRv3/Audit/Trust.lean:311:0: 'LidoSRv3.Audit.Guarantees.PAlloc1.source_capacities_match_canonical' depends on axioms: [propext, Quot.sound]
info: LidoSRv3/Audit/Trust.lean:312:0: 'LidoSRv3.Audit.Guarantees.PAlloc1.source_capacities_and_mapped_summary_transaction' depends on axioms: [propext,
 Classical.choice,
 Quot.sound,
 LidoSRv3.Audit.Verity.AllocCapacityPhase3.consumed_summary_function_spec_compiles._native.native_decide.ax_1_1]
info: LidoSRv3/Audit/Trust.lean:313:0: 'LidoSRv3.Audit.Guarantees.PAlloc1.verity_tx_simulates_allocation' depends on axioms: [propext,
 Classical.choice,
 Quot.sound]
info: LidoSRv3/Audit/Trust.lean:314:0: 'LidoSRv3.Audit.Guarantees.PAlloc1.verity_tx_revert_restores_snapshot' depends on axioms: [propext]
info: LidoSRv3/Audit/Trust.lean:315:0: 'LidoSRv3.Audit.Verity.AllocationTx.revert_restores_snapshot' depends on axioms: [propext]
info: LidoSRv3/Audit/Trust.lean:316:0: 'LidoSRv3.Audit.Guarantees.PAlloc1.router_order_preserved' depends on axioms: [propext, Quot.sound]
info: LidoSRv3/Audit/Trust.lean:317:0: 'LidoSRv3.Audit.Guarantees.PAlloc1Phase3.mapped_summary_call_transaction' depends on axioms: [propext,
 Classical.choice,
 Quot.sound,
 LidoSRv3.Audit.Verity.AllocCapacityPhase3.consumed_summary_function_spec_compiles._native.native_decide.ax_1_1]
info: LidoSRv3/Audit/Trust.lean:318:0: 'LidoSRv3.Audit.Guarantees.PAlloc2.selects_least_open_bucket' depends on axioms: [propext, Quot.sound]
info: LidoSRv3/Audit/Trust.lean:319:0: 'LidoSRv3.Audit.Guarantees.PAlloc2.verity_tx_simulates_min_first_distribution' depends on axioms: [propext,
 Classical.choice,
 Quot.sound]
info: LidoSRv3/Audit/Trust.lean:320:0: 'LidoSRv3.Audit.Verity.MinFirstDistributionTx.revert_restores_snapshot' depends on axioms: [propext,
 Classical.choice,
 Quot.sound]
info: LidoSRv3/Audit/Trust.lean:321:0: 'LidoSRv3.Audit.Guarantees.PAlloc2.source_selects_same_next_target' depends on axioms: [propext]
info: LidoSRv3/Audit/Trust.lean:322:0: 'LidoSRv3.Audit.Guarantees.PAlloc2.full_candidate_correspondence' depends on axioms: [propext]
info: LidoSRv3/Audit/Trust.lean:323:0: 'LidoSRv3.Audit.Guarantees.PAlloc2.source_amount_correspondence' depends on axioms: [propext, Quot.sound]
info: LidoSRv3/Audit/Trust.lean:324:0: 'LidoSRv3.Audit.Guarantees.PAlloc2.source_pinned_expression_shape' depends on axioms: [propext, Quot.sound]
info: LidoSRv3/Audit/Trust.lean:325:0: 'LidoSRv3.Audit.Guarantees.PAlloc2.source_amount_totality' depends on axioms: [propext, Quot.sound]
info: LidoSRv3/Audit/Trust.lean:326:0: 'LidoSRv3.Audit.Guarantees.PAlloc2.proportional_step_correspondence_and_bounded' depends on axioms: [propext,
 Quot.sound]
info: LidoSRv3/Audit/Trust.lean:327:0: 'LidoSRv3.Audit.Guarantees.PAlloc2.forall_proportional_step_correspondence_and_bounded' depends on axioms: [propext,
 Quot.sound]
info: LidoSRv3/Audit/Trust.lean:328:0: 'LidoSRv3.Audit.Verity.MinFirstDistributionTx.allocateLoop_conserves_total' depends on axioms: [propext, Quot.sound]
info: LidoSRv3/Audit/Trust.lean:329:0: 'LidoSRv3.Audit.Guarantees.PAlloc2.source_allocate_loop_conserves_requested' depends on axioms: [propext, Quot.sound]
info: LidoSRv3/Audit/Trust.lean:330:0: 'LidoSRv3.Audit.Guarantees.PAlloc2.step_correspondence_and_full_loop_conservation' depends on axioms: [propext,
 Classical.choice,
 Quot.sound]
info: LidoSRv3/Audit/Trust.lean:331:0: 'LidoSRv3.Audit.Guarantees.PAlloc2.tx_step_matches_source' depends on axioms: [propext, Quot.sound]
info: LidoSRv3/Audit/Trust.lean:332:0: 'LidoSRv3.Audit.Guarantees.PAlloc2.tx_step_is_safe' depends on axioms: [propext, Quot.sound]
info: LidoSRv3/Audit/Trust.lean:333:0: 'LidoSRv3.Audit.Guarantees.PAlloc2.tx_revert_restores_snapshot' depends on axioms: [propext]
info: LidoSRv3/Audit/Trust.lean:334:0: 'LidoSRv3.Audit.Guarantees.PAlloc1EugeneBound.checked_amount_le_bond' depends on axioms: [propext, Quot.sound]
info: LidoSRv3/Audit/Trust.lean:335:0: 'LidoSRv3.Audit.Guarantees.PAlloc1EugeneBound.operator_reward_share_le_configured_bond' depends on axioms: [propext,
 Quot.sound]
info: LidoSRv3/Audit/Trust.lean:336:0: 'LidoSRv3.Audit.MinFirstAllocation.Model.success_conservation' depends on axioms: [propext]
info: LidoSRv3/Audit/Trust.lean:337:0: 'LidoSRv3.Audit.MinFirstAllocation.Model.success_capacity' depends on axioms: [propext, Quot.sound]
info: LidoSRv3/Audit/Trust.lean:338:0: 'LidoSRv3.Audit.MinFirstAllocation.Model.failure_rolls_back' does not depend on any axioms
info: LidoSRv3/Audit/Trust.lean:339:0: 'LidoSRv3.Audit.MinFirstAllocation.Source.success_conservation' depends on axioms: [propext]
info: LidoSRv3/Audit/Trust.lean:340:0: 'LidoSRv3.Audit.MinFirstAllocation.Source.success_capacity' depends on axioms: [propext, Quot.sound]
info: LidoSRv3/Audit/Trust.lean:341:0: 'LidoSRv3.Audit.MinFirstAllocation.Source.revert_rolls_back' depends on axioms: [propext]
info: LidoSRv3/Audit/Trust.lean:342:0: 'LidoSRv3.Audit.Guarantees.PAccount1.source_report_before_reward' depends on axioms: [propext, Quot.sound]
info: LidoSRv3/Audit/Trust.lean:343:0: 'LidoSRv3.Audit.Guarantees.PAccount1.verity_tx_simulates_oracle_report' depends on axioms: [propext, Quot.sound]
info: LidoSRv3/Audit/Trust.lean:344:0: 'LidoSRv3.Audit.Guarantees.PAccount1.verity_tx_revert_restores_snapshot' depends on axioms: [propext]
info: LidoSRv3/Audit/Trust.lean:345:0: 'LidoSRv3.Audit.Guarantees.PAccount1.mint_after_read_discipline' depends on axioms: [propext, Quot.sound]
info: LidoSRv3/Audit/Trust.lean:346:0: 'LidoSRv3.Audit.Guarantees.PAccount1.mint_order_kill_line' depends on axioms: [propext, Quot.sound]
info: LidoSRv3/Audit/Trust.lean:347:0: 'LidoSRv3.Audit.Verity.HandleOracleReportTx.verity_tx_simulates_pinned_source' depends on axioms: [propext, Quot.sound]
info: LidoSRv3/Audit/Trust.lean:348:0: 'LidoSRv3.Audit.Verity.HandleOracleReportTx.revert_restores_snapshot' depends on axioms: [propext]
info: LidoSRv3/Audit/Trust.lean:349:0: 'LidoSRv3.Audit.Verity.HandleOracleReportTx.mintAfterReadDiscipline_holds' depends on axioms: [propext, Quot.sound]
info: LidoSRv3/Audit/Trust.lean:350:0: 'LidoSRv3.Audit.Verity.HandleOracleReportTx.mintOrderKillLine_holds' depends on axioms: [propext, Quot.sound]
info: LidoSRv3/Audit/Trust.lean:351:0: 'LidoSRv3.Tests.HandleOracleReportTxMutants.reordered_mint_read_kill_line_refutes_parent' depends on axioms: [propext,
 Quot.sound]
info: LidoSRv3/Audit/Trust.lean:352:0: 'LidoSRv3.Audit.Verity.AddressAdmission.run_claim_success' depends on axioms: [propext, Quot.sound]
info: LidoSRv3/Audit/Trust.lean:353:0: 'LidoSRv3.Audit.Verity.AddressAdmission.admission_address_equivariant' depends on axioms: [propext, Quot.sound]
info: LidoSRv3/Audit/Trust.lean:354:0: 'LidoSRv3.Audit.Verity.AddressAdmission.claim_admits' depends on axioms: [propext, Quot.sound]
info: LidoSRv3/Audit/Trust.lean:355:0: 'LidoSRv3.Audit.Verity.AddressAdmission.claim_rejects_empty_balance' depends on axioms: [propext, Quot.sound]
info: LidoSRv3/Audit/Trust.lean:356:0: 'LidoSRv3.Audit.Verity.AddressAdmission.claim_rejects_when_paused' depends on axioms: [propext, Quot.sound]
info: LidoSRv3/Audit/Trust.lean:357:0: 'LidoSRv3.Audit.Verity.AddressAdmission.ownerGated_not_admission_equivariant' depends on axioms: [propext, Quot.sound]
info: LidoSRv3/Audit/Trust.lean:358:0: 'LidoSRv3.Audit.Verity.ConsolidationCallFragment.raw_call_entrypoint_always_reverts' depends on axioms: [propext,
 Quot.sound]
info: LidoSRv3/Audit/Trust.lean:359:0: 'LidoSRv3.Audit.Verity.ConsolidationCallFragment.external_call_bind_entrypoint_always_reverts' depends on axioms: [propext,
 Quot.sound]
info: LidoSRv3/Audit/Trust.lean:361:0: 'LidoSRv3.Audit.Verity.ConsolidationCallFragment.requestConsolidationBind_registered' depends on axioms: [propext]
info: LidoSRv3/Audit/Trust.lean:362:0: 'LidoSRv3.Audit.Verity.ConsolidationCallFragment.registered_external_call_bind_entrypoint_always_reverts' depends on axioms: [propext,
 Quot.sound]
info: LidoSRv3/Audit/Trust.lean:364:0: 'LidoSRv3.Audit.Verity.ConsolidationCallFragment.guards_only_succeeds' depends on axioms: [propext, Quot.sound]
info: LidoSRv3/Audit/Trust.lean:365:0: 'LidoSRv3.Audit.Verity.ConsolidationCallFragment.success_hypotheses_are_vacuous' depends on axioms: [propext,
 Quot.sound]
info: LidoSRv3/Audit/Trust.lean:366:0: 'LidoSRv3.Audit.Guarantees.PAddress1.universal_address_writer_equivariance' depends on axioms: [propext, Quot.sound]
info: LidoSRv3/Audit/Trust.lean:367:0: 'LidoSRv3.Audit.Guarantees.PAddress1.abstract_source_verity_tx_address_equivariance' depends on axioms: [propext,
 Classical.choice,
 Quot.sound]
info: LidoSRv3/Audit/Trust.lean:368:0: 'LidoSRv3.Audit.Verity.AddressTx.pinned_source_observable_correspondence' depends on axioms: [propext,
 Classical.choice,
 Quot.sound]
info: LidoSRv3/Audit/Trust.lean:369:0: 'LidoSRv3.Audit.Verity.AddressTx.executed_address_writes_follow_renamed_source' depends on axioms: [propext,
 Classical.choice,
 Quot.sound]
info: LidoSRv3/Audit/Trust.lean:370:0: 'LidoSRv3.Audit.Verity.AddressTx.every_revert_restores_snapshot' depends on axioms: [propext]
info: LidoSRv3/Audit/Trust.lean:371:0: 'LidoSRv3.Tests.AddressSourceMutants.verity_wrong_recipient_mutant_rejected' depends on axioms: [propext]
info: LidoSRv3/Audit/Trust.lean:372:0: 'LidoSRv3.Tests.AddressSourceMutants.verity_fixed_owner_writer_mutant_rejected' depends on axioms: [propext]
info: LidoSRv3/Audit/Trust.lean:373:0: 'LidoSRv3.Tests.AddressSourceMutants.verity_zero_amount_rejected' depends on axioms: [propext]
info: LidoSRv3/Audit/Trust.lean:374:0: 'LidoSRv3.Tests.AddressSourceMutants.fixed_owner_gate_not_admission_equivariant' depends on axioms: [propext]
info: LidoSRv3/Audit/Trust.lean:375:0: 'LidoSRv3.Tests.AddressSourceMutants.fixed_owner_gate_kill_line_refutes_parent' depends on axioms: [propext]
info: LidoSRv3/Audit/Trust.lean:376:0: 'LidoSRv3.Tests.AddressSourceMutants.fixed_owner_writer_kill_line_refutes_parent' depends on axioms: [propext]
info: LidoSRv3/Audit/Trust.lean:377:0: 'LidoSRv3.Audit.Guarantees.PConsolidation1.source_consolidation_preserves_eligibility_value_atomicity' depends on axioms: [propext,
 Classical.choice,
 Quot.sound]
info: LidoSRv3/Audit/Trust.lean:379:0: 'LidoSRv3.Audit.Guarantees.PConsolidation1.verity_tx_simulates_consolidation' depends on axioms: [propext, Quot.sound]
info: LidoSRv3/Audit/Trust.lean:381:0: 'LidoSRv3.Audit.Guarantees.PConsolidation1.verity_tx_revert_restores_snapshot' depends on axioms: [propext]
info: LidoSRv3/Audit/Trust.lean:383:0: 'LidoSRv3.Audit.Guarantees.PConsolidation1.verity_tx_journal_forwards_msg_value' depends on axioms: [propext,
 Quot.sound]
info: LidoSRv3/Audit/Trust.lean:385:0: 'LidoSRv3.Audit.Guarantees.PConsolidation1.verity_tx_preserves_eth_balance' depends on axioms: [propext, Quot.sound]
info: LidoSRv3/Audit/Trust.lean:387:0: 'LidoSRv3.Audit.Verity.ConsolidationTx.function_spec_bridge_constructors' does not depend on any axioms
info: LidoSRv3/Audit/Trust.lean:388:0: 'LidoSRv3.Audit.Verity.ConsolidationTx.committed_journal_forwards_msg_value' depends on axioms: [propext, Quot.sound]
info: LidoSRv3/Audit/Trust.lean:389:0: 'LidoSRv3.Audit.Verity.ConsolidationTx.committed_preserves_eth_balance' depends on axioms: [propext, Quot.sound]
info: LidoSRv3/Audit/Trust.lean:390:0: 'LidoSRv3.Audit.Verity.ConsolidationTx.entry_credit_overflow_reverts' depends on axioms: [propext, Quot.sound]
info: LidoSRv3/Audit/Trust.lean:391:0: 'LidoSRv3.Tests.ConsolidationTxMutants.value_blind_debit_kill_line_refutes_preserves_eth_balance' depends on axioms: [propext,
 LidoSRv3.Tests.ConsolidationTxMutants.value_blind_debit_kill_line_refutes_preserves_eth_balance._native.native_decide.ax_1_1,
 LidoSRv3.Tests.ConsolidationTxMutants.value_blind_debit_kill_line_refutes_preserves_eth_balance._native.native_decide.ax_1_2,
 LidoSRv3.Tests.ConsolidationTxMutants.value_blind_debit_kill_line_refutes_preserves_eth_balance._native.native_decide.ax_1_3,
 LidoSRv3.Tests.ConsolidationTxMutants.value_blind_debit_kill_line_refutes_preserves_eth_balance._native.native_decide.ax_1_4,
 LidoSRv3.Tests.ConsolidationTxMutants.value_blind_debit_kill_line_refutes_preserves_eth_balance._native.native_decide.ax_1_5,
 LidoSRv3.Tests.ConsolidationTxMutants.value_blind_debit_kill_line_refutes_preserves_eth_balance._native.native_decide.ax_1_6]
info: LidoSRv3/Audit/Trust.lean:393:0: 'LidoSRv3.Tests.ConsolidationTxMutants.double_debit_kill_line_refutes_preserves_eth_balance' depends on axioms: [propext,
 LidoSRv3.Tests.ConsolidationTxMutants.double_debit_kill_line_refutes_preserves_eth_balance._native.native_decide.ax_1_1,
 LidoSRv3.Tests.ConsolidationTxMutants.double_debit_kill_line_refutes_preserves_eth_balance._native.native_decide.ax_1_2,
 LidoSRv3.Tests.ConsolidationTxMutants.double_debit_kill_line_refutes_preserves_eth_balance._native.native_decide.ax_1_3,
 LidoSRv3.Tests.ConsolidationTxMutants.double_debit_kill_line_refutes_preserves_eth_balance._native.native_decide.ax_1_4,
 LidoSRv3.Tests.ConsolidationTxMutants.double_debit_kill_line_refutes_preserves_eth_balance._native.native_decide.ax_1_5,
 LidoSRv3.Tests.ConsolidationTxMutants.double_debit_kill_line_refutes_preserves_eth_balance._native.native_decide.ax_1_6]
info: LidoSRv3/Audit/Trust.lean:395:0: 'LidoSRv3.Tests.ConsolidationTxMutants.journal_value_blind_kill_line_refutes_exact_forwarding' depends on axioms: [propext,
 LidoSRv3.Tests.ConsolidationTxMutants.journal_value_blind_kill_line_refutes_exact_forwarding._native.native_decide.ax_1_1,
 LidoSRv3.Tests.ConsolidationTxMutants.journal_value_blind_kill_line_refutes_exact_forwarding._native.native_decide.ax_1_2,
 LidoSRv3.Tests.ConsolidationTxMutants.journal_value_blind_kill_line_refutes_exact_forwarding._native.native_decide.ax_1_3,
 LidoSRv3.Tests.ConsolidationTxMutants.journal_value_blind_kill_line_refutes_exact_forwarding._native.native_decide.ax_1_4,
 LidoSRv3.Tests.ConsolidationTxMutants.journal_value_blind_kill_line_refutes_exact_forwarding._native.native_decide.ax_1_5,
 LidoSRv3.Tests.ConsolidationTxMutants.journal_value_blind_kill_line_refutes_exact_forwarding._native.native_decide.ax_1_6,
 LidoSRv3.Tests.ConsolidationTxMutants.journal_value_blind_kill_line_refutes_exact_forwarding._native.native_decide.ax_1_7]
info: LidoSRv3/Audit/Trust.lean:397:0: 'LidoSRv3.Audit.Guarantees.PAddress1.bounded_transfer_model_source_tx' depends on axioms: [propext, Quot.sound]
info: LidoSRv3/Audit/Trust.lean:398:0: 'LidoSRv3.Audit.Guarantees.PAddress1.bounded_live_claim_batch_storage_call_surface' depends on axioms: [propext,
 Classical.choice,
 Quot.sound]
info: LidoSRv3/Audit/Trust.lean:399:0: 'LidoSRv3.Audit.Verity.AddressClaimBatchTx.two_claim_batch_observe' depends on axioms: [propext,
 Classical.choice,
 Quot.sound]
info: LidoSRv3/Audit/Trust.lean:400:0: 'LidoSRv3.Audit.Verity.AddressClaimBatchTx.every_revert_restores_snapshot' depends on axioms: [propext,
 Classical.choice,
 Quot.sound]
info: LidoSRv3/Audit/Trust.lean:401:0: 'LidoSRv3.Audit.Verity.AddressTransferTx.tx_refines_source_witness' depends on axioms: [propext, Quot.sound]
info: LidoSRv3/Audit/Trust.lean:402:0: 'LidoSRv3.Audit.Source.AddressTransferCorrespondence.fixed_caller_mutant_rejected' does not depend on any axioms
info: LidoSRv3/Audit/Trust.lean:403:0: 'LidoSRv3.Audit.Guarantees.PDeposit1.source_deposit_conserves_and_rolls_back' depends on axioms: [propext]
info: LidoSRv3/Audit/Trust.lean:404:0: 'LidoSRv3.Audit.Guarantees.PDeposit1.source_router_balance_unchanged' depends on axioms: [propext]
info: LidoSRv3/Audit/Trust.lean:405:0: 'LidoSRv3.Audit.Guarantees.PDeposit1.source_reverting_branch_moves_no_ether' depends on axioms: [propext]
info: LidoSRv3/Audit/Trust.lean:406:0: 'LidoSRv3.Audit.Guarantees.PDeposit1.source_nonconserving_deployment_reverts' depends on axioms: [propext]
info: LidoSRv3/Audit/Trust.lean:407:0: 'LidoSRv3.Audit.Guarantees.PDeposit1.verity_tx_revert_restores_snapshot' depends on axioms: [propext,
 Classical.choice,
 Quot.sound]
info: LidoSRv3/Audit/Trust.lean:408:0: 'LidoSRv3.Audit.Verity.DepositTx.run_simulates_source' depends on axioms: [propext, Classical.choice, Quot.sound]
info: LidoSRv3/Audit/Trust.lean:409:0: 'LidoSRv3.Tests.DepositTxMutants.double_beacon_send_rejected' depends on axioms: [propext, Classical.choice, Quot.sound]
info: LidoSRv3/Audit/Trust.lean:410:0: 'LidoSRv3.Audit.Guarantees.PDeposit1.verity_tx_composes_deposit_conservation_and_rollback' depends on axioms: [propext,
 Classical.choice,
 Quot.sound]
info: LidoSRv3/Audit/Trust.lean:412:0: 'LidoSRv3.Audit.Guarantees.PDeposit1.canonical_composition_witness' depends on axioms: [propext,
 Classical.choice,
 Quot.sound]
info: LidoSRv3/Audit/Trust.lean:413:0: 'LidoSRv3.Audit.Guarantees.PDeposit1.linked_deployment_push_is_word_bounded' depends on axioms: [propext, Quot.sound]
info: LidoSRv3/Audit/Trust.lean:414:0: 'LidoSRv3.Audit.Guarantees.PDeposit1.linked_conserving_deployment_pull_is_word_bounded' depends on axioms: [propext,
 Quot.sound]
info: LidoSRv3/Audit/Trust.lean:416:0: 'LidoSRv3.Audit.Guarantees.PDeposit1.linked_hypotheses_do_not_bound_the_line_972_product' depends on axioms: [propext]
info: LidoSRv3/Audit/Trust.lean:418:0: 'LidoSRv3.Audit.Guarantees.PDeposit1.skewed_pull_witness_turned_away_before_line_972' depends on axioms: [propext]
info: LidoSRv3/Audit/Trust.lean:420:0: 'LidoSRv3.Audit.Guarantees.PDeposit1.line_972_product_le_module_allocation' depends on axioms: [propext]
info: LidoSRv3/Audit/Trust.lean:422:0: 'LidoSRv3.Audit.Guarantees.PDeposit1.encodable_allocation_bounds_line_972_product' depends on axioms: [propext]
info: LidoSRv3/Audit/Trust.lean:424:0: 'LidoSRv3.Audit.Guarantees.PDeposit1.in_range_commit_is_word_bounded' depends on axioms: [propext, Quot.sound]
info: LidoSRv3/Audit/Trust.lean:426:0: 'LidoSRv3.Audit.Guarantees.PDeposit1.oversized_run_commits' depends on axioms: [propext, Quot.sound]
info: LidoSRv3/Audit/Trust.lean:427:0: 'LidoSRv3.Audit.Guarantees.PDeposit1.oversized_input_is_outside_the_source_domain' depends on axioms: [propext]
info: LidoSRv3/Audit/Trust.lean:429:0: 'LidoSRv3.Audit.Guarantees.PDeposit1.oversized_input_exceeds_word' depends on axioms: [propext, Quot.sound]
info: LidoSRv3/Audit/Trust.lean:431:0: 'LidoSRv3.Audit.Guarantees.PDeposit1.abstract_parent_covers_inputs_the_verity_plane_omits' depends on axioms: [propext,
 Quot.sound]
info: LidoSRv3/Audit/Trust.lean:433:0: 'LidoSRv3.Audit.Guarantees.PDeposit1.manyKey_input_is_within_the_source_domain' does not depend on any axioms
info: LidoSRv3/Audit/Trust.lean:435:0: 'LidoSRv3.Audit.Guarantees.PDeposit1.manyKey_run_commits' depends on axioms: [propext]
info: LidoSRv3/Audit/Trust.lean:436:0: 'LidoSRv3.Audit.Guarantees.PDeposit1.manyKey_links_source_two_legs' depends on axioms: [propext]
info: LidoSRv3/Audit/Trust.lean:438:0: 'LidoSRv3.Audit.Guarantees.PDeposit1.manyKey_entry_state_guards_are_load_bearing' depends on axioms: [propext]
info: LidoSRv3/Audit/Trust.lean:440:0: 'LidoSRv3.Audit.Guarantees.PDeposit1.manyKey_underfunded_entry_reverts_at_not_enough_ether' depends on axioms: [propext,
 Classical.choice,
 Quot.sound]
info: LidoSRv3/Audit/Trust.lean:442:0: 'LidoSRv3.Audit.Verity.DepositParentTx.execute_observes_source' depends on axioms: [propext,
 Classical.choice,
 Quot.sound]
info: LidoSRv3/Audit/Trust.lean:443:0: 'LidoSRv3.Audit.Verity.DepositParentTx.revert_after_intermediate_writes_restores_snapshot' depends on axioms: [propext,
 Classical.choice,
 Quot.sound]
info: LidoSRv3/Audit/Trust.lean:445:0: 'LidoSRv3.Audit.Verity.DepositParentTx.revert_observes_idle' depends on axioms: [propext, Classical.choice, Quot.sound]
info: LidoSRv3/Audit/Trust.lean:446:0: 'LidoSRv3.Tests.DepositParentTxMutants.mutant_none_reproduces_execute' depends on axioms: [propext,
 Classical.choice,
 Quot.sound]
info: LidoSRv3/Audit/Trust.lean:447:0: 'LidoSRv3.Tests.DepositParentTxMutants.skipped_allocation_write_rejected' depends on axioms: [propext,
 Classical.choice,
 Quot.sound]
info: LidoSRv3/Audit/Trust.lean:448:0: 'LidoSRv3.Tests.DepositParentTxMutants.skipped_dynamic_data_write_rejected' depends on axioms: [propext,
 Classical.choice,
 Quot.sound]
info: LidoSRv3/Audit/Trust.lean:449:0: 'LidoSRv3.Tests.DepositParentTxMutants.skipped_root_write_rejected' depends on axioms: [propext,
 Classical.choice,
 Quot.sound]
info: LidoSRv3/Audit/Trust.lean:450:0: 'LidoSRv3.Tests.DepositParentTxMutants.misrouted_push_rejected' depends on axioms: [propext,
 Classical.choice,
 Quot.sound]
info: LidoSRv3/Audit/Trust.lean:451:0: 'LidoSRv3.Tests.DepositParentTxMutants.dropped_push_rejected' depends on axioms: [propext, Classical.choice, Quot.sound]
info: LidoSRv3/Audit/Trust.lean:452:0: 'LidoSRv3.Tests.DepositParentTxMutants.root_failure_observes_idle' depends on axioms: [propext,
 Classical.choice,
 Quot.sound]
info: LidoSRv3/Audit/Trust.lean:453:0: 'LidoSRv3.Audit.Guarantees.PDeposit1.NFrame.verity_tx_composes_nframe_deposit' depends on axioms: [propext,
 Classical.choice,
 Quot.sound]
info: LidoSRv3/Audit/Trust.lean:455:0: 'LidoSRv3.Audit.Verity.DepositNFrameTx.nframe_deposit_parent' depends on axioms: [propext, Classical.choice, Quot.sound]
info: LidoSRv3/Audit/Trust.lean:456:0: 'LidoSRv3.Audit.Verity.DepositNFrameTx.wrapping_fold_reverts_without_journal' depends on axioms: [propext,
 Classical.choice,
 Quot.sound]
info: LidoSRv3/Audit/Trust.lean:458:0: 'LidoSRv3.Audit.Spec.DepositNFrameCorrespondence.router_links_source' depends on axioms: [propext, Quot.sound]
info: LidoSRv3/Audit/Trust.lean:459:0: 'LidoSRv3.Tests.DepositNFrameTxMutants.fixed_two_only_refutes_nframe_parent' depends on axioms: [propext,
 Classical.choice,
 Quot.sound]
info: LidoSRv3/Audit/Trust.lean:461:0: 'LidoSRv3.Audit.Guarantees.PConsolidationEth1.eth_flow_confined' depends on axioms: [propext, Quot.sound]
info: LidoSRv3/Audit/Trust.lean:462:0: 'LidoSRv3.Audit.Guarantees.PConsolidationEth1.consolidation_fee_path_confined' depends on axioms: [propext]
info: LidoSRv3/Audit/Trust.lean:463:0: 'LidoSRv3.Audit.Guarantees.PConsolidationEth1.eth_flow_parent' depends on axioms: [propext, Quot.sound]
info: LidoSRv3/Audit/Trust.lean:464:0: 'LidoSRv3.Audit.Guarantees.PConsolidationEth1.eth_flow_parent_at_canonical' depends on axioms: [propext, Quot.sound]
info: LidoSRv3/Audit/Trust.lean:465:0: 'LidoSRv3.Audit.Guarantees.PConsolidationEth1.verity_tx_universal_success_shape' depends on axioms: [propext,
 Classical.choice,
 Quot.sound]
info: LidoSRv3/Audit/Trust.lean:466:0: 'LidoSRv3.Audit.Guarantees.PConsolidationEth1.verity_tx_universal_revert_partition' depends on axioms: [propext,
 Classical.choice,
 Quot.sound]
info: LidoSRv3/Audit/Trust.lean:467:0: 'LidoSRv3.Audit.Guarantees.PConsolidationEth1.verity_tx_universal_zero_remainder_boundary' depends on axioms: [propext,
 Classical.choice,
 Quot.sound]
info: LidoSRv3/Audit/Trust.lean:468:0: 'LidoSRv3.Audit.Guarantees.PConsolidationEth1.verity_tx_success_and_revert_partition' depends on axioms: [propext,
 Classical.choice,
 Quot.sound]
info: LidoSRv3/Audit/Trust.lean:469:0: 'LidoSRv3.Audit.Guarantees.PConsolidationEth1.verity_tx_composes_value_flow_and_rollback' depends on axioms: [propext,
 Quot.sound]
info: LidoSRv3/Audit/Trust.lean:470:0: 'LidoSRv3.Tests.PConsolidationEth1CompositionTxMutants.rejects_dropped_refund_leg' depends on axioms: [propext,
 Quot.sound]
info: LidoSRv3/Audit/Trust.lean:471:0: 'LidoSRv3.Tests.PConsolidationEth1CompositionTxMutants.rejects_misrouted_vault_leg' depends on axioms: [propext,
 Quot.sound]
info: LidoSRv3/Audit/Trust.lean:472:0: 'LidoSRv3.Tests.PConsolidationEth1CompositionTxMutants.rejects_corrupted_refund_amount' depends on axioms: [propext,
 Quot.sound]
info: LidoSRv3/Audit/Trust.lean:473:0: 'LidoSRv3.Tests.PConsolidationEth1CompositionTxMutants.rejects_preserved_prefix_after_failed_hop' depends on axioms: [propext,
 Quot.sound]
info: LidoSRv3/Audit/Trust.lean:474:0: 'LidoSRv3.Tests.PConsolidationEth1CompositionTxMutants.rejects_single_request_for_two_request_batch' depends on axioms: [propext,
 Quot.sound]
info: LidoSRv3/Audit/Trust.lean:475:0: 'LidoSRv3.Tests.PConsolidationEth1CompositionTxMutants.universal_parent_is_predicate_at_honest' depends on axioms: [propext,
 Classical.choice,
 Quot.sound]
info: LidoSRv3/Audit/Trust.lean:476:0: 'LidoSRv3.Tests.PConsolidationEth1CompositionTxMutants.dropped_refund_leg_kill_line_refutes_universal_parent' depends on axioms: [propext,
 Quot.sound]
info: LidoSRv3/Audit/Trust.lean:477:0: 'LidoSRv3.Tests.PConsolidationEth1CompositionTxMutants.misrouted_vault_kill_line_refutes_universal_parent' depends on axioms: [propext,
 Quot.sound]
info: LidoSRv3/Audit/Trust.lean:478:0: 'LidoSRv3.Tests.PConsolidationEth1CompositionTxMutants.corrupted_refund_kill_line_refutes_universal_parent' depends on axioms: [propext,
 Quot.sound]
info: LidoSRv3/Audit/Trust.lean:479:0: 'LidoSRv3.Tests.PConsolidationEth1CompositionTxMutants.single_request_kill_line_refutes_universal_parent' depends on axioms: [propext,
 Quot.sound]
info: LidoSRv3/Audit/Trust.lean:480:0: 'LidoSRv3.Tests.PConsolidationEth1CompositionTxMutants.zero_value_kill_line_refutes_dropped_positivity' depends on axioms: [propext,
 Quot.sound]
info: LidoSRv3/Audit/Trust.lean:481:0: 'LidoSRv3.Tests.PConsolidationEth1CompositionTxMutants.underfunded_kill_line_refutes_dropped_funding' depends on axioms: [propext,
 Quot.sound]
info: LidoSRv3/Audit/Trust.lean:482:0: 'LidoSRv3.Tests.PConsolidationEth1CompositionTxMutants.fuel_exhaustion_kill_line_refutes_dropped_fuel_premise' depends on axioms: [propext,
 Quot.sound]
info: LidoSRv3/Audit/Trust.lean:483:0: 'LidoSRv3.Audit.Verity.PConsolidationEth1RefundTx.gateway_refund_success_moves_value' depends on axioms: [propext]
info: LidoSRv3/Audit/Trust.lean:484:0: 'LidoSRv3.Audit.Verity.PConsolidationEth1RefundTx.gateway_refund_failure_keeps_prefix_out' depends on axioms: [propext]
info: LidoSRv3/Audit/Trust.lean:485:0: 'LidoSRv3.Audit.Verity.PConsolidationEth1RefundTx.withdraw_success_moves_to_lido' depends on axioms: [propext]
info: LidoSRv3/Audit/Trust.lean:486:0: 'LidoSRv3.Audit.Verity.PConsolidationEth1RefundTx.refund_failure_restores_snapshot' depends on axioms: [propext]
info: LidoSRv3/Audit/Trust.lean:487:0: 'LidoSRv3.Audit.Verity.PConsolidationEth1RequestTx.bus_forward_success' depends on axioms: [propext]
info: LidoSRv3/Audit/Trust.lean:488:0: 'LidoSRv3.Audit.Verity.PConsolidationEth1RequestTx.consolidation_fee_target_success' depends on axioms: [propext]
info: LidoSRv3/Audit/Trust.lean:489:0: 'LidoSRv3.Audit.Verity.PConsolidationEth1RequestTx.withdrawal_fee_success' depends on axioms: [propext]
info: LidoSRv3/Audit/Trust.lean:490:0: 'LidoSRv3.Audit.Verity.PConsolidationEth1RequestTx.consolidation_second_failure_discards_prefix' depends on axioms: [propext]
info: LidoSRv3/Audit/Trust.lean:491:0: 'LidoSRv3.Audit.Verity.PConsolidationEth1RequestTx.bus_failure_restores_snapshot' depends on axioms: [propext]
info: LidoSRv3/Audit/Trust.lean:492:0: 'LidoSRv3.Audit.Verity.PConsolidationEth1RefundTx.sourceGateway_committed_splits_to_vault_and_refund' depends on axioms: [propext]
info: LidoSRv3/Audit/Trust.lean:493:0: 'LidoSRv3.Tests.PConsolidationEth1RefundTxMutants.refund_misroute_kill_line' depends on axioms: [propext]
info: LidoSRv3/Audit/Trust.lean:494:0: 'LidoSRv3.Tests.PConsolidationEth1RefundTxMutants.double_refund_rejected' depends on axioms: [propext]
info: LidoSRv3/Audit/Trust.lean:495:0: 'LidoSRv3.Tests.PConsolidationEth1RefundTxMutants.leak_on_refund_failure_rejected' depends on axioms: [propext]
info: LidoSRv3/Audit/Trust.lean:496:0: 'LidoSRv3.Tests.PConsolidationEth1RequestTxMutants.keep_first_consolidation_fee_rejected' depends on axioms: [propext]
info: LidoSRv3/Audit/Trust.lean:497:0: 'LidoSRv3.Audit.Guarantees.PTopup1.source_wrap_precludes_value_moving_commit' depends on axioms: [propext, Quot.sound]
info: LidoSRv3/Audit/Trust.lean:498:0: 'LidoSRv3.Audit.Guarantees.PTopup1.source_module_guard_required' depends on axioms: [propext]
info: LidoSRv3/Audit/Trust.lean:499:0: 'LidoSRv3.Audit.Guarantees.PTopup1.source_wc_type2_guard_required' depends on axioms: [propext]
info: LidoSRv3/Audit/Trust.lean:500:0: 'LidoSRv3.Audit.Guarantees.PTopup1.source_topup_conserves_and_rolls_back' depends on axioms: [propext, Quot.sound]
info: LidoSRv3/Audit/Trust.lean:501:0: 'LidoSRv3.Audit.Guarantees.PTopup1.source_router_balance_unchanged' depends on axioms: [propext, Quot.sound]
info: LidoSRv3/Audit/Trust.lean:502:0: 'LidoSRv3.Audit.Guarantees.PTopup1.source_reverting_branch_moves_no_ether' depends on axioms: [propext]
info: LidoSRv3/Audit/Trust.lean:503:0: 'LidoSRv3.Audit.Guarantees.PTopup1.source_balance_guards_discharged' depends on axioms: [propext, Quot.sound]
info: LidoSRv3/Audit/Trust.lean:504:0: 'LidoSRv3.Audit.Guarantees.PTopup1.source_unchecked_accumulation_faithful' depends on axioms: [propext]
info: LidoSRv3/Audit/Trust.lean:505:0: 'LidoSRv3.Audit.Guarantees.PTopup1.source_pinned_config_discharges_pubkey_guard' depends on axioms: [propext,
 Quot.sound]
info: LidoSRv3/Audit/Trust.lean:506:0: 'LidoSRv3.Audit.Guarantees.PTopup1.verity_tx_simulates_source' depends on axioms: [propext,
 Classical.choice,
 Quot.sound]
info: LidoSRv3/Audit/Trust.lean:507:0: 'LidoSRv3.Audit.Guarantees.PTopup1.verity_wrap_to_zero_is_empty_commit' depends on axioms: [propext,
 Classical.choice,
 Quot.sound]
info: LidoSRv3/Audit/Trust.lean:508:0: 'LidoSRv3.Audit.Guarantees.PTopup1.verity_nonzero_wrap_witness_reverts_and_restores' depends on axioms: [propext,
 Classical.choice,
 Quot.sound]
info: LidoSRv3/Audit/Trust.lean:509:0: 'LidoSRv3.Audit.Guarantees.PTopup1.verity_nonzero_wrap_reverts_and_restores' depends on axioms: [propext,
 Classical.choice,
 Quot.sound]
info: LidoSRv3/Audit/Trust.lean:510:0: 'LidoSRv3.Audit.Guarantees.PTopup1.verity_tx_simulates_source_with_nonzero_wrap_close' depends on axioms: [propext,
 Classical.choice,
 Quot.sound]
info: LidoSRv3/Audit/Trust.lean:512:0: 'LidoSRv3.Audit.Verity.TopupHybrid.verity_tx_simulates_source' depends on axioms: [propext,
 Classical.choice,
 Quot.sound]
info: LidoSRv3/Audit/Trust.lean:513:0: 'LidoSRv3.Tests.TopupHybridMutants.hybrid_simulation_covers_nonzero_wrap' depends on axioms: [propext,
 Classical.choice,
 Quot.sound]
info: LidoSRv3/Audit/Trust.lean:514:0: 'LidoSRv3.Tests.TopupHybridMutants.hybrid_simulation_covers_wrap_to_zero' depends on axioms: [propext,
 Classical.choice,
 Quot.sound]
info: LidoSRv3/Audit/Trust.lean:515:0: 'LidoSRv3.Tests.TopupTxMutants.mutant_none_reproduces_execute' depends on axioms: [propext,
 Classical.choice,
 Quot.sound]
info: LidoSRv3/Audit/Trust.lean:516:0: 'LidoSRv3.Tests.TopupTxMutants.honest_run_matches_source' depends on axioms: [propext, Classical.choice, Quot.sound]
info: LidoSRv3/Audit/Trust.lean:517:0: 'LidoSRv3.Tests.TopupTxMutants.skipped_allocation_write_rejected' depends on axioms: [propext,
 Classical.choice,
 Quot.sound]
info: LidoSRv3/Audit/Trust.lean:518:0: 'LidoSRv3.Tests.TopupTxMutants.dropped_push_rejected' depends on axioms: [propext, Classical.choice, Quot.sound]
info: LidoSRv3/Audit/Trust.lean:519:0: 'LidoSRv3.Tests.TopupTxMutants.misrouted_push_rejected' depends on axioms: [propext, Classical.choice, Quot.sound]
info: LidoSRv3/Audit/Trust.lean:520:0: 'LidoSRv3.Tests.TopupTxMutants.corrupted_amount_rejected' depends on axioms: [propext, Classical.choice, Quot.sound]
info: LidoSRv3/Audit/Trust.lean:521:0: 'LidoSRv3.Tests.TopupTxMutants.swapped_order_rejected' depends on axioms: [propext, Classical.choice, Quot.sound]
info: LidoSRv3/Audit/Trust.lean:522:0: 'LidoSRv3.Tests.TopupTxMutants.duplicated_push_rejected' depends on axioms: [propext, Classical.choice, Quot.sound]
info: LidoSRv3/Audit/Trust.lean:523:0: 'LidoSRv3.Tests.TopupTxMutants.allocation_write_failure_rolls_back' depends on axioms: [propext,
 Classical.choice,
 Quot.sound]
info: LidoSRv3/Audit/Trust.lean:524:0: 'LidoSRv3.Tests.TopupTxMutants.lido_pull_failure_rolls_back' depends on axioms: [propext, Classical.choice, Quot.sound]
info: LidoSRv3/Audit/Trust.lean:525:0: 'LidoSRv3.Tests.TopupTxMutants.first_beacon_failure_rolls_back' depends on axioms: [propext,
 Classical.choice,
 Quot.sound]
info: LidoSRv3/Audit/Trust.lean:526:0: 'LidoSRv3.Tests.TopupTxMutants.guard_discharge_at_wrapping_input' depends on axioms: [propext, Quot.sound]
info: LidoSRv3/Audit/Trust.lean:527:0: 'LidoSRv3.Tests.TopupTxMutants.wrap_to_zero_commits_no_topup' depends on axioms: [propext]
info: LidoSRv3/Audit/Trust.lean:528:0: 'LidoSRv3.Tests.TopupTxMutants.guard_discharge_at_unregistered_module_input' depends on axioms: [propext, Quot.sound]
info: LidoSRv3/Audit/Trust.lean:529:0: 'LidoSRv3.Tests.TopupTxMutants.guard_discharge_at_non_type2_wc_input' depends on axioms: [propext, Quot.sound]
info: LidoSRv3/Audit/Trust.lean:530:0: 'LidoSRv3.Tests.TopupTxMutants.mutantRunNoAssert_eq_run_of_assert_passing' does not depend on any axioms
info: LidoSRv3/Audit/Trust.lean:531:0: 'LidoSRv3.Tests.TopupTxMutants.mutantRunNoAssert_commits_where_assert_fires' depends on axioms: [propext]
info: LidoSRv3/Audit/Trust.lean:532:0: 'LidoSRv3.Tests.TopupTxMutants.dropped_conservation_assert_kill_line_refutes_parent' depends on axioms: [propext]
info: LidoSRv3/Audit/Trust.lean:533:0: 'LidoSRv3.Tests.TopupTxMutants.dropped_module_guard_kill_line_refutes_parent' depends on axioms: [propext]
info: LidoSRv3/Audit/Trust.lean:534:0: 'LidoSRv3.Tests.TopupTxMutants.dropped_wc_guard_kill_line_refutes_parent' depends on axioms: [propext]
info: LidoSRv3/Audit/Trust.lean:535:0: 'LidoSRv3.Tests.TopupTxMutants.unwrapped_accumulator_kill_line_refutes_parent' depends on axioms: [propext]
info: LidoSRv3/Audit/Trust.lean:536:0: 'LidoSRv3.Audit.Source.Topup2.source_aggregate_bounded_by_block_cap' depends on axioms: [propext]
info: LidoSRv3/Audit/Trust.lean:537:0: 'LidoSRv3.Audit.Guarantees.PTopup2.aggregate_bounded_by_block_cap' depends on axioms: [propext]
info: LidoSRv3/Audit/Trust.lean:538:0: 'LidoSRv3.Audit.Guarantees.PTopup2.actual_module_batch_bound' depends on axioms: [propext, Classical.choice, Quot.sound]
info: LidoSRv3/Audit/Trust.lean:539:0: 'LidoSRv3.Audit.Guarantees.PTopup2.per_key_bounded_by_candidate' depends on axioms: [propext, Quot.sound]
info: LidoSRv3/Audit/Trust.lean:540:0: 'LidoSRv3.Audit.Verity.Topup2Tx.tx_aggregate_bounded_by_block_cap' depends on axioms: [propext, Quot.sound]
info: LidoSRv3/Audit/Trust.lean:541:0: 'LidoSRv3.Audit.Verity.Topup2Tx.tx_all_success_value_exact' depends on axioms: [propext]
info: LidoSRv3/Audit/Trust.lean:542:0: 'LidoSRv3.Audit.Verity.Topup2Tx.tx_revert_restores_world' depends on axioms: [propext]
info: LidoSRv3/Audit/Trust.lean:543:0: 'LidoSRv3.Audit.Verity.Topup2Tx.tx_committed_world_is_commit_fold' depends on axioms: [propext]
info: LidoSRv3/Audit/Trust.lean:544:0: 'LidoSRv3.Tests.Topup2TxMutants.over_cap_aggregate_rejected' depends on axioms: [propext]
info: LidoSRv3/Audit/Trust.lean:545:0: 'LidoSRv3.Tests.Topup2TxMutants.double_send_rejected' depends on axioms: [propext]
info: LidoSRv3/Audit/Trust.lean:546:0: 'LidoSRv3.Tests.Topup2TxMutants.reverting_adversary_cannot_leak_state' depends on axioms: [propext]
info: LidoSRv3/Audit/Trust.lean:547:0: 'LidoSRv3.Audit.Guarantees.PReserve1.source_spend_preserves_withdrawal_reserve' depends on axioms: [propext, Quot.sound]
info: LidoSRv3/Audit/Trust.lean:548:0: 'LidoSRv3.Audit.Guarantees.PReserve1.verity_tx_simulates_reserve_spec' depends on axioms: [propext, Quot.sound]
info: LidoSRv3/Audit/Trust.lean:549:0: 'LidoSRv3.Audit.Guarantees.PReserve1.verity_tx_preserves_withdrawal_reserve' depends on axioms: [propext, Quot.sound]
info: LidoSRv3/Audit/Trust.lean:550:0: 'LidoSRv3.Audit.Guarantees.PReserveRelational.abstract_reserve_does_not_change_finalization' depends on axioms: [propext,
 Quot.sound]
info: LidoSRv3/Audit/Trust.lean:551:0: 'LidoSRv3.Audit.Guarantees.PReserveRelational.source_reserve_does_not_change_finalization' depends on axioms: [propext,
 Quot.sound]
info: LidoSRv3/Audit/Trust.lean:552:0: 'LidoSRv3.Audit.Guarantees.PReserveRelational.verity_tx_simulates_reserve_relational_spec' depends on axioms: [propext,
 Classical.choice,
 Quot.sound]
info: LidoSRv3/Audit/Trust.lean:553:0: 'LidoSRv3.Audit.Guarantees.PReserveRelational.verity_tx_reverts_on_locked_overflow' depends on axioms: [propext]
info: LidoSRv3/Audit/Trust.lean:554:0: 'LidoSRv3.Audit.Guarantees.PReserveRelational.verity_reserve_slot_is_not_read' depends on axioms: [propext, Quot.sound]
info: LidoSRv3/Audit/Trust.lean:555:0: 'LidoSRv3.Audit.Guarantees.PReserveRelational.verity_reserve_does_not_change_finalization' depends on axioms: [propext,
 Quot.sound]
info: LidoSRv3/Audit/Trust.lean:556:0: 'LidoSRv3.Audit.Guarantees.PReserveRelational.verity_revert_restores_snapshot' depends on axioms: [propext]
info: LidoSRv3/Audit/Trust.lean:557:0: 'LidoSRv3.Audit.Guarantees.PSsz1.deposit_root_iff' depends on axioms: [propext, Classical.choice, Quot.sound]
info: LidoSRv3/Audit/Trust.lean:558:0: 'LidoSRv3.Audit.Guarantees.PSsz1.deposit_unique_of_perfect' depends on axioms: [propext]
info: LidoSRv3/Audit/Trust.lean:559:0: 'LidoSRv3.Audit.Guarantees.PSsz1.sourceNode_mutant_kill_line_refutes_parent' depends on axioms: [propext, Quot.sound]
info: LidoSRv3/Audit/Trust.lean:560:0: 'LidoSRv3.Audit.Guarantees.PSsz1.composed_ssz_encoding' depends on axioms: [propext, Quot.sound]
info: LidoSRv3/Audit/Trust.lean:561:0: 'LidoSRv3.Audit.Guarantees.PSsz1.swapped_combine_kill_line_refutes_parent' depends on axioms: [propext,
 Classical.choice,
 Quot.sound]
info: LidoSRv3/Audit/Trust.lean:562:0: 'LidoSRv3.Audit.Guarantees.PSsz1.composedEncodingOkFull_not_trivial_crossed_witness' depends on axioms: [propext,
 Quot.sound]
info: LidoSRv3/Audit/Trust.lean:563:0: 'LidoSRv3.Audit.Guarantees.PSsz1.inconsistent_witness_kill_line' depends on axioms: [propext,
 Classical.choice,
 Quot.sound]
info: LidoSRv3/Audit/Trust.lean:564:0: 'LidoSRv3.Audit.Guarantees.PSsz1.inconsistent_operation_index_kill_line' depends on axioms: [propext]
info: LidoSRv3/Audit/Trust.lean:565:0: 'LidoSRv3.Audit.Guarantees.PSsz1.sourceWitness_binds_sourceNode' depends on axioms: [propext, Quot.sound]
info: LidoSRv3/Audit/Trust.lean:566:0: 'LidoSRv3.Audit.Guarantees.PSsz1.verity_tx_simulates_ssz_encoding' depends on axioms: [propext,
 Classical.choice,
 Quot.sound]
info: LidoSRv3/Audit/Trust.lean:567:0: 'LidoSRv3.Audit.Guarantees.PSsz1.verity_tx_two_batch_rolls_back' depends on axioms: [propext, Quot.sound]
info: LidoSRv3/Audit/Trust.lean:568:0: 'LidoSRv3.Audit.Verity.SszEncodingTx.verity_tx_simulates_pinned_source' depends on axioms: [propext,
 Classical.choice,
 Quot.sound]
info: LidoSRv3/Audit/Trust.lean:569:0: 'LidoSRv3.Audit.Verity.SszEncodingTx.encoding_commits_structural_witness' depends on axioms: [propext,
 Classical.choice,
 Quot.sound]
info: LidoSRv3/Audit/Trust.lean:570:0: 'LidoSRv3.Audit.Verity.SszEncodingTx.revert_restores_snapshot' depends on axioms: [propext, Quot.sound]
info: LidoSRv3/Audit/Trust.lean:571:0: 'LidoSRv3.Audit.Source.GIndexConcatCorrespondence.source_concat_matches_spec' depends on axioms: [propext]
info: LidoSRv3/Audit/Trust.lean:572:0: 'LidoSRv3.Audit.Source.GIndexConcatCorrespondence.source_concat_value_of_fits' depends on axioms: [propext]
info: LidoSRv3/Audit/Trust.lean:573:0: 'LidoSRv3.Audit.Source.GIndexConcatCorrespondence.source_concat_depth_overflow' depends on axioms: [propext]
info: LidoSRv3/Audit/Trust.lean:574:0: 'LidoSRv3.Audit.Verity.SszTxSimulation.ssz_tx_simulation_correct' depends on axioms: [propext, Quot.sound]
info: LidoSRv3/Audit/Trust.lean:575:0: 'LidoSRv3.Audit.Verity.SszTxSimulation.sha256_call_world_rollback' depends on axioms: [propext, Quot.sound]
info: LidoSRv3/Audit/Trust.lean:576:0: 'LidoSRv3.Audit.Verity.SszTxSimulation.root_mutant_rejected' depends on axioms: [propext, Quot.sound]
info: LidoSRv3/Audit/Trust.lean:577:0: 'LidoSRv3.Audit.Source.DepositDataRootCorrespondence.source_pinned_config_discharges_deposit_data_root' depends on axioms: [propext,
 Quot.sound]
info: LidoSRv3/Audit/Trust.lean:579:0: 'LidoSRv3.Audit.MinFirst.candidate_mem' depends on axioms: [propext]
info: LidoSRv3/Audit/Trust.lean:580:0: 'LidoSRv3.Audit.MinFirst.candidate_open' depends on axioms: [propext]
info: LidoSRv3/Audit/Trust.lean:581:0: 'LidoSRv3.Audit.MinFirst.candidate_none_no_open' depends on axioms: [propext]
info: LidoSRv3/Audit/Trust.lean:582:0: 'LidoSRv3.Audit.MinFirst.candidate_minimal' depends on axioms: [propext, Quot.sound]
info: LidoSRv3/Audit/Trust.lean:583:0: 'LidoSRv3.Audit.MinFirst.candidate_router_tie' depends on axioms: [propext, Quot.sound]
info: LidoSRv3/Audit/Trust.lean:584:0: 'LidoSRv3.Audit.MinFirst.incrementSelected_moduleId' does not depend on any axioms
info: LidoSRv3/Audit/Trust.lean:585:0: 'LidoSRv3.Audit.MinFirst.incrementSelected_active' does not depend on any axioms
info: LidoSRv3/Audit/Trust.lean:586:0: 'LidoSRv3.Audit.MinFirst.incrementSelected_monotone' depends on axioms: [propext, Quot.sound]
info: LidoSRv3/Audit/Trust.lean:587:0: 'LidoSRv3.Audit.MinFirst.incrementSelected_eq_of_ne' depends on axioms: [propext]
info: LidoSRv3/Audit/Trust.lean:588:0: 'LidoSRv3.Audit.MinFirst.step_preserves_length' depends on axioms: [propext]
info: LidoSRv3/Audit/Trust.lean:589:0: 'LidoSRv3.Audit.MinFirst.step_preserves_module_order' depends on axioms: [propext, Quot.sound]
info: LidoSRv3/Audit/Trust.lean:590:0: 'LidoSRv3.Audit.MinFirst.loop_preserves_length' depends on axioms: [propext]
info: LidoSRv3/Audit/Trust.lean:591:0: 'LidoSRv3.Audit.MinFirst.loop_preserves_module_order' depends on axioms: [propext, Quot.sound]
info: LidoSRv3/Audit/Trust.lean:592:0: 'LidoSRv3.Audit.MinFirst.allocate_preserves_length' depends on axioms: [propext]
info: LidoSRv3/Audit/Trust.lean:593:0: 'LidoSRv3.Audit.MinFirst.allocate_preserves_module_order' depends on axioms: [propext, Quot.sound]
info: LidoSRv3/Audit/Trust.lean:594:0: 'LidoSRv3.Audit.MinFirst.run_spent_le' depends on axioms: [propext, Quot.sound]
info: LidoSRv3/Audit/Trust.lean:595:0: 'LidoSRv3.Audit.MinFirst.totalAllocated_le_requested' depends on axioms: [propext, Quot.sound]
info: LidoSRv3/Audit/Trust.lean:596:0: 'LidoSRv3.Audit.Common.BoundedAmount.checkedAdd_sound' does not depend on any axioms
info: LidoSRv3/Audit/Trust.lean:597:0: 'LidoSRv3.Audit.Common.revert_rolls_back_state_and_committed_effects' depends on axioms: [propext]
info: LidoSRv3/Audit/Trust.lean:598:0: 'LidoSRv3.Audit.Common.success_exposes_exact_committed_effects' depends on axioms: [propext]
info: LidoSRv3/Audit/Trust.lean:600:0: 'LidoSRv3.Tests.WithdrawalQueueRequestCustodyMutants.ownership_write_drop_kill_line_refutes_exact_parent' does not depend on any axioms
info: LidoSRv3/Audit/Trust.lean:601:0: 'LidoSRv3.Tests.WithdrawalQueueRequestCustodyMutants.ownership_write_mutant_preserves_admission' does not depend on any axioms
info: LidoSRv3/Audit/Trust.lean:602:0: 'LidoSRv3.Audit.Guarantees.PEthConfinement1.modeled_positive_value_is_confined_or_residual' depends on axioms: [propext]
info: LidoSRv3/Audit/Trust.lean:603:0: 'LidoSRv3.Audit.Verity.MinFirstSourceEntry.zero_demand' depends on axioms: [propext]
info: LidoSRv3/Audit/Trust.lean:604:0: 'LidoSRv3.Audit.Verity.MinFirstSourceEntry.short_capacity' depends on axioms: [propext]
info: LidoSRv3/Audit/Trust.lean:605:0: 'LidoSRv3.Audit.Verity.MinFirstSourceEntry.success_preserves_state' depends on axioms: [propext]
info: LidoSRv3/Audit/Trust.lean:606:0: 'LidoSRv3.Audit.Verity.MinFirstSourceEntry.revert_restores_snapshot' depends on axioms: [propext]
info: LidoSRv3/Audit/Trust.lean:607:0: 'LidoSRv3.Audit.Verity.MinFirstSourceEntry.success_refines_proportional_model' depends on axioms: [propext,
 Classical.choice,
 Quot.sound]
info: LidoSRv3/Audit/Trust.lean:608:0: 'LidoSRv3.Audit.Verity.AllocationTx.live_revert_restores_snapshot' depends on axioms: [propext]
info: LidoSRv3/Audit/Trust.lean:610:0: 'LidoSRv3.Audit.Verity.MinFirstSourceEntry.eager_guard_disagrees_on_zero_demand' depends on axioms: [propext,
 Classical.choice,
 Quot.sound]
info: LidoSRv3/Audit/Trust.lean:612:0: 'LidoSRv3.Audit.Guarantees.PEthConfinement1.modeled_inventory_matches_exact_assignments' depends on axioms: [propext]
info: LidoSRv3/Audit/Trust.lean:613:0: 'LidoSRv3.Tests.EthConfinementMutants.swaps_preserve_presence' does not depend on any axioms
info: LidoSRv3/Audit/Trust.lean:614:0: 'LidoSRv3.Tests.EthConfinementMutants.kill_exact_assignment_parent_swap' does not depend on any axioms
info: LidoSRv3/Audit/Trust.lean:615:0: 'LidoSRv3.Tests.EthConfinementMutants.kill_exact_assignment_approval_swap' does not depend on any axioms
info: LidoSRv3/Audit/Trust.lean:616:0: 'LidoSRv3.Tests.EthConfinementMutants.kill_exact_assignment_destination_swap' does not depend on any axioms
info: LidoSRv3/Audit/Trust.lean:619:0: 'LidoSRv3.Audit.Source.TrioAlloc1.Relational.producer_iff' depends on axioms: [propext, Classical.choice, Quot.sound]
info: LidoSRv3/Audit/Trust.lean:620:0: 'LidoSRv3.Audit.Source.TrioAlloc1.producer_math_view' depends on axioms: [propext, Quot.sound]
info: LidoSRv3/Audit/Trust.lean:621:0: 'LidoSRv3.Audit.Source.TrioAlloc2.allocate_refines' depends on axioms: [propext, Classical.choice, Quot.sound]
info: LidoSRv3/Audit/Trust.lean:622:0: 'LidoSRv3.Audit.Source.TrioAlloc2.distribution_exists' depends on axioms: [propext, Classical.choice, Quot.sound]
info: LidoSRv3/Audit/Trust.lean:623:0: 'LidoSRv3.Audit.Source.TrioComposition.FinalMemoryStoredProducer.success' depends on axioms: [propext,
 Classical.choice,
 Quot.sound]
info: LidoSRv3/Audit/Trust.lean:624:0: 'LidoSRv3.Audit.Source.TrioComposition.FinalMemoryStoredParent.public_iff' depends on axioms: [propext,
 Classical.choice,
 Quot.sound]
info: LidoSRv3/Audit/Trust.lean:625:0: 'LidoSRv3.Audit.Source.TrioComposition.FinalMemoryStoredParent.success' depends on axioms: [propext,
 Classical.choice,
 Quot.sound]
info: LidoSRv3/Audit/Trust.lean:626:0: 'LidoSRv3.Audit.Source.TrioComposition.FinalMemoryStoredParent.positive_calls' depends on axioms: [propext, Quot.sound]
info: LidoSRv3/Audit/Trust.lean:627:0: 'LidoSRv3.Audit.Source.TrioComposition.FinalMemoryStoredParent.trace_shape' depends on axioms: [propext, Quot.sound]
info: LidoSRv3/Audit/Trust.lean:628:0: 'LidoSRv3.Audit.Source.TrioComposition.LifecycleHistory.stored_parent_iff' depends on axioms: [propext,
 Classical.choice,
 Quot.sound]
info: LidoSRv3/Audit/Trust.lean:629:0: 'LidoSRv3.Audit.Source.TrioComposition.VerityParent.stored_correspondence' depends on axioms: [propext,
 Classical.choice,
 Quot.sound]
info: LidoSRv3/Audit/Trust.lean:630:0: 'LidoSRv3.Audit.Source.TrioComposition.ReserveLeafSpend.withdrawal_corresponds' depends on axioms: [propext,
 Classical.choice,
 Quot.sound]
info: LidoSRv3/Audit/Trust.lean:631:0: 'LidoSRv3.Audit.Source.TrioReserve1.AllocationFlow.withdrawal_corresponds' depends on axioms: [propext,
 Classical.choice,
 Quot.sound]
info: LidoSRv3/Audit/Trust.lean:632:0: 'LidoSRv3.Audit.Source.TrioReserve1.PhysicalReserve.success_preserves' depends on axioms: [propext,
 Classical.choice,
 Quot.sound]
info: LidoSRv3/Audit/Trust.lean:633:0: 'LidoSRv3.Audit.Source.TrioReserve1.PhysicalSequence.corresponds' depends on axioms: [propext,
 Classical.choice,
 Quot.sound]
info: LidoSRv3/Audit/Trust.lean:634:0: 'LidoSRv3.Audit.Source.TrioReserve1.Transfers.credit_bound_from_aggregate' depends on axioms: [propext, Quot.sound]
info: LidoSRv3/Audit/Trust.lean:636:0: 'LidoSRv3.Audit.Guarantees.PDeposit1.actual_live_pipeline_conservation' depends on axioms: [propext,
 Classical.choice,
 Quot.sound]
info: LidoSRv3/Audit/Trust.lean:638:0: 'LidoSRv3.Audit.Guarantees.PTopup1.actual_continuation_conserves' depends on axioms: [propext,
 Classical.choice,
 Quot.sound]
info: LidoSRv3/Audit/Trust.lean:639:0: 'LidoSRv3.Audit.Guarantees.PSsz1.actual_deposit_call_binds_root' depends on axioms: [propext,
 Classical.choice,
 Quot.sound]
info: LidoSRv3/Audit/Trust.lean:641:0: 'LidoSRv3.Audit.Guarantees.PTopup1.actual_module_batch_effects' depends on axioms: [propext,
 Classical.choice,
 Quot.sound]
info: LidoSRv3/Audit/Trust.lean:643:0: 'LidoSRv3.Audit.Guarantees.PConsolidation1.actual_gateway_vault_requests' depends on axioms: [propext,
 Classical.choice,
 Quot.sound]
info: LidoSRv3/Audit/Trust.lean:644:0: 'LidoSRv3.Audit.Guarantees.PConsolidation1.actual_gateway_vault_failure_restores' depends on axioms: [propext]
info: LidoSRv3/Audit/Trust.lean:646:0: 'LidoSRv3.Audit.Guarantees.PDeposit1.actual_physical_metadata_before_calls' depends on axioms: [propext,
 Classical.choice,
 Quot.sound]
info: LidoSRv3/Audit/Trust.lean:647:0: 'LidoSRv3.Audit.Guarantees.PDeposit1.actual_physical_metadata_failure_restores' depends on axioms: [propext, Quot.sound]
Build completed successfully (1616 jobs).
