⚠ [1070/1092] Replayed Conform.Wheels
warning: Conform/Wheels.lean:106:47: `IsAntisymm` has been deprecated: Use `Std.Antisymm` instead

Note: The updated constant has a different type:
  {α : Sort u} → (α → α → Prop) → Prop
instead of
  (α : Sort u_1) → (α → α → Prop) → Prop
warning: Conform/Wheels.lean:106:70: `IsTotal` has been deprecated: Use `Std.Total` instead

Note: The updated constant has a different type:
  {α : Sort u} → (α → α → Prop) → Prop
instead of
  (α : Sort u_1) → (α → α → Prop) → Prop
⚠ [1072/1092] Replayed EvmYul.Pretty
warning: EvmYul/Pretty.lean:35:32: `IsAntisymm` has been deprecated: Use `Std.Antisymm` instead

Note: The updated constant has a different type:
  {α : Sort u} → (α → α → Prop) → Prop
instead of
  (α : Sort u_1) → (α → α → Prop) → Prop
warning: EvmYul/Pretty.lean:36:32: `IsTotal` has been deprecated: Use `Std.Total` instead

Note: The updated constant has a different type:
  {α : Sort u} → (α → α → Prop) → Prop
instead of
  (α : Sort u_1) → (α → α → Prop) → Prop
⚠ [1114/1134] Replayed EvmYul.Semantics
warning: EvmYul/Semantics.lean:1:0: 'Mathlib.Data.Array.Defs' has been deprecated: please replace this import by

import Mathlib.Init
⚠ [1115/1134] Replayed EvmYul.EVM.Semantics
warning: EvmYul/EVM/Semantics.lean:1:0: 'Mathlib.Data.Array.Defs' has been deprecated: please replace this import by

import Mathlib.Init
ℹ [1133/1134] Replayed LidoSRv3.Audit.Source.SszWitnessAbi
info: LidoSRv3/Audit/Source/SszWitnessAbi.lean:206:0: 'LidoSRv3.Audit.Source.SszWitnessAbi.fields_success' depends on axioms: [propext, Classical.choice, Quot.sound]
info: LidoSRv3/Audit/Source/SszWitnessAbi.lean:207:0: 'LidoSRv3.Audit.Source.SszWitnessAbi.run_success_origin' depends on axioms: [propext, Classical.choice, Quot.sound]
info: LidoSRv3/Audit/Source/SszWitnessAbi.lean:209:0: 'LidoSRv3.Audit.Source.SszWitnessAbi.read64_success' depends on axioms: [propext, Classical.choice, Quot.sound]
info: LidoSRv3/Audit/Source/SszWitnessAbi.lean:210:0: 'LidoSRv3.Audit.Source.SszWitnessAbi.readBool_success' depends on axioms: [propext, Classical.choice, Quot.sound]
info: LidoSRv3/Audit/Source/SszWitnessAbi.lean:211:0: 'LidoSRv3.Audit.Source.SszWitnessAbi.tail_success_length' depends on axioms: [propext, Classical.choice, Quot.sound]
✖ [1134/1134] Building LidoSRv3.Tests.SszWitnessAbiMutants (34s)
trace: .> LEAN_PATH=/Users/thomas/work/lido/local-lido-proofs/.lake/packages/Cli/.lake/build/lib/lean:/Users/thomas/work/lido/local-lido-proofs/.lake/packages/batteries/.lake/build/lib/lean:/Users/thomas/work/lido/local-lido-proofs/.lake/packages/Qq/.lake/build/lib/lean:/Users/thomas/work/lido/local-lido-proofs/.lake/packages/aesop/.lake/build/lib/lean:/Users/thomas/work/lido/local-lido-proofs/.lake/packages/proofwidgets/.lake/build/lib/lean:/Users/thomas/work/lido/local-lido-proofs/.lake/packages/importGraph/.lake/build/lib/lean:/Users/thomas/work/lido/local-lido-proofs/.lake/packages/LeanSearchClient/.lake/build/lib/lean:/Users/thomas/work/lido/local-lido-proofs/.lake/packages/plausible/.lake/build/lib/lean:/Users/thomas/work/lido/local-lido-proofs/.lake/packages/mathlib/.lake/build/lib/lean:/Users/thomas/work/lido/local-lido-proofs/.lake/packages/evmyul/.lake/build/lib/lean:/Users/thomas/work/lido/local-lido-proofs/.lake/packages/verity/.lake/build/lib/lean:/private/tmp/lido-ssz-witness-abi/.lake/build/lib/lean /Users/thomas/.elan/toolchains/leanprover--lean4---v4.31.0/bin/lean /private/tmp/lido-ssz-witness-abi/LidoSRv3/Tests/SszWitnessAbiMutants.lean -o /private/tmp/lido-ssz-witness-abi/.lake/build/lib/lean/LidoSRv3/Tests/SszWitnessAbiMutants.olean -i /private/tmp/lido-ssz-witness-abi/.lake/build/lib/lean/LidoSRv3/Tests/SszWitnessAbiMutants.ilean -c /private/tmp/lido-ssz-witness-abi/.lake/build/ir/LidoSRv3/Tests/SszWitnessAbiMutants.c --setup /private/tmp/lido-ssz-witness-abi/.lake/build/ir/LidoSRv3/Tests/SszWitnessAbiMutants.setup.json --json
error: LidoSRv3/Tests/SszWitnessAbiMutants.lean:37:6: Tactic `rewrite` failed: Did not find an occurrence of the pattern
  (st false 100 1 48 256).calldataload (w 0)
in the target expression
  (if (st false 100 1 48 256).executionEnv.weiValue.toNat ≠ 0 then do
      throw Error.abi
      if (LidoSRv3.Audit.Source.SszWitnessAbi.word✝ (st false 100 1 48 256).executionEnv.calldata.size).toNat < 4 then
          do
          throw Error.abi
          if
                ((st false 100 1 48 256).calldataload (LidoSRv3.Audit.Source.SszWitnessAbi.word✝ 0)).toNat / 2 ^ 224 ≠
                  1003628481 then
              do
              throw Error.abi
              if
                    (LidoSRv3.Audit.Source.SszWitnessAbi.word✝ (st false 100 1 48 256).executionEnv.calldata.size -
                            LidoSRv3.Audit.Source.SszWitnessAbi.word✝ 4).sltBool
                        (LidoSRv3.Audit.Source.SszWitnessAbi.word✝ 128) =
                      true then
                  do
                  throw Error.abi
                  if
                        ((st false 100 1 48 256).calldataload (LidoSRv3.Audit.Source.SszWitnessAbi.word✝ 4)).toNat >
                          2 ^ 64 - 1 then
                      do
                      throw Error.abi
                      if
                            (LidoSRv3.Audit.Source.SszWitnessAbi.word✝
                                        (st false 100 1 48 256).executionEnv.calldata.size -
                                      (st false 100 1 48 256).calldataload
                                        (LidoSRv3.Audit.Source.SszWitnessAbi.word✝ 4) -
                                    LidoSRv3.Audit.Source.SszWitnessAbi.word✝ 4).sltBool
                                (LidoSRv3.Audit.Source.SszWitnessAbi.word✝ 256) =
                              true then
                          do
                          throw Error.abi
                          pure ((st false 100 1 48 256).calldataload (LidoSRv3.Audit.Source.SszWitnessAbi.word✝ 4))
                        else do
                          pure PUnit.unit
                          pure ((st false 100 1 48 256).calldataload (LidoSRv3.Audit.Source.SszWitnessAbi.word✝ 4))
                    else do
                      pure PUnit.unit
                      if
                            (LidoSRv3.Audit.Source.SszWitnessAbi.word✝
                                        (st false 100 1 48 256).executionEnv.calldata.size -
                                      (st false 100 1 48 256).calldataload
                                        (LidoSRv3.Audit.Source.SszWitnessAbi.word✝ 4) -
                                    LidoSRv3.Audit.Source.SszWitnessAbi.word✝ 4).sltBool
                                (LidoSRv3.Audit.Source.SszWitnessAbi.word✝ 256) =
                              true then
                          do
                          throw Error.abi
                          pure ((st false 100 1 48 256).calldataload (LidoSRv3.Audit.Source.SszWitnessAbi.word✝ 4))
                        else do
                          pure PUnit.unit
                          pure ((st false 100 1 48 256).calldataload (LidoSRv3.Audit.Source.SszWitnessAbi.word✝ 4))
                else do
                  pure PUnit.unit
                  if
                        ((st false 100 1 48 256).calldataload (LidoSRv3.Audit.Source.SszWitnessAbi.word✝ 4)).toNat >
                          2 ^ 64 - 1 then
                      do
                      throw Error.abi
                      if
                            (LidoSRv3.Audit.Source.SszWitnessAbi.word✝
                                        (st false 100 1 48 256).executionEnv.calldata.size -
                                      (st false 100 1 48 256).calldataload
                                        (LidoSRv3.Audit.Source.SszWitnessAbi.word✝ 4) -
                                    LidoSRv3.Audit.Source.SszWitnessAbi.word✝ 4).sltBool
                                (LidoSRv3.Audit.Source.SszWitnessAbi.word✝ 256) =
                              true then
                          do
                          throw Error.abi
                          pure ((st false 100 1 48 256).calldataload (LidoSRv3.Audit.Source.SszWitnessAbi.word✝ 4))
                        else do
                          pure PUnit.unit
                          pure ((st false 100 1 48 256).calldataload (LidoSRv3.Audit.Source.SszWitnessAbi.word✝ 4))
                    else do
                      pure PUnit.unit
                      if
                            (LidoSRv3.Audit.Source.SszWitnessAbi.word✝
                                        (st false 100 1 48 256).executionEnv.calldata.size -
                                      (st false 100 1 48 256).calldataload
                                        (LidoSRv3.Audit.Source.SszWitnessAbi.word✝ 4) -
                                    LidoSRv3.Audit.Source.SszWitnessAbi.word✝ 4).sltBool
                                (LidoSRv3.Audit.Source.SszWitnessAbi.word✝ 256) =
                              true then
                          do
                          throw Error.abi
                          pure ((st false 100 1 48 256).calldataload (LidoSRv3.Audit.Source.SszWitnessAbi.word✝ 4))
                        else do
                          pure PUnit.unit
                          pure ((st false 100 1 48 256).calldataload (LidoSRv3.Audit.Source.SszWitnessAbi.word✝ 4))
            else do
              pure PUnit.unit
              if
                    (LidoSRv3.Audit.Source.SszWitnessAbi.word✝ (st false 100 1 48 256).executionEnv.calldata.size -
                            LidoSRv3.Audit.Source.SszWitnessAbi.word✝ 4).sltBool
                        (LidoSRv3.Audit.Source.SszWitnessAbi.word✝ 128) =
                      true then
                  do
                  throw Error.abi
                  if
                        ((st false 100 1 48 256).calldataload (LidoSRv3.Audit.Source.SszWitnessAbi.word✝ 4)).toNat >
                          2 ^ 64 - 1 then
                      do
                      throw Error.abi
                      if
                            (LidoSRv3.Audit.Source.SszWitnessAbi.word✝
                                        (st false 100 1 48 256).executionEnv.calldata.size -
                                      (st false 100 1 48 256).calldataload
                                        (LidoSRv3.Audit.Source.SszWitnessAbi.word✝ 4) -
                                    LidoSRv3.Audit.Source.SszWitnessAbi.word✝ 4).sltBool
                                (LidoSRv3.Audit.Source.SszWitnessAbi.word✝ 256) =
                              true then
                          do
                          throw Error.abi
                          pure ((st false 100 1 48 256).calldataload (LidoSRv3.Audit.Source.SszWitnessAbi.word✝ 4))
                        else do
                          pure PUnit.unit
                          pure ((st false 100 1 48 256).calldataload (LidoSRv3.Audit.Source.SszWitnessAbi.word✝ 4))
                    else do
                      pure PUnit.unit
                      if
                            (LidoSRv3.Audit.Source.SszWitnessAbi.word✝
                                        (st false 100 1 48 256).executionEnv.calldata.size -
                                      (st false 100 1 48 256).calldataload
                                        (LidoSRv3.Audit.Source.SszWitnessAbi.word✝ 4) -
                                    LidoSRv3.Audit.Source.SszWitnessAbi.word✝ 4).sltBool
                                (LidoSRv3.Audit.Source.SszWitnessAbi.word✝ 256) =
                              true then
                          do
                          throw Error.abi
                          pure ((st false 100 1 48 256).calldataload (LidoSRv3.Audit.Source.SszWitnessAbi.word✝ 4))
                        else do
                          pure PUnit.unit
                          pure ((st false 100 1 48 256).calldataload (LidoSRv3.Audit.Source.SszWitnessAbi.word✝ 4))
                else do
                  pure PUnit.unit
                  if
                        ((st false 100 1 48 256).calldataload (LidoSRv3.Audit.Source.SszWitnessAbi.word✝ 4)).toNat >
                          2 ^ 64 - 1 then
                      do
                      throw Error.abi
                      if
                            (LidoSRv3.Audit.Source.SszWitnessAbi.word✝
                                        (st false 100 1 48 256).executionEnv.calldata.size -
                                      (st false 100 1 48 256).calldataload
                                        (LidoSRv3.Audit.Source.SszWitnessAbi.word✝ 4) -
                                    LidoSRv3.Audit.Source.SszWitnessAbi.word✝ 4).sltBool
                                (LidoSRv3.Audit.Source.SszWitnessAbi.word✝ 256) =
                              true then
                          do
                          throw Error.abi
                          pure ((st false 100 1 48 256).calldataload (LidoSRv3.Audit.Source.SszWitnessAbi.word✝ 4))
                        else do
                          pure PUnit.unit
                          pure ((st false 100 1 48 256).calldataload (LidoSRv3.Audit.Source.SszWitnessAbi.word✝ 4))
                    else do
                      pure PUnit.unit
                      if
                            (LidoSRv3.Audit.Source.SszWitnessAbi.word✝
                                        (st false 100 1 48 256).executionEnv.calldata.size -
                                      (st false 100 1 48 256).calldataload
                                        (LidoSRv3.Audit.Source.SszWitnessAbi.word✝ 4) -
                                    LidoSRv3.Audit.Source.SszWitnessAbi.word✝ 4).sltBool
                                (LidoSRv3.Audit.Source.SszWitnessAbi.word✝ 256) =
                              true then
                          do
                          throw Error.abi
                          pure ((st false 100 1 48 256).calldataload (LidoSRv3.Audit.Source.SszWitnessAbi.word✝ 4))
                        else do
                          pure PUnit.unit
                          pure ((st false 100 1 48 256).calldataload (LidoSRv3.Audit.Source.SszWitnessAbi.word✝ 4))
        else do
          pure PUnit.unit
          if
                ((st false 100 1 48 256).calldataload (LidoSRv3.Audit.Source.SszWitnessAbi.word✝ 0)).toNat / 2 ^ 224 ≠
                  1003628481 then
              do
              throw Error.abi
              if
                    (LidoSRv3.Audit.Source.SszWitnessAbi.word✝ (st false 100 1 48 256).executionEnv.calldata.size -
                            LidoSRv3.Audit.Source.SszWitnessAbi.word✝ 4).sltBool
                        (LidoSRv3.Audit.Source.SszWitnessAbi.word✝ 128) =
                      true then
                  do
                  throw Error.abi
                  if
                        ((st false 100 1 48 256).calldataload (LidoSRv3.Audit.Source.SszWitnessAbi.word✝ 4)).toNat >
                          2 ^ 64 - 1 then
                      do
                      throw Error.abi
                      if
                            (LidoSRv3.Audit.Source.SszWitnessAbi.word✝
                                        (st false 100 1 48 256).executionEnv.calldata.size -
                                      (st false 100 1 48 256).calldataload
                                        (LidoSRv3.Audit.Source.SszWitnessAbi.word✝ 4) -
                                    LidoSRv3.Audit.Source.SszWitnessAbi.word✝ 4).sltBool
                                (LidoSRv3.Audit.Source.SszWitnessAbi.word✝ 256) =
                              true then
                          do
                          throw Error.abi
                          pure ((st false 100 1 48 256).calldataload (LidoSRv3.Audit.Source.SszWitnessAbi.word✝ 4))
                        else do
                          pure PUnit.unit
                          pure ((st false 100 1 48 256).calldataload (LidoSRv3.Audit.Source.SszWitnessAbi.word✝ 4))
                    else do
                      pure PUnit.unit
                      if
                            (LidoSRv3.Audit.Source.SszWitnessAbi.word✝
                                        (st false 100 1 48 256).executionEnv.calldata.size -
                                      (st false 100 1 48 256).calldataload
                                        (LidoSRv3.Audit.Source.SszWitnessAbi.word✝ 4) -
                                    LidoSRv3.Audit.Source.SszWitnessAbi.word✝ 4).sltBool
                                (LidoSRv3.Audit.Source.SszWitnessAbi.word✝ 256) =
                              true then
                          do
                          throw Error.abi
                          pure ((st false 100 1 48 256).calldataload (LidoSRv3.Audit.Source.SszWitnessAbi.word✝ 4))
                        else do
                          pure PUnit.unit
                          pure ((st false 100 1 48 256).calldataload (LidoSRv3.Audit.Source.SszWitnessAbi.word✝ 4))
                else do
                  pure PUnit.unit
                  if
                        ((st false 100 1 48 256).calldataload (LidoSRv3.Audit.Source.SszWitnessAbi.word✝ 4)).toNat >
                          2 ^ 64 - 1 then
                      do
                      throw Error.abi
                      if
                            (LidoSRv3.Audit.Source.SszWitnessAbi.word✝
                                        (st false 100 1 48 256).executionEnv.calldata.size -
                                      (st false 100 1 48 256).calldataload
                                        (LidoSRv3.Audit.Source.SszWitnessAbi.word✝ 4) -
                                    LidoSRv3.Audit.Source.SszWitnessAbi.word✝ 4).sltBool
                                (LidoSRv3.Audit.Source.SszWitnessAbi.word✝ 256) =
                              true then
                          do
                          throw Error.abi
                          pure ((st false 100 1 48 256).calldataload (LidoSRv3.Audit.Source.SszWitnessAbi.word✝ 4))
                        else do
                          pure PUnit.unit
                          pure ((st false 100 1 48 256).calldataload (LidoSRv3.Audit.Source.SszWitnessAbi.word✝ 4))
                    else do
                      pure PUnit.unit
                      if
                            (LidoSRv3.Audit.Source.SszWitnessAbi.word✝
                                        (st false 100 1 48 256).executionEnv.calldata.size -
                                      (st false 100 1 48 256).calldataload
                                        (LidoSRv3.Audit.Source.SszWitnessAbi.word✝ 4) -
                                    LidoSRv3.Audit.Source.SszWitnessAbi.word✝ 4).sltBool
                                (LidoSRv3.Audit.Source.SszWitnessAbi.word✝ 256) =
                              true then
                          do
                          throw Error.abi
                          pure ((st false 100 1 48 256).calldataload (LidoSRv3.Audit.Source.SszWitnessAbi.word✝ 4))
                        else do
                          pure PUnit.unit
                          pure ((st false 100 1 48 256).calldataload (LidoSRv3.Audit.Source.SszWitnessAbi.word✝ 4))
            else do
              pure PUnit.unit
              if
                    (LidoSRv3.Audit.Source.SszWitnessAbi.word✝ (st false 100 1 48 256).executionEnv.calldata.size -
                            LidoSRv3.Audit.Source.SszWitnessAbi.word✝ 4).sltBool
                        (LidoSRv3.Audit.Source.SszWitnessAbi.word✝ 128) =
                      true then
                  do
                  throw Error.abi
                  if
                        ((st false 100 1 48 256).calldataload (LidoSRv3.Audit.Source.SszWitnessAbi.word✝ 4)).toNat >
                          2 ^ 64 - 1 then
                      do
                      throw Error.abi
                      if
                            (LidoSRv3.Audit.Source.SszWitnessAbi.word✝
                                        (st false 100 1 48 256).executionEnv.calldata.size -
                                      (st false 100 1 48 256).calldataload
                                        (LidoSRv3.Audit.Source.SszWitnessAbi.word✝ 4) -
                                    LidoSRv3.Audit.Source.SszWitnessAbi.word✝ 4).sltBool
                                (LidoSRv3.Audit.Source.SszWitnessAbi.word✝ 256) =
                              true then
                          do
                          throw Error.abi
                          pure ((st false 100 1 48 256).calldataload (LidoSRv3.Audit.Source.SszWitnessAbi.word✝ 4))
                        else do
                          pure PUnit.unit
                          pure ((st false 100 1 48 256).calldataload (LidoSRv3.Audit.Source.SszWitnessAbi.word✝ 4))
                    else do
                      pure PUnit.unit
                      if
                            (LidoSRv3.Audit.Source.SszWitnessAbi.word✝
                                        (st false 100 1 48 256).executionEnv.calldata.size -
                                      (st false 100 1 48 256).calldataload
                                        (LidoSRv3.Audit.Source.SszWitnessAbi.word✝ 4) -
                                    LidoSRv3.Audit.Source.SszWitnessAbi.word✝ 4).sltBool
                                (LidoSRv3.Audit.Source.SszWitnessAbi.word✝ 256) =
                              true then
                          do
                          throw Error.abi
                          pure ((st false 100 1 48 256).calldataload (LidoSRv3.Audit.Source.SszWitnessAbi.word✝ 4))
                        else do
                          pure PUnit.unit
                          pure ((st false 100 1 48 256).calldataload (LidoSRv3.Audit.Source.SszWitnessAbi.word✝ 4))
                else do
                  pure PUnit.unit
                  if
                        ((st false 100 1 48 256).calldataload (LidoSRv3.Audit.Source.SszWitnessAbi.word✝ 4)).toNat >
                          2 ^ 64 - 1 then
                      do
                      throw Error.abi
                      if
                            (LidoSRv3.Audit.Source.SszWitnessAbi.word✝
                                        (st false 100 1 48 256).executionEnv.calldata.size -
                                      (st false 100 1 48 256).calldataload
                                        (LidoSRv3.Audit.Source.SszWitnessAbi.word✝ 4) -
                                    LidoSRv3.Audit.Source.SszWitnessAbi.word✝ 4).sltBool
                                (LidoSRv3.Audit.Source.SszWitnessAbi.word✝ 256) =
                              true then
                          do
                          throw Error.abi
                          pure ((st false 100 1 48 256).calldataload (LidoSRv3.Audit.Source.SszWitnessAbi.word✝ 4))
                        else do
                          pure PUnit.unit
                          pure ((st false 100 1 48 256).calldataload (LidoSRv3.Audit.Source.SszWitnessAbi.word✝ 4))
                    else do
                      pure PUnit.unit
                      if
                            (LidoSRv3.Audit.Source.SszWitnessAbi.word✝
                                        (st false 100 1 48 256).executionEnv.calldata.size -
                                      (st false 100 1 48 256).calldataload
                                        (LidoSRv3.Audit.Source.SszWitnessAbi.word✝ 4) -
                                    LidoSRv3.Audit.Source.SszWitnessAbi.word✝ 4).sltBool
                                (LidoSRv3.Audit.Source.SszWitnessAbi.word✝ 256) =
                              true then
                          do
                          throw Error.abi
                          pure ((st false 100 1 48 256).calldataload (LidoSRv3.Audit.Source.SszWitnessAbi.word✝ 4))
                        else do
                          pure PUnit.unit
                          pure ((st false 100 1 48 256).calldataload (LidoSRv3.Audit.Source.SszWitnessAbi.word✝ 4))
    else do
      pure PUnit.unit
      if (LidoSRv3.Audit.Source.SszWitnessAbi.word✝ (st false 100 1 48 256).executionEnv.calldata.size).toNat < 4 then
          do
          throw Error.abi
          if
                ((st false 100 1 48 256).calldataload (LidoSRv3.Audit.Source.SszWitnessAbi.word✝ 0)).toNat / 2 ^ 224 ≠
                  1003628481 then
              do
              throw Error.abi
              if
                    (LidoSRv3.Audit.Source.SszWitnessAbi.word✝ (st false 100 1 48 256).executionEnv.calldata.size -
                            LidoSRv3.Audit.Source.SszWitnessAbi.word✝ 4).sltBool
                        (LidoSRv3.Audit.Source.SszWitnessAbi.word✝ 128) =
                      true then
                  do
                  throw Error.abi
                  if
                        ((st false 100 1 48 256).calldataload (LidoSRv3.Audit.Source.SszWitnessAbi.word✝ 4)).toNat >
                          2 ^ 64 - 1 then
                      do
                      throw Error.abi
                      if
                            (LidoSRv3.Audit.Source.SszWitnessAbi.word✝
                                        (st false 100 1 48 256).executionEnv.calldata.size -
                                      (st false 100 1 48 256).calldataload
                                        (LidoSRv3.Audit.Source.SszWitnessAbi.word✝ 4) -
                                    LidoSRv3.Audit.Source.SszWitnessAbi.word✝ 4).sltBool
                                (LidoSRv3.Audit.Source.SszWitnessAbi.word✝ 256) =
                              true then
                          do
                          throw Error.abi
                          pure ((st false 100 1 48 256).calldataload (LidoSRv3.Audit.Source.SszWitnessAbi.word✝ 4))
                        else do
                          pure PUnit.unit
                          pure ((st false 100 1 48 256).calldataload (LidoSRv3.Audit.Source.SszWitnessAbi.word✝ 4))
                    else do
                      pure PUnit.unit
                      if
                            (LidoSRv3.Audit.Source.SszWitnessAbi.word✝
                                        (st false 100 1 48 256).executionEnv.calldata.size -
                                      (st false 100 1 48 256).calldataload
                                        (LidoSRv3.Audit.Source.SszWitnessAbi.word✝ 4) -
                                    LidoSRv3.Audit.Source.SszWitnessAbi.word✝ 4).sltBool
                                (LidoSRv3.Audit.Source.SszWitnessAbi.word✝ 256) =
                              true then
                          do
                          throw Error.abi
                          pure ((st false 100 1 48 256).calldataload (LidoSRv3.Audit.Source.SszWitnessAbi.word✝ 4))
                        else do
                          pure PUnit.unit
                          pure ((st false 100 1 48 256).calldataload (LidoSRv3.Audit.Source.SszWitnessAbi.word✝ 4))
                else do
                  pure PUnit.unit
                  if
                        ((st false 100 1 48 256).calldataload (LidoSRv3.Audit.Source.SszWitnessAbi.word✝ 4)).toNat >
                          2 ^ 64 - 1 then
                      do
                      throw Error.abi
                      if
                            (LidoSRv3.Audit.Source.SszWitnessAbi.word✝
                                        (st false 100 1 48 256).executionEnv.calldata.size -
                                      (st false 100 1 48 256).calldataload
                                        (LidoSRv3.Audit.Source.SszWitnessAbi.word✝ 4) -
                                    LidoSRv3.Audit.Source.SszWitnessAbi.word✝ 4).sltBool
                                (LidoSRv3.Audit.Source.SszWitnessAbi.word✝ 256) =
                              true then
                          do
                          throw Error.abi
                          pure ((st false 100 1 48 256).calldataload (LidoSRv3.Audit.Source.SszWitnessAbi.word✝ 4))
                        else do
                          pure PUnit.unit
                          pure ((st false 100 1 48 256).calldataload (LidoSRv3.Audit.Source.SszWitnessAbi.word✝ 4))
                    else do
                      pure PUnit.unit
                      if
                            (LidoSRv3.Audit.Source.SszWitnessAbi.word✝
                                        (st false 100 1 48 256).executionEnv.calldata.size -
                                      (st false 100 1 48 256).calldataload
                                        (LidoSRv3.Audit.Source.SszWitnessAbi.word✝ 4) -
                                    LidoSRv3.Audit.Source.SszWitnessAbi.word✝ 4).sltBool
                                (LidoSRv3.Audit.Source.SszWitnessAbi.word✝ 256) =
                              true then
                          do
                          throw Error.abi
                          pure ((st false 100 1 48 256).calldataload (LidoSRv3.Audit.Source.SszWitnessAbi.word✝ 4))
                        else do
                          pure PUnit.unit
                          pure ((st false 100 1 48 256).calldataload (LidoSRv3.Audit.Source.SszWitnessAbi.word✝ 4))
            else do
              pure PUnit.unit
              if
                    (LidoSRv3.Audit.Source.SszWitnessAbi.word✝ (st false 100 1 48 256).executionEnv.calldata.size -
                            LidoSRv3.Audit.Source.SszWitnessAbi.word✝ 4).sltBool
                        (LidoSRv3.Audit.Source.SszWitnessAbi.word✝ 128) =
                      true then
                  do
                  throw Error.abi
                  if
                        ((st false 100 1 48 256).calldataload (LidoSRv3.Audit.Source.SszWitnessAbi.word✝ 4)).toNat >
                          2 ^ 64 - 1 then
                      do
                      throw Error.abi
                      if
                            (LidoSRv3.Audit.Source.SszWitnessAbi.word✝
                                        (st false 100 1 48 256).executionEnv.calldata.size -
                                      (st false 100 1 48 256).calldataload
                                        (LidoSRv3.Audit.Source.SszWitnessAbi.word✝ 4) -
                                    LidoSRv3.Audit.Source.SszWitnessAbi.word✝ 4).sltBool
                                (LidoSRv3.Audit.Source.SszWitnessAbi.word✝ 256) =
                              true then
                          do
                          throw Error.abi
                          pure ((st false 100 1 48 256).calldataload (LidoSRv3.Audit.Source.SszWitnessAbi.word✝ 4))
                        else do
                          pure PUnit.unit
                          pure ((st false 100 1 48 256).calldataload (LidoSRv3.Audit.Source.SszWitnessAbi.word✝ 4))
                    else do
                      pure PUnit.unit
                      if
                            (LidoSRv3.Audit.Source.SszWitnessAbi.word✝
                                        (st false 100 1 48 256).executionEnv.calldata.size -
                                      (st false 100 1 48 256).calldataload
                                        (LidoSRv3.Audit.Source.SszWitnessAbi.word✝ 4) -
                                    LidoSRv3.Audit.Source.SszWitnessAbi.word✝ 4).sltBool
                                (LidoSRv3.Audit.Source.SszWitnessAbi.word✝ 256) =
                              true then
                          do
                          throw Error.abi
                          pure ((st false 100 1 48 256).calldataload (LidoSRv3.Audit.Source.SszWitnessAbi.word✝ 4))
                        else do
                          pure PUnit.unit
                          pure ((st false 100 1 48 256).calldataload (LidoSRv3.Audit.Source.SszWitnessAbi.word✝ 4))
                else do
                  pure PUnit.unit
                  if
                        ((st false 100 1 48 256).calldataload (LidoSRv3.Audit.Source.SszWitnessAbi.word✝ 4)).toNat >
                          2 ^ 64 - 1 then
                      do
                      throw Error.abi
                      if
                            (LidoSRv3.Audit.Source.SszWitnessAbi.word✝
                                        (st false 100 1 48 256).executionEnv.calldata.size -
                                      (st false 100 1 48 256).calldataload
                                        (LidoSRv3.Audit.Source.SszWitnessAbi.word✝ 4) -
                                    LidoSRv3.Audit.Source.SszWitnessAbi.word✝ 4).sltBool
                                (LidoSRv3.Audit.Source.SszWitnessAbi.word✝ 256) =
                              true then
                          do
                          throw Error.abi
                          pure ((st false 100 1 48 256).calldataload (LidoSRv3.Audit.Source.SszWitnessAbi.word✝ 4))
                        else do
                          pure PUnit.unit
                          pure ((st false 100 1 48 256).calldataload (LidoSRv3.Audit.Source.SszWitnessAbi.word✝ 4))
                    else do
                      pure PUnit.unit
                      if
                            (LidoSRv3.Audit.Source.SszWitnessAbi.word✝
                                        (st false 100 1 48 256).executionEnv.calldata.size -
                                      (st false 100 1 48 256).calldataload
                                        (LidoSRv3.Audit.Source.SszWitnessAbi.word✝ 4) -
                                    LidoSRv3.Audit.Source.SszWitnessAbi.word✝ 4).sltBool
                                (LidoSRv3.Audit.Source.SszWitnessAbi.word✝ 256) =
                              true then
                          do
                          throw Error.abi
                          pure ((st false 100 1 48 256).calldataload (LidoSRv3.Audit.Source.SszWitnessAbi.word✝ 4))
                        else do
                          pure PUnit.unit
                          pure ((st false 100 1 48 256).calldataload (LidoSRv3.Audit.Source.SszWitnessAbi.word✝ 4))
        else do
          pure PUnit.unit
          if
                ((st false 100 1 48 256).calldataload (LidoSRv3.Audit.Source.SszWitnessAbi.word✝ 0)).toNat / 2 ^ 224 ≠
                  1003628481 then
              do
              throw Error.abi
              if
                    (LidoSRv3.Audit.Source.SszWitnessAbi.word✝ (st false 100 1 48 256).executionEnv.calldata.size -
                            LidoSRv3.Audit.Source.SszWitnessAbi.word✝ 4).sltBool
                        (LidoSRv3.Audit.Source.SszWitnessAbi.word✝ 128) =
                      true then
                  do
                  throw Error.abi
                  if
                        ((st false 100 1 48 256).calldataload (LidoSRv3.Audit.Source.SszWitnessAbi.word✝ 4)).toNat >
                          2 ^ 64 - 1 then
                      do
                      throw Error.abi
                      if
                            (LidoSRv3.Audit.Source.SszWitnessAbi.word✝
                                        (st false 100 1 48 256).executionEnv.calldata.size -
                                      (st false 100 1 48 256).calldataload
                                        (LidoSRv3.Audit.Source.SszWitnessAbi.word✝ 4) -
                                    LidoSRv3.Audit.Source.SszWitnessAbi.word✝ 4).sltBool
                                (LidoSRv3.Audit.Source.SszWitnessAbi.word✝ 256) =
                              true then
                          do
                          throw Error.abi
                          pure ((st false 100 1 48 256).calldataload (LidoSRv3.Audit.Source.SszWitnessAbi.word✝ 4))
                        else do
                          pure PUnit.unit
                          pure ((st false 100 1 48 256).calldataload (LidoSRv3.Audit.Source.SszWitnessAbi.word✝ 4))
                    else do
                      pure PUnit.unit
                      if
                            (LidoSRv3.Audit.Source.SszWitnessAbi.word✝
                                        (st false 100 1 48 256).executionEnv.calldata.size -
                                      (st false 100 1 48 256).calldataload
                                        (LidoSRv3.Audit.Source.SszWitnessAbi.word✝ 4) -
                                    LidoSRv3.Audit.Source.SszWitnessAbi.word✝ 4).sltBool
                                (LidoSRv3.Audit.Source.SszWitnessAbi.word✝ 256) =
                              true then
                          do
                          throw Error.abi
                          pure ((st false 100 1 48 256).calldataload (LidoSRv3.Audit.Source.SszWitnessAbi.word✝ 4))
                        else do
                          pure PUnit.unit
                          pure ((st false 100 1 48 256).calldataload (LidoSRv3.Audit.Source.SszWitnessAbi.word✝ 4))
                else do
                  pure PUnit.unit
                  if
                        ((st false 100 1 48 256).calldataload (LidoSRv3.Audit.Source.SszWitnessAbi.word✝ 4)).toNat >
                          2 ^ 64 - 1 then
                      do
                      throw Error.abi
                      if
                            (LidoSRv3.Audit.Source.SszWitnessAbi.word✝
                                        (st false 100 1 48 256).executionEnv.calldata.size -
                                      (st false 100 1 48 256).calldataload
                                        (LidoSRv3.Audit.Source.SszWitnessAbi.word✝ 4) -
                                    LidoSRv3.Audit.Source.SszWitnessAbi.word✝ 4).sltBool
                                (LidoSRv3.Audit.Source.SszWitnessAbi.word✝ 256) =
                              true then
                          do
                          throw Error.abi
                          pure ((st false 100 1 48 256).calldataload (LidoSRv3.Audit.Source.SszWitnessAbi.word✝ 4))
                        else do
                          pure PUnit.unit
                          pure ((st false 100 1 48 256).calldataload (LidoSRv3.Audit.Source.SszWitnessAbi.word✝ 4))
                    else do
                      pure PUnit.unit
                      if
                            (LidoSRv3.Audit.Source.SszWitnessAbi.word✝
                                        (st false 100 1 48 256).executionEnv.calldata.size -
                                      (st false 100 1 48 256).calldataload
                                        (LidoSRv3.Audit.Source.SszWitnessAbi.word✝ 4) -
                                    LidoSRv3.Audit.Source.SszWitnessAbi.word✝ 4).sltBool
                                (LidoSRv3.Audit.Source.SszWitnessAbi.word✝ 256) =
                              true then
                          do
                          throw Error.abi
                          pure ((st false 100 1 48 256).calldataload (LidoSRv3.Audit.Source.SszWitnessAbi.word✝ 4))
                        else do
                          pure PUnit.unit
                          pure ((st false 100 1 48 256).calldataload (LidoSRv3.Audit.Source.SszWitnessAbi.word✝ 4))
            else do
              pure PUnit.unit
              if
                    (LidoSRv3.Audit.Source.SszWitnessAbi.word✝ (st false 100 1 48 256).executionEnv.calldata.size -
                            LidoSRv3.Audit.Source.SszWitnessAbi.word✝ 4).sltBool
                        (LidoSRv3.Audit.Source.SszWitnessAbi.word✝ 128) =
                      true then
                  do
                  throw Error.abi
                  if
                        ((st false 100 1 48 256).calldataload (LidoSRv3.Audit.Source.SszWitnessAbi.word✝ 4)).toNat >
                          2 ^ 64 - 1 then
                      do
                      throw Error.abi
                      if
                            (LidoSRv3.Audit.Source.SszWitnessAbi.word✝
                                        (st false 100 1 48 256).executionEnv.calldata.size -
                                      (st false 100 1 48 256).calldataload
                                        (LidoSRv3.Audit.Source.SszWitnessAbi.word✝ 4) -
                                    LidoSRv3.Audit.Source.SszWitnessAbi.word✝ 4).sltBool
                                (LidoSRv3.Audit.Source.SszWitnessAbi.word✝ 256) =
                              true then
                          do
                          throw Error.abi
                          pure ((st false 100 1 48 256).calldataload (LidoSRv3.Audit.Source.SszWitnessAbi.word✝ 4))
                        else do
                          pure PUnit.unit
                          pure ((st false 100 1 48 256).calldataload (LidoSRv3.Audit.Source.SszWitnessAbi.word✝ 4))
                    else do
                      pure PUnit.unit
                      if
                            (LidoSRv3.Audit.Source.SszWitnessAbi.word✝
                                        (st false 100 1 48 256).executionEnv.calldata.size -
                                      (st false 100 1 48 256).calldataload
                                        (LidoSRv3.Audit.Source.SszWitnessAbi.word✝ 4) -
                                    LidoSRv3.Audit.Source.SszWitnessAbi.word✝ 4).sltBool
                                (LidoSRv3.Audit.Source.SszWitnessAbi.word✝ 256) =
                              true then
                          do
                          throw Error.abi
                          pure ((st false 100 1 48 256).calldataload (LidoSRv3.Audit.Source.SszWitnessAbi.word✝ 4))
                        else do
                          pure PUnit.unit
                          pure ((st false 100 1 48 256).calldataload (LidoSRv3.Audit.Source.SszWitnessAbi.word✝ 4))
                else do
                  pure PUnit.unit
                  if
                        ((st false 100 1 48 256).calldataload (LidoSRv3.Audit.Source.SszWitnessAbi.word✝ 4)).toNat >
                          2 ^ 64 - 1 then
                      do
                      throw Error.abi
                      if
                            (LidoSRv3.Audit.Source.SszWitnessAbi.word✝
                                        (st false 100 1 48 256).executionEnv.calldata.size -
                                      (st false 100 1 48 256).calldataload
                                        (LidoSRv3.Audit.Source.SszWitnessAbi.word✝ 4) -
                                    LidoSRv3.Audit.Source.SszWitnessAbi.word✝ 4).sltBool
                                (LidoSRv3.Audit.Source.SszWitnessAbi.word✝ 256) =
                              true then
                          do
                          throw Error.abi
                          pure ((st false 100 1 48 256).calldataload (LidoSRv3.Audit.Source.SszWitnessAbi.word✝ 4))
                        else do
                          pure PUnit.unit
                          pure ((st false 100 1 48 256).calldataload (LidoSRv3.Audit.Source.SszWitnessAbi.word✝ 4))
                    else do
                      pure PUnit.unit
                      if
                            (LidoSRv3.Audit.Source.SszWitnessAbi.word✝
                                        (st false 100 1 48 256).executionEnv.calldata.size -
                                      (st false 100 1 48 256).calldataload
                                        (LidoSRv3.Audit.Source.SszWitnessAbi.word✝ 4) -
                                    LidoSRv3.Audit.Source.SszWitnessAbi.word✝ 4).sltBool
                                (LidoSRv3.Audit.Source.SszWitnessAbi.word✝ 256) =
                              true then
                          do
                          throw Error.abi
                          pure ((st false 100 1 48 256).calldataload (LidoSRv3.Audit.Source.SszWitnessAbi.word✝ 4))
                        else do
                          pure PUnit.unit
                          pure ((st false 100 1 48 256).calldataload (LidoSRv3.Audit.Source.SszWitnessAbi.word✝ 4))) =
    Except.ok (w 128)

h0 : (st false 100 1 48 256).calldataload (w 0) = w (1003628481 * 2 ^ 224)
h4 : (st false 100 1 48 256).calldataload (w 4) = w 128
⊢ (if (st false 100 1 48 256).executionEnv.weiValue.toNat ≠ 0 then do
      throw Error.abi
      if (LidoSRv3.Audit.Source.SszWitnessAbi.word✝ (st false 100 1 48 256).executionEnv.calldata.size).toNat < 4 then
          do
          throw Error.abi
          if
                ((st false 100 1 48 256).calldataload (LidoSRv3.Audit.Source.SszWitnessAbi.word✝ 0)).toNat / 2 ^ 224 ≠
                  1003628481 then
              do
              throw Error.abi
              if
                    (LidoSRv3.Audit.Source.SszWitnessAbi.word✝ (st false 100 1 48 256).executionEnv.calldata.size -
                            LidoSRv3.Audit.Source.SszWitnessAbi.word✝ 4).sltBool
                        (LidoSRv3.Audit.Source.SszWitnessAbi.word✝ 128) =
                      true then
                  do
                  throw Error.abi
                  if
                        ((st false 100 1 48 256).calldataload (LidoSRv3.Audit.Source.SszWitnessAbi.word✝ 4)).toNat >
                          2 ^ 64 - 1 then
                      do
                      throw Error.abi
                      if
                            (LidoSRv3.Audit.Source.SszWitnessAbi.word✝
                                        (st false 100 1 48 256).executionEnv.calldata.size -
                                      (st false 100 1 48 256).calldataload
                                        (LidoSRv3.Audit.Source.SszWitnessAbi.word✝ 4) -
                                    LidoSRv3.Audit.Source.SszWitnessAbi.word✝ 4).sltBool
                                (LidoSRv3.Audit.Source.SszWitnessAbi.word✝ 256) =
                              true then
                          do
                          throw Error.abi
                          pure ((st false 100 1 48 256).calldataload (LidoSRv3.Audit.Source.SszWitnessAbi.word✝ 4))
                        else do
                          pure PUnit.unit
                          pure ((st false 100 1 48 256).calldataload (LidoSRv3.Audit.Source.SszWitnessAbi.word✝ 4))
                    else do
                      pure PUnit.unit
                      if
                            (LidoSRv3.Audit.Source.SszWitnessAbi.word✝
                                        (st false 100 1 48 256).executionEnv.calldata.size -
                                      (st false 100 1 48 256).calldataload
                                        (LidoSRv3.Audit.Source.SszWitnessAbi.word✝ 4) -
                                    LidoSRv3.Audit.Source.SszWitnessAbi.word✝ 4).sltBool
                                (LidoSRv3.Audit.Source.SszWitnessAbi.word✝ 256) =
                              true then
                          do
                          throw Error.abi
                          pure ((st false 100 1 48 256).calldataload (LidoSRv3.Audit.Source.SszWitnessAbi.word✝ 4))
                        else do
                          pure PUnit.unit
                          pure ((st false 100 1 48 256).calldataload (LidoSRv3.Audit.Source.SszWitnessAbi.word✝ 4))
                else do
                  pure PUnit.unit
                  if
                        ((st false 100 1 48 256).calldataload (LidoSRv3.Audit.Source.SszWitnessAbi.word✝ 4)).toNat >
                          2 ^ 64 - 1 then
                      do
                      throw Error.abi
                      if
                            (LidoSRv3.Audit.Source.SszWitnessAbi.word✝
                                        (st false 100 1 48 256).executionEnv.calldata.size -
                                      (st false 100 1 48 256).calldataload
                                        (LidoSRv3.Audit.Source.SszWitnessAbi.word✝ 4) -
                                    LidoSRv3.Audit.Source.SszWitnessAbi.word✝ 4).sltBool
                                (LidoSRv3.Audit.Source.SszWitnessAbi.word✝ 256) =
                              true then
                          do
                          throw Error.abi
                          pure ((st false 100 1 48 256).calldataload (LidoSRv3.Audit.Source.SszWitnessAbi.word✝ 4))
                        else do
                          pure PUnit.unit
                          pure ((st false 100 1 48 256).calldataload (LidoSRv3.Audit.Source.SszWitnessAbi.word✝ 4))
                    else do
                      pure PUnit.unit
                      if
                            (LidoSRv3.Audit.Source.SszWitnessAbi.word✝
                                        (st false 100 1 48 256).executionEnv.calldata.size -
                                      (st false 100 1 48 256).calldataload
                                        (LidoSRv3.Audit.Source.SszWitnessAbi.word✝ 4) -
                                    LidoSRv3.Audit.Source.SszWitnessAbi.word✝ 4).sltBool
                                (LidoSRv3.Audit.Source.SszWitnessAbi.word✝ 256) =
                              true then
                          do
                          throw Error.abi
                          pure ((st false 100 1 48 256).calldataload (LidoSRv3.Audit.Source.SszWitnessAbi.word✝ 4))
                        else do
                          pure PUnit.unit
                          pure ((st false 100 1 48 256).calldataload (LidoSRv3.Audit.Source.SszWitnessAbi.word✝ 4))
            else do
              pure PUnit.unit
              if
                    (LidoSRv3.Audit.Source.SszWitnessAbi.word✝ (st false 100 1 48 256).executionEnv.calldata.size -
                            LidoSRv3.Audit.Source.SszWitnessAbi.word✝ 4).sltBool
                        (LidoSRv3.Audit.Source.SszWitnessAbi.word✝ 128) =
                      true then
                  do
                  throw Error.abi
                  if
                        ((st false 100 1 48 256).calldataload (LidoSRv3.Audit.Source.SszWitnessAbi.word✝ 4)).toNat >
                          2 ^ 64 - 1 then
                      do
                      throw Error.abi
                      if
                            (LidoSRv3.Audit.Source.SszWitnessAbi.word✝
                                        (st false 100 1 48 256).executionEnv.calldata.size -
                                      (st false 100 1 48 256).calldataload
                                        (LidoSRv3.Audit.Source.SszWitnessAbi.word✝ 4) -
                                    LidoSRv3.Audit.Source.SszWitnessAbi.word✝ 4).sltBool
                                (LidoSRv3.Audit.Source.SszWitnessAbi.word✝ 256) =
                              true then
                          do
                          throw Error.abi
                          pure ((st false 100 1 48 256).calldataload (LidoSRv3.Audit.Source.SszWitnessAbi.word✝ 4))
                        else do
                          pure PUnit.unit
                          pure ((st false 100 1 48 256).calldataload (LidoSRv3.Audit.Source.SszWitnessAbi.word✝ 4))
                    else do
                      pure PUnit.unit
                      if
                            (LidoSRv3.Audit.Source.SszWitnessAbi.word✝
                                        (st false 100 1 48 256).executionEnv.calldata.size -
                                      (st false 100 1 48 256).calldataload
                                        (LidoSRv3.Audit.Source.SszWitnessAbi.word✝ 4) -
                                    LidoSRv3.Audit.Source.SszWitnessAbi.word✝ 4).sltBool
                                (LidoSRv3.Audit.Source.SszWitnessAbi.word✝ 256) =
                              true then
                          do
                          throw Error.abi
                          pure ((st false 100 1 48 256).calldataload (LidoSRv3.Audit.Source.SszWitnessAbi.word✝ 4))
                        else do
                          pure PUnit.unit
                          pure ((st false 100 1 48 256).calldataload (LidoSRv3.Audit.Source.SszWitnessAbi.word✝ 4))
                else do
                  pure PUnit.unit
                  if
                        ((st false 100 1 48 256).calldataload (LidoSRv3.Audit.Source.SszWitnessAbi.word✝ 4)).toNat >
                          2 ^ 64 - 1 then
                      do
                      throw Error.abi
                      if
                            (LidoSRv3.Audit.Source.SszWitnessAbi.word✝
                                        (st false 100 1 48 256).executionEnv.calldata.size -
                                      (st false 100 1 48 256).calldataload
                                        (LidoSRv3.Audit.Source.SszWitnessAbi.word✝ 4) -
                                    LidoSRv3.Audit.Source.SszWitnessAbi.word✝ 4).sltBool
                                (LidoSRv3.Audit.Source.SszWitnessAbi.word✝ 256) =
                              true then
                          do
                          throw Error.abi
                          pure ((st false 100 1 48 256).calldataload (LidoSRv3.Audit.Source.SszWitnessAbi.word✝ 4))
                        else do
                          pure PUnit.unit
                          pure ((st false 100 1 48 256).calldataload (LidoSRv3.Audit.Source.SszWitnessAbi.word✝ 4))
                    else do
                      pure PUnit.unit
                      if
                            (LidoSRv3.Audit.Source.SszWitnessAbi.word✝
                                        (st false 100 1 48 256).executionEnv.calldata.size -
                                      (st false 100 1 48 256).calldataload
                                        (LidoSRv3.Audit.Source.SszWitnessAbi.word✝ 4) -
                                    LidoSRv3.Audit.Source.SszWitnessAbi.word✝ 4).sltBool
                                (LidoSRv3.Audit.Source.SszWitnessAbi.word✝ 256) =
                              true then
                          do
                          throw Error.abi
                          pure ((st false 100 1 48 256).calldataload (LidoSRv3.Audit.Source.SszWitnessAbi.word✝ 4))
                        else do
                          pure PUnit.unit
                          pure ((st false 100 1 48 256).calldataload (LidoSRv3.Audit.Source.SszWitnessAbi.word✝ 4))
        else do
          pure PUnit.unit
          if
                ((st false 100 1 48 256).calldataload (LidoSRv3.Audit.Source.SszWitnessAbi.word✝ 0)).toNat / 2 ^ 224 ≠
                  1003628481 then
              do
              throw Error.abi
              if
                    (LidoSRv3.Audit.Source.SszWitnessAbi.word✝ (st false 100 1 48 256).executionEnv.calldata.size -
                            LidoSRv3.Audit.Source.SszWitnessAbi.word✝ 4).sltBool
                        (LidoSRv3.Audit.Source.SszWitnessAbi.word✝ 128) =
                      true then
                  do
                  throw Error.abi
                  if
                        ((st false 100 1 48 256).calldataload (LidoSRv3.Audit.Source.SszWitnessAbi.word✝ 4)).toNat >
                          2 ^ 64 - 1 then
                      do
                      throw Error.abi
                      if
                            (LidoSRv3.Audit.Source.SszWitnessAbi.word✝
                                        (st false 100 1 48 256).executionEnv.calldata.size -
                                      (st false 100 1 48 256).calldataload
                                        (LidoSRv3.Audit.Source.SszWitnessAbi.word✝ 4) -
                                    LidoSRv3.Audit.Source.SszWitnessAbi.word✝ 4).sltBool
                                (LidoSRv3.Audit.Source.SszWitnessAbi.word✝ 256) =
                              true then
                          do
                          throw Error.abi
                          pure ((st false 100 1 48 256).calldataload (LidoSRv3.Audit.Source.SszWitnessAbi.word✝ 4))
                        else do
                          pure PUnit.unit
                          pure ((st false 100 1 48 256).calldataload (LidoSRv3.Audit.Source.SszWitnessAbi.word✝ 4))
                    else do
                      pure PUnit.unit
                      if
                            (LidoSRv3.Audit.Source.SszWitnessAbi.word✝
                                        (st false 100 1 48 256).executionEnv.calldata.size -
                                      (st false 100 1 48 256).calldataload
                                        (LidoSRv3.Audit.Source.SszWitnessAbi.word✝ 4) -
                                    LidoSRv3.Audit.Source.SszWitnessAbi.word✝ 4).sltBool
                                (LidoSRv3.Audit.Source.SszWitnessAbi.word✝ 256) =
                              true then
                          do
                          throw Error.abi
                          pure ((st false 100 1 48 256).calldataload (LidoSRv3.Audit.Source.SszWitnessAbi.word✝ 4))
                        else do
                          pure PUnit.unit
                          pure ((st false 100 1 48 256).calldataload (LidoSRv3.Audit.Source.SszWitnessAbi.word✝ 4))
                else do
                  pure PUnit.unit
                  if
                        ((st false 100 1 48 256).calldataload (LidoSRv3.Audit.Source.SszWitnessAbi.word✝ 4)).toNat >
                          2 ^ 64 - 1 then
                      do
                      throw Error.abi
                      if
                            (LidoSRv3.Audit.Source.SszWitnessAbi.word✝
                                        (st false 100 1 48 256).executionEnv.calldata.size -
                                      (st false 100 1 48 256).calldataload
                                        (LidoSRv3.Audit.Source.SszWitnessAbi.word✝ 4) -
                                    LidoSRv3.Audit.Source.SszWitnessAbi.word✝ 4).sltBool
                                (LidoSRv3.Audit.Source.SszWitnessAbi.word✝ 256) =
                              true then
                          do
                          throw Error.abi
                          pure ((st false 100 1 48 256).calldataload (LidoSRv3.Audit.Source.SszWitnessAbi.word✝ 4))
                        else do
                          pure PUnit.unit
                          pure ((st false 100 1 48 256).calldataload (LidoSRv3.Audit.Source.SszWitnessAbi.word✝ 4))
                    else do
                      pure PUnit.unit
                      if
                            (LidoSRv3.Audit.Source.SszWitnessAbi.word✝
                                        (st false 100 1 48 256).executionEnv.calldata.size -
                                      (st false 100 1 48 256).calldataload
                                        (LidoSRv3.Audit.Source.SszWitnessAbi.word✝ 4) -
                                    LidoSRv3.Audit.Source.SszWitnessAbi.word✝ 4).sltBool
                                (LidoSRv3.Audit.Source.SszWitnessAbi.word✝ 256) =
                              true then
                          do
                          throw Error.abi
                          pure ((st false 100 1 48 256).calldataload (LidoSRv3.Audit.Source.SszWitnessAbi.word✝ 4))
                        else do
                          pure PUnit.unit
                          pure ((st false 100 1 48 256).calldataload (LidoSRv3.Audit.Source.SszWitnessAbi.word✝ 4))
            else do
              pure PUnit.unit
              if
                    (LidoSRv3.Audit.Source.SszWitnessAbi.word✝ (st false 100 1 48 256).executionEnv.calldata.size -
                            LidoSRv3.Audit.Source.SszWitnessAbi.word✝ 4).sltBool
                        (LidoSRv3.Audit.Source.SszWitnessAbi.word✝ 128) =
                      true then
                  do
                  throw Error.abi
                  if
                        ((st false 100 1 48 256).calldataload (LidoSRv3.Audit.Source.SszWitnessAbi.word✝ 4)).toNat >
                          2 ^ 64 - 1 then
                      do
                      throw Error.abi
                      if
                            (LidoSRv3.Audit.Source.SszWitnessAbi.word✝
                                        (st false 100 1 48 256).executionEnv.calldata.size -
                                      (st false 100 1 48 256).calldataload
                                        (LidoSRv3.Audit.Source.SszWitnessAbi.word✝ 4) -
                                    LidoSRv3.Audit.Source.SszWitnessAbi.word✝ 4).sltBool
                                (LidoSRv3.Audit.Source.SszWitnessAbi.word✝ 256) =
                              true then
                          do
                          throw Error.abi
                          pure ((st false 100 1 48 256).calldataload (LidoSRv3.Audit.Source.SszWitnessAbi.word✝ 4))
                        else do
                          pure PUnit.unit
                          pure ((st false 100 1 48 256).calldataload (LidoSRv3.Audit.Source.SszWitnessAbi.word✝ 4))
                    else do
                      pure PUnit.unit
                      if
                            (LidoSRv3.Audit.Source.SszWitnessAbi.word✝
                                        (st false 100 1 48 256).executionEnv.calldata.size -
                                      (st false 100 1 48 256).calldataload
                                        (LidoSRv3.Audit.Source.SszWitnessAbi.word✝ 4) -
                                    LidoSRv3.Audit.Source.SszWitnessAbi.word✝ 4).sltBool
                                (LidoSRv3.Audit.Source.SszWitnessAbi.word✝ 256) =
                              true then
                          do
                          throw Error.abi
                          pure ((st false 100 1 48 256).calldataload (LidoSRv3.Audit.Source.SszWitnessAbi.word✝ 4))
                        else do
                          pure PUnit.unit
                          pure ((st false 100 1 48 256).calldataload (LidoSRv3.Audit.Source.SszWitnessAbi.word✝ 4))
                else do
                  pure PUnit.unit
                  if
                        ((st false 100 1 48 256).calldataload (LidoSRv3.Audit.Source.SszWitnessAbi.word✝ 4)).toNat >
                          2 ^ 64 - 1 then
                      do
                      throw Error.abi
                      if
                            (LidoSRv3.Audit.Source.SszWitnessAbi.word✝
                                        (st false 100 1 48 256).executionEnv.calldata.size -
                                      (st false 100 1 48 256).calldataload
                                        (LidoSRv3.Audit.Source.SszWitnessAbi.word✝ 4) -
                                    LidoSRv3.Audit.Source.SszWitnessAbi.word✝ 4).sltBool
                                (LidoSRv3.Audit.Source.SszWitnessAbi.word✝ 256) =
                              true then
                          do
                          throw Error.abi
                          pure ((st false 100 1 48 256).calldataload (LidoSRv3.Audit.Source.SszWitnessAbi.word✝ 4))
                        else do
                          pure PUnit.unit
                          pure ((st false 100 1 48 256).calldataload (LidoSRv3.Audit.Source.SszWitnessAbi.word✝ 4))
                    else do
                      pure PUnit.unit
                      if
                            (LidoSRv3.Audit.Source.SszWitnessAbi.word✝
                                        (st false 100 1 48 256).executionEnv.calldata.size -
                                      (st false 100 1 48 256).calldataload
                                        (LidoSRv3.Audit.Source.SszWitnessAbi.word✝ 4) -
                                    LidoSRv3.Audit.Source.SszWitnessAbi.word✝ 4).sltBool
                                (LidoSRv3.Audit.Source.SszWitnessAbi.word✝ 256) =
                              true then
                          do
                          throw Error.abi
                          pure ((st false 100 1 48 256).calldataload (LidoSRv3.Audit.Source.SszWitnessAbi.word✝ 4))
                        else do
                          pure PUnit.unit
                          pure ((st false 100 1 48 256).calldataload (LidoSRv3.Audit.Source.SszWitnessAbi.word✝ 4))
    else do
      pure PUnit.unit
      if (LidoSRv3.Audit.Source.SszWitnessAbi.word✝ (st false 100 1 48 256).executionEnv.calldata.size).toNat < 4 then
          do
          throw Error.abi
          if
                ((st false 100 1 48 256).calldataload (LidoSRv3.Audit.Source.SszWitnessAbi.word✝ 0)).toNat / 2 ^ 224 ≠
                  1003628481 then
              do
              throw Error.abi
              if
                    (LidoSRv3.Audit.Source.SszWitnessAbi.word✝ (st false 100 1 48 256).executionEnv.calldata.size -
                            LidoSRv3.Audit.Source.SszWitnessAbi.word✝ 4).sltBool
                        (LidoSRv3.Audit.Source.SszWitnessAbi.word✝ 128) =
                      true then
                  do
                  throw Error.abi
                  if
                        ((st false 100 1 48 256).calldataload (LidoSRv3.Audit.Source.SszWitnessAbi.word✝ 4)).toNat >
                          2 ^ 64 - 1 then
                      do
                      throw Error.abi
                      if
                            (LidoSRv3.Audit.Source.SszWitnessAbi.word✝
                                        (st false 100 1 48 256).executionEnv.calldata.size -
                                      (st false 100 1 48 256).calldataload
                                        (LidoSRv3.Audit.Source.SszWitnessAbi.word✝ 4) -
                                    LidoSRv3.Audit.Source.SszWitnessAbi.word✝ 4).sltBool
                                (LidoSRv3.Audit.Source.SszWitnessAbi.word✝ 256) =
                              true then
                          do
                          throw Error.abi
                          pure ((st false 100 1 48 256).calldataload (LidoSRv3.Audit.Source.SszWitnessAbi.word✝ 4))
                        else do
                          pure PUnit.unit
                          pure ((st false 100 1 48 256).calldataload (LidoSRv3.Audit.Source.SszWitnessAbi.word✝ 4))
                    else do
                      pure PUnit.unit
                      if
                            (LidoSRv3.Audit.Source.SszWitnessAbi.word✝
                                        (st false 100 1 48 256).executionEnv.calldata.size -
                                      (st false 100 1 48 256).calldataload
                                        (LidoSRv3.Audit.Source.SszWitnessAbi.word✝ 4) -
                                    LidoSRv3.Audit.Source.SszWitnessAbi.word✝ 4).sltBool
                                (LidoSRv3.Audit.Source.SszWitnessAbi.word✝ 256) =
                              true then
                          do
                          throw Error.abi
                          pure ((st false 100 1 48 256).calldataload (LidoSRv3.Audit.Source.SszWitnessAbi.word✝ 4))
                        else do
                          pure PUnit.unit
                          pure ((st false 100 1 48 256).calldataload (LidoSRv3.Audit.Source.SszWitnessAbi.word✝ 4))
                else do
                  pure PUnit.unit
                  if
                        ((st false 100 1 48 256).calldataload (LidoSRv3.Audit.Source.SszWitnessAbi.word✝ 4)).toNat >
                          2 ^ 64 - 1 then
                      do
                      throw Error.abi
                      if
                            (LidoSRv3.Audit.Source.SszWitnessAbi.word✝
                                        (st false 100 1 48 256).executionEnv.calldata.size -
                                      (st false 100 1 48 256).calldataload
                                        (LidoSRv3.Audit.Source.SszWitnessAbi.word✝ 4) -
                                    LidoSRv3.Audit.Source.SszWitnessAbi.word✝ 4).sltBool
                                (LidoSRv3.Audit.Source.SszWitnessAbi.word✝ 256) =
                              true then
                          do
                          throw Error.abi
                          pure ((st false 100 1 48 256).calldataload (LidoSRv3.Audit.Source.SszWitnessAbi.word✝ 4))
                        else do
                          pure PUnit.unit
                          pure ((st false 100 1 48 256).calldataload (LidoSRv3.Audit.Source.SszWitnessAbi.word✝ 4))
                    else do
                      pure PUnit.unit
                      if
                            (LidoSRv3.Audit.Source.SszWitnessAbi.word✝
                                        (st false 100 1 48 256).executionEnv.calldata.size -
                                      (st false 100 1 48 256).calldataload
                                        (LidoSRv3.Audit.Source.SszWitnessAbi.word✝ 4) -
                                    LidoSRv3.Audit.Source.SszWitnessAbi.word✝ 4).sltBool
                                (LidoSRv3.Audit.Source.SszWitnessAbi.word✝ 256) =
                              true then
                          do
                          throw Error.abi
                          pure ((st false 100 1 48 256).calldataload (LidoSRv3.Audit.Source.SszWitnessAbi.word✝ 4))
                        else do
                          pure PUnit.unit
                          pure ((st false 100 1 48 256).calldataload (LidoSRv3.Audit.Source.SszWitnessAbi.word✝ 4))
            else do
              pure PUnit.unit
              if
                    (LidoSRv3.Audit.Source.SszWitnessAbi.word✝ (st false 100 1 48 256).executionEnv.calldata.size -
                            LidoSRv3.Audit.Source.SszWitnessAbi.word✝ 4).sltBool
                        (LidoSRv3.Audit.Source.SszWitnessAbi.word✝ 128) =
                      true then
                  do
                  throw Error.abi
                  if
                        ((st false 100 1 48 256).calldataload (LidoSRv3.Audit.Source.SszWitnessAbi.word✝ 4)).toNat >
                          2 ^ 64 - 1 then
                      do
                      throw Error.abi
                      if
                            (LidoSRv3.Audit.Source.SszWitnessAbi.word✝
                                        (st false 100 1 48 256).executionEnv.calldata.size -
                                      (st false 100 1 48 256).calldataload
                                        (LidoSRv3.Audit.Source.SszWitnessAbi.word✝ 4) -
                                    LidoSRv3.Audit.Source.SszWitnessAbi.word✝ 4).sltBool
                                (LidoSRv3.Audit.Source.SszWitnessAbi.word✝ 256) =
                              true then
                          do
                          throw Error.abi
                          pure ((st false 100 1 48 256).calldataload (LidoSRv3.Audit.Source.SszWitnessAbi.word✝ 4))
                        else do
                          pure PUnit.unit
                          pure ((st false 100 1 48 256).calldataload (LidoSRv3.Audit.Source.SszWitnessAbi.word✝ 4))
                    else do
                      pure PUnit.unit
                      if
                            (LidoSRv3.Audit.Source.SszWitnessAbi.word✝
                                        (st false 100 1 48 256).executionEnv.calldata.size -
                                      (st false 100 1 48 256).calldataload
                                        (LidoSRv3.Audit.Source.SszWitnessAbi.word✝ 4) -
                                    LidoSRv3.Audit.Source.SszWitnessAbi.word✝ 4).sltBool
                                (LidoSRv3.Audit.Source.SszWitnessAbi.word✝ 256) =
                              true then
                          do
                          throw Error.abi
                          pure ((st false 100 1 48 256).calldataload (LidoSRv3.Audit.Source.SszWitnessAbi.word✝ 4))
                        else do
                          pure PUnit.unit
                          pure ((st false 100 1 48 256).calldataload (LidoSRv3.Audit.Source.SszWitnessAbi.word✝ 4))
                else do
                  pure PUnit.unit
                  if
                        ((st false 100 1 48 256).calldataload (LidoSRv3.Audit.Source.SszWitnessAbi.word✝ 4)).toNat >
                          2 ^ 64 - 1 then
                      do
                      throw Error.abi
                      if
                            (LidoSRv3.Audit.Source.SszWitnessAbi.word✝
                                        (st false 100 1 48 256).executionEnv.calldata.size -
                                      (st false 100 1 48 256).calldataload
                                        (LidoSRv3.Audit.Source.SszWitnessAbi.word✝ 4) -
                                    LidoSRv3.Audit.Source.SszWitnessAbi.word✝ 4).sltBool
                                (LidoSRv3.Audit.Source.SszWitnessAbi.word✝ 256) =
                              true then
                          do
                          throw Error.abi
                          pure ((st false 100 1 48 256).calldataload (LidoSRv3.Audit.Source.SszWitnessAbi.word✝ 4))
                        else do
                          pure PUnit.unit
                          pure ((st false 100 1 48 256).calldataload (LidoSRv3.Audit.Source.SszWitnessAbi.word✝ 4))
                    else do
                      pure PUnit.unit
                      if
                            (LidoSRv3.Audit.Source.SszWitnessAbi.word✝
                                        (st false 100 1 48 256).executionEnv.calldata.size -
                                      (st false 100 1 48 256).calldataload
                                        (LidoSRv3.Audit.Source.SszWitnessAbi.word✝ 4) -
                                    LidoSRv3.Audit.Source.SszWitnessAbi.word✝ 4).sltBool
                                (LidoSRv3.Audit.Source.SszWitnessAbi.word✝ 256) =
                              true then
                          do
                          throw Error.abi
                          pure ((st false 100 1 48 256).calldataload (LidoSRv3.Audit.Source.SszWitnessAbi.word✝ 4))
                        else do
                          pure PUnit.unit
                          pure ((st false 100 1 48 256).calldataload (LidoSRv3.Audit.Source.SszWitnessAbi.word✝ 4))
        else do
          pure PUnit.unit
          if
                ((st false 100 1 48 256).calldataload (LidoSRv3.Audit.Source.SszWitnessAbi.word✝ 0)).toNat / 2 ^ 224 ≠
                  1003628481 then
              do
              throw Error.abi
              if
                    (LidoSRv3.Audit.Source.SszWitnessAbi.word✝ (st false 100 1 48 256).executionEnv.calldata.size -
                            LidoSRv3.Audit.Source.SszWitnessAbi.word✝ 4).sltBool
                        (LidoSRv3.Audit.Source.SszWitnessAbi.word✝ 128) =
                      true then
                  do
                  throw Error.abi
                  if
                        ((st false 100 1 48 256).calldataload (LidoSRv3.Audit.Source.SszWitnessAbi.word✝ 4)).toNat >
                          2 ^ 64 - 1 then
                      do
                      throw Error.abi
                      if
                            (LidoSRv3.Audit.Source.SszWitnessAbi.word✝
                                        (st false 100 1 48 256).executionEnv.calldata.size -
                                      (st false 100 1 48 256).calldataload
                                        (LidoSRv3.Audit.Source.SszWitnessAbi.word✝ 4) -
                                    LidoSRv3.Audit.Source.SszWitnessAbi.word✝ 4).sltBool
                                (LidoSRv3.Audit.Source.SszWitnessAbi.word✝ 256) =
                              true then
                          do
                          throw Error.abi
                          pure ((st false 100 1 48 256).calldataload (LidoSRv3.Audit.Source.SszWitnessAbi.word✝ 4))
                        else do
                          pure PUnit.unit
                          pure ((st false 100 1 48 256).calldataload (LidoSRv3.Audit.Source.SszWitnessAbi.word✝ 4))
                    else do
                      pure PUnit.unit
                      if
                            (LidoSRv3.Audit.Source.SszWitnessAbi.word✝
                                        (st false 100 1 48 256).executionEnv.calldata.size -
                                      (st false 100 1 48 256).calldataload
                                        (LidoSRv3.Audit.Source.SszWitnessAbi.word✝ 4) -
                                    LidoSRv3.Audit.Source.SszWitnessAbi.word✝ 4).sltBool
                                (LidoSRv3.Audit.Source.SszWitnessAbi.word✝ 256) =
                              true then
                          do
                          throw Error.abi
                          pure ((st false 100 1 48 256).calldataload (LidoSRv3.Audit.Source.SszWitnessAbi.word✝ 4))
                        else do
                          pure PUnit.unit
                          pure ((st false 100 1 48 256).calldataload (LidoSRv3.Audit.Source.SszWitnessAbi.word✝ 4))
                else do
                  pure PUnit.unit
                  if
                        ((st false 100 1 48 256).calldataload (LidoSRv3.Audit.Source.SszWitnessAbi.word✝ 4)).toNat >
                          2 ^ 64 - 1 then
                      do
                      throw Error.abi
                      if
                            (LidoSRv3.Audit.Source.SszWitnessAbi.word✝
                                        (st false 100 1 48 256).executionEnv.calldata.size -
                                      (st false 100 1 48 256).calldataload
                                        (LidoSRv3.Audit.Source.SszWitnessAbi.word✝ 4) -
                                    LidoSRv3.Audit.Source.SszWitnessAbi.word✝ 4).sltBool
                                (LidoSRv3.Audit.Source.SszWitnessAbi.word✝ 256) =
                              true then
                          do
                          throw Error.abi
                          pure ((st false 100 1 48 256).calldataload (LidoSRv3.Audit.Source.SszWitnessAbi.word✝ 4))
                        else do
                          pure PUnit.unit
                          pure ((st false 100 1 48 256).calldataload (LidoSRv3.Audit.Source.SszWitnessAbi.word✝ 4))
                    else do
                      pure PUnit.unit
                      if
                            (LidoSRv3.Audit.Source.SszWitnessAbi.word✝
                                        (st false 100 1 48 256).executionEnv.calldata.size -
                                      (st false 100 1 48 256).calldataload
                                        (LidoSRv3.Audit.Source.SszWitnessAbi.word✝ 4) -
                                    LidoSRv3.Audit.Source.SszWitnessAbi.word✝ 4).sltBool
                                (LidoSRv3.Audit.Source.SszWitnessAbi.word✝ 256) =
                              true then
                          do
                          throw Error.abi
                          pure ((st false 100 1 48 256).calldataload (LidoSRv3.Audit.Source.SszWitnessAbi.word✝ 4))
                        else do
                          pure PUnit.unit
                          pure ((st false 100 1 48 256).calldataload (LidoSRv3.Audit.Source.SszWitnessAbi.word✝ 4))
            else do
              pure PUnit.unit
              if
                    (LidoSRv3.Audit.Source.SszWitnessAbi.word✝ (st false 100 1 48 256).executionEnv.calldata.size -
                            LidoSRv3.Audit.Source.SszWitnessAbi.word✝ 4).sltBool
                        (LidoSRv3.Audit.Source.SszWitnessAbi.word✝ 128) =
                      true then
                  do
                  throw Error.abi
                  if
                        ((st false 100 1 48 256).calldataload (LidoSRv3.Audit.Source.SszWitnessAbi.word✝ 4)).toNat >
                          2 ^ 64 - 1 then
                      do
                      throw Error.abi
                      if
                            (LidoSRv3.Audit.Source.SszWitnessAbi.word✝
                                        (st false 100 1 48 256).executionEnv.calldata.size -
                                      (st false 100 1 48 256).calldataload
                                        (LidoSRv3.Audit.Source.SszWitnessAbi.word✝ 4) -
                                    LidoSRv3.Audit.Source.SszWitnessAbi.word✝ 4).sltBool
                                (LidoSRv3.Audit.Source.SszWitnessAbi.word✝ 256) =
                              true then
                          do
                          throw Error.abi
                          pure ((st false 100 1 48 256).calldataload (LidoSRv3.Audit.Source.SszWitnessAbi.word✝ 4))
                        else do
                          pure PUnit.unit
                          pure ((st false 100 1 48 256).calldataload (LidoSRv3.Audit.Source.SszWitnessAbi.word✝ 4))
                    else do
                      pure PUnit.unit
                      if
                            (LidoSRv3.Audit.Source.SszWitnessAbi.word✝
                                        (st false 100 1 48 256).executionEnv.calldata.size -
                                      (st false 100 1 48 256).calldataload
                                        (LidoSRv3.Audit.Source.SszWitnessAbi.word✝ 4) -
                                    LidoSRv3.Audit.Source.SszWitnessAbi.word✝ 4).sltBool
                                (LidoSRv3.Audit.Source.SszWitnessAbi.word✝ 256) =
                              true then
                          do
                          throw Error.abi
                          pure ((st false 100 1 48 256).calldataload (LidoSRv3.Audit.Source.SszWitnessAbi.word✝ 4))
                        else do
                          pure PUnit.unit
                          pure ((st false 100 1 48 256).calldataload (LidoSRv3.Audit.Source.SszWitnessAbi.word✝ 4))
                else do
                  pure PUnit.unit
                  if
                        ((st false 100 1 48 256).calldataload (LidoSRv3.Audit.Source.SszWitnessAbi.word✝ 4)).toNat >
                          2 ^ 64 - 1 then
                      do
                      throw Error.abi
                      if
                            (LidoSRv3.Audit.Source.SszWitnessAbi.word✝
                                        (st false 100 1 48 256).executionEnv.calldata.size -
                                      (st false 100 1 48 256).calldataload
                                        (LidoSRv3.Audit.Source.SszWitnessAbi.word✝ 4) -
                                    LidoSRv3.Audit.Source.SszWitnessAbi.word✝ 4).sltBool
                                (LidoSRv3.Audit.Source.SszWitnessAbi.word✝ 256) =
                              true then
                          do
                          throw Error.abi
                          pure ((st false 100 1 48 256).calldataload (LidoSRv3.Audit.Source.SszWitnessAbi.word✝ 4))
                        else do
                          pure PUnit.unit
                          pure ((st false 100 1 48 256).calldataload (LidoSRv3.Audit.Source.SszWitnessAbi.word✝ 4))
                    else do
                      pure PUnit.unit
                      if
                            (LidoSRv3.Audit.Source.SszWitnessAbi.word✝
                                        (st false 100 1 48 256).executionEnv.calldata.size -
                                      (st false 100 1 48 256).calldataload
                                        (LidoSRv3.Audit.Source.SszWitnessAbi.word✝ 4) -
                                    LidoSRv3.Audit.Source.SszWitnessAbi.word✝ 4).sltBool
                                (LidoSRv3.Audit.Source.SszWitnessAbi.word✝ 256) =
                              true then
                          do
                          throw Error.abi
                          pure ((st false 100 1 48 256).calldataload (LidoSRv3.Audit.Source.SszWitnessAbi.word✝ 4))
                        else do
                          pure PUnit.unit
                          pure ((st false 100 1 48 256).calldataload (LidoSRv3.Audit.Source.SszWitnessAbi.word✝ 4))) =
    Except.ok (w 128)
error: LidoSRv3/Tests/SszWitnessAbiMutants.lean:50:6: Tactic `rewrite` failed: Did not find an occurrence of the pattern
  (st true 100 1 48 256).calldataload (w 0)
in the target expression
  (if (st true 100 1 48 256).executionEnv.weiValue.toNat ≠ 0 then do
      throw Error.abi
      if (LidoSRv3.Audit.Source.SszWitnessAbi.word✝ (st true 100 1 48 256).executionEnv.calldata.size).toNat < 4 then do
          throw Error.abi
          if
                ((st true 100 1 48 256).calldataload (LidoSRv3.Audit.Source.SszWitnessAbi.word✝ 0)).toNat / 2 ^ 224 ≠
                  1003628481 then
              do
              throw Error.abi
              if
                    (LidoSRv3.Audit.Source.SszWitnessAbi.word✝ (st true 100 1 48 256).executionEnv.calldata.size -
                            LidoSRv3.Audit.Source.SszWitnessAbi.word✝ 4).sltBool
                        (LidoSRv3.Audit.Source.SszWitnessAbi.word✝ 128) =
                      true then
                  do
                  throw Error.abi
                  if
                        ((st true 100 1 48 256).calldataload (LidoSRv3.Audit.Source.SszWitnessAbi.word✝ 4)).toNat >
                          2 ^ 64 - 1 then
                      do
                      throw Error.abi
                      if
                            (LidoSRv3.Audit.Source.SszWitnessAbi.word✝
                                        (st true 100 1 48 256).executionEnv.calldata.size -
                                      (st true 100 1 48 256).calldataload
                                        (LidoSRv3.Audit.Source.SszWitnessAbi.word✝ 4) -
                                    LidoSRv3.Audit.Source.SszWitnessAbi.word✝ 4).sltBool
                                (LidoSRv3.Audit.Source.SszWitnessAbi.word✝ 256) =
                              true then
                          do
                          throw Error.abi
                          pure ((st true 100 1 48 256).calldataload (LidoSRv3.Audit.Source.SszWitnessAbi.word✝ 4))
                        else do
                          pure PUnit.unit
                          pure ((st true 100 1 48 256).calldataload (LidoSRv3.Audit.Source.SszWitnessAbi.word✝ 4))
                    else do
                      pure PUnit.unit
                      if
                            (LidoSRv3.Audit.Source.SszWitnessAbi.word✝
                                        (st true 100 1 48 256).executionEnv.calldata.size -
                                      (st true 100 1 48 256).calldataload
                                        (LidoSRv3.Audit.Source.SszWitnessAbi.word✝ 4) -
                                    LidoSRv3.Audit.Source.SszWitnessAbi.word✝ 4).sltBool
                                (LidoSRv3.Audit.Source.SszWitnessAbi.word✝ 256) =
                              true then
                          do
                          throw Error.abi
                          pure ((st true 100 1 48 256).calldataload (LidoSRv3.Audit.Source.SszWitnessAbi.word✝ 4))
                        else do
                          pure PUnit.unit
                          pure ((st true 100 1 48 256).calldataload (LidoSRv3.Audit.Source.SszWitnessAbi.word✝ 4))
                else do
                  pure PUnit.unit
                  if
                        ((st true 100 1 48 256).calldataload (LidoSRv3.Audit.Source.SszWitnessAbi.word✝ 4)).toNat >
                          2 ^ 64 - 1 then
                      do
                      throw Error.abi
                      if
                            (LidoSRv3.Audit.Source.SszWitnessAbi.word✝
                                        (st true 100 1 48 256).executionEnv.calldata.size -
                                      (st true 100 1 48 256).calldataload
                                        (LidoSRv3.Audit.Source.SszWitnessAbi.word✝ 4) -
                                    LidoSRv3.Audit.Source.SszWitnessAbi.word✝ 4).sltBool
                                (LidoSRv3.Audit.Source.SszWitnessAbi.word✝ 256) =
                              true then
                          do
                          throw Error.abi
                          pure ((st true 100 1 48 256).calldataload (LidoSRv3.Audit.Source.SszWitnessAbi.word✝ 4))
                        else do
                          pure PUnit.unit
                          pure ((st true 100 1 48 256).calldataload (LidoSRv3.Audit.Source.SszWitnessAbi.word✝ 4))
                    else do
                      pure PUnit.unit
                      if
                            (LidoSRv3.Audit.Source.SszWitnessAbi.word✝
                                        (st true 100 1 48 256).executionEnv.calldata.size -
                                      (st true 100 1 48 256).calldataload
                                        (LidoSRv3.Audit.Source.SszWitnessAbi.word✝ 4) -
                                    LidoSRv3.Audit.Source.SszWitnessAbi.word✝ 4).sltBool
                                (LidoSRv3.Audit.Source.SszWitnessAbi.word✝ 256) =
                              true then
                          do
                          throw Error.abi
                          pure ((st true 100 1 48 256).calldataload (LidoSRv3.Audit.Source.SszWitnessAbi.word✝ 4))
                        else do
                          pure PUnit.unit
                          pure ((st true 100 1 48 256).calldataload (LidoSRv3.Audit.Source.SszWitnessAbi.word✝ 4))
            else do
              pure PUnit.unit
              if
                    (LidoSRv3.Audit.Source.SszWitnessAbi.word✝ (st true 100 1 48 256).executionEnv.calldata.size -
                            LidoSRv3.Audit.Source.SszWitnessAbi.word✝ 4).sltBool
                        (LidoSRv3.Audit.Source.SszWitnessAbi.word✝ 128) =
                      true then
                  do
                  throw Error.abi
                  if
                        ((st true 100 1 48 256).calldataload (LidoSRv3.Audit.Source.SszWitnessAbi.word✝ 4)).toNat >
                          2 ^ 64 - 1 then
                      do
                      throw Error.abi
                      if
                            (LidoSRv3.Audit.Source.SszWitnessAbi.word✝
                                        (st true 100 1 48 256).executionEnv.calldata.size -
                                      (st true 100 1 48 256).calldataload
                                        (LidoSRv3.Audit.Source.SszWitnessAbi.word✝ 4) -
                                    LidoSRv3.Audit.Source.SszWitnessAbi.word✝ 4).sltBool
                                (LidoSRv3.Audit.Source.SszWitnessAbi.word✝ 256) =
                              true then
                          do
                          throw Error.abi
                          pure ((st true 100 1 48 256).calldataload (LidoSRv3.Audit.Source.SszWitnessAbi.word✝ 4))
                        else do
                          pure PUnit.unit
                          pure ((st true 100 1 48 256).calldataload (LidoSRv3.Audit.Source.SszWitnessAbi.word✝ 4))
                    else do
                      pure PUnit.unit
                      if
                            (LidoSRv3.Audit.Source.SszWitnessAbi.word✝
                                        (st true 100 1 48 256).executionEnv.calldata.size -
                                      (st true 100 1 48 256).calldataload
                                        (LidoSRv3.Audit.Source.SszWitnessAbi.word✝ 4) -
                                    LidoSRv3.Audit.Source.SszWitnessAbi.word✝ 4).sltBool
                                (LidoSRv3.Audit.Source.SszWitnessAbi.word✝ 256) =
                              true then
                          do
                          throw Error.abi
                          pure ((st true 100 1 48 256).calldataload (LidoSRv3.Audit.Source.SszWitnessAbi.word✝ 4))
                        else do
                          pure PUnit.unit
                          pure ((st true 100 1 48 256).calldataload (LidoSRv3.Audit.Source.SszWitnessAbi.word✝ 4))
                else do
                  pure PUnit.unit
                  if
                        ((st true 100 1 48 256).calldataload (LidoSRv3.Audit.Source.SszWitnessAbi.word✝ 4)).toNat >
                          2 ^ 64 - 1 then
                      do
                      throw Error.abi
                      if
                            (LidoSRv3.Audit.Source.SszWitnessAbi.word✝
                                        (st true 100 1 48 256).executionEnv.calldata.size -
                                      (st true 100 1 48 256).calldataload
                                        (LidoSRv3.Audit.Source.SszWitnessAbi.word✝ 4) -
                                    LidoSRv3.Audit.Source.SszWitnessAbi.word✝ 4).sltBool
                                (LidoSRv3.Audit.Source.SszWitnessAbi.word✝ 256) =
                              true then
                          do
                          throw Error.abi
                          pure ((st true 100 1 48 256).calldataload (LidoSRv3.Audit.Source.SszWitnessAbi.word✝ 4))
                        else do
                          pure PUnit.unit
                          pure ((st true 100 1 48 256).calldataload (LidoSRv3.Audit.Source.SszWitnessAbi.word✝ 4))
                    else do
                      pure PUnit.unit
                      if
                            (LidoSRv3.Audit.Source.SszWitnessAbi.word✝
                                        (st true 100 1 48 256).executionEnv.calldata.size -
                                      (st true 100 1 48 256).calldataload
                                        (LidoSRv3.Audit.Source.SszWitnessAbi.word✝ 4) -
                                    LidoSRv3.Audit.Source.SszWitnessAbi.word✝ 4).sltBool
                                (LidoSRv3.Audit.Source.SszWitnessAbi.word✝ 256) =
                              true then
                          do
                          throw Error.abi
                          pure ((st true 100 1 48 256).calldataload (LidoSRv3.Audit.Source.SszWitnessAbi.word✝ 4))
                        else do
                          pure PUnit.unit
                          pure ((st true 100 1 48 256).calldataload (LidoSRv3.Audit.Source.SszWitnessAbi.word✝ 4))
        else do
          pure PUnit.unit
          if
                ((st true 100 1 48 256).calldataload (LidoSRv3.Audit.Source.SszWitnessAbi.word✝ 0)).toNat / 2 ^ 224 ≠
                  1003628481 then
              do
              throw Error.abi
              if
                    (LidoSRv3.Audit.Source.SszWitnessAbi.word✝ (st true 100 1 48 256).executionEnv.calldata.size -
                            LidoSRv3.Audit.Source.SszWitnessAbi.word✝ 4).sltBool
                        (LidoSRv3.Audit.Source.SszWitnessAbi.word✝ 128) =
                      true then
                  do
                  throw Error.abi
                  if
                        ((st true 100 1 48 256).calldataload (LidoSRv3.Audit.Source.SszWitnessAbi.word✝ 4)).toNat >
                          2 ^ 64 - 1 then
                      do
                      throw Error.abi
                      if
                            (LidoSRv3.Audit.Source.SszWitnessAbi.word✝
                                        (st true 100 1 48 256).executionEnv.calldata.size -
                                      (st true 100 1 48 256).calldataload
                                        (LidoSRv3.Audit.Source.SszWitnessAbi.word✝ 4) -
                                    LidoSRv3.Audit.Source.SszWitnessAbi.word✝ 4).sltBool
                                (LidoSRv3.Audit.Source.SszWitnessAbi.word✝ 256) =
                              true then
                          do
                          throw Error.abi
                          pure ((st true 100 1 48 256).calldataload (LidoSRv3.Audit.Source.SszWitnessAbi.word✝ 4))
                        else do
                          pure PUnit.unit
                          pure ((st true 100 1 48 256).calldataload (LidoSRv3.Audit.Source.SszWitnessAbi.word✝ 4))
                    else do
                      pure PUnit.unit
                      if
                            (LidoSRv3.Audit.Source.SszWitnessAbi.word✝
                                        (st true 100 1 48 256).executionEnv.calldata.size -
                                      (st true 100 1 48 256).calldataload
                                        (LidoSRv3.Audit.Source.SszWitnessAbi.word✝ 4) -
                                    LidoSRv3.Audit.Source.SszWitnessAbi.word✝ 4).sltBool
                                (LidoSRv3.Audit.Source.SszWitnessAbi.word✝ 256) =
                              true then
                          do
                          throw Error.abi
                          pure ((st true 100 1 48 256).calldataload (LidoSRv3.Audit.Source.SszWitnessAbi.word✝ 4))
                        else do
                          pure PUnit.unit
                          pure ((st true 100 1 48 256).calldataload (LidoSRv3.Audit.Source.SszWitnessAbi.word✝ 4))
                else do
                  pure PUnit.unit
                  if
                        ((st true 100 1 48 256).calldataload (LidoSRv3.Audit.Source.SszWitnessAbi.word✝ 4)).toNat >
                          2 ^ 64 - 1 then
                      do
                      throw Error.abi
                      if
                            (LidoSRv3.Audit.Source.SszWitnessAbi.word✝
                                        (st true 100 1 48 256).executionEnv.calldata.size -
                                      (st true 100 1 48 256).calldataload
                                        (LidoSRv3.Audit.Source.SszWitnessAbi.word✝ 4) -
                                    LidoSRv3.Audit.Source.SszWitnessAbi.word✝ 4).sltBool
                                (LidoSRv3.Audit.Source.SszWitnessAbi.word✝ 256) =
                              true then
                          do
                          throw Error.abi
                          pure ((st true 100 1 48 256).calldataload (LidoSRv3.Audit.Source.SszWitnessAbi.word✝ 4))
                        else do
                          pure PUnit.unit
                          pure ((st true 100 1 48 256).calldataload (LidoSRv3.Audit.Source.SszWitnessAbi.word✝ 4))
                    else do
                      pure PUnit.unit
                      if
                            (LidoSRv3.Audit.Source.SszWitnessAbi.word✝
                                        (st true 100 1 48 256).executionEnv.calldata.size -
                                      (st true 100 1 48 256).calldataload
                                        (LidoSRv3.Audit.Source.SszWitnessAbi.word✝ 4) -
                                    LidoSRv3.Audit.Source.SszWitnessAbi.word✝ 4).sltBool
                                (LidoSRv3.Audit.Source.SszWitnessAbi.word✝ 256) =
                              true then
                          do
                          throw Error.abi
                          pure ((st true 100 1 48 256).calldataload (LidoSRv3.Audit.Source.SszWitnessAbi.word✝ 4))
                        else do
                          pure PUnit.unit
                          pure ((st true 100 1 48 256).calldataload (LidoSRv3.Audit.Source.SszWitnessAbi.word✝ 4))
            else do
              pure PUnit.unit
              if
                    (LidoSRv3.Audit.Source.SszWitnessAbi.word✝ (st true 100 1 48 256).executionEnv.calldata.size -
                            LidoSRv3.Audit.Source.SszWitnessAbi.word✝ 4).sltBool
                        (LidoSRv3.Audit.Source.SszWitnessAbi.word✝ 128) =
                      true then
                  do
                  throw Error.abi
                  if
                        ((st true 100 1 48 256).calldataload (LidoSRv3.Audit.Source.SszWitnessAbi.word✝ 4)).toNat >
                          2 ^ 64 - 1 then
                      do
                      throw Error.abi
                      if
                            (LidoSRv3.Audit.Source.SszWitnessAbi.word✝
                                        (st true 100 1 48 256).executionEnv.calldata.size -
                                      (st true 100 1 48 256).calldataload
                                        (LidoSRv3.Audit.Source.SszWitnessAbi.word✝ 4) -
                                    LidoSRv3.Audit.Source.SszWitnessAbi.word✝ 4).sltBool
                                (LidoSRv3.Audit.Source.SszWitnessAbi.word✝ 256) =
                              true then
                          do
                          throw Error.abi
                          pure ((st true 100 1 48 256).calldataload (LidoSRv3.Audit.Source.SszWitnessAbi.word✝ 4))
                        else do
                          pure PUnit.unit
                          pure ((st true 100 1 48 256).calldataload (LidoSRv3.Audit.Source.SszWitnessAbi.word✝ 4))
                    else do
                      pure PUnit.unit
                      if
                            (LidoSRv3.Audit.Source.SszWitnessAbi.word✝
                                        (st true 100 1 48 256).executionEnv.calldata.size -
                                      (st true 100 1 48 256).calldataload
                                        (LidoSRv3.Audit.Source.SszWitnessAbi.word✝ 4) -
                                    LidoSRv3.Audit.Source.SszWitnessAbi.word✝ 4).sltBool
                                (LidoSRv3.Audit.Source.SszWitnessAbi.word✝ 256) =
                              true then
                          do
                          throw Error.abi
                          pure ((st true 100 1 48 256).calldataload (LidoSRv3.Audit.Source.SszWitnessAbi.word✝ 4))
                        else do
                          pure PUnit.unit
                          pure ((st true 100 1 48 256).calldataload (LidoSRv3.Audit.Source.SszWitnessAbi.word✝ 4))
                else do
                  pure PUnit.unit
                  if
                        ((st true 100 1 48 256).calldataload (LidoSRv3.Audit.Source.SszWitnessAbi.word✝ 4)).toNat >
                          2 ^ 64 - 1 then
                      do
                      throw Error.abi
                      if
                            (LidoSRv3.Audit.Source.SszWitnessAbi.word✝
                                        (st true 100 1 48 256).executionEnv.calldata.size -
                                      (st true 100 1 48 256).calldataload
                                        (LidoSRv3.Audit.Source.SszWitnessAbi.word✝ 4) -
                                    LidoSRv3.Audit.Source.SszWitnessAbi.word✝ 4).sltBool
                                (LidoSRv3.Audit.Source.SszWitnessAbi.word✝ 256) =
                              true then
                          do
                          throw Error.abi
                          pure ((st true 100 1 48 256).calldataload (LidoSRv3.Audit.Source.SszWitnessAbi.word✝ 4))
                        else do
                          pure PUnit.unit
                          pure ((st true 100 1 48 256).calldataload (LidoSRv3.Audit.Source.SszWitnessAbi.word✝ 4))
                    else do
                      pure PUnit.unit
                      if
                            (LidoSRv3.Audit.Source.SszWitnessAbi.word✝
                                        (st true 100 1 48 256).executionEnv.calldata.size -
                                      (st true 100 1 48 256).calldataload
                                        (LidoSRv3.Audit.Source.SszWitnessAbi.word✝ 4) -
                                    LidoSRv3.Audit.Source.SszWitnessAbi.word✝ 4).sltBool
                                (LidoSRv3.Audit.Source.SszWitnessAbi.word✝ 256) =
                              true then
                          do
                          throw Error.abi
                          pure ((st true 100 1 48 256).calldataload (LidoSRv3.Audit.Source.SszWitnessAbi.word✝ 4))
                        else do
                          pure PUnit.unit
                          pure ((st true 100 1 48 256).calldataload (LidoSRv3.Audit.Source.SszWitnessAbi.word✝ 4))
    else do
      pure PUnit.unit
      if (LidoSRv3.Audit.Source.SszWitnessAbi.word✝ (st true 100 1 48 256).executionEnv.calldata.size).toNat < 4 then do
          throw Error.abi
          if
                ((st true 100 1 48 256).calldataload (LidoSRv3.Audit.Source.SszWitnessAbi.word✝ 0)).toNat / 2 ^ 224 ≠
                  1003628481 then
              do
              throw Error.abi
              if
                    (LidoSRv3.Audit.Source.SszWitnessAbi.word✝ (st true 100 1 48 256).executionEnv.calldata.size -
                            LidoSRv3.Audit.Source.SszWitnessAbi.word✝ 4).sltBool
                        (LidoSRv3.Audit.Source.SszWitnessAbi.word✝ 128) =
                      true then
                  do
                  throw Error.abi
                  if
                        ((st true 100 1 48 256).calldataload (LidoSRv3.Audit.Source.SszWitnessAbi.word✝ 4)).toNat >
                          2 ^ 64 - 1 then
                      do
                      throw Error.abi
                      if
                            (LidoSRv3.Audit.Source.SszWitnessAbi.word✝
                                        (st true 100 1 48 256).executionEnv.calldata.size -
                                      (st true 100 1 48 256).calldataload
                                        (LidoSRv3.Audit.Source.SszWitnessAbi.word✝ 4) -
                                    LidoSRv3.Audit.Source.SszWitnessAbi.word✝ 4).sltBool
                                (LidoSRv3.Audit.Source.SszWitnessAbi.word✝ 256) =
                              true then
                          do
                          throw Error.abi
                          pure ((st true 100 1 48 256).calldataload (LidoSRv3.Audit.Source.SszWitnessAbi.word✝ 4))
                        else do
                          pure PUnit.unit
                          pure ((st true 100 1 48 256).calldataload (LidoSRv3.Audit.Source.SszWitnessAbi.word✝ 4))
                    else do
                      pure PUnit.unit
                      if
                            (LidoSRv3.Audit.Source.SszWitnessAbi.word✝
                                        (st true 100 1 48 256).executionEnv.calldata.size -
                                      (st true 100 1 48 256).calldataload
                                        (LidoSRv3.Audit.Source.SszWitnessAbi.word✝ 4) -
                                    LidoSRv3.Audit.Source.SszWitnessAbi.word✝ 4).sltBool
                                (LidoSRv3.Audit.Source.SszWitnessAbi.word✝ 256) =
                              true then
                          do
                          throw Error.abi
                          pure ((st true 100 1 48 256).calldataload (LidoSRv3.Audit.Source.SszWitnessAbi.word✝ 4))
                        else do
                          pure PUnit.unit
                          pure ((st true 100 1 48 256).calldataload (LidoSRv3.Audit.Source.SszWitnessAbi.word✝ 4))
                else do
                  pure PUnit.unit
                  if
                        ((st true 100 1 48 256).calldataload (LidoSRv3.Audit.Source.SszWitnessAbi.word✝ 4)).toNat >
                          2 ^ 64 - 1 then
                      do
                      throw Error.abi
                      if
                            (LidoSRv3.Audit.Source.SszWitnessAbi.word✝
                                        (st true 100 1 48 256).executionEnv.calldata.size -
                                      (st true 100 1 48 256).calldataload
                                        (LidoSRv3.Audit.Source.SszWitnessAbi.word✝ 4) -
                                    LidoSRv3.Audit.Source.SszWitnessAbi.word✝ 4).sltBool
                                (LidoSRv3.Audit.Source.SszWitnessAbi.word✝ 256) =
                              true then
                          do
                          throw Error.abi
                          pure ((st true 100 1 48 256).calldataload (LidoSRv3.Audit.Source.SszWitnessAbi.word✝ 4))
                        else do
                          pure PUnit.unit
                          pure ((st true 100 1 48 256).calldataload (LidoSRv3.Audit.Source.SszWitnessAbi.word✝ 4))
                    else do
                      pure PUnit.unit
                      if
                            (LidoSRv3.Audit.Source.SszWitnessAbi.word✝
                                        (st true 100 1 48 256).executionEnv.calldata.size -
                                      (st true 100 1 48 256).calldataload
                                        (LidoSRv3.Audit.Source.SszWitnessAbi.word✝ 4) -
                                    LidoSRv3.Audit.Source.SszWitnessAbi.word✝ 4).sltBool
                                (LidoSRv3.Audit.Source.SszWitnessAbi.word✝ 256) =
                              true then
                          do
                          throw Error.abi
                          pure ((st true 100 1 48 256).calldataload (LidoSRv3.Audit.Source.SszWitnessAbi.word✝ 4))
                        else do
                          pure PUnit.unit
                          pure ((st true 100 1 48 256).calldataload (LidoSRv3.Audit.Source.SszWitnessAbi.word✝ 4))
            else do
              pure PUnit.unit
              if
                    (LidoSRv3.Audit.Source.SszWitnessAbi.word✝ (st true 100 1 48 256).executionEnv.calldata.size -
                            LidoSRv3.Audit.Source.SszWitnessAbi.word✝ 4).sltBool
                        (LidoSRv3.Audit.Source.SszWitnessAbi.word✝ 128) =
                      true then
                  do
                  throw Error.abi
                  if
                        ((st true 100 1 48 256).calldataload (LidoSRv3.Audit.Source.SszWitnessAbi.word✝ 4)).toNat >
                          2 ^ 64 - 1 then
                      do
                      throw Error.abi
                      if
                            (LidoSRv3.Audit.Source.SszWitnessAbi.word✝
                                        (st true 100 1 48 256).executionEnv.calldata.size -
                                      (st true 100 1 48 256).calldataload
                                        (LidoSRv3.Audit.Source.SszWitnessAbi.word✝ 4) -
                                    LidoSRv3.Audit.Source.SszWitnessAbi.word✝ 4).sltBool
                                (LidoSRv3.Audit.Source.SszWitnessAbi.word✝ 256) =
                              true then
                          do
                          throw Error.abi
                          pure ((st true 100 1 48 256).calldataload (LidoSRv3.Audit.Source.SszWitnessAbi.word✝ 4))
                        else do
                          pure PUnit.unit
                          pure ((st true 100 1 48 256).calldataload (LidoSRv3.Audit.Source.SszWitnessAbi.word✝ 4))
                    else do
                      pure PUnit.unit
                      if
                            (LidoSRv3.Audit.Source.SszWitnessAbi.word✝
                                        (st true 100 1 48 256).executionEnv.calldata.size -
                                      (st true 100 1 48 256).calldataload
                                        (LidoSRv3.Audit.Source.SszWitnessAbi.word✝ 4) -
                                    LidoSRv3.Audit.Source.SszWitnessAbi.word✝ 4).sltBool
                                (LidoSRv3.Audit.Source.SszWitnessAbi.word✝ 256) =
                              true then
                          do
                          throw Error.abi
                          pure ((st true 100 1 48 256).calldataload (LidoSRv3.Audit.Source.SszWitnessAbi.word✝ 4))
                        else do
                          pure PUnit.unit
                          pure ((st true 100 1 48 256).calldataload (LidoSRv3.Audit.Source.SszWitnessAbi.word✝ 4))
                else do
                  pure PUnit.unit
                  if
                        ((st true 100 1 48 256).calldataload (LidoSRv3.Audit.Source.SszWitnessAbi.word✝ 4)).toNat >
                          2 ^ 64 - 1 then
                      do
                      throw Error.abi
                      if
                            (LidoSRv3.Audit.Source.SszWitnessAbi.word✝
                                        (st true 100 1 48 256).executionEnv.calldata.size -
                                      (st true 100 1 48 256).calldataload
                                        (LidoSRv3.Audit.Source.SszWitnessAbi.word✝ 4) -
                                    LidoSRv3.Audit.Source.SszWitnessAbi.word✝ 4).sltBool
                                (LidoSRv3.Audit.Source.SszWitnessAbi.word✝ 256) =
                              true then
                          do
                          throw Error.abi
                          pure ((st true 100 1 48 256).calldataload (LidoSRv3.Audit.Source.SszWitnessAbi.word✝ 4))
                        else do
                          pure PUnit.unit
                          pure ((st true 100 1 48 256).calldataload (LidoSRv3.Audit.Source.SszWitnessAbi.word✝ 4))
                    else do
                      pure PUnit.unit
                      if
                            (LidoSRv3.Audit.Source.SszWitnessAbi.word✝
                                        (st true 100 1 48 256).executionEnv.calldata.size -
                                      (st true 100 1 48 256).calldataload
                                        (LidoSRv3.Audit.Source.SszWitnessAbi.word✝ 4) -
                                    LidoSRv3.Audit.Source.SszWitnessAbi.word✝ 4).sltBool
                                (LidoSRv3.Audit.Source.SszWitnessAbi.word✝ 256) =
                              true then
                          do
                          throw Error.abi
                          pure ((st true 100 1 48 256).calldataload (LidoSRv3.Audit.Source.SszWitnessAbi.word✝ 4))
                        else do
                          pure PUnit.unit
                          pure ((st true 100 1 48 256).calldataload (LidoSRv3.Audit.Source.SszWitnessAbi.word✝ 4))
        else do
          pure PUnit.unit
          if
                ((st true 100 1 48 256).calldataload (LidoSRv3.Audit.Source.SszWitnessAbi.word✝ 0)).toNat / 2 ^ 224 ≠
                  1003628481 then
              do
              throw Error.abi
              if
                    (LidoSRv3.Audit.Source.SszWitnessAbi.word✝ (st true 100 1 48 256).executionEnv.calldata.size -
                            LidoSRv3.Audit.Source.SszWitnessAbi.word✝ 4).sltBool
                        (LidoSRv3.Audit.Source.SszWitnessAbi.word✝ 128) =
                      true then
                  do
                  throw Error.abi
                  if
                        ((st true 100 1 48 256).calldataload (LidoSRv3.Audit.Source.SszWitnessAbi.word✝ 4)).toNat >
                          2 ^ 64 - 1 then
                      do
                      throw Error.abi
                      if
                            (LidoSRv3.Audit.Source.SszWitnessAbi.word✝
                                        (st true 100 1 48 256).executionEnv.calldata.size -
                                      (st true 100 1 48 256).calldataload
                                        (LidoSRv3.Audit.Source.SszWitnessAbi.word✝ 4) -
                                    LidoSRv3.Audit.Source.SszWitnessAbi.word✝ 4).sltBool
                                (LidoSRv3.Audit.Source.SszWitnessAbi.word✝ 256) =
                              true then
                          do
                          throw Error.abi
                          pure ((st true 100 1 48 256).calldataload (LidoSRv3.Audit.Source.SszWitnessAbi.word✝ 4))
                        else do
                          pure PUnit.unit
                          pure ((st true 100 1 48 256).calldataload (LidoSRv3.Audit.Source.SszWitnessAbi.word✝ 4))
                    else do
                      pure PUnit.unit
                      if
                            (LidoSRv3.Audit.Source.SszWitnessAbi.word✝
                                        (st true 100 1 48 256).executionEnv.calldata.size -
                                      (st true 100 1 48 256).calldataload
                                        (LidoSRv3.Audit.Source.SszWitnessAbi.word✝ 4) -
                                    LidoSRv3.Audit.Source.SszWitnessAbi.word✝ 4).sltBool
                                (LidoSRv3.Audit.Source.SszWitnessAbi.word✝ 256) =
                              true then
                          do
                          throw Error.abi
                          pure ((st true 100 1 48 256).calldataload (LidoSRv3.Audit.Source.SszWitnessAbi.word✝ 4))
                        else do
                          pure PUnit.unit
                          pure ((st true 100 1 48 256).calldataload (LidoSRv3.Audit.Source.SszWitnessAbi.word✝ 4))
                else do
                  pure PUnit.unit
                  if
                        ((st true 100 1 48 256).calldataload (LidoSRv3.Audit.Source.SszWitnessAbi.word✝ 4)).toNat >
                          2 ^ 64 - 1 then
                      do
                      throw Error.abi
                      if
                            (LidoSRv3.Audit.Source.SszWitnessAbi.word✝
                                        (st true 100 1 48 256).executionEnv.calldata.size -
                                      (st true 100 1 48 256).calldataload
                                        (LidoSRv3.Audit.Source.SszWitnessAbi.word✝ 4) -
                                    LidoSRv3.Audit.Source.SszWitnessAbi.word✝ 4).sltBool
                                (LidoSRv3.Audit.Source.SszWitnessAbi.word✝ 256) =
                              true then
                          do
                          throw Error.abi
                          pure ((st true 100 1 48 256).calldataload (LidoSRv3.Audit.Source.SszWitnessAbi.word✝ 4))
                        else do
                          pure PUnit.unit
                          pure ((st true 100 1 48 256).calldataload (LidoSRv3.Audit.Source.SszWitnessAbi.word✝ 4))
                    else do
                      pure PUnit.unit
                      if
                            (LidoSRv3.Audit.Source.SszWitnessAbi.word✝
                                        (st true 100 1 48 256).executionEnv.calldata.size -
                                      (st true 100 1 48 256).calldataload
                                        (LidoSRv3.Audit.Source.SszWitnessAbi.word✝ 4) -
                                    LidoSRv3.Audit.Source.SszWitnessAbi.word✝ 4).sltBool
                                (LidoSRv3.Audit.Source.SszWitnessAbi.word✝ 256) =
                              true then
                          do
                          throw Error.abi
                          pure ((st true 100 1 48 256).calldataload (LidoSRv3.Audit.Source.SszWitnessAbi.word✝ 4))
                        else do
                          pure PUnit.unit
                          pure ((st true 100 1 48 256).calldataload (LidoSRv3.Audit.Source.SszWitnessAbi.word✝ 4))
            else do
              pure PUnit.unit
              if
                    (LidoSRv3.Audit.Source.SszWitnessAbi.word✝ (st true 100 1 48 256).executionEnv.calldata.size -
                            LidoSRv3.Audit.Source.SszWitnessAbi.word✝ 4).sltBool
                        (LidoSRv3.Audit.Source.SszWitnessAbi.word✝ 128) =
                      true then
                  do
                  throw Error.abi
                  if
                        ((st true 100 1 48 256).calldataload (LidoSRv3.Audit.Source.SszWitnessAbi.word✝ 4)).toNat >
                          2 ^ 64 - 1 then
                      do
                      throw Error.abi
                      if
                            (LidoSRv3.Audit.Source.SszWitnessAbi.word✝
                                        (st true 100 1 48 256).executionEnv.calldata.size -
                                      (st true 100 1 48 256).calldataload
                                        (LidoSRv3.Audit.Source.SszWitnessAbi.word✝ 4) -
                                    LidoSRv3.Audit.Source.SszWitnessAbi.word✝ 4).sltBool
                                (LidoSRv3.Audit.Source.SszWitnessAbi.word✝ 256) =
                              true then
                          do
                          throw Error.abi
                          pure ((st true 100 1 48 256).calldataload (LidoSRv3.Audit.Source.SszWitnessAbi.word✝ 4))
                        else do
                          pure PUnit.unit
                          pure ((st true 100 1 48 256).calldataload (LidoSRv3.Audit.Source.SszWitnessAbi.word✝ 4))
                    else do
                      pure PUnit.unit
                      if
                            (LidoSRv3.Audit.Source.SszWitnessAbi.word✝
                                        (st true 100 1 48 256).executionEnv.calldata.size -
                                      (st true 100 1 48 256).calldataload
                                        (LidoSRv3.Audit.Source.SszWitnessAbi.word✝ 4) -
                                    LidoSRv3.Audit.Source.SszWitnessAbi.word✝ 4).sltBool
                                (LidoSRv3.Audit.Source.SszWitnessAbi.word✝ 256) =
                              true then
                          do
                          throw Error.abi
                          pure ((st true 100 1 48 256).calldataload (LidoSRv3.Audit.Source.SszWitnessAbi.word✝ 4))
                        else do
                          pure PUnit.unit
                          pure ((st true 100 1 48 256).calldataload (LidoSRv3.Audit.Source.SszWitnessAbi.word✝ 4))
                else do
                  pure PUnit.unit
                  if
                        ((st true 100 1 48 256).calldataload (LidoSRv3.Audit.Source.SszWitnessAbi.word✝ 4)).toNat >
                          2 ^ 64 - 1 then
                      do
                      throw Error.abi
                      if
                            (LidoSRv3.Audit.Source.SszWitnessAbi.word✝
                                        (st true 100 1 48 256).executionEnv.calldata.size -
                                      (st true 100 1 48 256).calldataload
                                        (LidoSRv3.Audit.Source.SszWitnessAbi.word✝ 4) -
                                    LidoSRv3.Audit.Source.SszWitnessAbi.word✝ 4).sltBool
                                (LidoSRv3.Audit.Source.SszWitnessAbi.word✝ 256) =
                              true then
                          do
                          throw Error.abi
                          pure ((st true 100 1 48 256).calldataload (LidoSRv3.Audit.Source.SszWitnessAbi.word✝ 4))
                        else do
                          pure PUnit.unit
                          pure ((st true 100 1 48 256).calldataload (LidoSRv3.Audit.Source.SszWitnessAbi.word✝ 4))
                    else do
                      pure PUnit.unit
                      if
                            (LidoSRv3.Audit.Source.SszWitnessAbi.word✝
                                        (st true 100 1 48 256).executionEnv.calldata.size -
                                      (st true 100 1 48 256).calldataload
                                        (LidoSRv3.Audit.Source.SszWitnessAbi.word✝ 4) -
                                    LidoSRv3.Audit.Source.SszWitnessAbi.word✝ 4).sltBool
                                (LidoSRv3.Audit.Source.SszWitnessAbi.word✝ 256) =
                              true then
                          do
                          throw Error.abi
                          pure ((st true 100 1 48 256).calldataload (LidoSRv3.Audit.Source.SszWitnessAbi.word✝ 4))
                        else do
                          pure PUnit.unit
                          pure ((st true 100 1 48 256).calldataload (LidoSRv3.Audit.Source.SszWitnessAbi.word✝ 4))) =
    Except.ok (w 256)

h0 : (st true 100 1 48 256).calldataload (w 0) = w (1003628481 * 2 ^ 224)
h4 : (st true 100 1 48 256).calldataload (w 4) = w 256
⊢ (if (st true 100 1 48 256).executionEnv.weiValue.toNat ≠ 0 then do
      throw Error.abi
      if (LidoSRv3.Audit.Source.SszWitnessAbi.word✝ (st true 100 1 48 256).executionEnv.calldata.size).toNat < 4 then do
          throw Error.abi
          if
                ((st true 100 1 48 256).calldataload (LidoSRv3.Audit.Source.SszWitnessAbi.word✝ 0)).toNat / 2 ^ 224 ≠
                  1003628481 then
              do
              throw Error.abi
              if
                    (LidoSRv3.Audit.Source.SszWitnessAbi.word✝ (st true 100 1 48 256).executionEnv.calldata.size -
                            LidoSRv3.Audit.Source.SszWitnessAbi.word✝ 4).sltBool
                        (LidoSRv3.Audit.Source.SszWitnessAbi.word✝ 128) =
                      true then
                  do
                  throw Error.abi
                  if
                        ((st true 100 1 48 256).calldataload (LidoSRv3.Audit.Source.SszWitnessAbi.word✝ 4)).toNat >
                          2 ^ 64 - 1 then
                      do
                      throw Error.abi
                      if
                            (LidoSRv3.Audit.Source.SszWitnessAbi.word✝
                                        (st true 100 1 48 256).executionEnv.calldata.size -
                                      (st true 100 1 48 256).calldataload
                                        (LidoSRv3.Audit.Source.SszWitnessAbi.word✝ 4) -
                                    LidoSRv3.Audit.Source.SszWitnessAbi.word✝ 4).sltBool
                                (LidoSRv3.Audit.Source.SszWitnessAbi.word✝ 256) =
                              true then
                          do
                          throw Error.abi
                          pure ((st true 100 1 48 256).calldataload (LidoSRv3.Audit.Source.SszWitnessAbi.word✝ 4))
                        else do
                          pure PUnit.unit
                          pure ((st true 100 1 48 256).calldataload (LidoSRv3.Audit.Source.SszWitnessAbi.word✝ 4))
                    else do
                      pure PUnit.unit
                      if
                            (LidoSRv3.Audit.Source.SszWitnessAbi.word✝
                                        (st true 100 1 48 256).executionEnv.calldata.size -
                                      (st true 100 1 48 256).calldataload
                                        (LidoSRv3.Audit.Source.SszWitnessAbi.word✝ 4) -
                                    LidoSRv3.Audit.Source.SszWitnessAbi.word✝ 4).sltBool
                                (LidoSRv3.Audit.Source.SszWitnessAbi.word✝ 256) =
                              true then
                          do
                          throw Error.abi
                          pure ((st true 100 1 48 256).calldataload (LidoSRv3.Audit.Source.SszWitnessAbi.word✝ 4))
                        else do
                          pure PUnit.unit
                          pure ((st true 100 1 48 256).calldataload (LidoSRv3.Audit.Source.SszWitnessAbi.word✝ 4))
                else do
                  pure PUnit.unit
                  if
                        ((st true 100 1 48 256).calldataload (LidoSRv3.Audit.Source.SszWitnessAbi.word✝ 4)).toNat >
                          2 ^ 64 - 1 then
                      do
                      throw Error.abi
                      if
                            (LidoSRv3.Audit.Source.SszWitnessAbi.word✝
                                        (st true 100 1 48 256).executionEnv.calldata.size -
                                      (st true 100 1 48 256).calldataload
                                        (LidoSRv3.Audit.Source.SszWitnessAbi.word✝ 4) -
                                    LidoSRv3.Audit.Source.SszWitnessAbi.word✝ 4).sltBool
                                (LidoSRv3.Audit.Source.SszWitnessAbi.word✝ 256) =
                              true then
                          do
                          throw Error.abi
                          pure ((st true 100 1 48 256).calldataload (LidoSRv3.Audit.Source.SszWitnessAbi.word✝ 4))
                        else do
                          pure PUnit.unit
                          pure ((st true 100 1 48 256).calldataload (LidoSRv3.Audit.Source.SszWitnessAbi.word✝ 4))
                    else do
                      pure PUnit.unit
                      if
                            (LidoSRv3.Audit.Source.SszWitnessAbi.word✝
                                        (st true 100 1 48 256).executionEnv.calldata.size -
                                      (st true 100 1 48 256).calldataload
                                        (LidoSRv3.Audit.Source.SszWitnessAbi.word✝ 4) -
                                    LidoSRv3.Audit.Source.SszWitnessAbi.word✝ 4).sltBool
                                (LidoSRv3.Audit.Source.SszWitnessAbi.word✝ 256) =
                              true then
                          do
                          throw Error.abi
                          pure ((st true 100 1 48 256).calldataload (LidoSRv3.Audit.Source.SszWitnessAbi.word✝ 4))
                        else do
                          pure PUnit.unit
                          pure ((st true 100 1 48 256).calldataload (LidoSRv3.Audit.Source.SszWitnessAbi.word✝ 4))
            else do
              pure PUnit.unit
              if
                    (LidoSRv3.Audit.Source.SszWitnessAbi.word✝ (st true 100 1 48 256).executionEnv.calldata.size -
                            LidoSRv3.Audit.Source.SszWitnessAbi.word✝ 4).sltBool
                        (LidoSRv3.Audit.Source.SszWitnessAbi.word✝ 128) =
                      true then
                  do
                  throw Error.abi
                  if
                        ((st true 100 1 48 256).calldataload (LidoSRv3.Audit.Source.SszWitnessAbi.word✝ 4)).toNat >
                          2 ^ 64 - 1 then
                      do
                      throw Error.abi
                      if
                            (LidoSRv3.Audit.Source.SszWitnessAbi.word✝
                                        (st true 100 1 48 256).executionEnv.calldata.size -
                                      (st true 100 1 48 256).calldataload
                                        (LidoSRv3.Audit.Source.SszWitnessAbi.word✝ 4) -
                                    LidoSRv3.Audit.Source.SszWitnessAbi.word✝ 4).sltBool
                                (LidoSRv3.Audit.Source.SszWitnessAbi.word✝ 256) =
                              true then
                          do
                          throw Error.abi
                          pure ((st true 100 1 48 256).calldataload (LidoSRv3.Audit.Source.SszWitnessAbi.word✝ 4))
                        else do
                          pure PUnit.unit
                          pure ((st true 100 1 48 256).calldataload (LidoSRv3.Audit.Source.SszWitnessAbi.word✝ 4))
                    else do
                      pure PUnit.unit
                      if
                            (LidoSRv3.Audit.Source.SszWitnessAbi.word✝
                                        (st true 100 1 48 256).executionEnv.calldata.size -
                                      (st true 100 1 48 256).calldataload
                                        (LidoSRv3.Audit.Source.SszWitnessAbi.word✝ 4) -
                                    LidoSRv3.Audit.Source.SszWitnessAbi.word✝ 4).sltBool
                                (LidoSRv3.Audit.Source.SszWitnessAbi.word✝ 256) =
                              true then
                          do
                          throw Error.abi
                          pure ((st true 100 1 48 256).calldataload (LidoSRv3.Audit.Source.SszWitnessAbi.word✝ 4))
                        else do
                          pure PUnit.unit
                          pure ((st true 100 1 48 256).calldataload (LidoSRv3.Audit.Source.SszWitnessAbi.word✝ 4))
                else do
                  pure PUnit.unit
                  if
                        ((st true 100 1 48 256).calldataload (LidoSRv3.Audit.Source.SszWitnessAbi.word✝ 4)).toNat >
                          2 ^ 64 - 1 then
                      do
                      throw Error.abi
                      if
                            (LidoSRv3.Audit.Source.SszWitnessAbi.word✝
                                        (st true 100 1 48 256).executionEnv.calldata.size -
                                      (st true 100 1 48 256).calldataload
                                        (LidoSRv3.Audit.Source.SszWitnessAbi.word✝ 4) -
                                    LidoSRv3.Audit.Source.SszWitnessAbi.word✝ 4).sltBool
                                (LidoSRv3.Audit.Source.SszWitnessAbi.word✝ 256) =
                              true then
                          do
                          throw Error.abi
                          pure ((st true 100 1 48 256).calldataload (LidoSRv3.Audit.Source.SszWitnessAbi.word✝ 4))
                        else do
                          pure PUnit.unit
                          pure ((st true 100 1 48 256).calldataload (LidoSRv3.Audit.Source.SszWitnessAbi.word✝ 4))
                    else do
                      pure PUnit.unit
                      if
                            (LidoSRv3.Audit.Source.SszWitnessAbi.word✝
                                        (st true 100 1 48 256).executionEnv.calldata.size -
                                      (st true 100 1 48 256).calldataload
                                        (LidoSRv3.Audit.Source.SszWitnessAbi.word✝ 4) -
                                    LidoSRv3.Audit.Source.SszWitnessAbi.word✝ 4).sltBool
                                (LidoSRv3.Audit.Source.SszWitnessAbi.word✝ 256) =
                              true then
                          do
                          throw Error.abi
                          pure ((st true 100 1 48 256).calldataload (LidoSRv3.Audit.Source.SszWitnessAbi.word✝ 4))
                        else do
                          pure PUnit.unit
                          pure ((st true 100 1 48 256).calldataload (LidoSRv3.Audit.Source.SszWitnessAbi.word✝ 4))
        else do
          pure PUnit.unit
          if
                ((st true 100 1 48 256).calldataload (LidoSRv3.Audit.Source.SszWitnessAbi.word✝ 0)).toNat / 2 ^ 224 ≠
                  1003628481 then
              do
              throw Error.abi
              if
                    (LidoSRv3.Audit.Source.SszWitnessAbi.word✝ (st true 100 1 48 256).executionEnv.calldata.size -
                            LidoSRv3.Audit.Source.SszWitnessAbi.word✝ 4).sltBool
                        (LidoSRv3.Audit.Source.SszWitnessAbi.word✝ 128) =
                      true then
                  do
                  throw Error.abi
                  if
                        ((st true 100 1 48 256).calldataload (LidoSRv3.Audit.Source.SszWitnessAbi.word✝ 4)).toNat >
                          2 ^ 64 - 1 then
                      do
                      throw Error.abi
                      if
                            (LidoSRv3.Audit.Source.SszWitnessAbi.word✝
                                        (st true 100 1 48 256).executionEnv.calldata.size -
                                      (st true 100 1 48 256).calldataload
                                        (LidoSRv3.Audit.Source.SszWitnessAbi.word✝ 4) -
                                    LidoSRv3.Audit.Source.SszWitnessAbi.word✝ 4).sltBool
                                (LidoSRv3.Audit.Source.SszWitnessAbi.word✝ 256) =
                              true then
                          do
                          throw Error.abi
                          pure ((st true 100 1 48 256).calldataload (LidoSRv3.Audit.Source.SszWitnessAbi.word✝ 4))
                        else do
                          pure PUnit.unit
                          pure ((st true 100 1 48 256).calldataload (LidoSRv3.Audit.Source.SszWitnessAbi.word✝ 4))
                    else do
                      pure PUnit.unit
                      if
                            (LidoSRv3.Audit.Source.SszWitnessAbi.word✝
                                        (st true 100 1 48 256).executionEnv.calldata.size -
                                      (st true 100 1 48 256).calldataload
                                        (LidoSRv3.Audit.Source.SszWitnessAbi.word✝ 4) -
                                    LidoSRv3.Audit.Source.SszWitnessAbi.word✝ 4).sltBool
                                (LidoSRv3.Audit.Source.SszWitnessAbi.word✝ 256) =
                              true then
                          do
                          throw Error.abi
                          pure ((st true 100 1 48 256).calldataload (LidoSRv3.Audit.Source.SszWitnessAbi.word✝ 4))
                        else do
                          pure PUnit.unit
                          pure ((st true 100 1 48 256).calldataload (LidoSRv3.Audit.Source.SszWitnessAbi.word✝ 4))
                else do
                  pure PUnit.unit
                  if
                        ((st true 100 1 48 256).calldataload (LidoSRv3.Audit.Source.SszWitnessAbi.word✝ 4)).toNat >
                          2 ^ 64 - 1 then
                      do
                      throw Error.abi
                      if
                            (LidoSRv3.Audit.Source.SszWitnessAbi.word✝
                                        (st true 100 1 48 256).executionEnv.calldata.size -
                                      (st true 100 1 48 256).calldataload
                                        (LidoSRv3.Audit.Source.SszWitnessAbi.word✝ 4) -
                                    LidoSRv3.Audit.Source.SszWitnessAbi.word✝ 4).sltBool
                                (LidoSRv3.Audit.Source.SszWitnessAbi.word✝ 256) =
                              true then
                          do
                          throw Error.abi
                          pure ((st true 100 1 48 256).calldataload (LidoSRv3.Audit.Source.SszWitnessAbi.word✝ 4))
                        else do
                          pure PUnit.unit
                          pure ((st true 100 1 48 256).calldataload (LidoSRv3.Audit.Source.SszWitnessAbi.word✝ 4))
                    else do
                      pure PUnit.unit
                      if
                            (LidoSRv3.Audit.Source.SszWitnessAbi.word✝
                                        (st true 100 1 48 256).executionEnv.calldata.size -
                                      (st true 100 1 48 256).calldataload
                                        (LidoSRv3.Audit.Source.SszWitnessAbi.word✝ 4) -
                                    LidoSRv3.Audit.Source.SszWitnessAbi.word✝ 4).sltBool
                                (LidoSRv3.Audit.Source.SszWitnessAbi.word✝ 256) =
                              true then
                          do
                          throw Error.abi
                          pure ((st true 100 1 48 256).calldataload (LidoSRv3.Audit.Source.SszWitnessAbi.word✝ 4))
                        else do
                          pure PUnit.unit
                          pure ((st true 100 1 48 256).calldataload (LidoSRv3.Audit.Source.SszWitnessAbi.word✝ 4))
            else do
              pure PUnit.unit
              if
                    (LidoSRv3.Audit.Source.SszWitnessAbi.word✝ (st true 100 1 48 256).executionEnv.calldata.size -
                            LidoSRv3.Audit.Source.SszWitnessAbi.word✝ 4).sltBool
                        (LidoSRv3.Audit.Source.SszWitnessAbi.word✝ 128) =
                      true then
                  do
                  throw Error.abi
                  if
                        ((st true 100 1 48 256).calldataload (LidoSRv3.Audit.Source.SszWitnessAbi.word✝ 4)).toNat >
                          2 ^ 64 - 1 then
                      do
                      throw Error.abi
                      if
                            (LidoSRv3.Audit.Source.SszWitnessAbi.word✝
                                        (st true 100 1 48 256).executionEnv.calldata.size -
                                      (st true 100 1 48 256).calldataload
                                        (LidoSRv3.Audit.Source.SszWitnessAbi.word✝ 4) -
                                    LidoSRv3.Audit.Source.SszWitnessAbi.word✝ 4).sltBool
                                (LidoSRv3.Audit.Source.SszWitnessAbi.word✝ 256) =
                              true then
                          do
                          throw Error.abi
                          pure ((st true 100 1 48 256).calldataload (LidoSRv3.Audit.Source.SszWitnessAbi.word✝ 4))
                        else do
                          pure PUnit.unit
                          pure ((st true 100 1 48 256).calldataload (LidoSRv3.Audit.Source.SszWitnessAbi.word✝ 4))
                    else do
                      pure PUnit.unit
                      if
                            (LidoSRv3.Audit.Source.SszWitnessAbi.word✝
                                        (st true 100 1 48 256).executionEnv.calldata.size -
                                      (st true 100 1 48 256).calldataload
                                        (LidoSRv3.Audit.Source.SszWitnessAbi.word✝ 4) -
                                    LidoSRv3.Audit.Source.SszWitnessAbi.word✝ 4).sltBool
                                (LidoSRv3.Audit.Source.SszWitnessAbi.word✝ 256) =
                              true then
                          do
                          throw Error.abi
                          pure ((st true 100 1 48 256).calldataload (LidoSRv3.Audit.Source.SszWitnessAbi.word✝ 4))
                        else do
                          pure PUnit.unit
                          pure ((st true 100 1 48 256).calldataload (LidoSRv3.Audit.Source.SszWitnessAbi.word✝ 4))
                else do
                  pure PUnit.unit
                  if
                        ((st true 100 1 48 256).calldataload (LidoSRv3.Audit.Source.SszWitnessAbi.word✝ 4)).toNat >
                          2 ^ 64 - 1 then
                      do
                      throw Error.abi
                      if
                            (LidoSRv3.Audit.Source.SszWitnessAbi.word✝
                                        (st true 100 1 48 256).executionEnv.calldata.size -
                                      (st true 100 1 48 256).calldataload
                                        (LidoSRv3.Audit.Source.SszWitnessAbi.word✝ 4) -
                                    LidoSRv3.Audit.Source.SszWitnessAbi.word✝ 4).sltBool
                                (LidoSRv3.Audit.Source.SszWitnessAbi.word✝ 256) =
                              true then
                          do
                          throw Error.abi
                          pure ((st true 100 1 48 256).calldataload (LidoSRv3.Audit.Source.SszWitnessAbi.word✝ 4))
                        else do
                          pure PUnit.unit
                          pure ((st true 100 1 48 256).calldataload (LidoSRv3.Audit.Source.SszWitnessAbi.word✝ 4))
                    else do
                      pure PUnit.unit
                      if
                            (LidoSRv3.Audit.Source.SszWitnessAbi.word✝
                                        (st true 100 1 48 256).executionEnv.calldata.size -
                                      (st true 100 1 48 256).calldataload
                                        (LidoSRv3.Audit.Source.SszWitnessAbi.word✝ 4) -
                                    LidoSRv3.Audit.Source.SszWitnessAbi.word✝ 4).sltBool
                                (LidoSRv3.Audit.Source.SszWitnessAbi.word✝ 256) =
                              true then
                          do
                          throw Error.abi
                          pure ((st true 100 1 48 256).calldataload (LidoSRv3.Audit.Source.SszWitnessAbi.word✝ 4))
                        else do
                          pure PUnit.unit
                          pure ((st true 100 1 48 256).calldataload (LidoSRv3.Audit.Source.SszWitnessAbi.word✝ 4))
    else do
      pure PUnit.unit
      if (LidoSRv3.Audit.Source.SszWitnessAbi.word✝ (st true 100 1 48 256).executionEnv.calldata.size).toNat < 4 then do
          throw Error.abi
          if
                ((st true 100 1 48 256).calldataload (LidoSRv3.Audit.Source.SszWitnessAbi.word✝ 0)).toNat / 2 ^ 224 ≠
                  1003628481 then
              do
              throw Error.abi
              if
                    (LidoSRv3.Audit.Source.SszWitnessAbi.word✝ (st true 100 1 48 256).executionEnv.calldata.size -
                            LidoSRv3.Audit.Source.SszWitnessAbi.word✝ 4).sltBool
                        (LidoSRv3.Audit.Source.SszWitnessAbi.word✝ 128) =
                      true then
                  do
                  throw Error.abi
                  if
                        ((st true 100 1 48 256).calldataload (LidoSRv3.Audit.Source.SszWitnessAbi.word✝ 4)).toNat >
                          2 ^ 64 - 1 then
                      do
                      throw Error.abi
                      if
                            (LidoSRv3.Audit.Source.SszWitnessAbi.word✝
                                        (st true 100 1 48 256).executionEnv.calldata.size -
                                      (st true 100 1 48 256).calldataload
                                        (LidoSRv3.Audit.Source.SszWitnessAbi.word✝ 4) -
                                    LidoSRv3.Audit.Source.SszWitnessAbi.word✝ 4).sltBool
                                (LidoSRv3.Audit.Source.SszWitnessAbi.word✝ 256) =
                              true then
                          do
                          throw Error.abi
                          pure ((st true 100 1 48 256).calldataload (LidoSRv3.Audit.Source.SszWitnessAbi.word✝ 4))
                        else do
                          pure PUnit.unit
                          pure ((st true 100 1 48 256).calldataload (LidoSRv3.Audit.Source.SszWitnessAbi.word✝ 4))
                    else do
                      pure PUnit.unit
                      if
                            (LidoSRv3.Audit.Source.SszWitnessAbi.word✝
                                        (st true 100 1 48 256).executionEnv.calldata.size -
                                      (st true 100 1 48 256).calldataload
                                        (LidoSRv3.Audit.Source.SszWitnessAbi.word✝ 4) -
                                    LidoSRv3.Audit.Source.SszWitnessAbi.word✝ 4).sltBool
                                (LidoSRv3.Audit.Source.SszWitnessAbi.word✝ 256) =
                              true then
                          do
                          throw Error.abi
                          pure ((st true 100 1 48 256).calldataload (LidoSRv3.Audit.Source.SszWitnessAbi.word✝ 4))
                        else do
                          pure PUnit.unit
                          pure ((st true 100 1 48 256).calldataload (LidoSRv3.Audit.Source.SszWitnessAbi.word✝ 4))
                else do
                  pure PUnit.unit
                  if
                        ((st true 100 1 48 256).calldataload (LidoSRv3.Audit.Source.SszWitnessAbi.word✝ 4)).toNat >
                          2 ^ 64 - 1 then
                      do
                      throw Error.abi
                      if
                            (LidoSRv3.Audit.Source.SszWitnessAbi.word✝
                                        (st true 100 1 48 256).executionEnv.calldata.size -
                                      (st true 100 1 48 256).calldataload
                                        (LidoSRv3.Audit.Source.SszWitnessAbi.word✝ 4) -
                                    LidoSRv3.Audit.Source.SszWitnessAbi.word✝ 4).sltBool
                                (LidoSRv3.Audit.Source.SszWitnessAbi.word✝ 256) =
                              true then
                          do
                          throw Error.abi
                          pure ((st true 100 1 48 256).calldataload (LidoSRv3.Audit.Source.SszWitnessAbi.word✝ 4))
                        else do
                          pure PUnit.unit
                          pure ((st true 100 1 48 256).calldataload (LidoSRv3.Audit.Source.SszWitnessAbi.word✝ 4))
                    else do
                      pure PUnit.unit
                      if
                            (LidoSRv3.Audit.Source.SszWitnessAbi.word✝
                                        (st true 100 1 48 256).executionEnv.calldata.size -
                                      (st true 100 1 48 256).calldataload
                                        (LidoSRv3.Audit.Source.SszWitnessAbi.word✝ 4) -
                                    LidoSRv3.Audit.Source.SszWitnessAbi.word✝ 4).sltBool
                                (LidoSRv3.Audit.Source.SszWitnessAbi.word✝ 256) =
                              true then
                          do
                          throw Error.abi
                          pure ((st true 100 1 48 256).calldataload (LidoSRv3.Audit.Source.SszWitnessAbi.word✝ 4))
                        else do
                          pure PUnit.unit
                          pure ((st true 100 1 48 256).calldataload (LidoSRv3.Audit.Source.SszWitnessAbi.word✝ 4))
            else do
              pure PUnit.unit
              if
                    (LidoSRv3.Audit.Source.SszWitnessAbi.word✝ (st true 100 1 48 256).executionEnv.calldata.size -
                            LidoSRv3.Audit.Source.SszWitnessAbi.word✝ 4).sltBool
                        (LidoSRv3.Audit.Source.SszWitnessAbi.word✝ 128) =
                      true then
                  do
                  throw Error.abi
                  if
                        ((st true 100 1 48 256).calldataload (LidoSRv3.Audit.Source.SszWitnessAbi.word✝ 4)).toNat >
                          2 ^ 64 - 1 then
                      do
                      throw Error.abi
                      if
                            (LidoSRv3.Audit.Source.SszWitnessAbi.word✝
                                        (st true 100 1 48 256).executionEnv.calldata.size -
                                      (st true 100 1 48 256).calldataload
                                        (LidoSRv3.Audit.Source.SszWitnessAbi.word✝ 4) -
                                    LidoSRv3.Audit.Source.SszWitnessAbi.word✝ 4).sltBool
                                (LidoSRv3.Audit.Source.SszWitnessAbi.word✝ 256) =
                              true then
                          do
                          throw Error.abi
                          pure ((st true 100 1 48 256).calldataload (LidoSRv3.Audit.Source.SszWitnessAbi.word✝ 4))
                        else do
                          pure PUnit.unit
                          pure ((st true 100 1 48 256).calldataload (LidoSRv3.Audit.Source.SszWitnessAbi.word✝ 4))
                    else do
                      pure PUnit.unit
                      if
                            (LidoSRv3.Audit.Source.SszWitnessAbi.word✝
                                        (st true 100 1 48 256).executionEnv.calldata.size -
                                      (st true 100 1 48 256).calldataload
                                        (LidoSRv3.Audit.Source.SszWitnessAbi.word✝ 4) -
                                    LidoSRv3.Audit.Source.SszWitnessAbi.word✝ 4).sltBool
                                (LidoSRv3.Audit.Source.SszWitnessAbi.word✝ 256) =
                              true then
                          do
                          throw Error.abi
                          pure ((st true 100 1 48 256).calldataload (LidoSRv3.Audit.Source.SszWitnessAbi.word✝ 4))
                        else do
                          pure PUnit.unit
                          pure ((st true 100 1 48 256).calldataload (LidoSRv3.Audit.Source.SszWitnessAbi.word✝ 4))
                else do
                  pure PUnit.unit
                  if
                        ((st true 100 1 48 256).calldataload (LidoSRv3.Audit.Source.SszWitnessAbi.word✝ 4)).toNat >
                          2 ^ 64 - 1 then
                      do
                      throw Error.abi
                      if
                            (LidoSRv3.Audit.Source.SszWitnessAbi.word✝
                                        (st true 100 1 48 256).executionEnv.calldata.size -
                                      (st true 100 1 48 256).calldataload
                                        (LidoSRv3.Audit.Source.SszWitnessAbi.word✝ 4) -
                                    LidoSRv3.Audit.Source.SszWitnessAbi.word✝ 4).sltBool
                                (LidoSRv3.Audit.Source.SszWitnessAbi.word✝ 256) =
                              true then
                          do
                          throw Error.abi
                          pure ((st true 100 1 48 256).calldataload (LidoSRv3.Audit.Source.SszWitnessAbi.word✝ 4))
                        else do
                          pure PUnit.unit
                          pure ((st true 100 1 48 256).calldataload (LidoSRv3.Audit.Source.SszWitnessAbi.word✝ 4))
                    else do
                      pure PUnit.unit
                      if
                            (LidoSRv3.Audit.Source.SszWitnessAbi.word✝
                                        (st true 100 1 48 256).executionEnv.calldata.size -
                                      (st true 100 1 48 256).calldataload
                                        (LidoSRv3.Audit.Source.SszWitnessAbi.word✝ 4) -
                                    LidoSRv3.Audit.Source.SszWitnessAbi.word✝ 4).sltBool
                                (LidoSRv3.Audit.Source.SszWitnessAbi.word✝ 256) =
                              true then
                          do
                          throw Error.abi
                          pure ((st true 100 1 48 256).calldataload (LidoSRv3.Audit.Source.SszWitnessAbi.word✝ 4))
                        else do
                          pure PUnit.unit
                          pure ((st true 100 1 48 256).calldataload (LidoSRv3.Audit.Source.SszWitnessAbi.word✝ 4))
        else do
          pure PUnit.unit
          if
                ((st true 100 1 48 256).calldataload (LidoSRv3.Audit.Source.SszWitnessAbi.word✝ 0)).toNat / 2 ^ 224 ≠
                  1003628481 then
              do
              throw Error.abi
              if
                    (LidoSRv3.Audit.Source.SszWitnessAbi.word✝ (st true 100 1 48 256).executionEnv.calldata.size -
                            LidoSRv3.Audit.Source.SszWitnessAbi.word✝ 4).sltBool
                        (LidoSRv3.Audit.Source.SszWitnessAbi.word✝ 128) =
                      true then
                  do
                  throw Error.abi
                  if
                        ((st true 100 1 48 256).calldataload (LidoSRv3.Audit.Source.SszWitnessAbi.word✝ 4)).toNat >
                          2 ^ 64 - 1 then
                      do
                      throw Error.abi
                      if
                            (LidoSRv3.Audit.Source.SszWitnessAbi.word✝
                                        (st true 100 1 48 256).executionEnv.calldata.size -
                                      (st true 100 1 48 256).calldataload
                                        (LidoSRv3.Audit.Source.SszWitnessAbi.word✝ 4) -
                                    LidoSRv3.Audit.Source.SszWitnessAbi.word✝ 4).sltBool
                                (LidoSRv3.Audit.Source.SszWitnessAbi.word✝ 256) =
                              true then
                          do
                          throw Error.abi
                          pure ((st true 100 1 48 256).calldataload (LidoSRv3.Audit.Source.SszWitnessAbi.word✝ 4))
                        else do
                          pure PUnit.unit
                          pure ((st true 100 1 48 256).calldataload (LidoSRv3.Audit.Source.SszWitnessAbi.word✝ 4))
                    else do
                      pure PUnit.unit
                      if
                            (LidoSRv3.Audit.Source.SszWitnessAbi.word✝
                                        (st true 100 1 48 256).executionEnv.calldata.size -
                                      (st true 100 1 48 256).calldataload
                                        (LidoSRv3.Audit.Source.SszWitnessAbi.word✝ 4) -
                                    LidoSRv3.Audit.Source.SszWitnessAbi.word✝ 4).sltBool
                                (LidoSRv3.Audit.Source.SszWitnessAbi.word✝ 256) =
                              true then
                          do
                          throw Error.abi
                          pure ((st true 100 1 48 256).calldataload (LidoSRv3.Audit.Source.SszWitnessAbi.word✝ 4))
                        else do
                          pure PUnit.unit
                          pure ((st true 100 1 48 256).calldataload (LidoSRv3.Audit.Source.SszWitnessAbi.word✝ 4))
                else do
                  pure PUnit.unit
                  if
                        ((st true 100 1 48 256).calldataload (LidoSRv3.Audit.Source.SszWitnessAbi.word✝ 4)).toNat >
                          2 ^ 64 - 1 then
                      do
                      throw Error.abi
                      if
                            (LidoSRv3.Audit.Source.SszWitnessAbi.word✝
                                        (st true 100 1 48 256).executionEnv.calldata.size -
                                      (st true 100 1 48 256).calldataload
                                        (LidoSRv3.Audit.Source.SszWitnessAbi.word✝ 4) -
                                    LidoSRv3.Audit.Source.SszWitnessAbi.word✝ 4).sltBool
                                (LidoSRv3.Audit.Source.SszWitnessAbi.word✝ 256) =
                              true then
                          do
                          throw Error.abi
                          pure ((st true 100 1 48 256).calldataload (LidoSRv3.Audit.Source.SszWitnessAbi.word✝ 4))
                        else do
                          pure PUnit.unit
                          pure ((st true 100 1 48 256).calldataload (LidoSRv3.Audit.Source.SszWitnessAbi.word✝ 4))
                    else do
                      pure PUnit.unit
                      if
                            (LidoSRv3.Audit.Source.SszWitnessAbi.word✝
                                        (st true 100 1 48 256).executionEnv.calldata.size -
                                      (st true 100 1 48 256).calldataload
                                        (LidoSRv3.Audit.Source.SszWitnessAbi.word✝ 4) -
                                    LidoSRv3.Audit.Source.SszWitnessAbi.word✝ 4).sltBool
                                (LidoSRv3.Audit.Source.SszWitnessAbi.word✝ 256) =
                              true then
                          do
                          throw Error.abi
                          pure ((st true 100 1 48 256).calldataload (LidoSRv3.Audit.Source.SszWitnessAbi.word✝ 4))
                        else do
                          pure PUnit.unit
                          pure ((st true 100 1 48 256).calldataload (LidoSRv3.Audit.Source.SszWitnessAbi.word✝ 4))
            else do
              pure PUnit.unit
              if
                    (LidoSRv3.Audit.Source.SszWitnessAbi.word✝ (st true 100 1 48 256).executionEnv.calldata.size -
                            LidoSRv3.Audit.Source.SszWitnessAbi.word✝ 4).sltBool
                        (LidoSRv3.Audit.Source.SszWitnessAbi.word✝ 128) =
                      true then
                  do
                  throw Error.abi
                  if
                        ((st true 100 1 48 256).calldataload (LidoSRv3.Audit.Source.SszWitnessAbi.word✝ 4)).toNat >
                          2 ^ 64 - 1 then
                      do
                      throw Error.abi
                      if
                            (LidoSRv3.Audit.Source.SszWitnessAbi.word✝
                                        (st true 100 1 48 256).executionEnv.calldata.size -
                                      (st true 100 1 48 256).calldataload
                                        (LidoSRv3.Audit.Source.SszWitnessAbi.word✝ 4) -
                                    LidoSRv3.Audit.Source.SszWitnessAbi.word✝ 4).sltBool
                                (LidoSRv3.Audit.Source.SszWitnessAbi.word✝ 256) =
                              true then
                          do
                          throw Error.abi
                          pure ((st true 100 1 48 256).calldataload (LidoSRv3.Audit.Source.SszWitnessAbi.word✝ 4))
                        else do
                          pure PUnit.unit
                          pure ((st true 100 1 48 256).calldataload (LidoSRv3.Audit.Source.SszWitnessAbi.word✝ 4))
                    else do
                      pure PUnit.unit
                      if
                            (LidoSRv3.Audit.Source.SszWitnessAbi.word✝
                                        (st true 100 1 48 256).executionEnv.calldata.size -
                                      (st true 100 1 48 256).calldataload
                                        (LidoSRv3.Audit.Source.SszWitnessAbi.word✝ 4) -
                                    LidoSRv3.Audit.Source.SszWitnessAbi.word✝ 4).sltBool
                                (LidoSRv3.Audit.Source.SszWitnessAbi.word✝ 256) =
                              true then
                          do
                          throw Error.abi
                          pure ((st true 100 1 48 256).calldataload (LidoSRv3.Audit.Source.SszWitnessAbi.word✝ 4))
                        else do
                          pure PUnit.unit
                          pure ((st true 100 1 48 256).calldataload (LidoSRv3.Audit.Source.SszWitnessAbi.word✝ 4))
                else do
                  pure PUnit.unit
                  if
                        ((st true 100 1 48 256).calldataload (LidoSRv3.Audit.Source.SszWitnessAbi.word✝ 4)).toNat >
                          2 ^ 64 - 1 then
                      do
                      throw Error.abi
                      if
                            (LidoSRv3.Audit.Source.SszWitnessAbi.word✝
                                        (st true 100 1 48 256).executionEnv.calldata.size -
                                      (st true 100 1 48 256).calldataload
                                        (LidoSRv3.Audit.Source.SszWitnessAbi.word✝ 4) -
                                    LidoSRv3.Audit.Source.SszWitnessAbi.word✝ 4).sltBool
                                (LidoSRv3.Audit.Source.SszWitnessAbi.word✝ 256) =
                              true then
                          do
                          throw Error.abi
                          pure ((st true 100 1 48 256).calldataload (LidoSRv3.Audit.Source.SszWitnessAbi.word✝ 4))
                        else do
                          pure PUnit.unit
                          pure ((st true 100 1 48 256).calldataload (LidoSRv3.Audit.Source.SszWitnessAbi.word✝ 4))
                    else do
                      pure PUnit.unit
                      if
                            (LidoSRv3.Audit.Source.SszWitnessAbi.word✝
                                        (st true 100 1 48 256).executionEnv.calldata.size -
                                      (st true 100 1 48 256).calldataload
                                        (LidoSRv3.Audit.Source.SszWitnessAbi.word✝ 4) -
                                    LidoSRv3.Audit.Source.SszWitnessAbi.word✝ 4).sltBool
                                (LidoSRv3.Audit.Source.SszWitnessAbi.word✝ 256) =
                              true then
                          do
                          throw Error.abi
                          pure ((st true 100 1 48 256).calldataload (LidoSRv3.Audit.Source.SszWitnessAbi.word✝ 4))
                        else do
                          pure PUnit.unit
                          pure ((st true 100 1 48 256).calldataload (LidoSRv3.Audit.Source.SszWitnessAbi.word✝ 4))) =
    Except.ok (w 256)
warning: LidoSRv3/Tests/SszWitnessAbiMutants.lean:59:45: This simp argument is unused:
  read64

Hint: Omit it from the simp argument list.
  simp (disch := decide +kernel) only [tail, read6̵4̵,̵ ̵r̵e̵a̵d̵Bool, EvmYul.State.calldataload, calldata_read_fit]

Note: This linter can be disabled with `set_option linter.unusedSimpArgs false`
warning: LidoSRv3/Tests/SszWitnessAbiMutants.lean:59:53: This simp argument is unused:
  readBool

Hint: Omit it from the simp argument list.
  simp (disch := decide +kernel) only [tail, read64, r̵e̵a̵d̵B̵o̵o̵l̵,̵ ̵EvmYul.State.calldataload, calldata_read_fit]

Note: This linter can be disabled with `set_option linter.unusedSimpArgs false`
warning: LidoSRv3/Tests/SszWitnessAbiMutants.lean:64:45: This simp argument is unused:
  read64

Hint: Omit it from the simp argument list.
  simp (disch := decide +kernel) only [tail, read6̵4̵,̵ ̵r̵e̵a̵d̵Bool, EvmYul.State.calldataload, calldata_read_fit]

Note: This linter can be disabled with `set_option linter.unusedSimpArgs false`
warning: LidoSRv3/Tests/SszWitnessAbiMutants.lean:64:53: This simp argument is unused:
  readBool

Hint: Omit it from the simp argument list.
  simp (disch := decide +kernel) only [tail, read64, r̵e̵a̵d̵B̵o̵o̵l̵,̵ ̵EvmYul.State.calldataload, calldata_read_fit]

Note: This linter can be disabled with `set_option linter.unusedSimpArgs false`
warning: LidoSRv3/Tests/SszWitnessAbiMutants.lean:69:45: This simp argument is unused:
  read64

Hint: Omit it from the simp argument list.
  simp (disch := decide +kernel) only [tail, read6̵4̵,̵ ̵r̵e̵a̵d̵Bool, EvmYul.State.calldataload, calldata_read_fit]

Note: This linter can be disabled with `set_option linter.unusedSimpArgs false`
warning: LidoSRv3/Tests/SszWitnessAbiMutants.lean:69:53: This simp argument is unused:
  readBool

Hint: Omit it from the simp argument list.
  simp (disch := decide +kernel) only [tail, read64, r̵e̵a̵d̵B̵o̵o̵l̵,̵ ̵EvmYul.State.calldataload, calldata_read_fit]

Note: This linter can be disabled with `set_option linter.unusedSimpArgs false`
warning: LidoSRv3/Tests/SszWitnessAbiMutants.lean:75:39: This simp argument is unused:
  tail

Hint: Omit it from the simp argument list.
  simp (disch := decide +kernel) only [t̵a̵i̵l̵,̵ ̵read64, readBool, EvmYul.State.calldataload,
  ̲  ̲ ̲ ̲calldata_read_fit]

Note: This linter can be disabled with `set_option linter.unusedSimpArgs false`
warning: LidoSRv3/Tests/SszWitnessAbiMutants.lean:75:53: This simp argument is unused:
  readBool

Hint: Omit it from the simp argument list.
  simp (disch := decide +kernel) only [tail, read64, r̵e̵a̵d̵B̵o̵o̵l̵,̵ ̵EvmYul.State.calldataload, calldata_read_fit]

Note: This linter can be disabled with `set_option linter.unusedSimpArgs false`
warning: LidoSRv3/Tests/SszWitnessAbiMutants.lean:79:39: This simp argument is unused:
  tail

Hint: Omit it from the simp argument list.
  simp (disch := decide +kernel) only [t̵a̵i̵l̵,̵ ̵read64, readBool, EvmYul.State.calldataload,
  ̲  ̲ ̲ ̲calldata_read_fit]

Note: This linter can be disabled with `set_option linter.unusedSimpArgs false`
warning: LidoSRv3/Tests/SszWitnessAbiMutants.lean:79:53: This simp argument is unused:
  readBool

Hint: Omit it from the simp argument list.
  simp (disch := decide +kernel) only [tail, read64, r̵e̵a̵d̵B̵o̵o̵l̵,̵ ̵EvmYul.State.calldataload, calldata_read_fit]

Note: This linter can be disabled with `set_option linter.unusedSimpArgs false`
warning: LidoSRv3/Tests/SszWitnessAbiMutants.lean:83:39: This simp argument is unused:
  tail

Hint: Omit it from the simp argument list.
  simp (disch := decide +kernel) only [t̵a̵i̵l̵,̵ ̵read64, readBool, EvmYul.State.calldataload,
  ̲  ̲ ̲ ̲calldata_read_fit]

Note: This linter can be disabled with `set_option linter.unusedSimpArgs false`
warning: LidoSRv3/Tests/SszWitnessAbiMutants.lean:83:45: This simp argument is unused:
  read64

Hint: Omit it from the simp argument list.
  simp (disch := decide +kernel) only [tail, read6̵4̵,̵ ̵r̵e̵a̵d̵Bool, EvmYul.State.calldataload, calldata_read_fit]

Note: This linter can be disabled with `set_option linter.unusedSimpArgs false`
error: LidoSRv3/Tests/SszWitnessAbiMutants.lean:101:8: Tactic `rewrite` failed: Did not find an occurrence of the pattern
  (st false (2 ^ 64) 2 48 (2 ^ 64 - 1)).calldataload (w 0)
in the target expression
  (if (st false (2 ^ 64) 2 48 (2 ^ 64 - 1)).executionEnv.weiValue.toNat ≠ 0 then do
      throw Error.abi
      if
            (LidoSRv3.Audit.Source.SszWitnessAbi.word✝
                  (st false (2 ^ 64) 2 48 (2 ^ 64 - 1)).executionEnv.calldata.size).toNat <
              4 then
          do
          throw Error.abi
          if
                ((st false (2 ^ 64) 2 48 (2 ^ 64 - 1)).calldataload
                        (LidoSRv3.Audit.Source.SszWitnessAbi.word✝ 0)).toNat /
                    2 ^ 224 ≠
                  1003628481 then
              do
              throw Error.abi
              if
                    (LidoSRv3.Audit.Source.SszWitnessAbi.word✝
                              (st false (2 ^ 64) 2 48 (2 ^ 64 - 1)).executionEnv.calldata.size -
                            LidoSRv3.Audit.Source.SszWitnessAbi.word✝ 4).sltBool
                        (LidoSRv3.Audit.Source.SszWitnessAbi.word✝ 128) =
                      true then
                  do
                  throw Error.abi
                  if
                        ((st false (2 ^ 64) 2 48 (2 ^ 64 - 1)).calldataload
                              (LidoSRv3.Audit.Source.SszWitnessAbi.word✝ 4)).toNat >
                          2 ^ 64 - 1 then
                      do
                      throw Error.abi
                      if
                            (LidoSRv3.Audit.Source.SszWitnessAbi.word✝
                                        (st false (2 ^ 64) 2 48 (2 ^ 64 - 1)).executionEnv.calldata.size -
                                      (st false (2 ^ 64) 2 48 (2 ^ 64 - 1)).calldataload
                                        (LidoSRv3.Audit.Source.SszWitnessAbi.word✝ 4) -
                                    LidoSRv3.Audit.Source.SszWitnessAbi.word✝ 4).sltBool
                                (LidoSRv3.Audit.Source.SszWitnessAbi.word✝ 256) =
                              true then
                          do
                          throw Error.abi
                          pure
                              ((st false (2 ^ 64) 2 48 (2 ^ 64 - 1)).calldataload
                                (LidoSRv3.Audit.Source.SszWitnessAbi.word✝ 4))
                        else do
                          pure PUnit.unit
                          pure
                              ((st false (2 ^ 64) 2 48 (2 ^ 64 - 1)).calldataload
                                (LidoSRv3.Audit.Source.SszWitnessAbi.word✝ 4))
                    else do
                      pure PUnit.unit
                      if
                            (LidoSRv3.Audit.Source.SszWitnessAbi.word✝
                                        (st false (2 ^ 64) 2 48 (2 ^ 64 - 1)).executionEnv.calldata.size -
                                      (st false (2 ^ 64) 2 48 (2 ^ 64 - 1)).calldataload
                                        (LidoSRv3.Audit.Source.SszWitnessAbi.word✝ 4) -
                                    LidoSRv3.Audit.Source.SszWitnessAbi.word✝ 4).sltBool
                                (LidoSRv3.Audit.Source.SszWitnessAbi.word✝ 256) =
                              true then
                          do
                          throw Error.abi
                          pure
                              ((st false (2 ^ 64) 2 48 (2 ^ 64 - 1)).calldataload
                                (LidoSRv3.Audit.Source.SszWitnessAbi.word✝ 4))
                        else do
                          pure PUnit.unit
                          pure
                              ((st false (2 ^ 64) 2 48 (2 ^ 64 - 1)).calldataload
                                (LidoSRv3.Audit.Source.SszWitnessAbi.word✝ 4))
                else do
                  pure PUnit.unit
                  if
                        ((st false (2 ^ 64) 2 48 (2 ^ 64 - 1)).calldataload
                              (LidoSRv3.Audit.Source.SszWitnessAbi.word✝ 4)).toNat >
                          2 ^ 64 - 1 then
                      do
                      throw Error.abi
                      if
                            (LidoSRv3.Audit.Source.SszWitnessAbi.word✝
                                        (st false (2 ^ 64) 2 48 (2 ^ 64 - 1)).executionEnv.calldata.size -
                                      (st false (2 ^ 64) 2 48 (2 ^ 64 - 1)).calldataload
                                        (LidoSRv3.Audit.Source.SszWitnessAbi.word✝ 4) -
                                    LidoSRv3.Audit.Source.SszWitnessAbi.word✝ 4).sltBool
                                (LidoSRv3.Audit.Source.SszWitnessAbi.word✝ 256) =
                              true then
                          do
                          throw Error.abi
                          pure
                              ((st false (2 ^ 64) 2 48 (2 ^ 64 - 1)).calldataload
                                (LidoSRv3.Audit.Source.SszWitnessAbi.word✝ 4))
                        else do
                          pure PUnit.unit
                          pure
                              ((st false (2 ^ 64) 2 48 (2 ^ 64 - 1)).calldataload
                                (LidoSRv3.Audit.Source.SszWitnessAbi.word✝ 4))
                    else do
                      pure PUnit.unit
                      if
                            (LidoSRv3.Audit.Source.SszWitnessAbi.word✝
                                        (st false (2 ^ 64) 2 48 (2 ^ 64 - 1)).executionEnv.calldata.size -
                                      (st false (2 ^ 64) 2 48 (2 ^ 64 - 1)).calldataload
                                        (LidoSRv3.Audit.Source.SszWitnessAbi.word✝ 4) -
                                    LidoSRv3.Audit.Source.SszWitnessAbi.word✝ 4).sltBool
                                (LidoSRv3.Audit.Source.SszWitnessAbi.word✝ 256) =
                              true then
                          do
                          throw Error.abi
                          pure
                              ((st false (2 ^ 64) 2 48 (2 ^ 64 - 1)).calldataload
                                (LidoSRv3.Audit.Source.SszWitnessAbi.word✝ 4))
                        else do
                          pure PUnit.unit
                          pure
                              ((st false (2 ^ 64) 2 48 (2 ^ 64 - 1)).calldataload
                                (LidoSRv3.Audit.Source.SszWitnessAbi.word✝ 4))
            else do
              pure PUnit.unit
              if
                    (LidoSRv3.Audit.Source.SszWitnessAbi.word✝
                              (st false (2 ^ 64) 2 48 (2 ^ 64 - 1)).executionEnv.calldata.size -
                            LidoSRv3.Audit.Source.SszWitnessAbi.word✝ 4).sltBool
                        (LidoSRv3.Audit.Source.SszWitnessAbi.word✝ 128) =
                      true then
                  do
                  throw Error.abi
                  if
                        ((st false (2 ^ 64) 2 48 (2 ^ 64 - 1)).calldataload
                              (LidoSRv3.Audit.Source.SszWitnessAbi.word✝ 4)).toNat >
                          2 ^ 64 - 1 then
                      do
                      throw Error.abi
                      if
                            (LidoSRv3.Audit.Source.SszWitnessAbi.word✝
                                        (st false (2 ^ 64) 2 48 (2 ^ 64 - 1)).executionEnv.calldata.size -
                                      (st false (2 ^ 64) 2 48 (2 ^ 64 - 1)).calldataload
                                        (LidoSRv3.Audit.Source.SszWitnessAbi.word✝ 4) -
                                    LidoSRv3.Audit.Source.SszWitnessAbi.word✝ 4).sltBool
                                (LidoSRv3.Audit.Source.SszWitnessAbi.word✝ 256) =
                              true then
                          do
                          throw Error.abi
                          pure
                              ((st false (2 ^ 64) 2 48 (2 ^ 64 - 1)).calldataload
                                (LidoSRv3.Audit.Source.SszWitnessAbi.word✝ 4))
                        else do
                          pure PUnit.unit
                          pure
                              ((st false (2 ^ 64) 2 48 (2 ^ 64 - 1)).calldataload
                                (LidoSRv3.Audit.Source.SszWitnessAbi.word✝ 4))
                    else do
                      pure PUnit.unit
                      if
                            (LidoSRv3.Audit.Source.SszWitnessAbi.word✝
                                        (st false (2 ^ 64) 2 48 (2 ^ 64 - 1)).executionEnv.calldata.size -
                                      (st false (2 ^ 64) 2 48 (2 ^ 64 - 1)).calldataload
                                        (LidoSRv3.Audit.Source.SszWitnessAbi.word✝ 4) -
                                    LidoSRv3.Audit.Source.SszWitnessAbi.word✝ 4).sltBool
                                (LidoSRv3.Audit.Source.SszWitnessAbi.word✝ 256) =
                              true then
                          do
                          throw Error.abi
                          pure
                              ((st false (2 ^ 64) 2 48 (2 ^ 64 - 1)).calldataload
                                (LidoSRv3.Audit.Source.SszWitnessAbi.word✝ 4))
                        else do
                          pure PUnit.unit
                          pure
                              ((st false (2 ^ 64) 2 48 (2 ^ 64 - 1)).calldataload
                                (LidoSRv3.Audit.Source.SszWitnessAbi.word✝ 4))
                else do
                  pure PUnit.unit
                  if
                        ((st false (2 ^ 64) 2 48 (2 ^ 64 - 1)).calldataload
                              (LidoSRv3.Audit.Source.SszWitnessAbi.word✝ 4)).toNat >
                          2 ^ 64 - 1 then
                      do
                      throw Error.abi
                      if
                            (LidoSRv3.Audit.Source.SszWitnessAbi.word✝
                                        (st false (2 ^ 64) 2 48 (2 ^ 64 - 1)).executionEnv.calldata.size -
                                      (st false (2 ^ 64) 2 48 (2 ^ 64 - 1)).calldataload
                                        (LidoSRv3.Audit.Source.SszWitnessAbi.word✝ 4) -
                                    LidoSRv3.Audit.Source.SszWitnessAbi.word✝ 4).sltBool
                                (LidoSRv3.Audit.Source.SszWitnessAbi.word✝ 256) =
                              true then
                          do
                          throw Error.abi
                          pure
                              ((st false (2 ^ 64) 2 48 (2 ^ 64 - 1)).calldataload
                                (LidoSRv3.Audit.Source.SszWitnessAbi.word✝ 4))
                        else do
                          pure PUnit.unit
                          pure
                              ((st false (2 ^ 64) 2 48 (2 ^ 64 - 1)).calldataload
                                (LidoSRv3.Audit.Source.SszWitnessAbi.word✝ 4))
                    else do
                      pure PUnit.unit
                      if
                            (LidoSRv3.Audit.Source.SszWitnessAbi.word✝
                                        (st false (2 ^ 64) 2 48 (2 ^ 64 - 1)).executionEnv.calldata.size -
                                      (st false (2 ^ 64) 2 48 (2 ^ 64 - 1)).calldataload
                                        (LidoSRv3.Audit.Source.SszWitnessAbi.word✝ 4) -
                                    LidoSRv3.Audit.Source.SszWitnessAbi.word✝ 4).sltBool
                                (LidoSRv3.Audit.Source.SszWitnessAbi.word✝ 256) =
                              true then
                          do
                          throw Error.abi
                          pure
                              ((st false (2 ^ 64) 2 48 (2 ^ 64 - 1)).calldataload
                                (LidoSRv3.Audit.Source.SszWitnessAbi.word✝ 4))
                        else do
                          pure PUnit.unit
                          pure
                              ((st false (2 ^ 64) 2 48 (2 ^ 64 - 1)).calldataload
                                (LidoSRv3.Audit.Source.SszWitnessAbi.word✝ 4))
        else do
          pure PUnit.unit
          if
                ((st false (2 ^ 64) 2 48 (2 ^ 64 - 1)).calldataload
                        (LidoSRv3.Audit.Source.SszWitnessAbi.word✝ 0)).toNat /
                    2 ^ 224 ≠
                  1003628481 then
              do
              throw Error.abi
              if
                    (LidoSRv3.Audit.Source.SszWitnessAbi.word✝
                              (st false (2 ^ 64) 2 48 (2 ^ 64 - 1)).executionEnv.calldata.size -
                            LidoSRv3.Audit.Source.SszWitnessAbi.word✝ 4).sltBool
                        (LidoSRv3.Audit.Source.SszWitnessAbi.word✝ 128) =
                      true then
                  do
                  throw Error.abi
                  if
                        ((st false (2 ^ 64) 2 48 (2 ^ 64 - 1)).calldataload
                              (LidoSRv3.Audit.Source.SszWitnessAbi.word✝ 4)).toNat >
                          2 ^ 64 - 1 then
                      do
                      throw Error.abi
                      if
                            (LidoSRv3.Audit.Source.SszWitnessAbi.word✝
                                        (st false (2 ^ 64) 2 48 (2 ^ 64 - 1)).executionEnv.calldata.size -
                                      (st false (2 ^ 64) 2 48 (2 ^ 64 - 1)).calldataload
                                        (LidoSRv3.Audit.Source.SszWitnessAbi.word✝ 4) -
                                    LidoSRv3.Audit.Source.SszWitnessAbi.word✝ 4).sltBool
                                (LidoSRv3.Audit.Source.SszWitnessAbi.word✝ 256) =
                              true then
                          do
                          throw Error.abi
                          pure
                              ((st false (2 ^ 64) 2 48 (2 ^ 64 - 1)).calldataload
                                (LidoSRv3.Audit.Source.SszWitnessAbi.word✝ 4))
                        else do
                          pure PUnit.unit
                          pure
                              ((st false (2 ^ 64) 2 48 (2 ^ 64 - 1)).calldataload
                                (LidoSRv3.Audit.Source.SszWitnessAbi.word✝ 4))
                    else do
                      pure PUnit.unit
                      if
                            (LidoSRv3.Audit.Source.SszWitnessAbi.word✝
                                        (st false (2 ^ 64) 2 48 (2 ^ 64 - 1)).executionEnv.calldata.size -
                                      (st false (2 ^ 64) 2 48 (2 ^ 64 - 1)).calldataload
                                        (LidoSRv3.Audit.Source.SszWitnessAbi.word✝ 4) -
                                    LidoSRv3.Audit.Source.SszWitnessAbi.word✝ 4).sltBool
                                (LidoSRv3.Audit.Source.SszWitnessAbi.word✝ 256) =
                              true then
                          do
                          throw Error.abi
                          pure
                              ((st false (2 ^ 64) 2 48 (2 ^ 64 - 1)).calldataload
                                (LidoSRv3.Audit.Source.SszWitnessAbi.word✝ 4))
                        else do
                          pure PUnit.unit
                          pure
                              ((st false (2 ^ 64) 2 48 (2 ^ 64 - 1)).calldataload
                                (LidoSRv3.Audit.Source.SszWitnessAbi.word✝ 4))
                else do
                  pure PUnit.unit
                  if
                        ((st false (2 ^ 64) 2 48 (2 ^ 64 - 1)).calldataload
                              (LidoSRv3.Audit.Source.SszWitnessAbi.word✝ 4)).toNat >
                          2 ^ 64 - 1 then
                      do
                      throw Error.abi
                      if
                            (LidoSRv3.Audit.Source.SszWitnessAbi.word✝
                                        (st false (2 ^ 64) 2 48 (2 ^ 64 - 1)).executionEnv.calldata.size -
                                      (st false (2 ^ 64) 2 48 (2 ^ 64 - 1)).calldataload
                                        (LidoSRv3.Audit.Source.SszWitnessAbi.word✝ 4) -
                                    LidoSRv3.Audit.Source.SszWitnessAbi.word✝ 4).sltBool
                                (LidoSRv3.Audit.Source.SszWitnessAbi.word✝ 256) =
                              true then
                          do
                          throw Error.abi
                          pure
                              ((st false (2 ^ 64) 2 48 (2 ^ 64 - 1)).calldataload
                                (LidoSRv3.Audit.Source.SszWitnessAbi.word✝ 4))
                        else do
                          pure PUnit.unit
                          pure
                              ((st false (2 ^ 64) 2 48 (2 ^ 64 - 1)).calldataload
                                (LidoSRv3.Audit.Source.SszWitnessAbi.word✝ 4))
                    else do
                      pure PUnit.unit
                      if
                            (LidoSRv3.Audit.Source.SszWitnessAbi.word✝
                                        (st false (2 ^ 64) 2 48 (2 ^ 64 - 1)).executionEnv.calldata.size -
                                      (st false (2 ^ 64) 2 48 (2 ^ 64 - 1)).calldataload
                                        (LidoSRv3.Audit.Source.SszWitnessAbi.word✝ 4) -
                                    LidoSRv3.Audit.Source.SszWitnessAbi.word✝ 4).sltBool
                                (LidoSRv3.Audit.Source.SszWitnessAbi.word✝ 256) =
                              true then
                          do
                          throw Error.abi
                          pure
                              ((st false (2 ^ 64) 2 48 (2 ^ 64 - 1)).calldataload
                                (LidoSRv3.Audit.Source.SszWitnessAbi.word✝ 4))
                        else do
                          pure PUnit.unit
                          pure
                              ((st false (2 ^ 64) 2 48 (2 ^ 64 - 1)).calldataload
                                (LidoSRv3.Audit.Source.SszWitnessAbi.word✝ 4))
            else do
              pure PUnit.unit
              if
                    (LidoSRv3.Audit.Source.SszWitnessAbi.word✝
                              (st false (2 ^ 64) 2 48 (2 ^ 64 - 1)).executionEnv.calldata.size -
                            LidoSRv3.Audit.Source.SszWitnessAbi.word✝ 4).sltBool
                        (LidoSRv3.Audit.Source.SszWitnessAbi.word✝ 128) =
                      true then
                  do
                  throw Error.abi
                  if
                        ((st false (2 ^ 64) 2 48 (2 ^ 64 - 1)).calldataload
                              (LidoSRv3.Audit.Source.SszWitnessAbi.word✝ 4)).toNat >
                          2 ^ 64 - 1 then
                      do
                      throw Error.abi
                      if
                            (LidoSRv3.Audit.Source.SszWitnessAbi.word✝
                                        (st false (2 ^ 64) 2 48 (2 ^ 64 - 1)).executionEnv.calldata.size -
                                      (st false (2 ^ 64) 2 48 (2 ^ 64 - 1)).calldataload
                                        (LidoSRv3.Audit.Source.SszWitnessAbi.word✝ 4) -
                                    LidoSRv3.Audit.Source.SszWitnessAbi.word✝ 4).sltBool
                                (LidoSRv3.Audit.Source.SszWitnessAbi.word✝ 256) =
                              true then
                          do
                          throw Error.abi
                          pure
                              ((st false (2 ^ 64) 2 48 (2 ^ 64 - 1)).calldataload
                                (LidoSRv3.Audit.Source.SszWitnessAbi.word✝ 4))
                        else do
                          pure PUnit.unit
                          pure
                              ((st false (2 ^ 64) 2 48 (2 ^ 64 - 1)).calldataload
                                (LidoSRv3.Audit.Source.SszWitnessAbi.word✝ 4))
                    else do
                      pure PUnit.unit
                      if
                            (LidoSRv3.Audit.Source.SszWitnessAbi.word✝
                                        (st false (2 ^ 64) 2 48 (2 ^ 64 - 1)).executionEnv.calldata.size -
                                      (st false (2 ^ 64) 2 48 (2 ^ 64 - 1)).calldataload
                                        (LidoSRv3.Audit.Source.SszWitnessAbi.word✝ 4) -
                                    LidoSRv3.Audit.Source.SszWitnessAbi.word✝ 4).sltBool
                                (LidoSRv3.Audit.Source.SszWitnessAbi.word✝ 256) =
                              true then
                          do
                          throw Error.abi
                          pure
                              ((st false (2 ^ 64) 2 48 (2 ^ 64 - 1)).calldataload
                                (LidoSRv3.Audit.Source.SszWitnessAbi.word✝ 4))
                        else do
                          pure PUnit.unit
                          pure
                              ((st false (2 ^ 64) 2 48 (2 ^ 64 - 1)).calldataload
                                (LidoSRv3.Audit.Source.SszWitnessAbi.word✝ 4))
                else do
                  pure PUnit.unit
                  if
                        ((st false (2 ^ 64) 2 48 (2 ^ 64 - 1)).calldataload
                              (LidoSRv3.Audit.Source.SszWitnessAbi.word✝ 4)).toNat >
                          2 ^ 64 - 1 then
                      do
                      throw Error.abi
                      if
                            (LidoSRv3.Audit.Source.SszWitnessAbi.word✝
                                        (st false (2 ^ 64) 2 48 (2 ^ 64 - 1)).executionEnv.calldata.size -
                                      (st false (2 ^ 64) 2 48 (2 ^ 64 - 1)).calldataload
                                        (LidoSRv3.Audit.Source.SszWitnessAbi.word✝ 4) -
                                    LidoSRv3.Audit.Source.SszWitnessAbi.word✝ 4).sltBool
                                (LidoSRv3.Audit.Source.SszWitnessAbi.word✝ 256) =
                              true then
                          do
                          throw Error.abi
                          pure
                              ((st false (2 ^ 64) 2 48 (2 ^ 64 - 1)).calldataload
                                (LidoSRv3.Audit.Source.SszWitnessAbi.word✝ 4))
                        else do
                          pure PUnit.unit
                          pure
                              ((st false (2 ^ 64) 2 48 (2 ^ 64 - 1)).calldataload
                                (LidoSRv3.Audit.Source.SszWitnessAbi.word✝ 4))
                    else do
                      pure PUnit.unit
                      if
                            (LidoSRv3.Audit.Source.SszWitnessAbi.word✝
                                        (st false (2 ^ 64) 2 48 (2 ^ 64 - 1)).executionEnv.calldata.size -
                                      (st false (2 ^ 64) 2 48 (2 ^ 64 - 1)).calldataload
                                        (LidoSRv3.Audit.Source.SszWitnessAbi.word✝ 4) -
                                    LidoSRv3.Audit.Source.SszWitnessAbi.word✝ 4).sltBool
                                (LidoSRv3.Audit.Source.SszWitnessAbi.word✝ 256) =
                              true then
                          do
                          throw Error.abi
                          pure
                              ((st false (2 ^ 64) 2 48 (2 ^ 64 - 1)).calldataload
                                (LidoSRv3.Audit.Source.SszWitnessAbi.word✝ 4))
                        else do
                          pure PUnit.unit
                          pure
                              ((st false (2 ^ 64) 2 48 (2 ^ 64 - 1)).calldataload
                                (LidoSRv3.Audit.Source.SszWitnessAbi.word✝ 4))
    else do
      pure PUnit.unit
      if
            (LidoSRv3.Audit.Source.SszWitnessAbi.word✝
                  (st false (2 ^ 64) 2 48 (2 ^ 64 - 1)).executionEnv.calldata.size).toNat <
              4 then
          do
          throw Error.abi
          if
                ((st false (2 ^ 64) 2 48 (2 ^ 64 - 1)).calldataload
                        (LidoSRv3.Audit.Source.SszWitnessAbi.word✝ 0)).toNat /
                    2 ^ 224 ≠
                  1003628481 then
              do
              throw Error.abi
              if
                    (LidoSRv3.Audit.Source.SszWitnessAbi.word✝
                              (st false (2 ^ 64) 2 48 (2 ^ 64 - 1)).executionEnv.calldata.size -
                            LidoSRv3.Audit.Source.SszWitnessAbi.word✝ 4).sltBool
                        (LidoSRv3.Audit.Source.SszWitnessAbi.word✝ 128) =
                      true then
                  do
                  throw Error.abi
                  if
                        ((st false (2 ^ 64) 2 48 (2 ^ 64 - 1)).calldataload
                              (LidoSRv3.Audit.Source.SszWitnessAbi.word✝ 4)).toNat >
                          2 ^ 64 - 1 then
                      do
                      throw Error.abi
                      if
                            (LidoSRv3.Audit.Source.SszWitnessAbi.word✝
                                        (st false (2 ^ 64) 2 48 (2 ^ 64 - 1)).executionEnv.calldata.size -
                                      (st false (2 ^ 64) 2 48 (2 ^ 64 - 1)).calldataload
                                        (LidoSRv3.Audit.Source.SszWitnessAbi.word✝ 4) -
                                    LidoSRv3.Audit.Source.SszWitnessAbi.word✝ 4).sltBool
                                (LidoSRv3.Audit.Source.SszWitnessAbi.word✝ 256) =
                              true then
                          do
                          throw Error.abi
                          pure
                              ((st false (2 ^ 64) 2 48 (2 ^ 64 - 1)).calldataload
                                (LidoSRv3.Audit.Source.SszWitnessAbi.word✝ 4))
                        else do
                          pure PUnit.unit
                          pure
                              ((st false (2 ^ 64) 2 48 (2 ^ 64 - 1)).calldataload
                                (LidoSRv3.Audit.Source.SszWitnessAbi.word✝ 4))
                    else do
                      pure PUnit.unit
                      if
                            (LidoSRv3.Audit.Source.SszWitnessAbi.word✝
                                        (st false (2 ^ 64) 2 48 (2 ^ 64 - 1)).executionEnv.calldata.size -
                                      (st false (2 ^ 64) 2 48 (2 ^ 64 - 1)).calldataload
                                        (LidoSRv3.Audit.Source.SszWitnessAbi.word✝ 4) -
                                    LidoSRv3.Audit.Source.SszWitnessAbi.word✝ 4).sltBool
                                (LidoSRv3.Audit.Source.SszWitnessAbi.word✝ 256) =
                              true then
                          do
                          throw Error.abi
                          pure
                              ((st false (2 ^ 64) 2 48 (2 ^ 64 - 1)).calldataload
                                (LidoSRv3.Audit.Source.SszWitnessAbi.word✝ 4))
                        else do
                          pure PUnit.unit
                          pure
                              ((st false (2 ^ 64) 2 48 (2 ^ 64 - 1)).calldataload
                                (LidoSRv3.Audit.Source.SszWitnessAbi.word✝ 4))
                else do
                  pure PUnit.unit
                  if
                        ((st false (2 ^ 64) 2 48 (2 ^ 64 - 1)).calldataload
                              (LidoSRv3.Audit.Source.SszWitnessAbi.word✝ 4)).toNat >
                          2 ^ 64 - 1 then
                      do
                      throw Error.abi
                      if
                            (LidoSRv3.Audit.Source.SszWitnessAbi.word✝
                                        (st false (2 ^ 64) 2 48 (2 ^ 64 - 1)).executionEnv.calldata.size -
                                      (st false (2 ^ 64) 2 48 (2 ^ 64 - 1)).calldataload
                                        (LidoSRv3.Audit.Source.SszWitnessAbi.word✝ 4) -
                                    LidoSRv3.Audit.Source.SszWitnessAbi.word✝ 4).sltBool
                                (LidoSRv3.Audit.Source.SszWitnessAbi.word✝ 256) =
                              true then
                          do
                          throw Error.abi
                          pure
                              ((st false (2 ^ 64) 2 48 (2 ^ 64 - 1)).calldataload
                                (LidoSRv3.Audit.Source.SszWitnessAbi.word✝ 4))
                        else do
                          pure PUnit.unit
                          pure
                              ((st false (2 ^ 64) 2 48 (2 ^ 64 - 1)).calldataload
                                (LidoSRv3.Audit.Source.SszWitnessAbi.word✝ 4))
                    else do
                      pure PUnit.unit
                      if
                            (LidoSRv3.Audit.Source.SszWitnessAbi.word✝
                                        (st false (2 ^ 64) 2 48 (2 ^ 64 - 1)).executionEnv.calldata.size -
                                      (st false (2 ^ 64) 2 48 (2 ^ 64 - 1)).calldataload
                                        (LidoSRv3.Audit.Source.SszWitnessAbi.word✝ 4) -
                                    LidoSRv3.Audit.Source.SszWitnessAbi.word✝ 4).sltBool
                                (LidoSRv3.Audit.Source.SszWitnessAbi.word✝ 256) =
                              true then
                          do
                          throw Error.abi
                          pure
                              ((st false (2 ^ 64) 2 48 (2 ^ 64 - 1)).calldataload
                                (LidoSRv3.Audit.Source.SszWitnessAbi.word✝ 4))
                        else do
                          pure PUnit.unit
                          pure
                              ((st false (2 ^ 64) 2 48 (2 ^ 64 - 1)).calldataload
                                (LidoSRv3.Audit.Source.SszWitnessAbi.word✝ 4))
            else do
              pure PUnit.unit
              if
                    (LidoSRv3.Audit.Source.SszWitnessAbi.word✝
                              (st false (2 ^ 64) 2 48 (2 ^ 64 - 1)).executionEnv.calldata.size -
                            LidoSRv3.Audit.Source.SszWitnessAbi.word✝ 4).sltBool
                        (LidoSRv3.Audit.Source.SszWitnessAbi.word✝ 128) =
                      true then
                  do
                  throw Error.abi
                  if
                        ((st false (2 ^ 64) 2 48 (2 ^ 64 - 1)).calldataload
                              (LidoSRv3.Audit.Source.SszWitnessAbi.word✝ 4)).toNat >
                          2 ^ 64 - 1 then
                      do
                      throw Error.abi
                      if
                            (LidoSRv3.Audit.Source.SszWitnessAbi.word✝
                                        (st false (2 ^ 64) 2 48 (2 ^ 64 - 1)).executionEnv.calldata.size -
                                      (st false (2 ^ 64) 2 48 (2 ^ 64 - 1)).calldataload
                                        (LidoSRv3.Audit.Source.SszWitnessAbi.word✝ 4) -
                                    LidoSRv3.Audit.Source.SszWitnessAbi.word✝ 4).sltBool
                                (LidoSRv3.Audit.Source.SszWitnessAbi.word✝ 256) =
                              true then
                          do
                          throw Error.abi
                          pure
                              ((st false (2 ^ 64) 2 48 (2 ^ 64 - 1)).calldataload
                                (LidoSRv3.Audit.Source.SszWitnessAbi.word✝ 4))
                        else do
                          pure PUnit.unit
                          pure
                              ((st false (2 ^ 64) 2 48 (2 ^ 64 - 1)).calldataload
                                (LidoSRv3.Audit.Source.SszWitnessAbi.word✝ 4))
                    else do
                      pure PUnit.unit
                      if
                            (LidoSRv3.Audit.Source.SszWitnessAbi.word✝
                                        (st false (2 ^ 64) 2 48 (2 ^ 64 - 1)).executionEnv.calldata.size -
                                      (st false (2 ^ 64) 2 48 (2 ^ 64 - 1)).calldataload
                                        (LidoSRv3.Audit.Source.SszWitnessAbi.word✝ 4) -
                                    LidoSRv3.Audit.Source.SszWitnessAbi.word✝ 4).sltBool
                                (LidoSRv3.Audit.Source.SszWitnessAbi.word✝ 256) =
                              true then
                          do
                          throw Error.abi
                          pure
                              ((st false (2 ^ 64) 2 48 (2 ^ 64 - 1)).calldataload
                                (LidoSRv3.Audit.Source.SszWitnessAbi.word✝ 4))
                        else do
                          pure PUnit.unit
                          pure
                              ((st false (2 ^ 64) 2 48 (2 ^ 64 - 1)).calldataload
                                (LidoSRv3.Audit.Source.SszWitnessAbi.word✝ 4))
                else do
                  pure PUnit.unit
                  if
                        ((st false (2 ^ 64) 2 48 (2 ^ 64 - 1)).calldataload
                              (LidoSRv3.Audit.Source.SszWitnessAbi.word✝ 4)).toNat >
                          2 ^ 64 - 1 then
                      do
                      throw Error.abi
                      if
                            (LidoSRv3.Audit.Source.SszWitnessAbi.word✝
                                        (st false (2 ^ 64) 2 48 (2 ^ 64 - 1)).executionEnv.calldata.size -
                                      (st false (2 ^ 64) 2 48 (2 ^ 64 - 1)).calldataload
                                        (LidoSRv3.Audit.Source.SszWitnessAbi.word✝ 4) -
                                    LidoSRv3.Audit.Source.SszWitnessAbi.word✝ 4).sltBool
                                (LidoSRv3.Audit.Source.SszWitnessAbi.word✝ 256) =
                              true then
                          do
                          throw Error.abi
                          pure
                              ((st false (2 ^ 64) 2 48 (2 ^ 64 - 1)).calldataload
                                (LidoSRv3.Audit.Source.SszWitnessAbi.word✝ 4))
                        else do
                          pure PUnit.unit
                          pure
                              ((st false (2 ^ 64) 2 48 (2 ^ 64 - 1)).calldataload
                                (LidoSRv3.Audit.Source.SszWitnessAbi.word✝ 4))
                    else do
                      pure PUnit.unit
                      if
                            (LidoSRv3.Audit.Source.SszWitnessAbi.word✝
                                        (st false (2 ^ 64) 2 48 (2 ^ 64 - 1)).executionEnv.calldata.size -
                                      (st false (2 ^ 64) 2 48 (2 ^ 64 - 1)).calldataload
                                        (LidoSRv3.Audit.Source.SszWitnessAbi.word✝ 4) -
                                    LidoSRv3.Audit.Source.SszWitnessAbi.word✝ 4).sltBool
                                (LidoSRv3.Audit.Source.SszWitnessAbi.word✝ 256) =
                              true then
                          do
                          throw Error.abi
                          pure
                              ((st false (2 ^ 64) 2 48 (2 ^ 64 - 1)).calldataload
                                (LidoSRv3.Audit.Source.SszWitnessAbi.word✝ 4))
                        else do
                          pure PUnit.unit
                          pure
                              ((st false (2 ^ 64) 2 48 (2 ^ 64 - 1)).calldataload
                                (LidoSRv3.Audit.Source.SszWitnessAbi.word✝ 4))
        else do
          pure PUnit.unit
          if
                ((st false (2 ^ 64) 2 48 (2 ^ 64 - 1)).calldataload
                        (LidoSRv3.Audit.Source.SszWitnessAbi.word✝ 0)).toNat /
                    2 ^ 224 ≠
                  1003628481 then
              do
              throw Error.abi
              if
                    (LidoSRv3.Audit.Source.SszWitnessAbi.word✝
                              (st false (2 ^ 64) 2 48 (2 ^ 64 - 1)).executionEnv.calldata.size -
                            LidoSRv3.Audit.Source.SszWitnessAbi.word✝ 4).sltBool
                        (LidoSRv3.Audit.Source.SszWitnessAbi.word✝ 128) =
                      true then
                  do
                  throw Error.abi
                  if
                        ((st false (2 ^ 64) 2 48 (2 ^ 64 - 1)).calldataload
                              (LidoSRv3.Audit.Source.SszWitnessAbi.word✝ 4)).toNat >
                          2 ^ 64 - 1 then
                      do
                      throw Error.abi
                      if
                            (LidoSRv3.Audit.Source.SszWitnessAbi.word✝
                                        (st false (2 ^ 64) 2 48 (2 ^ 64 - 1)).executionEnv.calldata.size -
                                      (st false (2 ^ 64) 2 48 (2 ^ 64 - 1)).calldataload
                                        (LidoSRv3.Audit.Source.SszWitnessAbi.word✝ 4) -
                                    LidoSRv3.Audit.Source.SszWitnessAbi.word✝ 4).sltBool
                                (LidoSRv3.Audit.Source.SszWitnessAbi.word✝ 256) =
                              true then
                          do
                          throw Error.abi
                          pure
                              ((st false (2 ^ 64) 2 48 (2 ^ 64 - 1)).calldataload
                                (LidoSRv3.Audit.Source.SszWitnessAbi.word✝ 4))
                        else do
                          pure PUnit.unit
                          pure
                              ((st false (2 ^ 64) 2 48 (2 ^ 64 - 1)).calldataload
                                (LidoSRv3.Audit.Source.SszWitnessAbi.word✝ 4))
                    else do
                      pure PUnit.unit
                      if
                            (LidoSRv3.Audit.Source.SszWitnessAbi.word✝
                                        (st false (2 ^ 64) 2 48 (2 ^ 64 - 1)).executionEnv.calldata.size -
                                      (st false (2 ^ 64) 2 48 (2 ^ 64 - 1)).calldataload
                                        (LidoSRv3.Audit.Source.SszWitnessAbi.word✝ 4) -
                                    LidoSRv3.Audit.Source.SszWitnessAbi.word✝ 4).sltBool
                                (LidoSRv3.Audit.Source.SszWitnessAbi.word✝ 256) =
                              true then
                          do
                          throw Error.abi
                          pure
                              ((st false (2 ^ 64) 2 48 (2 ^ 64 - 1)).calldataload
                                (LidoSRv3.Audit.Source.SszWitnessAbi.word✝ 4))
                        else do
                          pure PUnit.unit
                          pure
                              ((st false (2 ^ 64) 2 48 (2 ^ 64 - 1)).calldataload
                                (LidoSRv3.Audit.Source.SszWitnessAbi.word✝ 4))
                else do
                  pure PUnit.unit
                  if
                        ((st false (2 ^ 64) 2 48 (2 ^ 64 - 1)).calldataload
                              (LidoSRv3.Audit.Source.SszWitnessAbi.word✝ 4)).toNat >
                          2 ^ 64 - 1 then
                      do
                      throw Error.abi
                      if
                            (LidoSRv3.Audit.Source.SszWitnessAbi.word✝
                                        (st false (2 ^ 64) 2 48 (2 ^ 64 - 1)).executionEnv.calldata.size -
                                      (st false (2 ^ 64) 2 48 (2 ^ 64 - 1)).calldataload
                                        (LidoSRv3.Audit.Source.SszWitnessAbi.word✝ 4) -
                                    LidoSRv3.Audit.Source.SszWitnessAbi.word✝ 4).sltBool
                                (LidoSRv3.Audit.Source.SszWitnessAbi.word✝ 256) =
                              true then
                          do
                          throw Error.abi
                          pure
                              ((st false (2 ^ 64) 2 48 (2 ^ 64 - 1)).calldataload
                                (LidoSRv3.Audit.Source.SszWitnessAbi.word✝ 4))
                        else do
                          pure PUnit.unit
                          pure
                              ((st false (2 ^ 64) 2 48 (2 ^ 64 - 1)).calldataload
                                (LidoSRv3.Audit.Source.SszWitnessAbi.word✝ 4))
                    else do
                      pure PUnit.unit
                      if
                            (LidoSRv3.Audit.Source.SszWitnessAbi.word✝
                                        (st false (2 ^ 64) 2 48 (2 ^ 64 - 1)).executionEnv.calldata.size -
                                      (st false (2 ^ 64) 2 48 (2 ^ 64 - 1)).calldataload
                                        (LidoSRv3.Audit.Source.SszWitnessAbi.word✝ 4) -
                                    LidoSRv3.Audit.Source.SszWitnessAbi.word✝ 4).sltBool
                                (LidoSRv3.Audit.Source.SszWitnessAbi.word✝ 256) =
                              true then
                          do
                          throw Error.abi
                          pure
                              ((st false (2 ^ 64) 2 48 (2 ^ 64 - 1)).calldataload
                                (LidoSRv3.Audit.Source.SszWitnessAbi.word✝ 4))
                        else do
                          pure PUnit.unit
                          pure
                              ((st false (2 ^ 64) 2 48 (2 ^ 64 - 1)).calldataload
                                (LidoSRv3.Audit.Source.SszWitnessAbi.word✝ 4))
            else do
              pure PUnit.unit
              if
                    (LidoSRv3.Audit.Source.SszWitnessAbi.word✝
                              (st false (2 ^ 64) 2 48 (2 ^ 64 - 1)).executionEnv.calldata.size -
                            LidoSRv3.Audit.Source.SszWitnessAbi.word✝ 4).sltBool
                        (LidoSRv3.Audit.Source.SszWitnessAbi.word✝ 128) =
                      true then
                  do
                  throw Error.abi
                  if
                        ((st false (2 ^ 64) 2 48 (2 ^ 64 - 1)).calldataload
                              (LidoSRv3.Audit.Source.SszWitnessAbi.word✝ 4)).toNat >
                          2 ^ 64 - 1 then
                      do
                      throw Error.abi
                      if
                            (LidoSRv3.Audit.Source.SszWitnessAbi.word✝
                                        (st false (2 ^ 64) 2 48 (2 ^ 64 - 1)).executionEnv.calldata.size -
                                      (st false (2 ^ 64) 2 48 (2 ^ 64 - 1)).calldataload
                                        (LidoSRv3.Audit.Source.SszWitnessAbi.word✝ 4) -
                                    LidoSRv3.Audit.Source.SszWitnessAbi.word✝ 4).sltBool
                                (LidoSRv3.Audit.Source.SszWitnessAbi.word✝ 256) =
                              true then
                          do
                          throw Error.abi
                          pure
                              ((st false (2 ^ 64) 2 48 (2 ^ 64 - 1)).calldataload
                                (LidoSRv3.Audit.Source.SszWitnessAbi.word✝ 4))
                        else do
                          pure PUnit.unit
                          pure
                              ((st false (2 ^ 64) 2 48 (2 ^ 64 - 1)).calldataload
                                (LidoSRv3.Audit.Source.SszWitnessAbi.word✝ 4))
                    else do
                      pure PUnit.unit
                      if
                            (LidoSRv3.Audit.Source.SszWitnessAbi.word✝
                                        (st false (2 ^ 64) 2 48 (2 ^ 64 - 1)).executionEnv.calldata.size -
                                      (st false (2 ^ 64) 2 48 (2 ^ 64 - 1)).calldataload
                                        (LidoSRv3.Audit.Source.SszWitnessAbi.word✝ 4) -
                                    LidoSRv3.Audit.Source.SszWitnessAbi.word✝ 4).sltBool
                                (LidoSRv3.Audit.Source.SszWitnessAbi.word✝ 256) =
                              true then
                          do
                          throw Error.abi
                          pure
                              ((st false (2 ^ 64) 2 48 (2 ^ 64 - 1)).calldataload
                                (LidoSRv3.Audit.Source.SszWitnessAbi.word✝ 4))
                        else do
                          pure PUnit.unit
                          pure
                              ((st false (2 ^ 64) 2 48 (2 ^ 64 - 1)).calldataload
                                (LidoSRv3.Audit.Source.SszWitnessAbi.word✝ 4))
                else do
                  pure PUnit.unit
                  if
                        ((st false (2 ^ 64) 2 48 (2 ^ 64 - 1)).calldataload
                              (LidoSRv3.Audit.Source.SszWitnessAbi.word✝ 4)).toNat >
                          2 ^ 64 - 1 then
                      do
                      throw Error.abi
                      if
                            (LidoSRv3.Audit.Source.SszWitnessAbi.word✝
                                        (st false (2 ^ 64) 2 48 (2 ^ 64 - 1)).executionEnv.calldata.size -
                                      (st false (2 ^ 64) 2 48 (2 ^ 64 - 1)).calldataload
                                        (LidoSRv3.Audit.Source.SszWitnessAbi.word✝ 4) -
                                    LidoSRv3.Audit.Source.SszWitnessAbi.word✝ 4).sltBool
                                (LidoSRv3.Audit.Source.SszWitnessAbi.word✝ 256) =
                              true then
                          do
                          throw Error.abi
                          pure
                              ((st false (2 ^ 64) 2 48 (2 ^ 64 - 1)).calldataload
                                (LidoSRv3.Audit.Source.SszWitnessAbi.word✝ 4))
                        else do
                          pure PUnit.unit
                          pure
                              ((st false (2 ^ 64) 2 48 (2 ^ 64 - 1)).calldataload
                                (LidoSRv3.Audit.Source.SszWitnessAbi.word✝ 4))
                    else do
                      pure PUnit.unit
                      if
                            (LidoSRv3.Audit.Source.SszWitnessAbi.word✝
                                        (st false (2 ^ 64) 2 48 (2 ^ 64 - 1)).executionEnv.calldata.size -
                                      (st false (2 ^ 64) 2 48 (2 ^ 64 - 1)).calldataload
                                        (LidoSRv3.Audit.Source.SszWitnessAbi.word✝ 4) -
                                    LidoSRv3.Audit.Source.SszWitnessAbi.word✝ 4).sltBool
                                (LidoSRv3.Audit.Source.SszWitnessAbi.word✝ 256) =
                              true then
                          do
                          throw Error.abi
                          pure
                              ((st false (2 ^ 64) 2 48 (2 ^ 64 - 1)).calldataload
                                (LidoSRv3.Audit.Source.SszWitnessAbi.word✝ 4))
                        else do
                          pure PUnit.unit
                          pure
                              ((st false (2 ^ 64) 2 48 (2 ^ 64 - 1)).calldataload
                                (LidoSRv3.Audit.Source.SszWitnessAbi.word✝ 4))) =
    Except.ok (w 128)

h0 : (st false (2 ^ 64) 2 48 (2 ^ 64 - 1)).calldataload (w 0) = w (1003628481 * 2 ^ 224)
h4 : (st false (2 ^ 64) 2 48 (2 ^ 64 - 1)).calldataload (w 4) = w 128
⊢ (if (st false (2 ^ 64) 2 48 (2 ^ 64 - 1)).executionEnv.weiValue.toNat ≠ 0 then do
      throw Error.abi
      if
            (LidoSRv3.Audit.Source.SszWitnessAbi.word✝
                  (st false (2 ^ 64) 2 48 (2 ^ 64 - 1)).executionEnv.calldata.size).toNat <
              4 then
          do
          throw Error.abi
          if
                ((st false (2 ^ 64) 2 48 (2 ^ 64 - 1)).calldataload
                        (LidoSRv3.Audit.Source.SszWitnessAbi.word✝ 0)).toNat /
                    2 ^ 224 ≠
                  1003628481 then
              do
              throw Error.abi
              if
                    (LidoSRv3.Audit.Source.SszWitnessAbi.word✝
                              (st false (2 ^ 64) 2 48 (2 ^ 64 - 1)).executionEnv.calldata.size -
                            LidoSRv3.Audit.Source.SszWitnessAbi.word✝ 4).sltBool
                        (LidoSRv3.Audit.Source.SszWitnessAbi.word✝ 128) =
                      true then
                  do
                  throw Error.abi
                  if
                        ((st false (2 ^ 64) 2 48 (2 ^ 64 - 1)).calldataload
                              (LidoSRv3.Audit.Source.SszWitnessAbi.word✝ 4)).toNat >
                          2 ^ 64 - 1 then
                      do
                      throw Error.abi
                      if
                            (LidoSRv3.Audit.Source.SszWitnessAbi.word✝
                                        (st false (2 ^ 64) 2 48 (2 ^ 64 - 1)).executionEnv.calldata.size -
                                      (st false (2 ^ 64) 2 48 (2 ^ 64 - 1)).calldataload
                                        (LidoSRv3.Audit.Source.SszWitnessAbi.word✝ 4) -
                                    LidoSRv3.Audit.Source.SszWitnessAbi.word✝ 4).sltBool
                                (LidoSRv3.Audit.Source.SszWitnessAbi.word✝ 256) =
                              true then
                          do
                          throw Error.abi
                          pure
                              ((st false (2 ^ 64) 2 48 (2 ^ 64 - 1)).calldataload
                                (LidoSRv3.Audit.Source.SszWitnessAbi.word✝ 4))
                        else do
                          pure PUnit.unit
                          pure
                              ((st false (2 ^ 64) 2 48 (2 ^ 64 - 1)).calldataload
                                (LidoSRv3.Audit.Source.SszWitnessAbi.word✝ 4))
                    else do
                      pure PUnit.unit
                      if
                            (LidoSRv3.Audit.Source.SszWitnessAbi.word✝
                                        (st false (2 ^ 64) 2 48 (2 ^ 64 - 1)).executionEnv.calldata.size -
                                      (st false (2 ^ 64) 2 48 (2 ^ 64 - 1)).calldataload
                                        (LidoSRv3.Audit.Source.SszWitnessAbi.word✝ 4) -
                                    LidoSRv3.Audit.Source.SszWitnessAbi.word✝ 4).sltBool
                                (LidoSRv3.Audit.Source.SszWitnessAbi.word✝ 256) =
                              true then
                          do
                          throw Error.abi
                          pure
                              ((st false (2 ^ 64) 2 48 (2 ^ 64 - 1)).calldataload
                                (LidoSRv3.Audit.Source.SszWitnessAbi.word✝ 4))
                        else do
                          pure PUnit.unit
                          pure
                              ((st false (2 ^ 64) 2 48 (2 ^ 64 - 1)).calldataload
                                (LidoSRv3.Audit.Source.SszWitnessAbi.word✝ 4))
                else do
                  pure PUnit.unit
                  if
                        ((st false (2 ^ 64) 2 48 (2 ^ 64 - 1)).calldataload
                              (LidoSRv3.Audit.Source.SszWitnessAbi.word✝ 4)).toNat >
                          2 ^ 64 - 1 then
                      do
                      throw Error.abi
                      if
                            (LidoSRv3.Audit.Source.SszWitnessAbi.word✝
                                        (st false (2 ^ 64) 2 48 (2 ^ 64 - 1)).executionEnv.calldata.size -
                                      (st false (2 ^ 64) 2 48 (2 ^ 64 - 1)).calldataload
                                        (LidoSRv3.Audit.Source.SszWitnessAbi.word✝ 4) -
                                    LidoSRv3.Audit.Source.SszWitnessAbi.word✝ 4).sltBool
                                (LidoSRv3.Audit.Source.SszWitnessAbi.word✝ 256) =
                              true then
                          do
                          throw Error.abi
                          pure
                              ((st false (2 ^ 64) 2 48 (2 ^ 64 - 1)).calldataload
                                (LidoSRv3.Audit.Source.SszWitnessAbi.word✝ 4))
                        else do
                          pure PUnit.unit
                          pure
                              ((st false (2 ^ 64) 2 48 (2 ^ 64 - 1)).calldataload
                                (LidoSRv3.Audit.Source.SszWitnessAbi.word✝ 4))
                    else do
                      pure PUnit.unit
                      if
                            (LidoSRv3.Audit.Source.SszWitnessAbi.word✝
                                        (st false (2 ^ 64) 2 48 (2 ^ 64 - 1)).executionEnv.calldata.size -
                                      (st false (2 ^ 64) 2 48 (2 ^ 64 - 1)).calldataload
                                        (LidoSRv3.Audit.Source.SszWitnessAbi.word✝ 4) -
                                    LidoSRv3.Audit.Source.SszWitnessAbi.word✝ 4).sltBool
                                (LidoSRv3.Audit.Source.SszWitnessAbi.word✝ 256) =
                              true then
                          do
                          throw Error.abi
                          pure
                              ((st false (2 ^ 64) 2 48 (2 ^ 64 - 1)).calldataload
                                (LidoSRv3.Audit.Source.SszWitnessAbi.word✝ 4))
                        else do
                          pure PUnit.unit
                          pure
                              ((st false (2 ^ 64) 2 48 (2 ^ 64 - 1)).calldataload
                                (LidoSRv3.Audit.Source.SszWitnessAbi.word✝ 4))
            else do
              pure PUnit.unit
              if
                    (LidoSRv3.Audit.Source.SszWitnessAbi.word✝
                              (st false (2 ^ 64) 2 48 (2 ^ 64 - 1)).executionEnv.calldata.size -
                            LidoSRv3.Audit.Source.SszWitnessAbi.word✝ 4).sltBool
                        (LidoSRv3.Audit.Source.SszWitnessAbi.word✝ 128) =
                      true then
                  do
                  throw Error.abi
                  if
                        ((st false (2 ^ 64) 2 48 (2 ^ 64 - 1)).calldataload
                              (LidoSRv3.Audit.Source.SszWitnessAbi.word✝ 4)).toNat >
                          2 ^ 64 - 1 then
                      do
                      throw Error.abi
                      if
                            (LidoSRv3.Audit.Source.SszWitnessAbi.word✝
                                        (st false (2 ^ 64) 2 48 (2 ^ 64 - 1)).executionEnv.calldata.size -
                                      (st false (2 ^ 64) 2 48 (2 ^ 64 - 1)).calldataload
                                        (LidoSRv3.Audit.Source.SszWitnessAbi.word✝ 4) -
                                    LidoSRv3.Audit.Source.SszWitnessAbi.word✝ 4).sltBool
                                (LidoSRv3.Audit.Source.SszWitnessAbi.word✝ 256) =
                              true then
                          do
                          throw Error.abi
                          pure
                              ((st false (2 ^ 64) 2 48 (2 ^ 64 - 1)).calldataload
                                (LidoSRv3.Audit.Source.SszWitnessAbi.word✝ 4))
                        else do
                          pure PUnit.unit
                          pure
                              ((st false (2 ^ 64) 2 48 (2 ^ 64 - 1)).calldataload
                                (LidoSRv3.Audit.Source.SszWitnessAbi.word✝ 4))
                    else do
                      pure PUnit.unit
                      if
                            (LidoSRv3.Audit.Source.SszWitnessAbi.word✝
                                        (st false (2 ^ 64) 2 48 (2 ^ 64 - 1)).executionEnv.calldata.size -
                                      (st false (2 ^ 64) 2 48 (2 ^ 64 - 1)).calldataload
                                        (LidoSRv3.Audit.Source.SszWitnessAbi.word✝ 4) -
                                    LidoSRv3.Audit.Source.SszWitnessAbi.word✝ 4).sltBool
                                (LidoSRv3.Audit.Source.SszWitnessAbi.word✝ 256) =
                              true then
                          do
                          throw Error.abi
                          pure
                              ((st false (2 ^ 64) 2 48 (2 ^ 64 - 1)).calldataload
                                (LidoSRv3.Audit.Source.SszWitnessAbi.word✝ 4))
                        else do
                          pure PUnit.unit
                          pure
                              ((st false (2 ^ 64) 2 48 (2 ^ 64 - 1)).calldataload
                                (LidoSRv3.Audit.Source.SszWitnessAbi.word✝ 4))
                else do
                  pure PUnit.unit
                  if
                        ((st false (2 ^ 64) 2 48 (2 ^ 64 - 1)).calldataload
                              (LidoSRv3.Audit.Source.SszWitnessAbi.word✝ 4)).toNat >
                          2 ^ 64 - 1 then
                      do
                      throw Error.abi
                      if
                            (LidoSRv3.Audit.Source.SszWitnessAbi.word✝
                                        (st false (2 ^ 64) 2 48 (2 ^ 64 - 1)).executionEnv.calldata.size -
                                      (st false (2 ^ 64) 2 48 (2 ^ 64 - 1)).calldataload
                                        (LidoSRv3.Audit.Source.SszWitnessAbi.word✝ 4) -
                                    LidoSRv3.Audit.Source.SszWitnessAbi.word✝ 4).sltBool
                                (LidoSRv3.Audit.Source.SszWitnessAbi.word✝ 256) =
                              true then
                          do
                          throw Error.abi
                          pure
                              ((st false (2 ^ 64) 2 48 (2 ^ 64 - 1)).calldataload
                                (LidoSRv3.Audit.Source.SszWitnessAbi.word✝ 4))
                        else do
                          pure PUnit.unit
                          pure
                              ((st false (2 ^ 64) 2 48 (2 ^ 64 - 1)).calldataload
                                (LidoSRv3.Audit.Source.SszWitnessAbi.word✝ 4))
                    else do
                      pure PUnit.unit
                      if
                            (LidoSRv3.Audit.Source.SszWitnessAbi.word✝
                                        (st false (2 ^ 64) 2 48 (2 ^ 64 - 1)).executionEnv.calldata.size -
                                      (st false (2 ^ 64) 2 48 (2 ^ 64 - 1)).calldataload
                                        (LidoSRv3.Audit.Source.SszWitnessAbi.word✝ 4) -
                                    LidoSRv3.Audit.Source.SszWitnessAbi.word✝ 4).sltBool
                                (LidoSRv3.Audit.Source.SszWitnessAbi.word✝ 256) =
                              true then
                          do
                          throw Error.abi
                          pure
                              ((st false (2 ^ 64) 2 48 (2 ^ 64 - 1)).calldataload
                                (LidoSRv3.Audit.Source.SszWitnessAbi.word✝ 4))
                        else do
                          pure PUnit.unit
                          pure
                              ((st false (2 ^ 64) 2 48 (2 ^ 64 - 1)).calldataload
                                (LidoSRv3.Audit.Source.SszWitnessAbi.word✝ 4))
        else do
          pure PUnit.unit
          if
                ((st false (2 ^ 64) 2 48 (2 ^ 64 - 1)).calldataload
                        (LidoSRv3.Audit.Source.SszWitnessAbi.word✝ 0)).toNat /
                    2 ^ 224 ≠
                  1003628481 then
              do
              throw Error.abi
              if
                    (LidoSRv3.Audit.Source.SszWitnessAbi.word✝
                              (st false (2 ^ 64) 2 48 (2 ^ 64 - 1)).executionEnv.calldata.size -
                            LidoSRv3.Audit.Source.SszWitnessAbi.word✝ 4).sltBool
                        (LidoSRv3.Audit.Source.SszWitnessAbi.word✝ 128) =
                      true then
                  do
                  throw Error.abi
                  if
                        ((st false (2 ^ 64) 2 48 (2 ^ 64 - 1)).calldataload
                              (LidoSRv3.Audit.Source.SszWitnessAbi.word✝ 4)).toNat >
                          2 ^ 64 - 1 then
                      do
                      throw Error.abi
                      if
                            (LidoSRv3.Audit.Source.SszWitnessAbi.word✝
                                        (st false (2 ^ 64) 2 48 (2 ^ 64 - 1)).executionEnv.calldata.size -
                                      (st false (2 ^ 64) 2 48 (2 ^ 64 - 1)).calldataload
                                        (LidoSRv3.Audit.Source.SszWitnessAbi.word✝ 4) -
                                    LidoSRv3.Audit.Source.SszWitnessAbi.word✝ 4).sltBool
                                (LidoSRv3.Audit.Source.SszWitnessAbi.word✝ 256) =
                              true then
                          do
                          throw Error.abi
                          pure
                              ((st false (2 ^ 64) 2 48 (2 ^ 64 - 1)).calldataload
                                (LidoSRv3.Audit.Source.SszWitnessAbi.word✝ 4))
                        else do
                          pure PUnit.unit
                          pure
                              ((st false (2 ^ 64) 2 48 (2 ^ 64 - 1)).calldataload
                                (LidoSRv3.Audit.Source.SszWitnessAbi.word✝ 4))
                    else do
                      pure PUnit.unit
                      if
                            (LidoSRv3.Audit.Source.SszWitnessAbi.word✝
                                        (st false (2 ^ 64) 2 48 (2 ^ 64 - 1)).executionEnv.calldata.size -
                                      (st false (2 ^ 64) 2 48 (2 ^ 64 - 1)).calldataload
                                        (LidoSRv3.Audit.Source.SszWitnessAbi.word✝ 4) -
                                    LidoSRv3.Audit.Source.SszWitnessAbi.word✝ 4).sltBool
                                (LidoSRv3.Audit.Source.SszWitnessAbi.word✝ 256) =
                              true then
                          do
                          throw Error.abi
                          pure
                              ((st false (2 ^ 64) 2 48 (2 ^ 64 - 1)).calldataload
                                (LidoSRv3.Audit.Source.SszWitnessAbi.word✝ 4))
                        else do
                          pure PUnit.unit
                          pure
                              ((st false (2 ^ 64) 2 48 (2 ^ 64 - 1)).calldataload
                                (LidoSRv3.Audit.Source.SszWitnessAbi.word✝ 4))
                else do
                  pure PUnit.unit
                  if
                        ((st false (2 ^ 64) 2 48 (2 ^ 64 - 1)).calldataload
                              (LidoSRv3.Audit.Source.SszWitnessAbi.word✝ 4)).toNat >
                          2 ^ 64 - 1 then
                      do
                      throw Error.abi
                      if
                            (LidoSRv3.Audit.Source.SszWitnessAbi.word✝
                                        (st false (2 ^ 64) 2 48 (2 ^ 64 - 1)).executionEnv.calldata.size -
                                      (st false (2 ^ 64) 2 48 (2 ^ 64 - 1)).calldataload
                                        (LidoSRv3.Audit.Source.SszWitnessAbi.word✝ 4) -
                                    LidoSRv3.Audit.Source.SszWitnessAbi.word✝ 4).sltBool
                                (LidoSRv3.Audit.Source.SszWitnessAbi.word✝ 256) =
                              true then
                          do
                          throw Error.abi
                          pure
                              ((st false (2 ^ 64) 2 48 (2 ^ 64 - 1)).calldataload
                                (LidoSRv3.Audit.Source.SszWitnessAbi.word✝ 4))
                        else do
                          pure PUnit.unit
                          pure
                              ((st false (2 ^ 64) 2 48 (2 ^ 64 - 1)).calldataload
                                (LidoSRv3.Audit.Source.SszWitnessAbi.word✝ 4))
                    else do
                      pure PUnit.unit
                      if
                            (LidoSRv3.Audit.Source.SszWitnessAbi.word✝
                                        (st false (2 ^ 64) 2 48 (2 ^ 64 - 1)).executionEnv.calldata.size -
                                      (st false (2 ^ 64) 2 48 (2 ^ 64 - 1)).calldataload
                                        (LidoSRv3.Audit.Source.SszWitnessAbi.word✝ 4) -
                                    LidoSRv3.Audit.Source.SszWitnessAbi.word✝ 4).sltBool
                                (LidoSRv3.Audit.Source.SszWitnessAbi.word✝ 256) =
                              true then
                          do
                          throw Error.abi
                          pure
                              ((st false (2 ^ 64) 2 48 (2 ^ 64 - 1)).calldataload
                                (LidoSRv3.Audit.Source.SszWitnessAbi.word✝ 4))
                        else do
                          pure PUnit.unit
                          pure
                              ((st false (2 ^ 64) 2 48 (2 ^ 64 - 1)).calldataload
                                (LidoSRv3.Audit.Source.SszWitnessAbi.word✝ 4))
            else do
              pure PUnit.unit
              if
                    (LidoSRv3.Audit.Source.SszWitnessAbi.word✝
                              (st false (2 ^ 64) 2 48 (2 ^ 64 - 1)).executionEnv.calldata.size -
                            LidoSRv3.Audit.Source.SszWitnessAbi.word✝ 4).sltBool
                        (LidoSRv3.Audit.Source.SszWitnessAbi.word✝ 128) =
                      true then
                  do
                  throw Error.abi
                  if
                        ((st false (2 ^ 64) 2 48 (2 ^ 64 - 1)).calldataload
                              (LidoSRv3.Audit.Source.SszWitnessAbi.word✝ 4)).toNat >
                          2 ^ 64 - 1 then
                      do
                      throw Error.abi
                      if
                            (LidoSRv3.Audit.Source.SszWitnessAbi.word✝
                                        (st false (2 ^ 64) 2 48 (2 ^ 64 - 1)).executionEnv.calldata.size -
                                      (st false (2 ^ 64) 2 48 (2 ^ 64 - 1)).calldataload
                                        (LidoSRv3.Audit.Source.SszWitnessAbi.word✝ 4) -
                                    LidoSRv3.Audit.Source.SszWitnessAbi.word✝ 4).sltBool
                                (LidoSRv3.Audit.Source.SszWitnessAbi.word✝ 256) =
                              true then
                          do
                          throw Error.abi
                          pure
                              ((st false (2 ^ 64) 2 48 (2 ^ 64 - 1)).calldataload
                                (LidoSRv3.Audit.Source.SszWitnessAbi.word✝ 4))
                        else do
                          pure PUnit.unit
                          pure
                              ((st false (2 ^ 64) 2 48 (2 ^ 64 - 1)).calldataload
                                (LidoSRv3.Audit.Source.SszWitnessAbi.word✝ 4))
                    else do
                      pure PUnit.unit
                      if
                            (LidoSRv3.Audit.Source.SszWitnessAbi.word✝
                                        (st false (2 ^ 64) 2 48 (2 ^ 64 - 1)).executionEnv.calldata.size -
                                      (st false (2 ^ 64) 2 48 (2 ^ 64 - 1)).calldataload
                                        (LidoSRv3.Audit.Source.SszWitnessAbi.word✝ 4) -
                                    LidoSRv3.Audit.Source.SszWitnessAbi.word✝ 4).sltBool
                                (LidoSRv3.Audit.Source.SszWitnessAbi.word✝ 256) =
                              true then
                          do
                          throw Error.abi
                          pure
                              ((st false (2 ^ 64) 2 48 (2 ^ 64 - 1)).calldataload
                                (LidoSRv3.Audit.Source.SszWitnessAbi.word✝ 4))
                        else do
                          pure PUnit.unit
                          pure
                              ((st false (2 ^ 64) 2 48 (2 ^ 64 - 1)).calldataload
                                (LidoSRv3.Audit.Source.SszWitnessAbi.word✝ 4))
                else do
                  pure PUnit.unit
                  if
                        ((st false (2 ^ 64) 2 48 (2 ^ 64 - 1)).calldataload
                              (LidoSRv3.Audit.Source.SszWitnessAbi.word✝ 4)).toNat >
                          2 ^ 64 - 1 then
                      do
                      throw Error.abi
                      if
                            (LidoSRv3.Audit.Source.SszWitnessAbi.word✝
                                        (st false (2 ^ 64) 2 48 (2 ^ 64 - 1)).executionEnv.calldata.size -
                                      (st false (2 ^ 64) 2 48 (2 ^ 64 - 1)).calldataload
                                        (LidoSRv3.Audit.Source.SszWitnessAbi.word✝ 4) -
                                    LidoSRv3.Audit.Source.SszWitnessAbi.word✝ 4).sltBool
                                (LidoSRv3.Audit.Source.SszWitnessAbi.word✝ 256) =
                              true then
                          do
                          throw Error.abi
                          pure
                              ((st false (2 ^ 64) 2 48 (2 ^ 64 - 1)).calldataload
                                (LidoSRv3.Audit.Source.SszWitnessAbi.word✝ 4))
                        else do
                          pure PUnit.unit
                          pure
                              ((st false (2 ^ 64) 2 48 (2 ^ 64 - 1)).calldataload
                                (LidoSRv3.Audit.Source.SszWitnessAbi.word✝ 4))
                    else do
                      pure PUnit.unit
                      if
                            (LidoSRv3.Audit.Source.SszWitnessAbi.word✝
                                        (st false (2 ^ 64) 2 48 (2 ^ 64 - 1)).executionEnv.calldata.size -
                                      (st false (2 ^ 64) 2 48 (2 ^ 64 - 1)).calldataload
                                        (LidoSRv3.Audit.Source.SszWitnessAbi.word✝ 4) -
                                    LidoSRv3.Audit.Source.SszWitnessAbi.word✝ 4).sltBool
                                (LidoSRv3.Audit.Source.SszWitnessAbi.word✝ 256) =
                              true then
                          do
                          throw Error.abi
                          pure
                              ((st false (2 ^ 64) 2 48 (2 ^ 64 - 1)).calldataload
                                (LidoSRv3.Audit.Source.SszWitnessAbi.word✝ 4))
                        else do
                          pure PUnit.unit
                          pure
                              ((st false (2 ^ 64) 2 48 (2 ^ 64 - 1)).calldataload
                                (LidoSRv3.Audit.Source.SszWitnessAbi.word✝ 4))
    else do
      pure PUnit.unit
      if
            (LidoSRv3.Audit.Source.SszWitnessAbi.word✝
                  (st false (2 ^ 64) 2 48 (2 ^ 64 - 1)).executionEnv.calldata.size).toNat <
              4 then
          do
          throw Error.abi
          if
                ((st false (2 ^ 64) 2 48 (2 ^ 64 - 1)).calldataload
                        (LidoSRv3.Audit.Source.SszWitnessAbi.word✝ 0)).toNat /
                    2 ^ 224 ≠
                  1003628481 then
              do
              throw Error.abi
              if
                    (LidoSRv3.Audit.Source.SszWitnessAbi.word✝
                              (st false (2 ^ 64) 2 48 (2 ^ 64 - 1)).executionEnv.calldata.size -
                            LidoSRv3.Audit.Source.SszWitnessAbi.word✝ 4).sltBool
                        (LidoSRv3.Audit.Source.SszWitnessAbi.word✝ 128) =
                      true then
                  do
                  throw Error.abi
                  if
                        ((st false (2 ^ 64) 2 48 (2 ^ 64 - 1)).calldataload
                              (LidoSRv3.Audit.Source.SszWitnessAbi.word✝ 4)).toNat >
                          2 ^ 64 - 1 then
                      do
                      throw Error.abi
                      if
                            (LidoSRv3.Audit.Source.SszWitnessAbi.word✝
                                        (st false (2 ^ 64) 2 48 (2 ^ 64 - 1)).executionEnv.calldata.size -
                                      (st false (2 ^ 64) 2 48 (2 ^ 64 - 1)).calldataload
                                        (LidoSRv3.Audit.Source.SszWitnessAbi.word✝ 4) -
                                    LidoSRv3.Audit.Source.SszWitnessAbi.word✝ 4).sltBool
                                (LidoSRv3.Audit.Source.SszWitnessAbi.word✝ 256) =
                              true then
                          do
                          throw Error.abi
                          pure
                              ((st false (2 ^ 64) 2 48 (2 ^ 64 - 1)).calldataload
                                (LidoSRv3.Audit.Source.SszWitnessAbi.word✝ 4))
                        else do
                          pure PUnit.unit
                          pure
                              ((st false (2 ^ 64) 2 48 (2 ^ 64 - 1)).calldataload
                                (LidoSRv3.Audit.Source.SszWitnessAbi.word✝ 4))
                    else do
                      pure PUnit.unit
                      if
                            (LidoSRv3.Audit.Source.SszWitnessAbi.word✝
                                        (st false (2 ^ 64) 2 48 (2 ^ 64 - 1)).executionEnv.calldata.size -
                                      (st false (2 ^ 64) 2 48 (2 ^ 64 - 1)).calldataload
                                        (LidoSRv3.Audit.Source.SszWitnessAbi.word✝ 4) -
                                    LidoSRv3.Audit.Source.SszWitnessAbi.word✝ 4).sltBool
                                (LidoSRv3.Audit.Source.SszWitnessAbi.word✝ 256) =
                              true then
                          do
                          throw Error.abi
                          pure
                              ((st false (2 ^ 64) 2 48 (2 ^ 64 - 1)).calldataload
                                (LidoSRv3.Audit.Source.SszWitnessAbi.word✝ 4))
                        else do
                          pure PUnit.unit
                          pure
                              ((st false (2 ^ 64) 2 48 (2 ^ 64 - 1)).calldataload
                                (LidoSRv3.Audit.Source.SszWitnessAbi.word✝ 4))
                else do
                  pure PUnit.unit
                  if
                        ((st false (2 ^ 64) 2 48 (2 ^ 64 - 1)).calldataload
                              (LidoSRv3.Audit.Source.SszWitnessAbi.word✝ 4)).toNat >
                          2 ^ 64 - 1 then
                      do
                      throw Error.abi
                      if
                            (LidoSRv3.Audit.Source.SszWitnessAbi.word✝
                                        (st false (2 ^ 64) 2 48 (2 ^ 64 - 1)).executionEnv.calldata.size -
                                      (st false (2 ^ 64) 2 48 (2 ^ 64 - 1)).calldataload
                                        (LidoSRv3.Audit.Source.SszWitnessAbi.word✝ 4) -
                                    LidoSRv3.Audit.Source.SszWitnessAbi.word✝ 4).sltBool
                                (LidoSRv3.Audit.Source.SszWitnessAbi.word✝ 256) =
                              true then
                          do
                          throw Error.abi
                          pure
                              ((st false (2 ^ 64) 2 48 (2 ^ 64 - 1)).calldataload
                                (LidoSRv3.Audit.Source.SszWitnessAbi.word✝ 4))
                        else do
                          pure PUnit.unit
                          pure
                              ((st false (2 ^ 64) 2 48 (2 ^ 64 - 1)).calldataload
                                (LidoSRv3.Audit.Source.SszWitnessAbi.word✝ 4))
                    else do
                      pure PUnit.unit
                      if
                            (LidoSRv3.Audit.Source.SszWitnessAbi.word✝
                                        (st false (2 ^ 64) 2 48 (2 ^ 64 - 1)).executionEnv.calldata.size -
                                      (st false (2 ^ 64) 2 48 (2 ^ 64 - 1)).calldataload
                                        (LidoSRv3.Audit.Source.SszWitnessAbi.word✝ 4) -
                                    LidoSRv3.Audit.Source.SszWitnessAbi.word✝ 4).sltBool
                                (LidoSRv3.Audit.Source.SszWitnessAbi.word✝ 256) =
                              true then
                          do
                          throw Error.abi
                          pure
                              ((st false (2 ^ 64) 2 48 (2 ^ 64 - 1)).calldataload
                                (LidoSRv3.Audit.Source.SszWitnessAbi.word✝ 4))
                        else do
                          pure PUnit.unit
                          pure
                              ((st false (2 ^ 64) 2 48 (2 ^ 64 - 1)).calldataload
                                (LidoSRv3.Audit.Source.SszWitnessAbi.word✝ 4))
            else do
              pure PUnit.unit
              if
                    (LidoSRv3.Audit.Source.SszWitnessAbi.word✝
                              (st false (2 ^ 64) 2 48 (2 ^ 64 - 1)).executionEnv.calldata.size -
                            LidoSRv3.Audit.Source.SszWitnessAbi.word✝ 4).sltBool
                        (LidoSRv3.Audit.Source.SszWitnessAbi.word✝ 128) =
                      true then
                  do
                  throw Error.abi
                  if
                        ((st false (2 ^ 64) 2 48 (2 ^ 64 - 1)).calldataload
                              (LidoSRv3.Audit.Source.SszWitnessAbi.word✝ 4)).toNat >
                          2 ^ 64 - 1 then
                      do
                      throw Error.abi
                      if
                            (LidoSRv3.Audit.Source.SszWitnessAbi.word✝
                                        (st false (2 ^ 64) 2 48 (2 ^ 64 - 1)).executionEnv.calldata.size -
                                      (st false (2 ^ 64) 2 48 (2 ^ 64 - 1)).calldataload
                                        (LidoSRv3.Audit.Source.SszWitnessAbi.word✝ 4) -
                                    LidoSRv3.Audit.Source.SszWitnessAbi.word✝ 4).sltBool
                                (LidoSRv3.Audit.Source.SszWitnessAbi.word✝ 256) =
                              true then
                          do
                          throw Error.abi
                          pure
                              ((st false (2 ^ 64) 2 48 (2 ^ 64 - 1)).calldataload
                                (LidoSRv3.Audit.Source.SszWitnessAbi.word✝ 4))
                        else do
                          pure PUnit.unit
                          pure
                              ((st false (2 ^ 64) 2 48 (2 ^ 64 - 1)).calldataload
                                (LidoSRv3.Audit.Source.SszWitnessAbi.word✝ 4))
                    else do
                      pure PUnit.unit
                      if
                            (LidoSRv3.Audit.Source.SszWitnessAbi.word✝
                                        (st false (2 ^ 64) 2 48 (2 ^ 64 - 1)).executionEnv.calldata.size -
                                      (st false (2 ^ 64) 2 48 (2 ^ 64 - 1)).calldataload
                                        (LidoSRv3.Audit.Source.SszWitnessAbi.word✝ 4) -
                                    LidoSRv3.Audit.Source.SszWitnessAbi.word✝ 4).sltBool
                                (LidoSRv3.Audit.Source.SszWitnessAbi.word✝ 256) =
                              true then
                          do
                          throw Error.abi
                          pure
                              ((st false (2 ^ 64) 2 48 (2 ^ 64 - 1)).calldataload
                                (LidoSRv3.Audit.Source.SszWitnessAbi.word✝ 4))
                        else do
                          pure PUnit.unit
                          pure
                              ((st false (2 ^ 64) 2 48 (2 ^ 64 - 1)).calldataload
                                (LidoSRv3.Audit.Source.SszWitnessAbi.word✝ 4))
                else do
                  pure PUnit.unit
                  if
                        ((st false (2 ^ 64) 2 48 (2 ^ 64 - 1)).calldataload
                              (LidoSRv3.Audit.Source.SszWitnessAbi.word✝ 4)).toNat >
                          2 ^ 64 - 1 then
                      do
                      throw Error.abi
                      if
                            (LidoSRv3.Audit.Source.SszWitnessAbi.word✝
                                        (st false (2 ^ 64) 2 48 (2 ^ 64 - 1)).executionEnv.calldata.size -
                                      (st false (2 ^ 64) 2 48 (2 ^ 64 - 1)).calldataload
                                        (LidoSRv3.Audit.Source.SszWitnessAbi.word✝ 4) -
                                    LidoSRv3.Audit.Source.SszWitnessAbi.word✝ 4).sltBool
                                (LidoSRv3.Audit.Source.SszWitnessAbi.word✝ 256) =
                              true then
                          do
                          throw Error.abi
                          pure
                              ((st false (2 ^ 64) 2 48 (2 ^ 64 - 1)).calldataload
                                (LidoSRv3.Audit.Source.SszWitnessAbi.word✝ 4))
                        else do
                          pure PUnit.unit
                          pure
                              ((st false (2 ^ 64) 2 48 (2 ^ 64 - 1)).calldataload
                                (LidoSRv3.Audit.Source.SszWitnessAbi.word✝ 4))
                    else do
                      pure PUnit.unit
                      if
                            (LidoSRv3.Audit.Source.SszWitnessAbi.word✝
                                        (st false (2 ^ 64) 2 48 (2 ^ 64 - 1)).executionEnv.calldata.size -
                                      (st false (2 ^ 64) 2 48 (2 ^ 64 - 1)).calldataload
                                        (LidoSRv3.Audit.Source.SszWitnessAbi.word✝ 4) -
                                    LidoSRv3.Audit.Source.SszWitnessAbi.word✝ 4).sltBool
                                (LidoSRv3.Audit.Source.SszWitnessAbi.word✝ 256) =
                              true then
                          do
                          throw Error.abi
                          pure
                              ((st false (2 ^ 64) 2 48 (2 ^ 64 - 1)).calldataload
                                (LidoSRv3.Audit.Source.SszWitnessAbi.word✝ 4))
                        else do
                          pure PUnit.unit
                          pure
                              ((st false (2 ^ 64) 2 48 (2 ^ 64 - 1)).calldataload
                                (LidoSRv3.Audit.Source.SszWitnessAbi.word✝ 4))
        else do
          pure PUnit.unit
          if
                ((st false (2 ^ 64) 2 48 (2 ^ 64 - 1)).calldataload
                        (LidoSRv3.Audit.Source.SszWitnessAbi.word✝ 0)).toNat /
                    2 ^ 224 ≠
                  1003628481 then
              do
              throw Error.abi
              if
                    (LidoSRv3.Audit.Source.SszWitnessAbi.word✝
                              (st false (2 ^ 64) 2 48 (2 ^ 64 - 1)).executionEnv.calldata.size -
                            LidoSRv3.Audit.Source.SszWitnessAbi.word✝ 4).sltBool
                        (LidoSRv3.Audit.Source.SszWitnessAbi.word✝ 128) =
                      true then
                  do
                  throw Error.abi
                  if
                        ((st false (2 ^ 64) 2 48 (2 ^ 64 - 1)).calldataload
                              (LidoSRv3.Audit.Source.SszWitnessAbi.word✝ 4)).toNat >
                          2 ^ 64 - 1 then
                      do
                      throw Error.abi
                      if
                            (LidoSRv3.Audit.Source.SszWitnessAbi.word✝
                                        (st false (2 ^ 64) 2 48 (2 ^ 64 - 1)).executionEnv.calldata.size -
                                      (st false (2 ^ 64) 2 48 (2 ^ 64 - 1)).calldataload
                                        (LidoSRv3.Audit.Source.SszWitnessAbi.word✝ 4) -
                                    LidoSRv3.Audit.Source.SszWitnessAbi.word✝ 4).sltBool
                                (LidoSRv3.Audit.Source.SszWitnessAbi.word✝ 256) =
                              true then
                          do
                          throw Error.abi
                          pure
                              ((st false (2 ^ 64) 2 48 (2 ^ 64 - 1)).calldataload
                                (LidoSRv3.Audit.Source.SszWitnessAbi.word✝ 4))
                        else do
                          pure PUnit.unit
                          pure
                              ((st false (2 ^ 64) 2 48 (2 ^ 64 - 1)).calldataload
                                (LidoSRv3.Audit.Source.SszWitnessAbi.word✝ 4))
                    else do
                      pure PUnit.unit
                      if
                            (LidoSRv3.Audit.Source.SszWitnessAbi.word✝
                                        (st false (2 ^ 64) 2 48 (2 ^ 64 - 1)).executionEnv.calldata.size -
                                      (st false (2 ^ 64) 2 48 (2 ^ 64 - 1)).calldataload
                                        (LidoSRv3.Audit.Source.SszWitnessAbi.word✝ 4) -
                                    LidoSRv3.Audit.Source.SszWitnessAbi.word✝ 4).sltBool
                                (LidoSRv3.Audit.Source.SszWitnessAbi.word✝ 256) =
                              true then
                          do
                          throw Error.abi
                          pure
                              ((st false (2 ^ 64) 2 48 (2 ^ 64 - 1)).calldataload
                                (LidoSRv3.Audit.Source.SszWitnessAbi.word✝ 4))
                        else do
                          pure PUnit.unit
                          pure
                              ((st false (2 ^ 64) 2 48 (2 ^ 64 - 1)).calldataload
                                (LidoSRv3.Audit.Source.SszWitnessAbi.word✝ 4))
                else do
                  pure PUnit.unit
                  if
                        ((st false (2 ^ 64) 2 48 (2 ^ 64 - 1)).calldataload
                              (LidoSRv3.Audit.Source.SszWitnessAbi.word✝ 4)).toNat >
                          2 ^ 64 - 1 then
                      do
                      throw Error.abi
                      if
                            (LidoSRv3.Audit.Source.SszWitnessAbi.word✝
                                        (st false (2 ^ 64) 2 48 (2 ^ 64 - 1)).executionEnv.calldata.size -
                                      (st false (2 ^ 64) 2 48 (2 ^ 64 - 1)).calldataload
                                        (LidoSRv3.Audit.Source.SszWitnessAbi.word✝ 4) -
                                    LidoSRv3.Audit.Source.SszWitnessAbi.word✝ 4).sltBool
                                (LidoSRv3.Audit.Source.SszWitnessAbi.word✝ 256) =
                              true then
                          do
                          throw Error.abi
                          pure
                              ((st false (2 ^ 64) 2 48 (2 ^ 64 - 1)).calldataload
                                (LidoSRv3.Audit.Source.SszWitnessAbi.word✝ 4))
                        else do
                          pure PUnit.unit
                          pure
                              ((st false (2 ^ 64) 2 48 (2 ^ 64 - 1)).calldataload
                                (LidoSRv3.Audit.Source.SszWitnessAbi.word✝ 4))
                    else do
                      pure PUnit.unit
                      if
                            (LidoSRv3.Audit.Source.SszWitnessAbi.word✝
                                        (st false (2 ^ 64) 2 48 (2 ^ 64 - 1)).executionEnv.calldata.size -
                                      (st false (2 ^ 64) 2 48 (2 ^ 64 - 1)).calldataload
                                        (LidoSRv3.Audit.Source.SszWitnessAbi.word✝ 4) -
                                    LidoSRv3.Audit.Source.SszWitnessAbi.word✝ 4).sltBool
                                (LidoSRv3.Audit.Source.SszWitnessAbi.word✝ 256) =
                              true then
                          do
                          throw Error.abi
                          pure
                              ((st false (2 ^ 64) 2 48 (2 ^ 64 - 1)).calldataload
                                (LidoSRv3.Audit.Source.SszWitnessAbi.word✝ 4))
                        else do
                          pure PUnit.unit
                          pure
                              ((st false (2 ^ 64) 2 48 (2 ^ 64 - 1)).calldataload
                                (LidoSRv3.Audit.Source.SszWitnessAbi.word✝ 4))
            else do
              pure PUnit.unit
              if
                    (LidoSRv3.Audit.Source.SszWitnessAbi.word✝
                              (st false (2 ^ 64) 2 48 (2 ^ 64 - 1)).executionEnv.calldata.size -
                            LidoSRv3.Audit.Source.SszWitnessAbi.word✝ 4).sltBool
                        (LidoSRv3.Audit.Source.SszWitnessAbi.word✝ 128) =
                      true then
                  do
                  throw Error.abi
                  if
                        ((st false (2 ^ 64) 2 48 (2 ^ 64 - 1)).calldataload
                              (LidoSRv3.Audit.Source.SszWitnessAbi.word✝ 4)).toNat >
                          2 ^ 64 - 1 then
                      do
                      throw Error.abi
                      if
                            (LidoSRv3.Audit.Source.SszWitnessAbi.word✝
                                        (st false (2 ^ 64) 2 48 (2 ^ 64 - 1)).executionEnv.calldata.size -
                                      (st false (2 ^ 64) 2 48 (2 ^ 64 - 1)).calldataload
                                        (LidoSRv3.Audit.Source.SszWitnessAbi.word✝ 4) -
                                    LidoSRv3.Audit.Source.SszWitnessAbi.word✝ 4).sltBool
                                (LidoSRv3.Audit.Source.SszWitnessAbi.word✝ 256) =
                              true then
                          do
                          throw Error.abi
                          pure
                              ((st false (2 ^ 64) 2 48 (2 ^ 64 - 1)).calldataload
                                (LidoSRv3.Audit.Source.SszWitnessAbi.word✝ 4))
                        else do
                          pure PUnit.unit
                          pure
                              ((st false (2 ^ 64) 2 48 (2 ^ 64 - 1)).calldataload
                                (LidoSRv3.Audit.Source.SszWitnessAbi.word✝ 4))
                    else do
                      pure PUnit.unit
                      if
                            (LidoSRv3.Audit.Source.SszWitnessAbi.word✝
                                        (st false (2 ^ 64) 2 48 (2 ^ 64 - 1)).executionEnv.calldata.size -
                                      (st false (2 ^ 64) 2 48 (2 ^ 64 - 1)).calldataload
                                        (LidoSRv3.Audit.Source.SszWitnessAbi.word✝ 4) -
                                    LidoSRv3.Audit.Source.SszWitnessAbi.word✝ 4).sltBool
                                (LidoSRv3.Audit.Source.SszWitnessAbi.word✝ 256) =
                              true then
                          do
                          throw Error.abi
                          pure
                              ((st false (2 ^ 64) 2 48 (2 ^ 64 - 1)).calldataload
                                (LidoSRv3.Audit.Source.SszWitnessAbi.word✝ 4))
                        else do
                          pure PUnit.unit
                          pure
                              ((st false (2 ^ 64) 2 48 (2 ^ 64 - 1)).calldataload
                                (LidoSRv3.Audit.Source.SszWitnessAbi.word✝ 4))
                else do
                  pure PUnit.unit
                  if
                        ((st false (2 ^ 64) 2 48 (2 ^ 64 - 1)).calldataload
                              (LidoSRv3.Audit.Source.SszWitnessAbi.word✝ 4)).toNat >
                          2 ^ 64 - 1 then
                      do
                      throw Error.abi
                      if
                            (LidoSRv3.Audit.Source.SszWitnessAbi.word✝
                                        (st false (2 ^ 64) 2 48 (2 ^ 64 - 1)).executionEnv.calldata.size -
                                      (st false (2 ^ 64) 2 48 (2 ^ 64 - 1)).calldataload
                                        (LidoSRv3.Audit.Source.SszWitnessAbi.word✝ 4) -
                                    LidoSRv3.Audit.Source.SszWitnessAbi.word✝ 4).sltBool
                                (LidoSRv3.Audit.Source.SszWitnessAbi.word✝ 256) =
                              true then
                          do
                          throw Error.abi
                          pure
                              ((st false (2 ^ 64) 2 48 (2 ^ 64 - 1)).calldataload
                                (LidoSRv3.Audit.Source.SszWitnessAbi.word✝ 4))
                        else do
                          pure PUnit.unit
                          pure
                              ((st false (2 ^ 64) 2 48 (2 ^ 64 - 1)).calldataload
                                (LidoSRv3.Audit.Source.SszWitnessAbi.word✝ 4))
                    else do
                      pure PUnit.unit
                      if
                            (LidoSRv3.Audit.Source.SszWitnessAbi.word✝
                                        (st false (2 ^ 64) 2 48 (2 ^ 64 - 1)).executionEnv.calldata.size -
                                      (st false (2 ^ 64) 2 48 (2 ^ 64 - 1)).calldataload
                                        (LidoSRv3.Audit.Source.SszWitnessAbi.word✝ 4) -
                                    LidoSRv3.Audit.Source.SszWitnessAbi.word✝ 4).sltBool
                                (LidoSRv3.Audit.Source.SszWitnessAbi.word✝ 256) =
                              true then
                          do
                          throw Error.abi
                          pure
                              ((st false (2 ^ 64) 2 48 (2 ^ 64 - 1)).calldataload
                                (LidoSRv3.Audit.Source.SszWitnessAbi.word✝ 4))
                        else do
                          pure PUnit.unit
                          pure
                              ((st false (2 ^ 64) 2 48 (2 ^ 64 - 1)).calldataload
                                (LidoSRv3.Audit.Source.SszWitnessAbi.word✝ 4))) =
    Except.ok (w 128)
error: LidoSRv3/Tests/SszWitnessAbiMutants.lean:107:6: Tactic `rewrite` failed: Did not find an occurrence of the pattern
  tail (st false (2 ^ 64) 2 48 (2 ^ 64 - 1)) (w 128) (w 36) 1
in the target expression
  tag
      (match tail (st false (2 ^ 64) 2 48 (2 ^ 64 - 1)) (w 128) (LidoSRv3.Audit.Source.SszWitnessAbi.word✝ 36) 1 with
      | Except.error err => Except.error err
      | Except.ok v =>
        match
          Except.mapError Error.bls
            (SszBlsComposition.pubkeyRun 0 (st false (2 ^ 64) 2 48 (2 ^ 64 - 1)) v.offset v.length) with
        | Except.error err => Except.error err
        | Except.ok v =>
          match fields v.state (w 128) with
          | Except.error err => Except.error err
          | Except.ok v_1 =>
            match
              Except.mapError Error.bls
                (SszBlsComposition.merkleRun 0 v.state v.digest
                  (v.state.calldataload (LidoSRv3.Audit.Source.SszWitnessAbi.word✝ 36))
                  (SszBlsComposition.chunk v_1.effectiveBalance)
                  (SszBlsComposition.chunk (if v_1.slashed = true then 1 else 0))
                  (SszBlsComposition.chunk v_1.activationEligibilityEpoch) (SszBlsComposition.chunk v_1.activationEpoch)
                  (SszBlsComposition.chunk v_1.exitEpoch) (SszBlsComposition.chunk v_1.withdrawableEpoch)) with
            | Except.error err => Except.error err
            | Except.ok v =>
              match tail v.state (w 128) (LidoSRv3.Audit.Source.SszWitnessAbi.word✝ 4) 32 with
              | Except.error err => Except.error err
              | Except.ok v_2 =>
                Except.mapError Error.proof
                  (SszProofCalldataLoop.verify 0 v.state
                    (v.state.calldataload (LidoSRv3.Audit.Source.SszWitnessAbi.word✝ 100)) v.digest
                    (v.state.calldataload (LidoSRv3.Audit.Source.SszWitnessAbi.word✝ 68)) v_2.offset v_2.length)) =
    some (Error.bls SszBlsComposition.Error.sha256PrecompileFailed)

hh : header (st false (2 ^ 64) 2 48 (2 ^ 64 - 1)) = Except.ok (w 128)
ht : tail (st false (2 ^ 64) 2 48 (2 ^ 64 - 1)) (w 128) (w 36) 1 = Except.ok { offset := w 484, length := 48 }
⊢ tag
      (match tail (st false (2 ^ 64) 2 48 (2 ^ 64 - 1)) (w 128) (LidoSRv3.Audit.Source.SszWitnessAbi.word✝ 36) 1 with
      | Except.error err => Except.error err
      | Except.ok v =>
        match
          Except.mapError Error.bls
            (SszBlsComposition.pubkeyRun 0 (st false (2 ^ 64) 2 48 (2 ^ 64 - 1)) v.offset v.length) with
        | Except.error err => Except.error err
        | Except.ok v =>
          match fields v.state (w 128) with
          | Except.error err => Except.error err
          | Except.ok v_1 =>
            match
              Except.mapError Error.bls
                (SszBlsComposition.merkleRun 0 v.state v.digest
                  (v.state.calldataload (LidoSRv3.Audit.Source.SszWitnessAbi.word✝ 36))
                  (SszBlsComposition.chunk v_1.effectiveBalance)
                  (SszBlsComposition.chunk (if v_1.slashed = true then 1 else 0))
                  (SszBlsComposition.chunk v_1.activationEligibilityEpoch) (SszBlsComposition.chunk v_1.activationEpoch)
                  (SszBlsComposition.chunk v_1.exitEpoch) (SszBlsComposition.chunk v_1.withdrawableEpoch)) with
            | Except.error err => Except.error err
            | Except.ok v =>
              match tail v.state (w 128) (LidoSRv3.Audit.Source.SszWitnessAbi.word✝ 4) 32 with
              | Except.error err => Except.error err
              | Except.ok v_2 =>
                Except.mapError Error.proof
                  (SszProofCalldataLoop.verify 0 v.state
                    (v.state.calldataload (LidoSRv3.Audit.Source.SszWitnessAbi.word✝ 100)) v.digest
                    (v.state.calldataload (LidoSRv3.Audit.Source.SszWitnessAbi.word✝ 68)) v_2.offset v_2.length)) =
    some (Error.bls SszBlsComposition.Error.sha256PrecompileFailed)
error: LidoSRv3/Tests/SszWitnessAbiMutants.lean:122:8: Tactic `rewrite` failed: Did not find an occurrence of the pattern
  (st false (2 ^ 64) 2 47 (2 ^ 64 - 1)).calldataload (w 0)
in the target expression
  (if (st false (2 ^ 64) 2 47 (2 ^ 64 - 1)).executionEnv.weiValue.toNat ≠ 0 then do
      throw Error.abi
      if
            (LidoSRv3.Audit.Source.SszWitnessAbi.word✝
                  (st false (2 ^ 64) 2 47 (2 ^ 64 - 1)).executionEnv.calldata.size).toNat <
              4 then
          do
          throw Error.abi
          if
                ((st false (2 ^ 64) 2 47 (2 ^ 64 - 1)).calldataload
                        (LidoSRv3.Audit.Source.SszWitnessAbi.word✝ 0)).toNat /
                    2 ^ 224 ≠
                  1003628481 then
              do
              throw Error.abi
              if
                    (LidoSRv3.Audit.Source.SszWitnessAbi.word✝
                              (st false (2 ^ 64) 2 47 (2 ^ 64 - 1)).executionEnv.calldata.size -
                            LidoSRv3.Audit.Source.SszWitnessAbi.word✝ 4).sltBool
                        (LidoSRv3.Audit.Source.SszWitnessAbi.word✝ 128) =
                      true then
                  do
                  throw Error.abi
                  if
                        ((st false (2 ^ 64) 2 47 (2 ^ 64 - 1)).calldataload
                              (LidoSRv3.Audit.Source.SszWitnessAbi.word✝ 4)).toNat >
                          2 ^ 64 - 1 then
                      do
                      throw Error.abi
                      if
                            (LidoSRv3.Audit.Source.SszWitnessAbi.word✝
                                        (st false (2 ^ 64) 2 47 (2 ^ 64 - 1)).executionEnv.calldata.size -
                                      (st false (2 ^ 64) 2 47 (2 ^ 64 - 1)).calldataload
                                        (LidoSRv3.Audit.Source.SszWitnessAbi.word✝ 4) -
                                    LidoSRv3.Audit.Source.SszWitnessAbi.word✝ 4).sltBool
                                (LidoSRv3.Audit.Source.SszWitnessAbi.word✝ 256) =
                              true then
                          do
                          throw Error.abi
                          pure
                              ((st false (2 ^ 64) 2 47 (2 ^ 64 - 1)).calldataload
                                (LidoSRv3.Audit.Source.SszWitnessAbi.word✝ 4))
                        else do
                          pure PUnit.unit
                          pure
                              ((st false (2 ^ 64) 2 47 (2 ^ 64 - 1)).calldataload
                                (LidoSRv3.Audit.Source.SszWitnessAbi.word✝ 4))
                    else do
                      pure PUnit.unit
                      if
                            (LidoSRv3.Audit.Source.SszWitnessAbi.word✝
                                        (st false (2 ^ 64) 2 47 (2 ^ 64 - 1)).executionEnv.calldata.size -
                                      (st false (2 ^ 64) 2 47 (2 ^ 64 - 1)).calldataload
                                        (LidoSRv3.Audit.Source.SszWitnessAbi.word✝ 4) -
                                    LidoSRv3.Audit.Source.SszWitnessAbi.word✝ 4).sltBool
                                (LidoSRv3.Audit.Source.SszWitnessAbi.word✝ 256) =
                              true then
                          do
                          throw Error.abi
                          pure
                              ((st false (2 ^ 64) 2 47 (2 ^ 64 - 1)).calldataload
                                (LidoSRv3.Audit.Source.SszWitnessAbi.word✝ 4))
                        else do
                          pure PUnit.unit
                          pure
                              ((st false (2 ^ 64) 2 47 (2 ^ 64 - 1)).calldataload
                                (LidoSRv3.Audit.Source.SszWitnessAbi.word✝ 4))
                else do
                  pure PUnit.unit
                  if
                        ((st false (2 ^ 64) 2 47 (2 ^ 64 - 1)).calldataload
                              (LidoSRv3.Audit.Source.SszWitnessAbi.word✝ 4)).toNat >
                          2 ^ 64 - 1 then
                      do
                      throw Error.abi
                      if
                            (LidoSRv3.Audit.Source.SszWitnessAbi.word✝
                                        (st false (2 ^ 64) 2 47 (2 ^ 64 - 1)).executionEnv.calldata.size -
                                      (st false (2 ^ 64) 2 47 (2 ^ 64 - 1)).calldataload
                                        (LidoSRv3.Audit.Source.SszWitnessAbi.word✝ 4) -
                                    LidoSRv3.Audit.Source.SszWitnessAbi.word✝ 4).sltBool
                                (LidoSRv3.Audit.Source.SszWitnessAbi.word✝ 256) =
                              true then
                          do
                          throw Error.abi
                          pure
                              ((st false (2 ^ 64) 2 47 (2 ^ 64 - 1)).calldataload
                                (LidoSRv3.Audit.Source.SszWitnessAbi.word✝ 4))
                        else do
                          pure PUnit.unit
                          pure
                              ((st false (2 ^ 64) 2 47 (2 ^ 64 - 1)).calldataload
                                (LidoSRv3.Audit.Source.SszWitnessAbi.word✝ 4))
                    else do
                      pure PUnit.unit
                      if
                            (LidoSRv3.Audit.Source.SszWitnessAbi.word✝
                                        (st false (2 ^ 64) 2 47 (2 ^ 64 - 1)).executionEnv.calldata.size -
                                      (st false (2 ^ 64) 2 47 (2 ^ 64 - 1)).calldataload
                                        (LidoSRv3.Audit.Source.SszWitnessAbi.word✝ 4) -
                                    LidoSRv3.Audit.Source.SszWitnessAbi.word✝ 4).sltBool
                                (LidoSRv3.Audit.Source.SszWitnessAbi.word✝ 256) =
                              true then
                          do
                          throw Error.abi
                          pure
                              ((st false (2 ^ 64) 2 47 (2 ^ 64 - 1)).calldataload
                                (LidoSRv3.Audit.Source.SszWitnessAbi.word✝ 4))
                        else do
                          pure PUnit.unit
                          pure
                              ((st false (2 ^ 64) 2 47 (2 ^ 64 - 1)).calldataload
                                (LidoSRv3.Audit.Source.SszWitnessAbi.word✝ 4))
            else do
              pure PUnit.unit
              if
                    (LidoSRv3.Audit.Source.SszWitnessAbi.word✝
                              (st false (2 ^ 64) 2 47 (2 ^ 64 - 1)).executionEnv.calldata.size -
                            LidoSRv3.Audit.Source.SszWitnessAbi.word✝ 4).sltBool
                        (LidoSRv3.Audit.Source.SszWitnessAbi.word✝ 128) =
                      true then
                  do
                  throw Error.abi
                  if
                        ((st false (2 ^ 64) 2 47 (2 ^ 64 - 1)).calldataload
                              (LidoSRv3.Audit.Source.SszWitnessAbi.word✝ 4)).toNat >
                          2 ^ 64 - 1 then
                      do
                      throw Error.abi
                      if
                            (LidoSRv3.Audit.Source.SszWitnessAbi.word✝
                                        (st false (2 ^ 64) 2 47 (2 ^ 64 - 1)).executionEnv.calldata.size -
                                      (st false (2 ^ 64) 2 47 (2 ^ 64 - 1)).calldataload
                                        (LidoSRv3.Audit.Source.SszWitnessAbi.word✝ 4) -
                                    LidoSRv3.Audit.Source.SszWitnessAbi.word✝ 4).sltBool
                                (LidoSRv3.Audit.Source.SszWitnessAbi.word✝ 256) =
                              true then
                          do
                          throw Error.abi
                          pure
                              ((st false (2 ^ 64) 2 47 (2 ^ 64 - 1)).calldataload
                                (LidoSRv3.Audit.Source.SszWitnessAbi.word✝ 4))
                        else do
                          pure PUnit.unit
                          pure
                              ((st false (2 ^ 64) 2 47 (2 ^ 64 - 1)).calldataload
                                (LidoSRv3.Audit.Source.SszWitnessAbi.word✝ 4))
                    else do
                      pure PUnit.unit
                      if
                            (LidoSRv3.Audit.Source.SszWitnessAbi.word✝
                                        (st false (2 ^ 64) 2 47 (2 ^ 64 - 1)).executionEnv.calldata.size -
                                      (st false (2 ^ 64) 2 47 (2 ^ 64 - 1)).calldataload
                                        (LidoSRv3.Audit.Source.SszWitnessAbi.word✝ 4) -
                                    LidoSRv3.Audit.Source.SszWitnessAbi.word✝ 4).sltBool
                                (LidoSRv3.Audit.Source.SszWitnessAbi.word✝ 256) =
                              true then
                          do
                          throw Error.abi
                          pure
                              ((st false (2 ^ 64) 2 47 (2 ^ 64 - 1)).calldataload
                                (LidoSRv3.Audit.Source.SszWitnessAbi.word✝ 4))
                        else do
                          pure PUnit.unit
                          pure
                              ((st false (2 ^ 64) 2 47 (2 ^ 64 - 1)).calldataload
                                (LidoSRv3.Audit.Source.SszWitnessAbi.word✝ 4))
                else do
                  pure PUnit.unit
                  if
                        ((st false (2 ^ 64) 2 47 (2 ^ 64 - 1)).calldataload
                              (LidoSRv3.Audit.Source.SszWitnessAbi.word✝ 4)).toNat >
                          2 ^ 64 - 1 then
                      do
                      throw Error.abi
                      if
                            (LidoSRv3.Audit.Source.SszWitnessAbi.word✝
                                        (st false (2 ^ 64) 2 47 (2 ^ 64 - 1)).executionEnv.calldata.size -
                                      (st false (2 ^ 64) 2 47 (2 ^ 64 - 1)).calldataload
                                        (LidoSRv3.Audit.Source.SszWitnessAbi.word✝ 4) -
                                    LidoSRv3.Audit.Source.SszWitnessAbi.word✝ 4).sltBool
                                (LidoSRv3.Audit.Source.SszWitnessAbi.word✝ 256) =
                              true then
                          do
                          throw Error.abi
                          pure
                              ((st false (2 ^ 64) 2 47 (2 ^ 64 - 1)).calldataload
                                (LidoSRv3.Audit.Source.SszWitnessAbi.word✝ 4))
                        else do
                          pure PUnit.unit
                          pure
                              ((st false (2 ^ 64) 2 47 (2 ^ 64 - 1)).calldataload
                                (LidoSRv3.Audit.Source.SszWitnessAbi.word✝ 4))
                    else do
                      pure PUnit.unit
                      if
                            (LidoSRv3.Audit.Source.SszWitnessAbi.word✝
                                        (st false (2 ^ 64) 2 47 (2 ^ 64 - 1)).executionEnv.calldata.size -
                                      (st false (2 ^ 64) 2 47 (2 ^ 64 - 1)).calldataload
                                        (LidoSRv3.Audit.Source.SszWitnessAbi.word✝ 4) -
                                    LidoSRv3.Audit.Source.SszWitnessAbi.word✝ 4).sltBool
                                (LidoSRv3.Audit.Source.SszWitnessAbi.word✝ 256) =
                              true then
                          do
                          throw Error.abi
                          pure
                              ((st false (2 ^ 64) 2 47 (2 ^ 64 - 1)).calldataload
                                (LidoSRv3.Audit.Source.SszWitnessAbi.word✝ 4))
                        else do
                          pure PUnit.unit
                          pure
                              ((st false (2 ^ 64) 2 47 (2 ^ 64 - 1)).calldataload
                                (LidoSRv3.Audit.Source.SszWitnessAbi.word✝ 4))
        else do
          pure PUnit.unit
          if
                ((st false (2 ^ 64) 2 47 (2 ^ 64 - 1)).calldataload
                        (LidoSRv3.Audit.Source.SszWitnessAbi.word✝ 0)).toNat /
                    2 ^ 224 ≠
                  1003628481 then
              do
              throw Error.abi
              if
                    (LidoSRv3.Audit.Source.SszWitnessAbi.word✝
                              (st false (2 ^ 64) 2 47 (2 ^ 64 - 1)).executionEnv.calldata.size -
                            LidoSRv3.Audit.Source.SszWitnessAbi.word✝ 4).sltBool
                        (LidoSRv3.Audit.Source.SszWitnessAbi.word✝ 128) =
                      true then
                  do
                  throw Error.abi
                  if
                        ((st false (2 ^ 64) 2 47 (2 ^ 64 - 1)).calldataload
                              (LidoSRv3.Audit.Source.SszWitnessAbi.word✝ 4)).toNat >
                          2 ^ 64 - 1 then
                      do
                      throw Error.abi
                      if
                            (LidoSRv3.Audit.Source.SszWitnessAbi.word✝
                                        (st false (2 ^ 64) 2 47 (2 ^ 64 - 1)).executionEnv.calldata.size -
                                      (st false (2 ^ 64) 2 47 (2 ^ 64 - 1)).calldataload
                                        (LidoSRv3.Audit.Source.SszWitnessAbi.word✝ 4) -
                                    LidoSRv3.Audit.Source.SszWitnessAbi.word✝ 4).sltBool
                                (LidoSRv3.Audit.Source.SszWitnessAbi.word✝ 256) =
                              true then
                          do
                          throw Error.abi
                          pure
                              ((st false (2 ^ 64) 2 47 (2 ^ 64 - 1)).calldataload
                                (LidoSRv3.Audit.Source.SszWitnessAbi.word✝ 4))
                        else do
                          pure PUnit.unit
                          pure
                              ((st false (2 ^ 64) 2 47 (2 ^ 64 - 1)).calldataload
                                (LidoSRv3.Audit.Source.SszWitnessAbi.word✝ 4))
                    else do
                      pure PUnit.unit
                      if
                            (LidoSRv3.Audit.Source.SszWitnessAbi.word✝
                                        (st false (2 ^ 64) 2 47 (2 ^ 64 - 1)).executionEnv.calldata.size -
                                      (st false (2 ^ 64) 2 47 (2 ^ 64 - 1)).calldataload
                                        (LidoSRv3.Audit.Source.SszWitnessAbi.word✝ 4) -
                                    LidoSRv3.Audit.Source.SszWitnessAbi.word✝ 4).sltBool
                                (LidoSRv3.Audit.Source.SszWitnessAbi.word✝ 256) =
                              true then
                          do
                          throw Error.abi
                          pure
                              ((st false (2 ^ 64) 2 47 (2 ^ 64 - 1)).calldataload
                                (LidoSRv3.Audit.Source.SszWitnessAbi.word✝ 4))
                        else do
                          pure PUnit.unit
                          pure
                              ((st false (2 ^ 64) 2 47 (2 ^ 64 - 1)).calldataload
                                (LidoSRv3.Audit.Source.SszWitnessAbi.word✝ 4))
                else do
                  pure PUnit.unit
                  if
                        ((st false (2 ^ 64) 2 47 (2 ^ 64 - 1)).calldataload
                              (LidoSRv3.Audit.Source.SszWitnessAbi.word✝ 4)).toNat >
                          2 ^ 64 - 1 then
                      do
                      throw Error.abi
                      if
                            (LidoSRv3.Audit.Source.SszWitnessAbi.word✝
                                        (st false (2 ^ 64) 2 47 (2 ^ 64 - 1)).executionEnv.calldata.size -
                                      (st false (2 ^ 64) 2 47 (2 ^ 64 - 1)).calldataload
                                        (LidoSRv3.Audit.Source.SszWitnessAbi.word✝ 4) -
                                    LidoSRv3.Audit.Source.SszWitnessAbi.word✝ 4).sltBool
                                (LidoSRv3.Audit.Source.SszWitnessAbi.word✝ 256) =
                              true then
                          do
                          throw Error.abi
                          pure
                              ((st false (2 ^ 64) 2 47 (2 ^ 64 - 1)).calldataload
                                (LidoSRv3.Audit.Source.SszWitnessAbi.word✝ 4))
                        else do
                          pure PUnit.unit
                          pure
                              ((st false (2 ^ 64) 2 47 (2 ^ 64 - 1)).calldataload
                                (LidoSRv3.Audit.Source.SszWitnessAbi.word✝ 4))
                    else do
                      pure PUnit.unit
                      if
                            (LidoSRv3.Audit.Source.SszWitnessAbi.word✝
                                        (st false (2 ^ 64) 2 47 (2 ^ 64 - 1)).executionEnv.calldata.size -
                                      (st false (2 ^ 64) 2 47 (2 ^ 64 - 1)).calldataload
                                        (LidoSRv3.Audit.Source.SszWitnessAbi.word✝ 4) -
                                    LidoSRv3.Audit.Source.SszWitnessAbi.word✝ 4).sltBool
                                (LidoSRv3.Audit.Source.SszWitnessAbi.word✝ 256) =
                              true then
                          do
                          throw Error.abi
                          pure
                              ((st false (2 ^ 64) 2 47 (2 ^ 64 - 1)).calldataload
                                (LidoSRv3.Audit.Source.SszWitnessAbi.word✝ 4))
                        else do
                          pure PUnit.unit
                          pure
                              ((st false (2 ^ 64) 2 47 (2 ^ 64 - 1)).calldataload
                                (LidoSRv3.Audit.Source.SszWitnessAbi.word✝ 4))
            else do
              pure PUnit.unit
              if
                    (LidoSRv3.Audit.Source.SszWitnessAbi.word✝
                              (st false (2 ^ 64) 2 47 (2 ^ 64 - 1)).executionEnv.calldata.size -
                            LidoSRv3.Audit.Source.SszWitnessAbi.word✝ 4).sltBool
                        (LidoSRv3.Audit.Source.SszWitnessAbi.word✝ 128) =
                      true then
                  do
                  throw Error.abi
                  if
                        ((st false (2 ^ 64) 2 47 (2 ^ 64 - 1)).calldataload
                              (LidoSRv3.Audit.Source.SszWitnessAbi.word✝ 4)).toNat >
                          2 ^ 64 - 1 then
                      do
                      throw Error.abi
                      if
                            (LidoSRv3.Audit.Source.SszWitnessAbi.word✝
                                        (st false (2 ^ 64) 2 47 (2 ^ 64 - 1)).executionEnv.calldata.size -
                                      (st false (2 ^ 64) 2 47 (2 ^ 64 - 1)).calldataload
                                        (LidoSRv3.Audit.Source.SszWitnessAbi.word✝ 4) -
                                    LidoSRv3.Audit.Source.SszWitnessAbi.word✝ 4).sltBool
                                (LidoSRv3.Audit.Source.SszWitnessAbi.word✝ 256) =
                              true then
                          do
                          throw Error.abi
                          pure
                              ((st false (2 ^ 64) 2 47 (2 ^ 64 - 1)).calldataload
                                (LidoSRv3.Audit.Source.SszWitnessAbi.word✝ 4))
                        else do
                          pure PUnit.unit
                          pure
                              ((st false (2 ^ 64) 2 47 (2 ^ 64 - 1)).calldataload
                                (LidoSRv3.Audit.Source.SszWitnessAbi.word✝ 4))
                    else do
                      pure PUnit.unit
                      if
                            (LidoSRv3.Audit.Source.SszWitnessAbi.word✝
                                        (st false (2 ^ 64) 2 47 (2 ^ 64 - 1)).executionEnv.calldata.size -
                                      (st false (2 ^ 64) 2 47 (2 ^ 64 - 1)).calldataload
                                        (LidoSRv3.Audit.Source.SszWitnessAbi.word✝ 4) -
                                    LidoSRv3.Audit.Source.SszWitnessAbi.word✝ 4).sltBool
                                (LidoSRv3.Audit.Source.SszWitnessAbi.word✝ 256) =
                              true then
                          do
                          throw Error.abi
                          pure
                              ((st false (2 ^ 64) 2 47 (2 ^ 64 - 1)).calldataload
                                (LidoSRv3.Audit.Source.SszWitnessAbi.word✝ 4))
                        else do
                          pure PUnit.unit
                          pure
                              ((st false (2 ^ 64) 2 47 (2 ^ 64 - 1)).calldataload
                                (LidoSRv3.Audit.Source.SszWitnessAbi.word✝ 4))
                else do
                  pure PUnit.unit
                  if
                        ((st false (2 ^ 64) 2 47 (2 ^ 64 - 1)).calldataload
                              (LidoSRv3.Audit.Source.SszWitnessAbi.word✝ 4)).toNat >
                          2 ^ 64 - 1 then
                      do
                      throw Error.abi
                      if
                            (LidoSRv3.Audit.Source.SszWitnessAbi.word✝
                                        (st false (2 ^ 64) 2 47 (2 ^ 64 - 1)).executionEnv.calldata.size -
                                      (st false (2 ^ 64) 2 47 (2 ^ 64 - 1)).calldataload
                                        (LidoSRv3.Audit.Source.SszWitnessAbi.word✝ 4) -
                                    LidoSRv3.Audit.Source.SszWitnessAbi.word✝ 4).sltBool
                                (LidoSRv3.Audit.Source.SszWitnessAbi.word✝ 256) =
                              true then
                          do
                          throw Error.abi
                          pure
                              ((st false (2 ^ 64) 2 47 (2 ^ 64 - 1)).calldataload
                                (LidoSRv3.Audit.Source.SszWitnessAbi.word✝ 4))
                        else do
                          pure PUnit.unit
                          pure
                              ((st false (2 ^ 64) 2 47 (2 ^ 64 - 1)).calldataload
                                (LidoSRv3.Audit.Source.SszWitnessAbi.word✝ 4))
                    else do
                      pure PUnit.unit
                      if
                            (LidoSRv3.Audit.Source.SszWitnessAbi.word✝
                                        (st false (2 ^ 64) 2 47 (2 ^ 64 - 1)).executionEnv.calldata.size -
                                      (st false (2 ^ 64) 2 47 (2 ^ 64 - 1)).calldataload
                                        (LidoSRv3.Audit.Source.SszWitnessAbi.word✝ 4) -
                                    LidoSRv3.Audit.Source.SszWitnessAbi.word✝ 4).sltBool
                                (LidoSRv3.Audit.Source.SszWitnessAbi.word✝ 256) =
                              true then
                          do
                          throw Error.abi
                          pure
                              ((st false (2 ^ 64) 2 47 (2 ^ 64 - 1)).calldataload
                                (LidoSRv3.Audit.Source.SszWitnessAbi.word✝ 4))
                        else do
                          pure PUnit.unit
                          pure
                              ((st false (2 ^ 64) 2 47 (2 ^ 64 - 1)).calldataload
                                (LidoSRv3.Audit.Source.SszWitnessAbi.word✝ 4))
    else do
      pure PUnit.unit
      if
            (LidoSRv3.Audit.Source.SszWitnessAbi.word✝
                  (st false (2 ^ 64) 2 47 (2 ^ 64 - 1)).executionEnv.calldata.size).toNat <
              4 then
          do
          throw Error.abi
          if
                ((st false (2 ^ 64) 2 47 (2 ^ 64 - 1)).calldataload
                        (LidoSRv3.Audit.Source.SszWitnessAbi.word✝ 0)).toNat /
                    2 ^ 224 ≠
                  1003628481 then
              do
              throw Error.abi
              if
                    (LidoSRv3.Audit.Source.SszWitnessAbi.word✝
                              (st false (2 ^ 64) 2 47 (2 ^ 64 - 1)).executionEnv.calldata.size -
                            LidoSRv3.Audit.Source.SszWitnessAbi.word✝ 4).sltBool
                        (LidoSRv3.Audit.Source.SszWitnessAbi.word✝ 128) =
                      true then
                  do
                  throw Error.abi
                  if
                        ((st false (2 ^ 64) 2 47 (2 ^ 64 - 1)).calldataload
                              (LidoSRv3.Audit.Source.SszWitnessAbi.word✝ 4)).toNat >
                          2 ^ 64 - 1 then
                      do
                      throw Error.abi
                      if
                            (LidoSRv3.Audit.Source.SszWitnessAbi.word✝
                                        (st false (2 ^ 64) 2 47 (2 ^ 64 - 1)).executionEnv.calldata.size -
                                      (st false (2 ^ 64) 2 47 (2 ^ 64 - 1)).calldataload
                                        (LidoSRv3.Audit.Source.SszWitnessAbi.word✝ 4) -
                                    LidoSRv3.Audit.Source.SszWitnessAbi.word✝ 4).sltBool
                                (LidoSRv3.Audit.Source.SszWitnessAbi.word✝ 256) =
                              true then
                          do
                          throw Error.abi
                          pure
                              ((st false (2 ^ 64) 2 47 (2 ^ 64 - 1)).calldataload
                                (LidoSRv3.Audit.Source.SszWitnessAbi.word✝ 4))
                        else do
                          pure PUnit.unit
                          pure
                              ((st false (2 ^ 64) 2 47 (2 ^ 64 - 1)).calldataload
                                (LidoSRv3.Audit.Source.SszWitnessAbi.word✝ 4))
                    else do
                      pure PUnit.unit
                      if
                            (LidoSRv3.Audit.Source.SszWitnessAbi.word✝
                                        (st false (2 ^ 64) 2 47 (2 ^ 64 - 1)).executionEnv.calldata.size -
                                      (st false (2 ^ 64) 2 47 (2 ^ 64 - 1)).calldataload
                                        (LidoSRv3.Audit.Source.SszWitnessAbi.word✝ 4) -
                                    LidoSRv3.Audit.Source.SszWitnessAbi.word✝ 4).sltBool
                                (LidoSRv3.Audit.Source.SszWitnessAbi.word✝ 256) =
                              true then
                          do
                          throw Error.abi
                          pure
                              ((st false (2 ^ 64) 2 47 (2 ^ 64 - 1)).calldataload
                                (LidoSRv3.Audit.Source.SszWitnessAbi.word✝ 4))
                        else do
                          pure PUnit.unit
                          pure
                              ((st false (2 ^ 64) 2 47 (2 ^ 64 - 1)).calldataload
                                (LidoSRv3.Audit.Source.SszWitnessAbi.word✝ 4))
                else do
                  pure PUnit.unit
                  if
                        ((st false (2 ^ 64) 2 47 (2 ^ 64 - 1)).calldataload
                              (LidoSRv3.Audit.Source.SszWitnessAbi.word✝ 4)).toNat >
                          2 ^ 64 - 1 then
                      do
                      throw Error.abi
                      if
                            (LidoSRv3.Audit.Source.SszWitnessAbi.word✝
                                        (st false (2 ^ 64) 2 47 (2 ^ 64 - 1)).executionEnv.calldata.size -
                                      (st false (2 ^ 64) 2 47 (2 ^ 64 - 1)).calldataload
                                        (LidoSRv3.Audit.Source.SszWitnessAbi.word✝ 4) -
                                    LidoSRv3.Audit.Source.SszWitnessAbi.word✝ 4).sltBool
                                (LidoSRv3.Audit.Source.SszWitnessAbi.word✝ 256) =
                              true then
                          do
                          throw Error.abi
                          pure
                              ((st false (2 ^ 64) 2 47 (2 ^ 64 - 1)).calldataload
                                (LidoSRv3.Audit.Source.SszWitnessAbi.word✝ 4))
                        else do
                          pure PUnit.unit
                          pure
                              ((st false (2 ^ 64) 2 47 (2 ^ 64 - 1)).calldataload
                                (LidoSRv3.Audit.Source.SszWitnessAbi.word✝ 4))
                    else do
                      pure PUnit.unit
                      if
                            (LidoSRv3.Audit.Source.SszWitnessAbi.word✝
                                        (st false (2 ^ 64) 2 47 (2 ^ 64 - 1)).executionEnv.calldata.size -
                                      (st false (2 ^ 64) 2 47 (2 ^ 64 - 1)).calldataload
                                        (LidoSRv3.Audit.Source.SszWitnessAbi.word✝ 4) -
                                    LidoSRv3.Audit.Source.SszWitnessAbi.word✝ 4).sltBool
                                (LidoSRv3.Audit.Source.SszWitnessAbi.word✝ 256) =
                              true then
                          do
                          throw Error.abi
                          pure
                              ((st false (2 ^ 64) 2 47 (2 ^ 64 - 1)).calldataload
                                (LidoSRv3.Audit.Source.SszWitnessAbi.word✝ 4))
                        else do
                          pure PUnit.unit
                          pure
                              ((st false (2 ^ 64) 2 47 (2 ^ 64 - 1)).calldataload
                                (LidoSRv3.Audit.Source.SszWitnessAbi.word✝ 4))
            else do
              pure PUnit.unit
              if
                    (LidoSRv3.Audit.Source.SszWitnessAbi.word✝
                              (st false (2 ^ 64) 2 47 (2 ^ 64 - 1)).executionEnv.calldata.size -
                            LidoSRv3.Audit.Source.SszWitnessAbi.word✝ 4).sltBool
                        (LidoSRv3.Audit.Source.SszWitnessAbi.word✝ 128) =
                      true then
                  do
                  throw Error.abi
                  if
                        ((st false (2 ^ 64) 2 47 (2 ^ 64 - 1)).calldataload
                              (LidoSRv3.Audit.Source.SszWitnessAbi.word✝ 4)).toNat >
                          2 ^ 64 - 1 then
                      do
                      throw Error.abi
                      if
                            (LidoSRv3.Audit.Source.SszWitnessAbi.word✝
                                        (st false (2 ^ 64) 2 47 (2 ^ 64 - 1)).executionEnv.calldata.size -
                                      (st false (2 ^ 64) 2 47 (2 ^ 64 - 1)).calldataload
                                        (LidoSRv3.Audit.Source.SszWitnessAbi.word✝ 4) -
                                    LidoSRv3.Audit.Source.SszWitnessAbi.word✝ 4).sltBool
                                (LidoSRv3.Audit.Source.SszWitnessAbi.word✝ 256) =
                              true then
                          do
                          throw Error.abi
                          pure
                              ((st false (2 ^ 64) 2 47 (2 ^ 64 - 1)).calldataload
                                (LidoSRv3.Audit.Source.SszWitnessAbi.word✝ 4))
                        else do
                          pure PUnit.unit
                          pure
                              ((st false (2 ^ 64) 2 47 (2 ^ 64 - 1)).calldataload
                                (LidoSRv3.Audit.Source.SszWitnessAbi.word✝ 4))
                    else do
                      pure PUnit.unit
                      if
                            (LidoSRv3.Audit.Source.SszWitnessAbi.word✝
                                        (st false (2 ^ 64) 2 47 (2 ^ 64 - 1)).executionEnv.calldata.size -
                                      (st false (2 ^ 64) 2 47 (2 ^ 64 - 1)).calldataload
                                        (LidoSRv3.Audit.Source.SszWitnessAbi.word✝ 4) -
                                    LidoSRv3.Audit.Source.SszWitnessAbi.word✝ 4).sltBool
                                (LidoSRv3.Audit.Source.SszWitnessAbi.word✝ 256) =
                              true then
                          do
                          throw Error.abi
                          pure
                              ((st false (2 ^ 64) 2 47 (2 ^ 64 - 1)).calldataload
                                (LidoSRv3.Audit.Source.SszWitnessAbi.word✝ 4))
                        else do
                          pure PUnit.unit
                          pure
                              ((st false (2 ^ 64) 2 47 (2 ^ 64 - 1)).calldataload
                                (LidoSRv3.Audit.Source.SszWitnessAbi.word✝ 4))
                else do
                  pure PUnit.unit
                  if
                        ((st false (2 ^ 64) 2 47 (2 ^ 64 - 1)).calldataload
                              (LidoSRv3.Audit.Source.SszWitnessAbi.word✝ 4)).toNat >
                          2 ^ 64 - 1 then
                      do
                      throw Error.abi
                      if
                            (LidoSRv3.Audit.Source.SszWitnessAbi.word✝
                                        (st false (2 ^ 64) 2 47 (2 ^ 64 - 1)).executionEnv.calldata.size -
                                      (st false (2 ^ 64) 2 47 (2 ^ 64 - 1)).calldataload
                                        (LidoSRv3.Audit.Source.SszWitnessAbi.word✝ 4) -
                                    LidoSRv3.Audit.Source.SszWitnessAbi.word✝ 4).sltBool
                                (LidoSRv3.Audit.Source.SszWitnessAbi.word✝ 256) =
                              true then
                          do
                          throw Error.abi
                          pure
                              ((st false (2 ^ 64) 2 47 (2 ^ 64 - 1)).calldataload
                                (LidoSRv3.Audit.Source.SszWitnessAbi.word✝ 4))
                        else do
                          pure PUnit.unit
                          pure
                              ((st false (2 ^ 64) 2 47 (2 ^ 64 - 1)).calldataload
                                (LidoSRv3.Audit.Source.SszWitnessAbi.word✝ 4))
                    else do
                      pure PUnit.unit
                      if
                            (LidoSRv3.Audit.Source.SszWitnessAbi.word✝
                                        (st false (2 ^ 64) 2 47 (2 ^ 64 - 1)).executionEnv.calldata.size -
                                      (st false (2 ^ 64) 2 47 (2 ^ 64 - 1)).calldataload
                                        (LidoSRv3.Audit.Source.SszWitnessAbi.word✝ 4) -
                                    LidoSRv3.Audit.Source.SszWitnessAbi.word✝ 4).sltBool
                                (LidoSRv3.Audit.Source.SszWitnessAbi.word✝ 256) =
                              true then
                          do
                          throw Error.abi
                          pure
                              ((st false (2 ^ 64) 2 47 (2 ^ 64 - 1)).calldataload
                                (LidoSRv3.Audit.Source.SszWitnessAbi.word✝ 4))
                        else do
                          pure PUnit.unit
                          pure
                              ((st false (2 ^ 64) 2 47 (2 ^ 64 - 1)).calldataload
                                (LidoSRv3.Audit.Source.SszWitnessAbi.word✝ 4))
        else do
          pure PUnit.unit
          if
                ((st false (2 ^ 64) 2 47 (2 ^ 64 - 1)).calldataload
                        (LidoSRv3.Audit.Source.SszWitnessAbi.word✝ 0)).toNat /
                    2 ^ 224 ≠
                  1003628481 then
              do
              throw Error.abi
              if
                    (LidoSRv3.Audit.Source.SszWitnessAbi.word✝
                              (st false (2 ^ 64) 2 47 (2 ^ 64 - 1)).executionEnv.calldata.size -
                            LidoSRv3.Audit.Source.SszWitnessAbi.word✝ 4).sltBool
                        (LidoSRv3.Audit.Source.SszWitnessAbi.word✝ 128) =
                      true then
                  do
                  throw Error.abi
                  if
                        ((st false (2 ^ 64) 2 47 (2 ^ 64 - 1)).calldataload
                              (LidoSRv3.Audit.Source.SszWitnessAbi.word✝ 4)).toNat >
                          2 ^ 64 - 1 then
                      do
                      throw Error.abi
                      if
                            (LidoSRv3.Audit.Source.SszWitnessAbi.word✝
                                        (st false (2 ^ 64) 2 47 (2 ^ 64 - 1)).executionEnv.calldata.size -
                                      (st false (2 ^ 64) 2 47 (2 ^ 64 - 1)).calldataload
                                        (LidoSRv3.Audit.Source.SszWitnessAbi.word✝ 4) -
                                    LidoSRv3.Audit.Source.SszWitnessAbi.word✝ 4).sltBool
                                (LidoSRv3.Audit.Source.SszWitnessAbi.word✝ 256) =
                              true then
                          do
                          throw Error.abi
                          pure
                              ((st false (2 ^ 64) 2 47 (2 ^ 64 - 1)).calldataload
                                (LidoSRv3.Audit.Source.SszWitnessAbi.word✝ 4))
                        else do
                          pure PUnit.unit
                          pure
                              ((st false (2 ^ 64) 2 47 (2 ^ 64 - 1)).calldataload
                                (LidoSRv3.Audit.Source.SszWitnessAbi.word✝ 4))
                    else do
                      pure PUnit.unit
                      if
                            (LidoSRv3.Audit.Source.SszWitnessAbi.word✝
                                        (st false (2 ^ 64) 2 47 (2 ^ 64 - 1)).executionEnv.calldata.size -
                                      (st false (2 ^ 64) 2 47 (2 ^ 64 - 1)).calldataload
                                        (LidoSRv3.Audit.Source.SszWitnessAbi.word✝ 4) -
                                    LidoSRv3.Audit.Source.SszWitnessAbi.word✝ 4).sltBool
                                (LidoSRv3.Audit.Source.SszWitnessAbi.word✝ 256) =
                              true then
                          do
                          throw Error.abi
                          pure
                              ((st false (2 ^ 64) 2 47 (2 ^ 64 - 1)).calldataload
                                (LidoSRv3.Audit.Source.SszWitnessAbi.word✝ 4))
                        else do
                          pure PUnit.unit
                          pure
                              ((st false (2 ^ 64) 2 47 (2 ^ 64 - 1)).calldataload
                                (LidoSRv3.Audit.Source.SszWitnessAbi.word✝ 4))
                else do
                  pure PUnit.unit
                  if
                        ((st false (2 ^ 64) 2 47 (2 ^ 64 - 1)).calldataload
                              (LidoSRv3.Audit.Source.SszWitnessAbi.word✝ 4)).toNat >
                          2 ^ 64 - 1 then
                      do
                      throw Error.abi
                      if
                            (LidoSRv3.Audit.Source.SszWitnessAbi.word✝
                                        (st false (2 ^ 64) 2 47 (2 ^ 64 - 1)).executionEnv.calldata.size -
                                      (st false (2 ^ 64) 2 47 (2 ^ 64 - 1)).calldataload
                                        (LidoSRv3.Audit.Source.SszWitnessAbi.word✝ 4) -
                                    LidoSRv3.Audit.Source.SszWitnessAbi.word✝ 4).sltBool
                                (LidoSRv3.Audit.Source.SszWitnessAbi.word✝ 256) =
                              true then
                          do
                          throw Error.abi
                          pure
                              ((st false (2 ^ 64) 2 47 (2 ^ 64 - 1)).calldataload
                                (LidoSRv3.Audit.Source.SszWitnessAbi.word✝ 4))
                        else do
                          pure PUnit.unit
                          pure
                              ((st false (2 ^ 64) 2 47 (2 ^ 64 - 1)).calldataload
                                (LidoSRv3.Audit.Source.SszWitnessAbi.word✝ 4))
                    else do
                      pure PUnit.unit
                      if
                            (LidoSRv3.Audit.Source.SszWitnessAbi.word✝
                                        (st false (2 ^ 64) 2 47 (2 ^ 64 - 1)).executionEnv.calldata.size -
                                      (st false (2 ^ 64) 2 47 (2 ^ 64 - 1)).calldataload
                                        (LidoSRv3.Audit.Source.SszWitnessAbi.word✝ 4) -
                                    LidoSRv3.Audit.Source.SszWitnessAbi.word✝ 4).sltBool
                                (LidoSRv3.Audit.Source.SszWitnessAbi.word✝ 256) =
                              true then
                          do
                          throw Error.abi
                          pure
                              ((st false (2 ^ 64) 2 47 (2 ^ 64 - 1)).calldataload
                                (LidoSRv3.Audit.Source.SszWitnessAbi.word✝ 4))
                        else do
                          pure PUnit.unit
                          pure
                              ((st false (2 ^ 64) 2 47 (2 ^ 64 - 1)).calldataload
                                (LidoSRv3.Audit.Source.SszWitnessAbi.word✝ 4))
            else do
              pure PUnit.unit
              if
                    (LidoSRv3.Audit.Source.SszWitnessAbi.word✝
                              (st false (2 ^ 64) 2 47 (2 ^ 64 - 1)).executionEnv.calldata.size -
                            LidoSRv3.Audit.Source.SszWitnessAbi.word✝ 4).sltBool
                        (LidoSRv3.Audit.Source.SszWitnessAbi.word✝ 128) =
                      true then
                  do
                  throw Error.abi
                  if
                        ((st false (2 ^ 64) 2 47 (2 ^ 64 - 1)).calldataload
                              (LidoSRv3.Audit.Source.SszWitnessAbi.word✝ 4)).toNat >
                          2 ^ 64 - 1 then
                      do
                      throw Error.abi
                      if
                            (LidoSRv3.Audit.Source.SszWitnessAbi.word✝
                                        (st false (2 ^ 64) 2 47 (2 ^ 64 - 1)).executionEnv.calldata.size -
                                      (st false (2 ^ 64) 2 47 (2 ^ 64 - 1)).calldataload
                                        (LidoSRv3.Audit.Source.SszWitnessAbi.word✝ 4) -
                                    LidoSRv3.Audit.Source.SszWitnessAbi.word✝ 4).sltBool
                                (LidoSRv3.Audit.Source.SszWitnessAbi.word✝ 256) =
                              true then
                          do
                          throw Error.abi
                          pure
                              ((st false (2 ^ 64) 2 47 (2 ^ 64 - 1)).calldataload
                                (LidoSRv3.Audit.Source.SszWitnessAbi.word✝ 4))
                        else do
                          pure PUnit.unit
                          pure
                              ((st false (2 ^ 64) 2 47 (2 ^ 64 - 1)).calldataload
                                (LidoSRv3.Audit.Source.SszWitnessAbi.word✝ 4))
                    else do
                      pure PUnit.unit
                      if
                            (LidoSRv3.Audit.Source.SszWitnessAbi.word✝
                                        (st false (2 ^ 64) 2 47 (2 ^ 64 - 1)).executionEnv.calldata.size -
                                      (st false (2 ^ 64) 2 47 (2 ^ 64 - 1)).calldataload
                                        (LidoSRv3.Audit.Source.SszWitnessAbi.word✝ 4) -
                                    LidoSRv3.Audit.Source.SszWitnessAbi.word✝ 4).sltBool
                                (LidoSRv3.Audit.Source.SszWitnessAbi.word✝ 256) =
                              true then
                          do
                          throw Error.abi
                          pure
                              ((st false (2 ^ 64) 2 47 (2 ^ 64 - 1)).calldataload
                                (LidoSRv3.Audit.Source.SszWitnessAbi.word✝ 4))
                        else do
                          pure PUnit.unit
                          pure
                              ((st false (2 ^ 64) 2 47 (2 ^ 64 - 1)).calldataload
                                (LidoSRv3.Audit.Source.SszWitnessAbi.word✝ 4))
                else do
                  pure PUnit.unit
                  if
                        ((st false (2 ^ 64) 2 47 (2 ^ 64 - 1)).calldataload
                              (LidoSRv3.Audit.Source.SszWitnessAbi.word✝ 4)).toNat >
                          2 ^ 64 - 1 then
                      do
                      throw Error.abi
                      if
                            (LidoSRv3.Audit.Source.SszWitnessAbi.word✝
                                        (st false (2 ^ 64) 2 47 (2 ^ 64 - 1)).executionEnv.calldata.size -
                                      (st false (2 ^ 64) 2 47 (2 ^ 64 - 1)).calldataload
                                        (LidoSRv3.Audit.Source.SszWitnessAbi.word✝ 4) -
                                    LidoSRv3.Audit.Source.SszWitnessAbi.word✝ 4).sltBool
                                (LidoSRv3.Audit.Source.SszWitnessAbi.word✝ 256) =
                              true then
                          do
                          throw Error.abi
                          pure
                              ((st false (2 ^ 64) 2 47 (2 ^ 64 - 1)).calldataload
                                (LidoSRv3.Audit.Source.SszWitnessAbi.word✝ 4))
                        else do
                          pure PUnit.unit
                          pure
                              ((st false (2 ^ 64) 2 47 (2 ^ 64 - 1)).calldataload
                                (LidoSRv3.Audit.Source.SszWitnessAbi.word✝ 4))
                    else do
                      pure PUnit.unit
                      if
                            (LidoSRv3.Audit.Source.SszWitnessAbi.word✝
                                        (st false (2 ^ 64) 2 47 (2 ^ 64 - 1)).executionEnv.calldata.size -
                                      (st false (2 ^ 64) 2 47 (2 ^ 64 - 1)).calldataload
                                        (LidoSRv3.Audit.Source.SszWitnessAbi.word✝ 4) -
                                    LidoSRv3.Audit.Source.SszWitnessAbi.word✝ 4).sltBool
                                (LidoSRv3.Audit.Source.SszWitnessAbi.word✝ 256) =
                              true then
                          do
                          throw Error.abi
                          pure
                              ((st false (2 ^ 64) 2 47 (2 ^ 64 - 1)).calldataload
                                (LidoSRv3.Audit.Source.SszWitnessAbi.word✝ 4))
                        else do
                          pure PUnit.unit
                          pure
                              ((st false (2 ^ 64) 2 47 (2 ^ 64 - 1)).calldataload
                                (LidoSRv3.Audit.Source.SszWitnessAbi.word✝ 4))) =
    Except.ok (w 128)

h0 : (st false (2 ^ 64) 2 47 (2 ^ 64 - 1)).calldataload (w 0) = w (1003628481 * 2 ^ 224)
h4 : (st false (2 ^ 64) 2 47 (2 ^ 64 - 1)).calldataload (w 4) = w 128
⊢ (if (st false (2 ^ 64) 2 47 (2 ^ 64 - 1)).executionEnv.weiValue.toNat ≠ 0 then do
      throw Error.abi
      if
            (LidoSRv3.Audit.Source.SszWitnessAbi.word✝
                  (st false (2 ^ 64) 2 47 (2 ^ 64 - 1)).executionEnv.calldata.size).toNat <
              4 then
          do
          throw Error.abi
          if
                ((st false (2 ^ 64) 2 47 (2 ^ 64 - 1)).calldataload
                        (LidoSRv3.Audit.Source.SszWitnessAbi.word✝ 0)).toNat /
                    2 ^ 224 ≠
                  1003628481 then
              do
              throw Error.abi
              if
                    (LidoSRv3.Audit.Source.SszWitnessAbi.word✝
                              (st false (2 ^ 64) 2 47 (2 ^ 64 - 1)).executionEnv.calldata.size -
                            LidoSRv3.Audit.Source.SszWitnessAbi.word✝ 4).sltBool
                        (LidoSRv3.Audit.Source.SszWitnessAbi.word✝ 128) =
                      true then
                  do
                  throw Error.abi
                  if
                        ((st false (2 ^ 64) 2 47 (2 ^ 64 - 1)).calldataload
                              (LidoSRv3.Audit.Source.SszWitnessAbi.word✝ 4)).toNat >
                          2 ^ 64 - 1 then
                      do
                      throw Error.abi
                      if
                            (LidoSRv3.Audit.Source.SszWitnessAbi.word✝
                                        (st false (2 ^ 64) 2 47 (2 ^ 64 - 1)).executionEnv.calldata.size -
                                      (st false (2 ^ 64) 2 47 (2 ^ 64 - 1)).calldataload
                                        (LidoSRv3.Audit.Source.SszWitnessAbi.word✝ 4) -
                                    LidoSRv3.Audit.Source.SszWitnessAbi.word✝ 4).sltBool
                                (LidoSRv3.Audit.Source.SszWitnessAbi.word✝ 256) =
                              true then
                          do
                          throw Error.abi
                          pure
                              ((st false (2 ^ 64) 2 47 (2 ^ 64 - 1)).calldataload
                                (LidoSRv3.Audit.Source.SszWitnessAbi.word✝ 4))
                        else do
                          pure PUnit.unit
                          pure
                              ((st false (2 ^ 64) 2 47 (2 ^ 64 - 1)).calldataload
                                (LidoSRv3.Audit.Source.SszWitnessAbi.word✝ 4))
                    else do
                      pure PUnit.unit
                      if
                            (LidoSRv3.Audit.Source.SszWitnessAbi.word✝
                                        (st false (2 ^ 64) 2 47 (2 ^ 64 - 1)).executionEnv.calldata.size -
                                      (st false (2 ^ 64) 2 47 (2 ^ 64 - 1)).calldataload
                                        (LidoSRv3.Audit.Source.SszWitnessAbi.word✝ 4) -
                                    LidoSRv3.Audit.Source.SszWitnessAbi.word✝ 4).sltBool
                                (LidoSRv3.Audit.Source.SszWitnessAbi.word✝ 256) =
                              true then
                          do
                          throw Error.abi
                          pure
                              ((st false (2 ^ 64) 2 47 (2 ^ 64 - 1)).calldataload
                                (LidoSRv3.Audit.Source.SszWitnessAbi.word✝ 4))
                        else do
                          pure PUnit.unit
                          pure
                              ((st false (2 ^ 64) 2 47 (2 ^ 64 - 1)).calldataload
                                (LidoSRv3.Audit.Source.SszWitnessAbi.word✝ 4))
                else do
                  pure PUnit.unit
                  if
                        ((st false (2 ^ 64) 2 47 (2 ^ 64 - 1)).calldataload
                              (LidoSRv3.Audit.Source.SszWitnessAbi.word✝ 4)).toNat >
                          2 ^ 64 - 1 then
                      do
                      throw Error.abi
                      if
                            (LidoSRv3.Audit.Source.SszWitnessAbi.word✝
                                        (st false (2 ^ 64) 2 47 (2 ^ 64 - 1)).executionEnv.calldata.size -
                                      (st false (2 ^ 64) 2 47 (2 ^ 64 - 1)).calldataload
                                        (LidoSRv3.Audit.Source.SszWitnessAbi.word✝ 4) -
                                    LidoSRv3.Audit.Source.SszWitnessAbi.word✝ 4).sltBool
                                (LidoSRv3.Audit.Source.SszWitnessAbi.word✝ 256) =
                              true then
                          do
                          throw Error.abi
                          pure
                              ((st false (2 ^ 64) 2 47 (2 ^ 64 - 1)).calldataload
                                (LidoSRv3.Audit.Source.SszWitnessAbi.word✝ 4))
                        else do
                          pure PUnit.unit
                          pure
                              ((st false (2 ^ 64) 2 47 (2 ^ 64 - 1)).calldataload
                                (LidoSRv3.Audit.Source.SszWitnessAbi.word✝ 4))
                    else do
                      pure PUnit.unit
                      if
                            (LidoSRv3.Audit.Source.SszWitnessAbi.word✝
                                        (st false (2 ^ 64) 2 47 (2 ^ 64 - 1)).executionEnv.calldata.size -
                                      (st false (2 ^ 64) 2 47 (2 ^ 64 - 1)).calldataload
                                        (LidoSRv3.Audit.Source.SszWitnessAbi.word✝ 4) -
                                    LidoSRv3.Audit.Source.SszWitnessAbi.word✝ 4).sltBool
                                (LidoSRv3.Audit.Source.SszWitnessAbi.word✝ 256) =
                              true then
                          do
                          throw Error.abi
                          pure
                              ((st false (2 ^ 64) 2 47 (2 ^ 64 - 1)).calldataload
                                (LidoSRv3.Audit.Source.SszWitnessAbi.word✝ 4))
                        else do
                          pure PUnit.unit
                          pure
                              ((st false (2 ^ 64) 2 47 (2 ^ 64 - 1)).calldataload
                                (LidoSRv3.Audit.Source.SszWitnessAbi.word✝ 4))
            else do
              pure PUnit.unit
              if
                    (LidoSRv3.Audit.Source.SszWitnessAbi.word✝
                              (st false (2 ^ 64) 2 47 (2 ^ 64 - 1)).executionEnv.calldata.size -
                            LidoSRv3.Audit.Source.SszWitnessAbi.word✝ 4).sltBool
                        (LidoSRv3.Audit.Source.SszWitnessAbi.word✝ 128) =
                      true then
                  do
                  throw Error.abi
                  if
                        ((st false (2 ^ 64) 2 47 (2 ^ 64 - 1)).calldataload
                              (LidoSRv3.Audit.Source.SszWitnessAbi.word✝ 4)).toNat >
                          2 ^ 64 - 1 then
                      do
                      throw Error.abi
                      if
                            (LidoSRv3.Audit.Source.SszWitnessAbi.word✝
                                        (st false (2 ^ 64) 2 47 (2 ^ 64 - 1)).executionEnv.calldata.size -
                                      (st false (2 ^ 64) 2 47 (2 ^ 64 - 1)).calldataload
                                        (LidoSRv3.Audit.Source.SszWitnessAbi.word✝ 4) -
                                    LidoSRv3.Audit.Source.SszWitnessAbi.word✝ 4).sltBool
                                (LidoSRv3.Audit.Source.SszWitnessAbi.word✝ 256) =
                              true then
                          do
                          throw Error.abi
                          pure
                              ((st false (2 ^ 64) 2 47 (2 ^ 64 - 1)).calldataload
                                (LidoSRv3.Audit.Source.SszWitnessAbi.word✝ 4))
                        else do
                          pure PUnit.unit
                          pure
                              ((st false (2 ^ 64) 2 47 (2 ^ 64 - 1)).calldataload
                                (LidoSRv3.Audit.Source.SszWitnessAbi.word✝ 4))
                    else do
                      pure PUnit.unit
                      if
                            (LidoSRv3.Audit.Source.SszWitnessAbi.word✝
                                        (st false (2 ^ 64) 2 47 (2 ^ 64 - 1)).executionEnv.calldata.size -
                                      (st false (2 ^ 64) 2 47 (2 ^ 64 - 1)).calldataload
                                        (LidoSRv3.Audit.Source.SszWitnessAbi.word✝ 4) -
                                    LidoSRv3.Audit.Source.SszWitnessAbi.word✝ 4).sltBool
                                (LidoSRv3.Audit.Source.SszWitnessAbi.word✝ 256) =
                              true then
                          do
                          throw Error.abi
                          pure
                              ((st false (2 ^ 64) 2 47 (2 ^ 64 - 1)).calldataload
                                (LidoSRv3.Audit.Source.SszWitnessAbi.word✝ 4))
                        else do
                          pure PUnit.unit
                          pure
                              ((st false (2 ^ 64) 2 47 (2 ^ 64 - 1)).calldataload
                                (LidoSRv3.Audit.Source.SszWitnessAbi.word✝ 4))
                else do
                  pure PUnit.unit
                  if
                        ((st false (2 ^ 64) 2 47 (2 ^ 64 - 1)).calldataload
                              (LidoSRv3.Audit.Source.SszWitnessAbi.word✝ 4)).toNat >
                          2 ^ 64 - 1 then
                      do
                      throw Error.abi
                      if
                            (LidoSRv3.Audit.Source.SszWitnessAbi.word✝
                                        (st false (2 ^ 64) 2 47 (2 ^ 64 - 1)).executionEnv.calldata.size -
                                      (st false (2 ^ 64) 2 47 (2 ^ 64 - 1)).calldataload
                                        (LidoSRv3.Audit.Source.SszWitnessAbi.word✝ 4) -
                                    LidoSRv3.Audit.Source.SszWitnessAbi.word✝ 4).sltBool
                                (LidoSRv3.Audit.Source.SszWitnessAbi.word✝ 256) =
                              true then
                          do
                          throw Error.abi
                          pure
                              ((st false (2 ^ 64) 2 47 (2 ^ 64 - 1)).calldataload
                                (LidoSRv3.Audit.Source.SszWitnessAbi.word✝ 4))
                        else do
                          pure PUnit.unit
                          pure
                              ((st false (2 ^ 64) 2 47 (2 ^ 64 - 1)).calldataload
                                (LidoSRv3.Audit.Source.SszWitnessAbi.word✝ 4))
                    else do
                      pure PUnit.unit
                      if
                            (LidoSRv3.Audit.Source.SszWitnessAbi.word✝
                                        (st false (2 ^ 64) 2 47 (2 ^ 64 - 1)).executionEnv.calldata.size -
                                      (st false (2 ^ 64) 2 47 (2 ^ 64 - 1)).calldataload
                                        (LidoSRv3.Audit.Source.SszWitnessAbi.word✝ 4) -
                                    LidoSRv3.Audit.Source.SszWitnessAbi.word✝ 4).sltBool
                                (LidoSRv3.Audit.Source.SszWitnessAbi.word✝ 256) =
                              true then
                          do
                          throw Error.abi
                          pure
                              ((st false (2 ^ 64) 2 47 (2 ^ 64 - 1)).calldataload
                                (LidoSRv3.Audit.Source.SszWitnessAbi.word✝ 4))
                        else do
                          pure PUnit.unit
                          pure
                              ((st false (2 ^ 64) 2 47 (2 ^ 64 - 1)).calldataload
                                (LidoSRv3.Audit.Source.SszWitnessAbi.word✝ 4))
        else do
          pure PUnit.unit
          if
                ((st false (2 ^ 64) 2 47 (2 ^ 64 - 1)).calldataload
                        (LidoSRv3.Audit.Source.SszWitnessAbi.word✝ 0)).toNat /
                    2 ^ 224 ≠
                  1003628481 then
              do
              throw Error.abi
              if
                    (LidoSRv3.Audit.Source.SszWitnessAbi.word✝
                              (st false (2 ^ 64) 2 47 (2 ^ 64 - 1)).executionEnv.calldata.size -
                            LidoSRv3.Audit.Source.SszWitnessAbi.word✝ 4).sltBool
                        (LidoSRv3.Audit.Source.SszWitnessAbi.word✝ 128) =
                      true then
                  do
                  throw Error.abi
                  if
                        ((st false (2 ^ 64) 2 47 (2 ^ 64 - 1)).calldataload
                              (LidoSRv3.Audit.Source.SszWitnessAbi.word✝ 4)).toNat >
                          2 ^ 64 - 1 then
                      do
                      throw Error.abi
                      if
                            (LidoSRv3.Audit.Source.SszWitnessAbi.word✝
                                        (st false (2 ^ 64) 2 47 (2 ^ 64 - 1)).executionEnv.calldata.size -
                                      (st false (2 ^ 64) 2 47 (2 ^ 64 - 1)).calldataload
                                        (LidoSRv3.Audit.Source.SszWitnessAbi.word✝ 4) -
                                    LidoSRv3.Audit.Source.SszWitnessAbi.word✝ 4).sltBool
                                (LidoSRv3.Audit.Source.SszWitnessAbi.word✝ 256) =
                              true then
                          do
                          throw Error.abi
                          pure
                              ((st false (2 ^ 64) 2 47 (2 ^ 64 - 1)).calldataload
                                (LidoSRv3.Audit.Source.SszWitnessAbi.word✝ 4))
                        else do
                          pure PUnit.unit
                          pure
                              ((st false (2 ^ 64) 2 47 (2 ^ 64 - 1)).calldataload
                                (LidoSRv3.Audit.Source.SszWitnessAbi.word✝ 4))
                    else do
                      pure PUnit.unit
                      if
                            (LidoSRv3.Audit.Source.SszWitnessAbi.word✝
                                        (st false (2 ^ 64) 2 47 (2 ^ 64 - 1)).executionEnv.calldata.size -
                                      (st false (2 ^ 64) 2 47 (2 ^ 64 - 1)).calldataload
                                        (LidoSRv3.Audit.Source.SszWitnessAbi.word✝ 4) -
                                    LidoSRv3.Audit.Source.SszWitnessAbi.word✝ 4).sltBool
                                (LidoSRv3.Audit.Source.SszWitnessAbi.word✝ 256) =
                              true then
                          do
                          throw Error.abi
                          pure
                              ((st false (2 ^ 64) 2 47 (2 ^ 64 - 1)).calldataload
                                (LidoSRv3.Audit.Source.SszWitnessAbi.word✝ 4))
                        else do
                          pure PUnit.unit
                          pure
                              ((st false (2 ^ 64) 2 47 (2 ^ 64 - 1)).calldataload
                                (LidoSRv3.Audit.Source.SszWitnessAbi.word✝ 4))
                else do
                  pure PUnit.unit
                  if
                        ((st false (2 ^ 64) 2 47 (2 ^ 64 - 1)).calldataload
                              (LidoSRv3.Audit.Source.SszWitnessAbi.word✝ 4)).toNat >
                          2 ^ 64 - 1 then
                      do
                      throw Error.abi
                      if
                            (LidoSRv3.Audit.Source.SszWitnessAbi.word✝
                                        (st false (2 ^ 64) 2 47 (2 ^ 64 - 1)).executionEnv.calldata.size -
                                      (st false (2 ^ 64) 2 47 (2 ^ 64 - 1)).calldataload
                                        (LidoSRv3.Audit.Source.SszWitnessAbi.word✝ 4) -
                                    LidoSRv3.Audit.Source.SszWitnessAbi.word✝ 4).sltBool
                                (LidoSRv3.Audit.Source.SszWitnessAbi.word✝ 256) =
                              true then
                          do
                          throw Error.abi
                          pure
                              ((st false (2 ^ 64) 2 47 (2 ^ 64 - 1)).calldataload
                                (LidoSRv3.Audit.Source.SszWitnessAbi.word✝ 4))
                        else do
                          pure PUnit.unit
                          pure
                              ((st false (2 ^ 64) 2 47 (2 ^ 64 - 1)).calldataload
                                (LidoSRv3.Audit.Source.SszWitnessAbi.word✝ 4))
                    else do
                      pure PUnit.unit
                      if
                            (LidoSRv3.Audit.Source.SszWitnessAbi.word✝
                                        (st false (2 ^ 64) 2 47 (2 ^ 64 - 1)).executionEnv.calldata.size -
                                      (st false (2 ^ 64) 2 47 (2 ^ 64 - 1)).calldataload
                                        (LidoSRv3.Audit.Source.SszWitnessAbi.word✝ 4) -
                                    LidoSRv3.Audit.Source.SszWitnessAbi.word✝ 4).sltBool
                                (LidoSRv3.Audit.Source.SszWitnessAbi.word✝ 256) =
                              true then
                          do
                          throw Error.abi
                          pure
                              ((st false (2 ^ 64) 2 47 (2 ^ 64 - 1)).calldataload
                                (LidoSRv3.Audit.Source.SszWitnessAbi.word✝ 4))
                        else do
                          pure PUnit.unit
                          pure
                              ((st false (2 ^ 64) 2 47 (2 ^ 64 - 1)).calldataload
                                (LidoSRv3.Audit.Source.SszWitnessAbi.word✝ 4))
            else do
              pure PUnit.unit
              if
                    (LidoSRv3.Audit.Source.SszWitnessAbi.word✝
                              (st false (2 ^ 64) 2 47 (2 ^ 64 - 1)).executionEnv.calldata.size -
                            LidoSRv3.Audit.Source.SszWitnessAbi.word✝ 4).sltBool
                        (LidoSRv3.Audit.Source.SszWitnessAbi.word✝ 128) =
                      true then
                  do
                  throw Error.abi
                  if
                        ((st false (2 ^ 64) 2 47 (2 ^ 64 - 1)).calldataload
                              (LidoSRv3.Audit.Source.SszWitnessAbi.word✝ 4)).toNat >
                          2 ^ 64 - 1 then
                      do
                      throw Error.abi
                      if
                            (LidoSRv3.Audit.Source.SszWitnessAbi.word✝
                                        (st false (2 ^ 64) 2 47 (2 ^ 64 - 1)).executionEnv.calldata.size -
                                      (st false (2 ^ 64) 2 47 (2 ^ 64 - 1)).calldataload
                                        (LidoSRv3.Audit.Source.SszWitnessAbi.word✝ 4) -
                                    LidoSRv3.Audit.Source.SszWitnessAbi.word✝ 4).sltBool
                                (LidoSRv3.Audit.Source.SszWitnessAbi.word✝ 256) =
                              true then
                          do
                          throw Error.abi
                          pure
                              ((st false (2 ^ 64) 2 47 (2 ^ 64 - 1)).calldataload
                                (LidoSRv3.Audit.Source.SszWitnessAbi.word✝ 4))
                        else do
                          pure PUnit.unit
                          pure
                              ((st false (2 ^ 64) 2 47 (2 ^ 64 - 1)).calldataload
                                (LidoSRv3.Audit.Source.SszWitnessAbi.word✝ 4))
                    else do
                      pure PUnit.unit
                      if
                            (LidoSRv3.Audit.Source.SszWitnessAbi.word✝
                                        (st false (2 ^ 64) 2 47 (2 ^ 64 - 1)).executionEnv.calldata.size -
                                      (st false (2 ^ 64) 2 47 (2 ^ 64 - 1)).calldataload
                                        (LidoSRv3.Audit.Source.SszWitnessAbi.word✝ 4) -
                                    LidoSRv3.Audit.Source.SszWitnessAbi.word✝ 4).sltBool
                                (LidoSRv3.Audit.Source.SszWitnessAbi.word✝ 256) =
                              true then
                          do
                          throw Error.abi
                          pure
                              ((st false (2 ^ 64) 2 47 (2 ^ 64 - 1)).calldataload
                                (LidoSRv3.Audit.Source.SszWitnessAbi.word✝ 4))
                        else do
                          pure PUnit.unit
                          pure
                              ((st false (2 ^ 64) 2 47 (2 ^ 64 - 1)).calldataload
                                (LidoSRv3.Audit.Source.SszWitnessAbi.word✝ 4))
                else do
                  pure PUnit.unit
                  if
                        ((st false (2 ^ 64) 2 47 (2 ^ 64 - 1)).calldataload
                              (LidoSRv3.Audit.Source.SszWitnessAbi.word✝ 4)).toNat >
                          2 ^ 64 - 1 then
                      do
                      throw Error.abi
                      if
                            (LidoSRv3.Audit.Source.SszWitnessAbi.word✝
                                        (st false (2 ^ 64) 2 47 (2 ^ 64 - 1)).executionEnv.calldata.size -
                                      (st false (2 ^ 64) 2 47 (2 ^ 64 - 1)).calldataload
                                        (LidoSRv3.Audit.Source.SszWitnessAbi.word✝ 4) -
                                    LidoSRv3.Audit.Source.SszWitnessAbi.word✝ 4).sltBool
                                (LidoSRv3.Audit.Source.SszWitnessAbi.word✝ 256) =
                              true then
                          do
                          throw Error.abi
                          pure
                              ((st false (2 ^ 64) 2 47 (2 ^ 64 - 1)).calldataload
                                (LidoSRv3.Audit.Source.SszWitnessAbi.word✝ 4))
                        else do
                          pure PUnit.unit
                          pure
                              ((st false (2 ^ 64) 2 47 (2 ^ 64 - 1)).calldataload
                                (LidoSRv3.Audit.Source.SszWitnessAbi.word✝ 4))
                    else do
                      pure PUnit.unit
                      if
                            (LidoSRv3.Audit.Source.SszWitnessAbi.word✝
                                        (st false (2 ^ 64) 2 47 (2 ^ 64 - 1)).executionEnv.calldata.size -
                                      (st false (2 ^ 64) 2 47 (2 ^ 64 - 1)).calldataload
                                        (LidoSRv3.Audit.Source.SszWitnessAbi.word✝ 4) -
                                    LidoSRv3.Audit.Source.SszWitnessAbi.word✝ 4).sltBool
                                (LidoSRv3.Audit.Source.SszWitnessAbi.word✝ 256) =
                              true then
                          do
                          throw Error.abi
                          pure
                              ((st false (2 ^ 64) 2 47 (2 ^ 64 - 1)).calldataload
                                (LidoSRv3.Audit.Source.SszWitnessAbi.word✝ 4))
                        else do
                          pure PUnit.unit
                          pure
                              ((st false (2 ^ 64) 2 47 (2 ^ 64 - 1)).calldataload
                                (LidoSRv3.Audit.Source.SszWitnessAbi.word✝ 4))
    else do
      pure PUnit.unit
      if
            (LidoSRv3.Audit.Source.SszWitnessAbi.word✝
                  (st false (2 ^ 64) 2 47 (2 ^ 64 - 1)).executionEnv.calldata.size).toNat <
              4 then
          do
          throw Error.abi
          if
                ((st false (2 ^ 64) 2 47 (2 ^ 64 - 1)).calldataload
                        (LidoSRv3.Audit.Source.SszWitnessAbi.word✝ 0)).toNat /
                    2 ^ 224 ≠
                  1003628481 then
              do
              throw Error.abi
              if
                    (LidoSRv3.Audit.Source.SszWitnessAbi.word✝
                              (st false (2 ^ 64) 2 47 (2 ^ 64 - 1)).executionEnv.calldata.size -
                            LidoSRv3.Audit.Source.SszWitnessAbi.word✝ 4).sltBool
                        (LidoSRv3.Audit.Source.SszWitnessAbi.word✝ 128) =
                      true then
                  do
                  throw Error.abi
                  if
                        ((st false (2 ^ 64) 2 47 (2 ^ 64 - 1)).calldataload
                              (LidoSRv3.Audit.Source.SszWitnessAbi.word✝ 4)).toNat >
                          2 ^ 64 - 1 then
                      do
                      throw Error.abi
                      if
                            (LidoSRv3.Audit.Source.SszWitnessAbi.word✝
                                        (st false (2 ^ 64) 2 47 (2 ^ 64 - 1)).executionEnv.calldata.size -
                                      (st false (2 ^ 64) 2 47 (2 ^ 64 - 1)).calldataload
                                        (LidoSRv3.Audit.Source.SszWitnessAbi.word✝ 4) -
                                    LidoSRv3.Audit.Source.SszWitnessAbi.word✝ 4).sltBool
                                (LidoSRv3.Audit.Source.SszWitnessAbi.word✝ 256) =
                              true then
                          do
                          throw Error.abi
                          pure
                              ((st false (2 ^ 64) 2 47 (2 ^ 64 - 1)).calldataload
                                (LidoSRv3.Audit.Source.SszWitnessAbi.word✝ 4))
                        else do
                          pure PUnit.unit
                          pure
                              ((st false (2 ^ 64) 2 47 (2 ^ 64 - 1)).calldataload
                                (LidoSRv3.Audit.Source.SszWitnessAbi.word✝ 4))
                    else do
                      pure PUnit.unit
                      if
                            (LidoSRv3.Audit.Source.SszWitnessAbi.word✝
                                        (st false (2 ^ 64) 2 47 (2 ^ 64 - 1)).executionEnv.calldata.size -
                                      (st false (2 ^ 64) 2 47 (2 ^ 64 - 1)).calldataload
                                        (LidoSRv3.Audit.Source.SszWitnessAbi.word✝ 4) -
                                    LidoSRv3.Audit.Source.SszWitnessAbi.word✝ 4).sltBool
                                (LidoSRv3.Audit.Source.SszWitnessAbi.word✝ 256) =
                              true then
                          do
                          throw Error.abi
                          pure
                              ((st false (2 ^ 64) 2 47 (2 ^ 64 - 1)).calldataload
                                (LidoSRv3.Audit.Source.SszWitnessAbi.word✝ 4))
                        else do
                          pure PUnit.unit
                          pure
                              ((st false (2 ^ 64) 2 47 (2 ^ 64 - 1)).calldataload
                                (LidoSRv3.Audit.Source.SszWitnessAbi.word✝ 4))
                else do
                  pure PUnit.unit
                  if
                        ((st false (2 ^ 64) 2 47 (2 ^ 64 - 1)).calldataload
                              (LidoSRv3.Audit.Source.SszWitnessAbi.word✝ 4)).toNat >
                          2 ^ 64 - 1 then
                      do
                      throw Error.abi
                      if
                            (LidoSRv3.Audit.Source.SszWitnessAbi.word✝
                                        (st false (2 ^ 64) 2 47 (2 ^ 64 - 1)).executionEnv.calldata.size -
                                      (st false (2 ^ 64) 2 47 (2 ^ 64 - 1)).calldataload
                                        (LidoSRv3.Audit.Source.SszWitnessAbi.word✝ 4) -
                                    LidoSRv3.Audit.Source.SszWitnessAbi.word✝ 4).sltBool
                                (LidoSRv3.Audit.Source.SszWitnessAbi.word✝ 256) =
                              true then
                          do
                          throw Error.abi
                          pure
                              ((st false (2 ^ 64) 2 47 (2 ^ 64 - 1)).calldataload
                                (LidoSRv3.Audit.Source.SszWitnessAbi.word✝ 4))
                        else do
                          pure PUnit.unit
                          pure
                              ((st false (2 ^ 64) 2 47 (2 ^ 64 - 1)).calldataload
                                (LidoSRv3.Audit.Source.SszWitnessAbi.word✝ 4))
                    else do
                      pure PUnit.unit
                      if
                            (LidoSRv3.Audit.Source.SszWitnessAbi.word✝
                                        (st false (2 ^ 64) 2 47 (2 ^ 64 - 1)).executionEnv.calldata.size -
                                      (st false (2 ^ 64) 2 47 (2 ^ 64 - 1)).calldataload
                                        (LidoSRv3.Audit.Source.SszWitnessAbi.word✝ 4) -
                                    LidoSRv3.Audit.Source.SszWitnessAbi.word✝ 4).sltBool
                                (LidoSRv3.Audit.Source.SszWitnessAbi.word✝ 256) =
                              true then
                          do
                          throw Error.abi
                          pure
                              ((st false (2 ^ 64) 2 47 (2 ^ 64 - 1)).calldataload
                                (LidoSRv3.Audit.Source.SszWitnessAbi.word✝ 4))
                        else do
                          pure PUnit.unit
                          pure
                              ((st false (2 ^ 64) 2 47 (2 ^ 64 - 1)).calldataload
                                (LidoSRv3.Audit.Source.SszWitnessAbi.word✝ 4))
            else do
              pure PUnit.unit
              if
                    (LidoSRv3.Audit.Source.SszWitnessAbi.word✝
                              (st false (2 ^ 64) 2 47 (2 ^ 64 - 1)).executionEnv.calldata.size -
                            LidoSRv3.Audit.Source.SszWitnessAbi.word✝ 4).sltBool
                        (LidoSRv3.Audit.Source.SszWitnessAbi.word✝ 128) =
                      true then
                  do
                  throw Error.abi
                  if
                        ((st false (2 ^ 64) 2 47 (2 ^ 64 - 1)).calldataload
                              (LidoSRv3.Audit.Source.SszWitnessAbi.word✝ 4)).toNat >
                          2 ^ 64 - 1 then
                      do
                      throw Error.abi
                      if
                            (LidoSRv3.Audit.Source.SszWitnessAbi.word✝
                                        (st false (2 ^ 64) 2 47 (2 ^ 64 - 1)).executionEnv.calldata.size -
                                      (st false (2 ^ 64) 2 47 (2 ^ 64 - 1)).calldataload
                                        (LidoSRv3.Audit.Source.SszWitnessAbi.word✝ 4) -
                                    LidoSRv3.Audit.Source.SszWitnessAbi.word✝ 4).sltBool
                                (LidoSRv3.Audit.Source.SszWitnessAbi.word✝ 256) =
                              true then
                          do
                          throw Error.abi
                          pure
                              ((st false (2 ^ 64) 2 47 (2 ^ 64 - 1)).calldataload
                                (LidoSRv3.Audit.Source.SszWitnessAbi.word✝ 4))
                        else do
                          pure PUnit.unit
                          pure
                              ((st false (2 ^ 64) 2 47 (2 ^ 64 - 1)).calldataload
                                (LidoSRv3.Audit.Source.SszWitnessAbi.word✝ 4))
                    else do
                      pure PUnit.unit
                      if
                            (LidoSRv3.Audit.Source.SszWitnessAbi.word✝
                                        (st false (2 ^ 64) 2 47 (2 ^ 64 - 1)).executionEnv.calldata.size -
                                      (st false (2 ^ 64) 2 47 (2 ^ 64 - 1)).calldataload
                                        (LidoSRv3.Audit.Source.SszWitnessAbi.word✝ 4) -
                                    LidoSRv3.Audit.Source.SszWitnessAbi.word✝ 4).sltBool
                                (LidoSRv3.Audit.Source.SszWitnessAbi.word✝ 256) =
                              true then
                          do
                          throw Error.abi
                          pure
                              ((st false (2 ^ 64) 2 47 (2 ^ 64 - 1)).calldataload
                                (LidoSRv3.Audit.Source.SszWitnessAbi.word✝ 4))
                        else do
                          pure PUnit.unit
                          pure
                              ((st false (2 ^ 64) 2 47 (2 ^ 64 - 1)).calldataload
                                (LidoSRv3.Audit.Source.SszWitnessAbi.word✝ 4))
                else do
                  pure PUnit.unit
                  if
                        ((st false (2 ^ 64) 2 47 (2 ^ 64 - 1)).calldataload
                              (LidoSRv3.Audit.Source.SszWitnessAbi.word✝ 4)).toNat >
                          2 ^ 64 - 1 then
                      do
                      throw Error.abi
                      if
                            (LidoSRv3.Audit.Source.SszWitnessAbi.word✝
                                        (st false (2 ^ 64) 2 47 (2 ^ 64 - 1)).executionEnv.calldata.size -
                                      (st false (2 ^ 64) 2 47 (2 ^ 64 - 1)).calldataload
                                        (LidoSRv3.Audit.Source.SszWitnessAbi.word✝ 4) -
                                    LidoSRv3.Audit.Source.SszWitnessAbi.word✝ 4).sltBool
                                (LidoSRv3.Audit.Source.SszWitnessAbi.word✝ 256) =
                              true then
                          do
                          throw Error.abi
                          pure
                              ((st false (2 ^ 64) 2 47 (2 ^ 64 - 1)).calldataload
                                (LidoSRv3.Audit.Source.SszWitnessAbi.word✝ 4))
                        else do
                          pure PUnit.unit
                          pure
                              ((st false (2 ^ 64) 2 47 (2 ^ 64 - 1)).calldataload
                                (LidoSRv3.Audit.Source.SszWitnessAbi.word✝ 4))
                    else do
                      pure PUnit.unit
                      if
                            (LidoSRv3.Audit.Source.SszWitnessAbi.word✝
                                        (st false (2 ^ 64) 2 47 (2 ^ 64 - 1)).executionEnv.calldata.size -
                                      (st false (2 ^ 64) 2 47 (2 ^ 64 - 1)).calldataload
                                        (LidoSRv3.Audit.Source.SszWitnessAbi.word✝ 4) -
                                    LidoSRv3.Audit.Source.SszWitnessAbi.word✝ 4).sltBool
                                (LidoSRv3.Audit.Source.SszWitnessAbi.word✝ 256) =
                              true then
                          do
                          throw Error.abi
                          pure
                              ((st false (2 ^ 64) 2 47 (2 ^ 64 - 1)).calldataload
                                (LidoSRv3.Audit.Source.SszWitnessAbi.word✝ 4))
                        else do
                          pure PUnit.unit
                          pure
                              ((st false (2 ^ 64) 2 47 (2 ^ 64 - 1)).calldataload
                                (LidoSRv3.Audit.Source.SszWitnessAbi.word✝ 4))
        else do
          pure PUnit.unit
          if
                ((st false (2 ^ 64) 2 47 (2 ^ 64 - 1)).calldataload
                        (LidoSRv3.Audit.Source.SszWitnessAbi.word✝ 0)).toNat /
                    2 ^ 224 ≠
                  1003628481 then
              do
              throw Error.abi
              if
                    (LidoSRv3.Audit.Source.SszWitnessAbi.word✝
                              (st false (2 ^ 64) 2 47 (2 ^ 64 - 1)).executionEnv.calldata.size -
                            LidoSRv3.Audit.Source.SszWitnessAbi.word✝ 4).sltBool
                        (LidoSRv3.Audit.Source.SszWitnessAbi.word✝ 128) =
                      true then
                  do
                  throw Error.abi
                  if
                        ((st false (2 ^ 64) 2 47 (2 ^ 64 - 1)).calldataload
                              (LidoSRv3.Audit.Source.SszWitnessAbi.word✝ 4)).toNat >
                          2 ^ 64 - 1 then
                      do
                      throw Error.abi
                      if
                            (LidoSRv3.Audit.Source.SszWitnessAbi.word✝
                                        (st false (2 ^ 64) 2 47 (2 ^ 64 - 1)).executionEnv.calldata.size -
                                      (st false (2 ^ 64) 2 47 (2 ^ 64 - 1)).calldataload
                                        (LidoSRv3.Audit.Source.SszWitnessAbi.word✝ 4) -
                                    LidoSRv3.Audit.Source.SszWitnessAbi.word✝ 4).sltBool
                                (LidoSRv3.Audit.Source.SszWitnessAbi.word✝ 256) =
                              true then
                          do
                          throw Error.abi
                          pure
                              ((st false (2 ^ 64) 2 47 (2 ^ 64 - 1)).calldataload
                                (LidoSRv3.Audit.Source.SszWitnessAbi.word✝ 4))
                        else do
                          pure PUnit.unit
                          pure
                              ((st false (2 ^ 64) 2 47 (2 ^ 64 - 1)).calldataload
                                (LidoSRv3.Audit.Source.SszWitnessAbi.word✝ 4))
                    else do
                      pure PUnit.unit
                      if
                            (LidoSRv3.Audit.Source.SszWitnessAbi.word✝
                                        (st false (2 ^ 64) 2 47 (2 ^ 64 - 1)).executionEnv.calldata.size -
                                      (st false (2 ^ 64) 2 47 (2 ^ 64 - 1)).calldataload
                                        (LidoSRv3.Audit.Source.SszWitnessAbi.word✝ 4) -
                                    LidoSRv3.Audit.Source.SszWitnessAbi.word✝ 4).sltBool
                                (LidoSRv3.Audit.Source.SszWitnessAbi.word✝ 256) =
                              true then
                          do
                          throw Error.abi
                          pure
                              ((st false (2 ^ 64) 2 47 (2 ^ 64 - 1)).calldataload
                                (LidoSRv3.Audit.Source.SszWitnessAbi.word✝ 4))
                        else do
                          pure PUnit.unit
                          pure
                              ((st false (2 ^ 64) 2 47 (2 ^ 64 - 1)).calldataload
                                (LidoSRv3.Audit.Source.SszWitnessAbi.word✝ 4))
                else do
                  pure PUnit.unit
                  if
                        ((st false (2 ^ 64) 2 47 (2 ^ 64 - 1)).calldataload
                              (LidoSRv3.Audit.Source.SszWitnessAbi.word✝ 4)).toNat >
                          2 ^ 64 - 1 then
                      do
                      throw Error.abi
                      if
                            (LidoSRv3.Audit.Source.SszWitnessAbi.word✝
                                        (st false (2 ^ 64) 2 47 (2 ^ 64 - 1)).executionEnv.calldata.size -
                                      (st false (2 ^ 64) 2 47 (2 ^ 64 - 1)).calldataload
                                        (LidoSRv3.Audit.Source.SszWitnessAbi.word✝ 4) -
                                    LidoSRv3.Audit.Source.SszWitnessAbi.word✝ 4).sltBool
                                (LidoSRv3.Audit.Source.SszWitnessAbi.word✝ 256) =
                              true then
                          do
                          throw Error.abi
                          pure
                              ((st false (2 ^ 64) 2 47 (2 ^ 64 - 1)).calldataload
                                (LidoSRv3.Audit.Source.SszWitnessAbi.word✝ 4))
                        else do
                          pure PUnit.unit
                          pure
                              ((st false (2 ^ 64) 2 47 (2 ^ 64 - 1)).calldataload
                                (LidoSRv3.Audit.Source.SszWitnessAbi.word✝ 4))
                    else do
                      pure PUnit.unit
                      if
                            (LidoSRv3.Audit.Source.SszWitnessAbi.word✝
                                        (st false (2 ^ 64) 2 47 (2 ^ 64 - 1)).executionEnv.calldata.size -
                                      (st false (2 ^ 64) 2 47 (2 ^ 64 - 1)).calldataload
                                        (LidoSRv3.Audit.Source.SszWitnessAbi.word✝ 4) -
                                    LidoSRv3.Audit.Source.SszWitnessAbi.word✝ 4).sltBool
                                (LidoSRv3.Audit.Source.SszWitnessAbi.word✝ 256) =
                              true then
                          do
                          throw Error.abi
                          pure
                              ((st false (2 ^ 64) 2 47 (2 ^ 64 - 1)).calldataload
                                (LidoSRv3.Audit.Source.SszWitnessAbi.word✝ 4))
                        else do
                          pure PUnit.unit
                          pure
                              ((st false (2 ^ 64) 2 47 (2 ^ 64 - 1)).calldataload
                                (LidoSRv3.Audit.Source.SszWitnessAbi.word✝ 4))
            else do
              pure PUnit.unit
              if
                    (LidoSRv3.Audit.Source.SszWitnessAbi.word✝
                              (st false (2 ^ 64) 2 47 (2 ^ 64 - 1)).executionEnv.calldata.size -
                            LidoSRv3.Audit.Source.SszWitnessAbi.word✝ 4).sltBool
                        (LidoSRv3.Audit.Source.SszWitnessAbi.word✝ 128) =
                      true then
                  do
                  throw Error.abi
                  if
                        ((st false (2 ^ 64) 2 47 (2 ^ 64 - 1)).calldataload
                              (LidoSRv3.Audit.Source.SszWitnessAbi.word✝ 4)).toNat >
                          2 ^ 64 - 1 then
                      do
                      throw Error.abi
                      if
                            (LidoSRv3.Audit.Source.SszWitnessAbi.word✝
                                        (st false (2 ^ 64) 2 47 (2 ^ 64 - 1)).executionEnv.calldata.size -
                                      (st false (2 ^ 64) 2 47 (2 ^ 64 - 1)).calldataload
                                        (LidoSRv3.Audit.Source.SszWitnessAbi.word✝ 4) -
                                    LidoSRv3.Audit.Source.SszWitnessAbi.word✝ 4).sltBool
                                (LidoSRv3.Audit.Source.SszWitnessAbi.word✝ 256) =
                              true then
                          do
                          throw Error.abi
                          pure
                              ((st false (2 ^ 64) 2 47 (2 ^ 64 - 1)).calldataload
                                (LidoSRv3.Audit.Source.SszWitnessAbi.word✝ 4))
                        else do
                          pure PUnit.unit
                          pure
                              ((st false (2 ^ 64) 2 47 (2 ^ 64 - 1)).calldataload
                                (LidoSRv3.Audit.Source.SszWitnessAbi.word✝ 4))
                    else do
                      pure PUnit.unit
                      if
                            (LidoSRv3.Audit.Source.SszWitnessAbi.word✝
                                        (st false (2 ^ 64) 2 47 (2 ^ 64 - 1)).executionEnv.calldata.size -
                                      (st false (2 ^ 64) 2 47 (2 ^ 64 - 1)).calldataload
                                        (LidoSRv3.Audit.Source.SszWitnessAbi.word✝ 4) -
                                    LidoSRv3.Audit.Source.SszWitnessAbi.word✝ 4).sltBool
                                (LidoSRv3.Audit.Source.SszWitnessAbi.word✝ 256) =
                              true then
                          do
                          throw Error.abi
                          pure
                              ((st false (2 ^ 64) 2 47 (2 ^ 64 - 1)).calldataload
                                (LidoSRv3.Audit.Source.SszWitnessAbi.word✝ 4))
                        else do
                          pure PUnit.unit
                          pure
                              ((st false (2 ^ 64) 2 47 (2 ^ 64 - 1)).calldataload
                                (LidoSRv3.Audit.Source.SszWitnessAbi.word✝ 4))
                else do
                  pure PUnit.unit
                  if
                        ((st false (2 ^ 64) 2 47 (2 ^ 64 - 1)).calldataload
                              (LidoSRv3.Audit.Source.SszWitnessAbi.word✝ 4)).toNat >
                          2 ^ 64 - 1 then
                      do
                      throw Error.abi
                      if
                            (LidoSRv3.Audit.Source.SszWitnessAbi.word✝
                                        (st false (2 ^ 64) 2 47 (2 ^ 64 - 1)).executionEnv.calldata.size -
                                      (st false (2 ^ 64) 2 47 (2 ^ 64 - 1)).calldataload
                                        (LidoSRv3.Audit.Source.SszWitnessAbi.word✝ 4) -
                                    LidoSRv3.Audit.Source.SszWitnessAbi.word✝ 4).sltBool
                                (LidoSRv3.Audit.Source.SszWitnessAbi.word✝ 256) =
                              true then
                          do
                          throw Error.abi
                          pure
                              ((st false (2 ^ 64) 2 47 (2 ^ 64 - 1)).calldataload
                                (LidoSRv3.Audit.Source.SszWitnessAbi.word✝ 4))
                        else do
                          pure PUnit.unit
                          pure
                              ((st false (2 ^ 64) 2 47 (2 ^ 64 - 1)).calldataload
                                (LidoSRv3.Audit.Source.SszWitnessAbi.word✝ 4))
                    else do
                      pure PUnit.unit
                      if
                            (LidoSRv3.Audit.Source.SszWitnessAbi.word✝
                                        (st false (2 ^ 64) 2 47 (2 ^ 64 - 1)).executionEnv.calldata.size -
                                      (st false (2 ^ 64) 2 47 (2 ^ 64 - 1)).calldataload
                                        (LidoSRv3.Audit.Source.SszWitnessAbi.word✝ 4) -
                                    LidoSRv3.Audit.Source.SszWitnessAbi.word✝ 4).sltBool
                                (LidoSRv3.Audit.Source.SszWitnessAbi.word✝ 256) =
                              true then
                          do
                          throw Error.abi
                          pure
                              ((st false (2 ^ 64) 2 47 (2 ^ 64 - 1)).calldataload
                                (LidoSRv3.Audit.Source.SszWitnessAbi.word✝ 4))
                        else do
                          pure PUnit.unit
                          pure
                              ((st false (2 ^ 64) 2 47 (2 ^ 64 - 1)).calldataload
                                (LidoSRv3.Audit.Source.SszWitnessAbi.word✝ 4))) =
    Except.ok (w 128)
error: LidoSRv3/Tests/SszWitnessAbiMutants.lean:128:6: Tactic `rewrite` failed: Did not find an occurrence of the pattern
  tail (st false (2 ^ 64) 2 47 (2 ^ 64 - 1)) (w 128) (w 36) 1
in the target expression
  tag
      (match tail (st false (2 ^ 64) 2 47 (2 ^ 64 - 1)) (w 128) (LidoSRv3.Audit.Source.SszWitnessAbi.word✝ 36) 1 with
      | Except.error err => Except.error err
      | Except.ok v =>
        match
          Except.mapError Error.bls
            (SszBlsComposition.pubkeyRun 0 (st false (2 ^ 64) 2 47 (2 ^ 64 - 1)) v.offset v.length) with
        | Except.error err => Except.error err
        | Except.ok v =>
          match fields v.state (w 128) with
          | Except.error err => Except.error err
          | Except.ok v_1 =>
            match
              Except.mapError Error.bls
                (SszBlsComposition.merkleRun 0 v.state v.digest
                  (v.state.calldataload (LidoSRv3.Audit.Source.SszWitnessAbi.word✝ 36))
                  (SszBlsComposition.chunk v_1.effectiveBalance)
                  (SszBlsComposition.chunk (if v_1.slashed = true then 1 else 0))
                  (SszBlsComposition.chunk v_1.activationEligibilityEpoch) (SszBlsComposition.chunk v_1.activationEpoch)
                  (SszBlsComposition.chunk v_1.exitEpoch) (SszBlsComposition.chunk v_1.withdrawableEpoch)) with
            | Except.error err => Except.error err
            | Except.ok v =>
              match tail v.state (w 128) (LidoSRv3.Audit.Source.SszWitnessAbi.word✝ 4) 32 with
              | Except.error err => Except.error err
              | Except.ok v_2 =>
                Except.mapError Error.proof
                  (SszProofCalldataLoop.verify 0 v.state
                    (v.state.calldataload (LidoSRv3.Audit.Source.SszWitnessAbi.word✝ 100)) v.digest
                    (v.state.calldataload (LidoSRv3.Audit.Source.SszWitnessAbi.word✝ 68)) v_2.offset v_2.length)) =
    some (Error.bls SszBlsComposition.Error.invalidPubkeyLength)

hh : header (st false (2 ^ 64) 2 47 (2 ^ 64 - 1)) = Except.ok (w 128)
ht : tail (st false (2 ^ 64) 2 47 (2 ^ 64 - 1)) (w 128) (w 36) 1 = Except.ok { offset := w 484, length := 47 }
⊢ tag
      (match tail (st false (2 ^ 64) 2 47 (2 ^ 64 - 1)) (w 128) (LidoSRv3.Audit.Source.SszWitnessAbi.word✝ 36) 1 with
      | Except.error err => Except.error err
      | Except.ok v =>
        match
          Except.mapError Error.bls
            (SszBlsComposition.pubkeyRun 0 (st false (2 ^ 64) 2 47 (2 ^ 64 - 1)) v.offset v.length) with
        | Except.error err => Except.error err
        | Except.ok v =>
          match fields v.state (w 128) with
          | Except.error err => Except.error err
          | Except.ok v_1 =>
            match
              Except.mapError Error.bls
                (SszBlsComposition.merkleRun 0 v.state v.digest
                  (v.state.calldataload (LidoSRv3.Audit.Source.SszWitnessAbi.word✝ 36))
                  (SszBlsComposition.chunk v_1.effectiveBalance)
                  (SszBlsComposition.chunk (if v_1.slashed = true then 1 else 0))
                  (SszBlsComposition.chunk v_1.activationEligibilityEpoch) (SszBlsComposition.chunk v_1.activationEpoch)
                  (SszBlsComposition.chunk v_1.exitEpoch) (SszBlsComposition.chunk v_1.withdrawableEpoch)) with
            | Except.error err => Except.error err
            | Except.ok v =>
              match tail v.state (w 128) (LidoSRv3.Audit.Source.SszWitnessAbi.word✝ 4) 32 with
              | Except.error err => Except.error err
              | Except.ok v_2 =>
                Except.mapError Error.proof
                  (SszProofCalldataLoop.verify 0 v.state
                    (v.state.calldataload (LidoSRv3.Audit.Source.SszWitnessAbi.word✝ 100)) v.digest
                    (v.state.calldataload (LidoSRv3.Audit.Source.SszWitnessAbi.word✝ 68)) v_2.offset v_2.length)) =
    some (Error.bls SszBlsComposition.Error.invalidPubkeyLength)
error: LidoSRv3/Tests/SszWitnessAbiMutants.lean:143:8: Tactic `rewrite` failed: Did not find an occurrence of the pattern
  (st true (2 ^ 64) 2 48 (2 ^ 64 - 1)).calldataload (w 0)
in the target expression
  (if (st true (2 ^ 64) 2 48 (2 ^ 64 - 1)).executionEnv.weiValue.toNat ≠ 0 then do
      throw Error.abi
      if
            (LidoSRv3.Audit.Source.SszWitnessAbi.word✝
                  (st true (2 ^ 64) 2 48 (2 ^ 64 - 1)).executionEnv.calldata.size).toNat <
              4 then
          do
          throw Error.abi
          if
                ((st true (2 ^ 64) 2 48 (2 ^ 64 - 1)).calldataload
                        (LidoSRv3.Audit.Source.SszWitnessAbi.word✝ 0)).toNat /
                    2 ^ 224 ≠
                  1003628481 then
              do
              throw Error.abi
              if
                    (LidoSRv3.Audit.Source.SszWitnessAbi.word✝
                              (st true (2 ^ 64) 2 48 (2 ^ 64 - 1)).executionEnv.calldata.size -
                            LidoSRv3.Audit.Source.SszWitnessAbi.word✝ 4).sltBool
                        (LidoSRv3.Audit.Source.SszWitnessAbi.word✝ 128) =
                      true then
                  do
                  throw Error.abi
                  if
                        ((st true (2 ^ 64) 2 48 (2 ^ 64 - 1)).calldataload
                              (LidoSRv3.Audit.Source.SszWitnessAbi.word✝ 4)).toNat >
                          2 ^ 64 - 1 then
                      do
                      throw Error.abi
                      if
                            (LidoSRv3.Audit.Source.SszWitnessAbi.word✝
                                        (st true (2 ^ 64) 2 48 (2 ^ 64 - 1)).executionEnv.calldata.size -
                                      (st true (2 ^ 64) 2 48 (2 ^ 64 - 1)).calldataload
                                        (LidoSRv3.Audit.Source.SszWitnessAbi.word✝ 4) -
                                    LidoSRv3.Audit.Source.SszWitnessAbi.word✝ 4).sltBool
                                (LidoSRv3.Audit.Source.SszWitnessAbi.word✝ 256) =
                              true then
                          do
                          throw Error.abi
                          pure
                              ((st true (2 ^ 64) 2 48 (2 ^ 64 - 1)).calldataload
                                (LidoSRv3.Audit.Source.SszWitnessAbi.word✝ 4))
                        else do
                          pure PUnit.unit
                          pure
                              ((st true (2 ^ 64) 2 48 (2 ^ 64 - 1)).calldataload
                                (LidoSRv3.Audit.Source.SszWitnessAbi.word✝ 4))
                    else do
                      pure PUnit.unit
                      if
                            (LidoSRv3.Audit.Source.SszWitnessAbi.word✝
                                        (st true (2 ^ 64) 2 48 (2 ^ 64 - 1)).executionEnv.calldata.size -
                                      (st true (2 ^ 64) 2 48 (2 ^ 64 - 1)).calldataload
                                        (LidoSRv3.Audit.Source.SszWitnessAbi.word✝ 4) -
                                    LidoSRv3.Audit.Source.SszWitnessAbi.word✝ 4).sltBool
                                (LidoSRv3.Audit.Source.SszWitnessAbi.word✝ 256) =
                              true then
                          do
                          throw Error.abi
                          pure
                              ((st true (2 ^ 64) 2 48 (2 ^ 64 - 1)).calldataload
                                (LidoSRv3.Audit.Source.SszWitnessAbi.word✝ 4))
                        else do
                          pure PUnit.unit
                          pure
                              ((st true (2 ^ 64) 2 48 (2 ^ 64 - 1)).calldataload
                                (LidoSRv3.Audit.Source.SszWitnessAbi.word✝ 4))
                else do
                  pure PUnit.unit
                  if
                        ((st true (2 ^ 64) 2 48 (2 ^ 64 - 1)).calldataload
                              (LidoSRv3.Audit.Source.SszWitnessAbi.word✝ 4)).toNat >
                          2 ^ 64 - 1 then
                      do
                      throw Error.abi
                      if
                            (LidoSRv3.Audit.Source.SszWitnessAbi.word✝
                                        (st true (2 ^ 64) 2 48 (2 ^ 64 - 1)).executionEnv.calldata.size -
                                      (st true (2 ^ 64) 2 48 (2 ^ 64 - 1)).calldataload
                                        (LidoSRv3.Audit.Source.SszWitnessAbi.word✝ 4) -
                                    LidoSRv3.Audit.Source.SszWitnessAbi.word✝ 4).sltBool
                                (LidoSRv3.Audit.Source.SszWitnessAbi.word✝ 256) =
                              true then
                          do
                          throw Error.abi
                          pure
                              ((st true (2 ^ 64) 2 48 (2 ^ 64 - 1)).calldataload
                                (LidoSRv3.Audit.Source.SszWitnessAbi.word✝ 4))
                        else do
                          pure PUnit.unit
                          pure
                              ((st true (2 ^ 64) 2 48 (2 ^ 64 - 1)).calldataload
                                (LidoSRv3.Audit.Source.SszWitnessAbi.word✝ 4))
                    else do
                      pure PUnit.unit
                      if
                            (LidoSRv3.Audit.Source.SszWitnessAbi.word✝
                                        (st true (2 ^ 64) 2 48 (2 ^ 64 - 1)).executionEnv.calldata.size -
                                      (st true (2 ^ 64) 2 48 (2 ^ 64 - 1)).calldataload
                                        (LidoSRv3.Audit.Source.SszWitnessAbi.word✝ 4) -
                                    LidoSRv3.Audit.Source.SszWitnessAbi.word✝ 4).sltBool
                                (LidoSRv3.Audit.Source.SszWitnessAbi.word✝ 256) =
                              true then
                          do
                          throw Error.abi
                          pure
                              ((st true (2 ^ 64) 2 48 (2 ^ 64 - 1)).calldataload
                                (LidoSRv3.Audit.Source.SszWitnessAbi.word✝ 4))
                        else do
                          pure PUnit.unit
                          pure
                              ((st true (2 ^ 64) 2 48 (2 ^ 64 - 1)).calldataload
                                (LidoSRv3.Audit.Source.SszWitnessAbi.word✝ 4))
            else do
              pure PUnit.unit
              if
                    (LidoSRv3.Audit.Source.SszWitnessAbi.word✝
                              (st true (2 ^ 64) 2 48 (2 ^ 64 - 1)).executionEnv.calldata.size -
                            LidoSRv3.Audit.Source.SszWitnessAbi.word✝ 4).sltBool
                        (LidoSRv3.Audit.Source.SszWitnessAbi.word✝ 128) =
                      true then
                  do
                  throw Error.abi
                  if
                        ((st true (2 ^ 64) 2 48 (2 ^ 64 - 1)).calldataload
                              (LidoSRv3.Audit.Source.SszWitnessAbi.word✝ 4)).toNat >
                          2 ^ 64 - 1 then
                      do
                      throw Error.abi
                      if
                            (LidoSRv3.Audit.Source.SszWitnessAbi.word✝
                                        (st true (2 ^ 64) 2 48 (2 ^ 64 - 1)).executionEnv.calldata.size -
                                      (st true (2 ^ 64) 2 48 (2 ^ 64 - 1)).calldataload
                                        (LidoSRv3.Audit.Source.SszWitnessAbi.word✝ 4) -
                                    LidoSRv3.Audit.Source.SszWitnessAbi.word✝ 4).sltBool
                                (LidoSRv3.Audit.Source.SszWitnessAbi.word✝ 256) =
                              true then
                          do
                          throw Error.abi
                          pure
                              ((st true (2 ^ 64) 2 48 (2 ^ 64 - 1)).calldataload
                                (LidoSRv3.Audit.Source.SszWitnessAbi.word✝ 4))
                        else do
                          pure PUnit.unit
                          pure
                              ((st true (2 ^ 64) 2 48 (2 ^ 64 - 1)).calldataload
                                (LidoSRv3.Audit.Source.SszWitnessAbi.word✝ 4))
                    else do
                      pure PUnit.unit
                      if
                            (LidoSRv3.Audit.Source.SszWitnessAbi.word✝
                                        (st true (2 ^ 64) 2 48 (2 ^ 64 - 1)).executionEnv.calldata.size -
                                      (st true (2 ^ 64) 2 48 (2 ^ 64 - 1)).calldataload
                                        (LidoSRv3.Audit.Source.SszWitnessAbi.word✝ 4) -
                                    LidoSRv3.Audit.Source.SszWitnessAbi.word✝ 4).sltBool
                                (LidoSRv3.Audit.Source.SszWitnessAbi.word✝ 256) =
                              true then
                          do
                          throw Error.abi
                          pure
                              ((st true (2 ^ 64) 2 48 (2 ^ 64 - 1)).calldataload
                                (LidoSRv3.Audit.Source.SszWitnessAbi.word✝ 4))
                        else do
                          pure PUnit.unit
                          pure
                              ((st true (2 ^ 64) 2 48 (2 ^ 64 - 1)).calldataload
                                (LidoSRv3.Audit.Source.SszWitnessAbi.word✝ 4))
                else do
                  pure PUnit.unit
                  if
                        ((st true (2 ^ 64) 2 48 (2 ^ 64 - 1)).calldataload
                              (LidoSRv3.Audit.Source.SszWitnessAbi.word✝ 4)).toNat >
                          2 ^ 64 - 1 then
                      do
                      throw Error.abi
                      if
                            (LidoSRv3.Audit.Source.SszWitnessAbi.word✝
                                        (st true (2 ^ 64) 2 48 (2 ^ 64 - 1)).executionEnv.calldata.size -
                                      (st true (2 ^ 64) 2 48 (2 ^ 64 - 1)).calldataload
                                        (LidoSRv3.Audit.Source.SszWitnessAbi.word✝ 4) -
                                    LidoSRv3.Audit.Source.SszWitnessAbi.word✝ 4).sltBool
                                (LidoSRv3.Audit.Source.SszWitnessAbi.word✝ 256) =
                              true then
                          do
                          throw Error.abi
                          pure
                              ((st true (2 ^ 64) 2 48 (2 ^ 64 - 1)).calldataload
                                (LidoSRv3.Audit.Source.SszWitnessAbi.word✝ 4))
                        else do
                          pure PUnit.unit
                          pure
                              ((st true (2 ^ 64) 2 48 (2 ^ 64 - 1)).calldataload
                                (LidoSRv3.Audit.Source.SszWitnessAbi.word✝ 4))
                    else do
                      pure PUnit.unit
                      if
                            (LidoSRv3.Audit.Source.SszWitnessAbi.word✝
                                        (st true (2 ^ 64) 2 48 (2 ^ 64 - 1)).executionEnv.calldata.size -
                                      (st true (2 ^ 64) 2 48 (2 ^ 64 - 1)).calldataload
                                        (LidoSRv3.Audit.Source.SszWitnessAbi.word✝ 4) -
                                    LidoSRv3.Audit.Source.SszWitnessAbi.word✝ 4).sltBool
                                (LidoSRv3.Audit.Source.SszWitnessAbi.word✝ 256) =
                              true then
                          do
                          throw Error.abi
                          pure
                              ((st true (2 ^ 64) 2 48 (2 ^ 64 - 1)).calldataload
                                (LidoSRv3.Audit.Source.SszWitnessAbi.word✝ 4))
                        else do
                          pure PUnit.unit
                          pure
                              ((st true (2 ^ 64) 2 48 (2 ^ 64 - 1)).calldataload
                                (LidoSRv3.Audit.Source.SszWitnessAbi.word✝ 4))
        else do
          pure PUnit.unit
          if
                ((st true (2 ^ 64) 2 48 (2 ^ 64 - 1)).calldataload
                        (LidoSRv3.Audit.Source.SszWitnessAbi.word✝ 0)).toNat /
                    2 ^ 224 ≠
                  1003628481 then
              do
              throw Error.abi
              if
                    (LidoSRv3.Audit.Source.SszWitnessAbi.word✝
                              (st true (2 ^ 64) 2 48 (2 ^ 64 - 1)).executionEnv.calldata.size -
                            LidoSRv3.Audit.Source.SszWitnessAbi.word✝ 4).sltBool
                        (LidoSRv3.Audit.Source.SszWitnessAbi.word✝ 128) =
                      true then
                  do
                  throw Error.abi
                  if
                        ((st true (2 ^ 64) 2 48 (2 ^ 64 - 1)).calldataload
                              (LidoSRv3.Audit.Source.SszWitnessAbi.word✝ 4)).toNat >
                          2 ^ 64 - 1 then
                      do
                      throw Error.abi
                      if
                            (LidoSRv3.Audit.Source.SszWitnessAbi.word✝
                                        (st true (2 ^ 64) 2 48 (2 ^ 64 - 1)).executionEnv.calldata.size -
                                      (st true (2 ^ 64) 2 48 (2 ^ 64 - 1)).calldataload
                                        (LidoSRv3.Audit.Source.SszWitnessAbi.word✝ 4) -
                                    LidoSRv3.Audit.Source.SszWitnessAbi.word✝ 4).sltBool
                                (LidoSRv3.Audit.Source.SszWitnessAbi.word✝ 256) =
                              true then
                          do
                          throw Error.abi
                          pure
                              ((st true (2 ^ 64) 2 48 (2 ^ 64 - 1)).calldataload
                                (LidoSRv3.Audit.Source.SszWitnessAbi.word✝ 4))
                        else do
                          pure PUnit.unit
                          pure
                              ((st true (2 ^ 64) 2 48 (2 ^ 64 - 1)).calldataload
                                (LidoSRv3.Audit.Source.SszWitnessAbi.word✝ 4))
                    else do
                      pure PUnit.unit
                      if
                            (LidoSRv3.Audit.Source.SszWitnessAbi.word✝
                                        (st true (2 ^ 64) 2 48 (2 ^ 64 - 1)).executionEnv.calldata.size -
                                      (st true (2 ^ 64) 2 48 (2 ^ 64 - 1)).calldataload
                                        (LidoSRv3.Audit.Source.SszWitnessAbi.word✝ 4) -
                                    LidoSRv3.Audit.Source.SszWitnessAbi.word✝ 4).sltBool
                                (LidoSRv3.Audit.Source.SszWitnessAbi.word✝ 256) =
                              true then
                          do
                          throw Error.abi
                          pure
                              ((st true (2 ^ 64) 2 48 (2 ^ 64 - 1)).calldataload
                                (LidoSRv3.Audit.Source.SszWitnessAbi.word✝ 4))
                        else do
                          pure PUnit.unit
                          pure
                              ((st true (2 ^ 64) 2 48 (2 ^ 64 - 1)).calldataload
                                (LidoSRv3.Audit.Source.SszWitnessAbi.word✝ 4))
                else do
                  pure PUnit.unit
                  if
                        ((st true (2 ^ 64) 2 48 (2 ^ 64 - 1)).calldataload
                              (LidoSRv3.Audit.Source.SszWitnessAbi.word✝ 4)).toNat >
                          2 ^ 64 - 1 then
                      do
                      throw Error.abi
                      if
                            (LidoSRv3.Audit.Source.SszWitnessAbi.word✝
                                        (st true (2 ^ 64) 2 48 (2 ^ 64 - 1)).executionEnv.calldata.size -
                                      (st true (2 ^ 64) 2 48 (2 ^ 64 - 1)).calldataload
                                        (LidoSRv3.Audit.Source.SszWitnessAbi.word✝ 4) -
                                    LidoSRv3.Audit.Source.SszWitnessAbi.word✝ 4).sltBool
                                (LidoSRv3.Audit.Source.SszWitnessAbi.word✝ 256) =
                              true then
                          do
                          throw Error.abi
                          pure
                              ((st true (2 ^ 64) 2 48 (2 ^ 64 - 1)).calldataload
                                (LidoSRv3.Audit.Source.SszWitnessAbi.word✝ 4))
                        else do
                          pure PUnit.unit
                          pure
                              ((st true (2 ^ 64) 2 48 (2 ^ 64 - 1)).calldataload
                                (LidoSRv3.Audit.Source.SszWitnessAbi.word✝ 4))
                    else do
                      pure PUnit.unit
                      if
                            (LidoSRv3.Audit.Source.SszWitnessAbi.word✝
                                        (st true (2 ^ 64) 2 48 (2 ^ 64 - 1)).executionEnv.calldata.size -
                                      (st true (2 ^ 64) 2 48 (2 ^ 64 - 1)).calldataload
                                        (LidoSRv3.Audit.Source.SszWitnessAbi.word✝ 4) -
                                    LidoSRv3.Audit.Source.SszWitnessAbi.word✝ 4).sltBool
                                (LidoSRv3.Audit.Source.SszWitnessAbi.word✝ 256) =
                              true then
                          do
                          throw Error.abi
                          pure
                              ((st true (2 ^ 64) 2 48 (2 ^ 64 - 1)).calldataload
                                (LidoSRv3.Audit.Source.SszWitnessAbi.word✝ 4))
                        else do
                          pure PUnit.unit
                          pure
                              ((st true (2 ^ 64) 2 48 (2 ^ 64 - 1)).calldataload
                                (LidoSRv3.Audit.Source.SszWitnessAbi.word✝ 4))
            else do
              pure PUnit.unit
              if
                    (LidoSRv3.Audit.Source.SszWitnessAbi.word✝
                              (st true (2 ^ 64) 2 48 (2 ^ 64 - 1)).executionEnv.calldata.size -
                            LidoSRv3.Audit.Source.SszWitnessAbi.word✝ 4).sltBool
                        (LidoSRv3.Audit.Source.SszWitnessAbi.word✝ 128) =
                      true then
                  do
                  throw Error.abi
                  if
                        ((st true (2 ^ 64) 2 48 (2 ^ 64 - 1)).calldataload
                              (LidoSRv3.Audit.Source.SszWitnessAbi.word✝ 4)).toNat >
                          2 ^ 64 - 1 then
                      do
                      throw Error.abi
                      if
                            (LidoSRv3.Audit.Source.SszWitnessAbi.word✝
                                        (st true (2 ^ 64) 2 48 (2 ^ 64 - 1)).executionEnv.calldata.size -
                                      (st true (2 ^ 64) 2 48 (2 ^ 64 - 1)).calldataload
                                        (LidoSRv3.Audit.Source.SszWitnessAbi.word✝ 4) -
                                    LidoSRv3.Audit.Source.SszWitnessAbi.word✝ 4).sltBool
                                (LidoSRv3.Audit.Source.SszWitnessAbi.word✝ 256) =
                              true then
                          do
                          throw Error.abi
                          pure
                              ((st true (2 ^ 64) 2 48 (2 ^ 64 - 1)).calldataload
                                (LidoSRv3.Audit.Source.SszWitnessAbi.word✝ 4))
                        else do
                          pure PUnit.unit
                          pure
                              ((st true (2 ^ 64) 2 48 (2 ^ 64 - 1)).calldataload
                                (LidoSRv3.Audit.Source.SszWitnessAbi.word✝ 4))
                    else do
                      pure PUnit.unit
                      if
                            (LidoSRv3.Audit.Source.SszWitnessAbi.word✝
                                        (st true (2 ^ 64) 2 48 (2 ^ 64 - 1)).executionEnv.calldata.size -
                                      (st true (2 ^ 64) 2 48 (2 ^ 64 - 1)).calldataload
                                        (LidoSRv3.Audit.Source.SszWitnessAbi.word✝ 4) -
                                    LidoSRv3.Audit.Source.SszWitnessAbi.word✝ 4).sltBool
                                (LidoSRv3.Audit.Source.SszWitnessAbi.word✝ 256) =
                              true then
                          do
                          throw Error.abi
                          pure
                              ((st true (2 ^ 64) 2 48 (2 ^ 64 - 1)).calldataload
                                (LidoSRv3.Audit.Source.SszWitnessAbi.word✝ 4))
                        else do
                          pure PUnit.unit
                          pure
                              ((st true (2 ^ 64) 2 48 (2 ^ 64 - 1)).calldataload
                                (LidoSRv3.Audit.Source.SszWitnessAbi.word✝ 4))
                else do
                  pure PUnit.unit
                  if
                        ((st true (2 ^ 64) 2 48 (2 ^ 64 - 1)).calldataload
                              (LidoSRv3.Audit.Source.SszWitnessAbi.word✝ 4)).toNat >
                          2 ^ 64 - 1 then
                      do
                      throw Error.abi
                      if
                            (LidoSRv3.Audit.Source.SszWitnessAbi.word✝
                                        (st true (2 ^ 64) 2 48 (2 ^ 64 - 1)).executionEnv.calldata.size -
                                      (st true (2 ^ 64) 2 48 (2 ^ 64 - 1)).calldataload
                                        (LidoSRv3.Audit.Source.SszWitnessAbi.word✝ 4) -
                                    LidoSRv3.Audit.Source.SszWitnessAbi.word✝ 4).sltBool
                                (LidoSRv3.Audit.Source.SszWitnessAbi.word✝ 256) =
                              true then
                          do
                          throw Error.abi
                          pure
                              ((st true (2 ^ 64) 2 48 (2 ^ 64 - 1)).calldataload
                                (LidoSRv3.Audit.Source.SszWitnessAbi.word✝ 4))
                        else do
                          pure PUnit.unit
                          pure
                              ((st true (2 ^ 64) 2 48 (2 ^ 64 - 1)).calldataload
                                (LidoSRv3.Audit.Source.SszWitnessAbi.word✝ 4))
                    else do
                      pure PUnit.unit
                      if
                            (LidoSRv3.Audit.Source.SszWitnessAbi.word✝
                                        (st true (2 ^ 64) 2 48 (2 ^ 64 - 1)).executionEnv.calldata.size -
                                      (st true (2 ^ 64) 2 48 (2 ^ 64 - 1)).calldataload
                                        (LidoSRv3.Audit.Source.SszWitnessAbi.word✝ 4) -
                                    LidoSRv3.Audit.Source.SszWitnessAbi.word✝ 4).sltBool
                                (LidoSRv3.Audit.Source.SszWitnessAbi.word✝ 256) =
                              true then
                          do
                          throw Error.abi
                          pure
                              ((st true (2 ^ 64) 2 48 (2 ^ 64 - 1)).calldataload
                                (LidoSRv3.Audit.Source.SszWitnessAbi.word✝ 4))
                        else do
                          pure PUnit.unit
                          pure
                              ((st true (2 ^ 64) 2 48 (2 ^ 64 - 1)).calldataload
                                (LidoSRv3.Audit.Source.SszWitnessAbi.word✝ 4))
    else do
      pure PUnit.unit
      if
            (LidoSRv3.Audit.Source.SszWitnessAbi.word✝
                  (st true (2 ^ 64) 2 48 (2 ^ 64 - 1)).executionEnv.calldata.size).toNat <
              4 then
          do
          throw Error.abi
          if
                ((st true (2 ^ 64) 2 48 (2 ^ 64 - 1)).calldataload
                        (LidoSRv3.Audit.Source.SszWitnessAbi.word✝ 0)).toNat /
                    2 ^ 224 ≠
                  1003628481 then
              do
              throw Error.abi
              if
                    (LidoSRv3.Audit.Source.SszWitnessAbi.word✝
                              (st true (2 ^ 64) 2 48 (2 ^ 64 - 1)).executionEnv.calldata.size -
                            LidoSRv3.Audit.Source.SszWitnessAbi.word✝ 4).sltBool
                        (LidoSRv3.Audit.Source.SszWitnessAbi.word✝ 128) =
                      true then
                  do
                  throw Error.abi
                  if
                        ((st true (2 ^ 64) 2 48 (2 ^ 64 - 1)).calldataload
                              (LidoSRv3.Audit.Source.SszWitnessAbi.word✝ 4)).toNat >
                          2 ^ 64 - 1 then
                      do
                      throw Error.abi
                      if
                            (LidoSRv3.Audit.Source.SszWitnessAbi.word✝
                                        (st true (2 ^ 64) 2 48 (2 ^ 64 - 1)).executionEnv.calldata.size -
                                      (st true (2 ^ 64) 2 48 (2 ^ 64 - 1)).calldataload
                                        (LidoSRv3.Audit.Source.SszWitnessAbi.word✝ 4) -
                                    LidoSRv3.Audit.Source.SszWitnessAbi.word✝ 4).sltBool
                                (LidoSRv3.Audit.Source.SszWitnessAbi.word✝ 256) =
                              true then
                          do
                          throw Error.abi
                          pure
                              ((st true (2 ^ 64) 2 48 (2 ^ 64 - 1)).calldataload
                                (LidoSRv3.Audit.Source.SszWitnessAbi.word✝ 4))
                        else do
                          pure PUnit.unit
                          pure
                              ((st true (2 ^ 64) 2 48 (2 ^ 64 - 1)).calldataload
                                (LidoSRv3.Audit.Source.SszWitnessAbi.word✝ 4))
                    else do
                      pure PUnit.unit
                      if
                            (LidoSRv3.Audit.Source.SszWitnessAbi.word✝
                                        (st true (2 ^ 64) 2 48 (2 ^ 64 - 1)).executionEnv.calldata.size -
                                      (st true (2 ^ 64) 2 48 (2 ^ 64 - 1)).calldataload
                                        (LidoSRv3.Audit.Source.SszWitnessAbi.word✝ 4) -
                                    LidoSRv3.Audit.Source.SszWitnessAbi.word✝ 4).sltBool
                                (LidoSRv3.Audit.Source.SszWitnessAbi.word✝ 256) =
                              true then
                          do
                          throw Error.abi
                          pure
                              ((st true (2 ^ 64) 2 48 (2 ^ 64 - 1)).calldataload
                                (LidoSRv3.Audit.Source.SszWitnessAbi.word✝ 4))
                        else do
                          pure PUnit.unit
                          pure
                              ((st true (2 ^ 64) 2 48 (2 ^ 64 - 1)).calldataload
                                (LidoSRv3.Audit.Source.SszWitnessAbi.word✝ 4))
                else do
                  pure PUnit.unit
                  if
                        ((st true (2 ^ 64) 2 48 (2 ^ 64 - 1)).calldataload
                              (LidoSRv3.Audit.Source.SszWitnessAbi.word✝ 4)).toNat >
                          2 ^ 64 - 1 then
                      do
                      throw Error.abi
                      if
                            (LidoSRv3.Audit.Source.SszWitnessAbi.word✝
                                        (st true (2 ^ 64) 2 48 (2 ^ 64 - 1)).executionEnv.calldata.size -
                                      (st true (2 ^ 64) 2 48 (2 ^ 64 - 1)).calldataload
                                        (LidoSRv3.Audit.Source.SszWitnessAbi.word✝ 4) -
                                    LidoSRv3.Audit.Source.SszWitnessAbi.word✝ 4).sltBool
                                (LidoSRv3.Audit.Source.SszWitnessAbi.word✝ 256) =
                              true then
                          do
                          throw Error.abi
                          pure
                              ((st true (2 ^ 64) 2 48 (2 ^ 64 - 1)).calldataload
                                (LidoSRv3.Audit.Source.SszWitnessAbi.word✝ 4))
                        else do
                          pure PUnit.unit
                          pure
                              ((st true (2 ^ 64) 2 48 (2 ^ 64 - 1)).calldataload
                                (LidoSRv3.Audit.Source.SszWitnessAbi.word✝ 4))
                    else do
                      pure PUnit.unit
                      if
                            (LidoSRv3.Audit.Source.SszWitnessAbi.word✝
                                        (st true (2 ^ 64) 2 48 (2 ^ 64 - 1)).executionEnv.calldata.size -
                                      (st true (2 ^ 64) 2 48 (2 ^ 64 - 1)).calldataload
                                        (LidoSRv3.Audit.Source.SszWitnessAbi.word✝ 4) -
                                    LidoSRv3.Audit.Source.SszWitnessAbi.word✝ 4).sltBool
                                (LidoSRv3.Audit.Source.SszWitnessAbi.word✝ 256) =
                              true then
                          do
                          throw Error.abi
                          pure
                              ((st true (2 ^ 64) 2 48 (2 ^ 64 - 1)).calldataload
                                (LidoSRv3.Audit.Source.SszWitnessAbi.word✝ 4))
                        else do
                          pure PUnit.unit
                          pure
                              ((st true (2 ^ 64) 2 48 (2 ^ 64 - 1)).calldataload
                                (LidoSRv3.Audit.Source.SszWitnessAbi.word✝ 4))
            else do
              pure PUnit.unit
              if
                    (LidoSRv3.Audit.Source.SszWitnessAbi.word✝
                              (st true (2 ^ 64) 2 48 (2 ^ 64 - 1)).executionEnv.calldata.size -
                            LidoSRv3.Audit.Source.SszWitnessAbi.word✝ 4).sltBool
                        (LidoSRv3.Audit.Source.SszWitnessAbi.word✝ 128) =
                      true then
                  do
                  throw Error.abi
                  if
                        ((st true (2 ^ 64) 2 48 (2 ^ 64 - 1)).calldataload
                              (LidoSRv3.Audit.Source.SszWitnessAbi.word✝ 4)).toNat >
                          2 ^ 64 - 1 then
                      do
                      throw Error.abi
                      if
                            (LidoSRv3.Audit.Source.SszWitnessAbi.word✝
                                        (st true (2 ^ 64) 2 48 (2 ^ 64 - 1)).executionEnv.calldata.size -
                                      (st true (2 ^ 64) 2 48 (2 ^ 64 - 1)).calldataload
                                        (LidoSRv3.Audit.Source.SszWitnessAbi.word✝ 4) -
                                    LidoSRv3.Audit.Source.SszWitnessAbi.word✝ 4).sltBool
                                (LidoSRv3.Audit.Source.SszWitnessAbi.word✝ 256) =
                              true then
                          do
                          throw Error.abi
                          pure
                              ((st true (2 ^ 64) 2 48 (2 ^ 64 - 1)).calldataload
                                (LidoSRv3.Audit.Source.SszWitnessAbi.word✝ 4))
                        else do
                          pure PUnit.unit
                          pure
                              ((st true (2 ^ 64) 2 48 (2 ^ 64 - 1)).calldataload
                                (LidoSRv3.Audit.Source.SszWitnessAbi.word✝ 4))
                    else do
                      pure PUnit.unit
                      if
                            (LidoSRv3.Audit.Source.SszWitnessAbi.word✝
                                        (st true (2 ^ 64) 2 48 (2 ^ 64 - 1)).executionEnv.calldata.size -
                                      (st true (2 ^ 64) 2 48 (2 ^ 64 - 1)).calldataload
                                        (LidoSRv3.Audit.Source.SszWitnessAbi.word✝ 4) -
                                    LidoSRv3.Audit.Source.SszWitnessAbi.word✝ 4).sltBool
                                (LidoSRv3.Audit.Source.SszWitnessAbi.word✝ 256) =
                              true then
                          do
                          throw Error.abi
                          pure
                              ((st true (2 ^ 64) 2 48 (2 ^ 64 - 1)).calldataload
                                (LidoSRv3.Audit.Source.SszWitnessAbi.word✝ 4))
                        else do
                          pure PUnit.unit
                          pure
                              ((st true (2 ^ 64) 2 48 (2 ^ 64 - 1)).calldataload
                                (LidoSRv3.Audit.Source.SszWitnessAbi.word✝ 4))
                else do
                  pure PUnit.unit
                  if
                        ((st true (2 ^ 64) 2 48 (2 ^ 64 - 1)).calldataload
                              (LidoSRv3.Audit.Source.SszWitnessAbi.word✝ 4)).toNat >
                          2 ^ 64 - 1 then
                      do
                      throw Error.abi
                      if
                            (LidoSRv3.Audit.Source.SszWitnessAbi.word✝
                                        (st true (2 ^ 64) 2 48 (2 ^ 64 - 1)).executionEnv.calldata.size -
                                      (st true (2 ^ 64) 2 48 (2 ^ 64 - 1)).calldataload
                                        (LidoSRv3.Audit.Source.SszWitnessAbi.word✝ 4) -
                                    LidoSRv3.Audit.Source.SszWitnessAbi.word✝ 4).sltBool
                                (LidoSRv3.Audit.Source.SszWitnessAbi.word✝ 256) =
                              true then
                          do
                          throw Error.abi
                          pure
                              ((st true (2 ^ 64) 2 48 (2 ^ 64 - 1)).calldataload
                                (LidoSRv3.Audit.Source.SszWitnessAbi.word✝ 4))
                        else do
                          pure PUnit.unit
                          pure
                              ((st true (2 ^ 64) 2 48 (2 ^ 64 - 1)).calldataload
                                (LidoSRv3.Audit.Source.SszWitnessAbi.word✝ 4))
                    else do
                      pure PUnit.unit
                      if
                            (LidoSRv3.Audit.Source.SszWitnessAbi.word✝
                                        (st true (2 ^ 64) 2 48 (2 ^ 64 - 1)).executionEnv.calldata.size -
                                      (st true (2 ^ 64) 2 48 (2 ^ 64 - 1)).calldataload
                                        (LidoSRv3.Audit.Source.SszWitnessAbi.word✝ 4) -
                                    LidoSRv3.Audit.Source.SszWitnessAbi.word✝ 4).sltBool
                                (LidoSRv3.Audit.Source.SszWitnessAbi.word✝ 256) =
                              true then
                          do
                          throw Error.abi
                          pure
                              ((st true (2 ^ 64) 2 48 (2 ^ 64 - 1)).calldataload
                                (LidoSRv3.Audit.Source.SszWitnessAbi.word✝ 4))
                        else do
                          pure PUnit.unit
                          pure
                              ((st true (2 ^ 64) 2 48 (2 ^ 64 - 1)).calldataload
                                (LidoSRv3.Audit.Source.SszWitnessAbi.word✝ 4))
        else do
          pure PUnit.unit
          if
                ((st true (2 ^ 64) 2 48 (2 ^ 64 - 1)).calldataload
                        (LidoSRv3.Audit.Source.SszWitnessAbi.word✝ 0)).toNat /
                    2 ^ 224 ≠
                  1003628481 then
              do
              throw Error.abi
              if
                    (LidoSRv3.Audit.Source.SszWitnessAbi.word✝
                              (st true (2 ^ 64) 2 48 (2 ^ 64 - 1)).executionEnv.calldata.size -
                            LidoSRv3.Audit.Source.SszWitnessAbi.word✝ 4).sltBool
                        (LidoSRv3.Audit.Source.SszWitnessAbi.word✝ 128) =
                      true then
                  do
                  throw Error.abi
                  if
                        ((st true (2 ^ 64) 2 48 (2 ^ 64 - 1)).calldataload
                              (LidoSRv3.Audit.Source.SszWitnessAbi.word✝ 4)).toNat >
                          2 ^ 64 - 1 then
                      do
                      throw Error.abi
                      if
                            (LidoSRv3.Audit.Source.SszWitnessAbi.word✝
                                        (st true (2 ^ 64) 2 48 (2 ^ 64 - 1)).executionEnv.calldata.size -
                                      (st true (2 ^ 64) 2 48 (2 ^ 64 - 1)).calldataload
                                        (LidoSRv3.Audit.Source.SszWitnessAbi.word✝ 4) -
                                    LidoSRv3.Audit.Source.SszWitnessAbi.word✝ 4).sltBool
                                (LidoSRv3.Audit.Source.SszWitnessAbi.word✝ 256) =
                              true then
                          do
                          throw Error.abi
                          pure
                              ((st true (2 ^ 64) 2 48 (2 ^ 64 - 1)).calldataload
                                (LidoSRv3.Audit.Source.SszWitnessAbi.word✝ 4))
                        else do
                          pure PUnit.unit
                          pure
                              ((st true (2 ^ 64) 2 48 (2 ^ 64 - 1)).calldataload
                                (LidoSRv3.Audit.Source.SszWitnessAbi.word✝ 4))
                    else do
                      pure PUnit.unit
                      if
                            (LidoSRv3.Audit.Source.SszWitnessAbi.word✝
                                        (st true (2 ^ 64) 2 48 (2 ^ 64 - 1)).executionEnv.calldata.size -
                                      (st true (2 ^ 64) 2 48 (2 ^ 64 - 1)).calldataload
                                        (LidoSRv3.Audit.Source.SszWitnessAbi.word✝ 4) -
                                    LidoSRv3.Audit.Source.SszWitnessAbi.word✝ 4).sltBool
                                (LidoSRv3.Audit.Source.SszWitnessAbi.word✝ 256) =
                              true then
                          do
                          throw Error.abi
                          pure
                              ((st true (2 ^ 64) 2 48 (2 ^ 64 - 1)).calldataload
                                (LidoSRv3.Audit.Source.SszWitnessAbi.word✝ 4))
                        else do
                          pure PUnit.unit
                          pure
                              ((st true (2 ^ 64) 2 48 (2 ^ 64 - 1)).calldataload
                                (LidoSRv3.Audit.Source.SszWitnessAbi.word✝ 4))
                else do
                  pure PUnit.unit
                  if
                        ((st true (2 ^ 64) 2 48 (2 ^ 64 - 1)).calldataload
                              (LidoSRv3.Audit.Source.SszWitnessAbi.word✝ 4)).toNat >
                          2 ^ 64 - 1 then
                      do
                      throw Error.abi
                      if
                            (LidoSRv3.Audit.Source.SszWitnessAbi.word✝
                                        (st true (2 ^ 64) 2 48 (2 ^ 64 - 1)).executionEnv.calldata.size -
                                      (st true (2 ^ 64) 2 48 (2 ^ 64 - 1)).calldataload
                                        (LidoSRv3.Audit.Source.SszWitnessAbi.word✝ 4) -
                                    LidoSRv3.Audit.Source.SszWitnessAbi.word✝ 4).sltBool
                                (LidoSRv3.Audit.Source.SszWitnessAbi.word✝ 256) =
                              true then
                          do
                          throw Error.abi
                          pure
                              ((st true (2 ^ 64) 2 48 (2 ^ 64 - 1)).calldataload
                                (LidoSRv3.Audit.Source.SszWitnessAbi.word✝ 4))
                        else do
                          pure PUnit.unit
                          pure
                              ((st true (2 ^ 64) 2 48 (2 ^ 64 - 1)).calldataload
                                (LidoSRv3.Audit.Source.SszWitnessAbi.word✝ 4))
                    else do
                      pure PUnit.unit
                      if
                            (LidoSRv3.Audit.Source.SszWitnessAbi.word✝
                                        (st true (2 ^ 64) 2 48 (2 ^ 64 - 1)).executionEnv.calldata.size -
                                      (st true (2 ^ 64) 2 48 (2 ^ 64 - 1)).calldataload
                                        (LidoSRv3.Audit.Source.SszWitnessAbi.word✝ 4) -
                                    LidoSRv3.Audit.Source.SszWitnessAbi.word✝ 4).sltBool
                                (LidoSRv3.Audit.Source.SszWitnessAbi.word✝ 256) =
                              true then
                          do
                          throw Error.abi
                          pure
                              ((st true (2 ^ 64) 2 48 (2 ^ 64 - 1)).calldataload
                                (LidoSRv3.Audit.Source.SszWitnessAbi.word✝ 4))
                        else do
                          pure PUnit.unit
                          pure
                              ((st true (2 ^ 64) 2 48 (2 ^ 64 - 1)).calldataload
                                (LidoSRv3.Audit.Source.SszWitnessAbi.word✝ 4))
            else do
              pure PUnit.unit
              if
                    (LidoSRv3.Audit.Source.SszWitnessAbi.word✝
                              (st true (2 ^ 64) 2 48 (2 ^ 64 - 1)).executionEnv.calldata.size -
                            LidoSRv3.Audit.Source.SszWitnessAbi.word✝ 4).sltBool
                        (LidoSRv3.Audit.Source.SszWitnessAbi.word✝ 128) =
                      true then
                  do
                  throw Error.abi
                  if
                        ((st true (2 ^ 64) 2 48 (2 ^ 64 - 1)).calldataload
                              (LidoSRv3.Audit.Source.SszWitnessAbi.word✝ 4)).toNat >
                          2 ^ 64 - 1 then
                      do
                      throw Error.abi
                      if
                            (LidoSRv3.Audit.Source.SszWitnessAbi.word✝
                                        (st true (2 ^ 64) 2 48 (2 ^ 64 - 1)).executionEnv.calldata.size -
                                      (st true (2 ^ 64) 2 48 (2 ^ 64 - 1)).calldataload
                                        (LidoSRv3.Audit.Source.SszWitnessAbi.word✝ 4) -
                                    LidoSRv3.Audit.Source.SszWitnessAbi.word✝ 4).sltBool
                                (LidoSRv3.Audit.Source.SszWitnessAbi.word✝ 256) =
                              true then
                          do
                          throw Error.abi
                          pure
                              ((st true (2 ^ 64) 2 48 (2 ^ 64 - 1)).calldataload
                                (LidoSRv3.Audit.Source.SszWitnessAbi.word✝ 4))
                        else do
                          pure PUnit.unit
                          pure
                              ((st true (2 ^ 64) 2 48 (2 ^ 64 - 1)).calldataload
                                (LidoSRv3.Audit.Source.SszWitnessAbi.word✝ 4))
                    else do
                      pure PUnit.unit
                      if
                            (LidoSRv3.Audit.Source.SszWitnessAbi.word✝
                                        (st true (2 ^ 64) 2 48 (2 ^ 64 - 1)).executionEnv.calldata.size -
                                      (st true (2 ^ 64) 2 48 (2 ^ 64 - 1)).calldataload
                                        (LidoSRv3.Audit.Source.SszWitnessAbi.word✝ 4) -
                                    LidoSRv3.Audit.Source.SszWitnessAbi.word✝ 4).sltBool
                                (LidoSRv3.Audit.Source.SszWitnessAbi.word✝ 256) =
                              true then
                          do
                          throw Error.abi
                          pure
                              ((st true (2 ^ 64) 2 48 (2 ^ 64 - 1)).calldataload
                                (LidoSRv3.Audit.Source.SszWitnessAbi.word✝ 4))
                        else do
                          pure PUnit.unit
                          pure
                              ((st true (2 ^ 64) 2 48 (2 ^ 64 - 1)).calldataload
                                (LidoSRv3.Audit.Source.SszWitnessAbi.word✝ 4))
                else do
                  pure PUnit.unit
                  if
                        ((st true (2 ^ 64) 2 48 (2 ^ 64 - 1)).calldataload
                              (LidoSRv3.Audit.Source.SszWitnessAbi.word✝ 4)).toNat >
                          2 ^ 64 - 1 then
                      do
                      throw Error.abi
                      if
                            (LidoSRv3.Audit.Source.SszWitnessAbi.word✝
                                        (st true (2 ^ 64) 2 48 (2 ^ 64 - 1)).executionEnv.calldata.size -
                                      (st true (2 ^ 64) 2 48 (2 ^ 64 - 1)).calldataload
                                        (LidoSRv3.Audit.Source.SszWitnessAbi.word✝ 4) -
                                    LidoSRv3.Audit.Source.SszWitnessAbi.word✝ 4).sltBool
                                (LidoSRv3.Audit.Source.SszWitnessAbi.word✝ 256) =
                              true then
                          do
                          throw Error.abi
                          pure
                              ((st true (2 ^ 64) 2 48 (2 ^ 64 - 1)).calldataload
                                (LidoSRv3.Audit.Source.SszWitnessAbi.word✝ 4))
                        else do
                          pure PUnit.unit
                          pure
                              ((st true (2 ^ 64) 2 48 (2 ^ 64 - 1)).calldataload
                                (LidoSRv3.Audit.Source.SszWitnessAbi.word✝ 4))
                    else do
                      pure PUnit.unit
                      if
                            (LidoSRv3.Audit.Source.SszWitnessAbi.word✝
                                        (st true (2 ^ 64) 2 48 (2 ^ 64 - 1)).executionEnv.calldata.size -
                                      (st true (2 ^ 64) 2 48 (2 ^ 64 - 1)).calldataload
                                        (LidoSRv3.Audit.Source.SszWitnessAbi.word✝ 4) -
                                    LidoSRv3.Audit.Source.SszWitnessAbi.word✝ 4).sltBool
                                (LidoSRv3.Audit.Source.SszWitnessAbi.word✝ 256) =
                              true then
                          do
                          throw Error.abi
                          pure
                              ((st true (2 ^ 64) 2 48 (2 ^ 64 - 1)).calldataload
                                (LidoSRv3.Audit.Source.SszWitnessAbi.word✝ 4))
                        else do
                          pure PUnit.unit
                          pure
                              ((st true (2 ^ 64) 2 48 (2 ^ 64 - 1)).calldataload
                                (LidoSRv3.Audit.Source.SszWitnessAbi.word✝ 4))) =
    Except.ok (w 256)

h0 : (st true (2 ^ 64) 2 48 (2 ^ 64 - 1)).calldataload (w 0) = w (1003628481 * 2 ^ 224)
h4 : (st true (2 ^ 64) 2 48 (2 ^ 64 - 1)).calldataload (w 4) = w 256
⊢ (if (st true (2 ^ 64) 2 48 (2 ^ 64 - 1)).executionEnv.weiValue.toNat ≠ 0 then do
      throw Error.abi
      if
            (LidoSRv3.Audit.Source.SszWitnessAbi.word✝
                  (st true (2 ^ 64) 2 48 (2 ^ 64 - 1)).executionEnv.calldata.size).toNat <
              4 then
          do
          throw Error.abi
          if
                ((st true (2 ^ 64) 2 48 (2 ^ 64 - 1)).calldataload
                        (LidoSRv3.Audit.Source.SszWitnessAbi.word✝ 0)).toNat /
                    2 ^ 224 ≠
                  1003628481 then
              do
              throw Error.abi
              if
                    (LidoSRv3.Audit.Source.SszWitnessAbi.word✝
                              (st true (2 ^ 64) 2 48 (2 ^ 64 - 1)).executionEnv.calldata.size -
                            LidoSRv3.Audit.Source.SszWitnessAbi.word✝ 4).sltBool
                        (LidoSRv3.Audit.Source.SszWitnessAbi.word✝ 128) =
                      true then
                  do
                  throw Error.abi
                  if
                        ((st true (2 ^ 64) 2 48 (2 ^ 64 - 1)).calldataload
                              (LidoSRv3.Audit.Source.SszWitnessAbi.word✝ 4)).toNat >
                          2 ^ 64 - 1 then
                      do
                      throw Error.abi
                      if
                            (LidoSRv3.Audit.Source.SszWitnessAbi.word✝
                                        (st true (2 ^ 64) 2 48 (2 ^ 64 - 1)).executionEnv.calldata.size -
                                      (st true (2 ^ 64) 2 48 (2 ^ 64 - 1)).calldataload
                                        (LidoSRv3.Audit.Source.SszWitnessAbi.word✝ 4) -
                                    LidoSRv3.Audit.Source.SszWitnessAbi.word✝ 4).sltBool
                                (LidoSRv3.Audit.Source.SszWitnessAbi.word✝ 256) =
                              true then
                          do
                          throw Error.abi
                          pure
                              ((st true (2 ^ 64) 2 48 (2 ^ 64 - 1)).calldataload
                                (LidoSRv3.Audit.Source.SszWitnessAbi.word✝ 4))
                        else do
                          pure PUnit.unit
                          pure
                              ((st true (2 ^ 64) 2 48 (2 ^ 64 - 1)).calldataload
                                (LidoSRv3.Audit.Source.SszWitnessAbi.word✝ 4))
                    else do
                      pure PUnit.unit
                      if
                            (LidoSRv3.Audit.Source.SszWitnessAbi.word✝
                                        (st true (2 ^ 64) 2 48 (2 ^ 64 - 1)).executionEnv.calldata.size -
                                      (st true (2 ^ 64) 2 48 (2 ^ 64 - 1)).calldataload
                                        (LidoSRv3.Audit.Source.SszWitnessAbi.word✝ 4) -
                                    LidoSRv3.Audit.Source.SszWitnessAbi.word✝ 4).sltBool
                                (LidoSRv3.Audit.Source.SszWitnessAbi.word✝ 256) =
                              true then
                          do
                          throw Error.abi
                          pure
                              ((st true (2 ^ 64) 2 48 (2 ^ 64 - 1)).calldataload
                                (LidoSRv3.Audit.Source.SszWitnessAbi.word✝ 4))
                        else do
                          pure PUnit.unit
                          pure
                              ((st true (2 ^ 64) 2 48 (2 ^ 64 - 1)).calldataload
                                (LidoSRv3.Audit.Source.SszWitnessAbi.word✝ 4))
                else do
                  pure PUnit.unit
                  if
                        ((st true (2 ^ 64) 2 48 (2 ^ 64 - 1)).calldataload
                              (LidoSRv3.Audit.Source.SszWitnessAbi.word✝ 4)).toNat >
                          2 ^ 64 - 1 then
                      do
                      throw Error.abi
                      if
                            (LidoSRv3.Audit.Source.SszWitnessAbi.word✝
                                        (st true (2 ^ 64) 2 48 (2 ^ 64 - 1)).executionEnv.calldata.size -
                                      (st true (2 ^ 64) 2 48 (2 ^ 64 - 1)).calldataload
                                        (LidoSRv3.Audit.Source.SszWitnessAbi.word✝ 4) -
                                    LidoSRv3.Audit.Source.SszWitnessAbi.word✝ 4).sltBool
                                (LidoSRv3.Audit.Source.SszWitnessAbi.word✝ 256) =
                              true then
                          do
                          throw Error.abi
                          pure
                              ((st true (2 ^ 64) 2 48 (2 ^ 64 - 1)).calldataload
                                (LidoSRv3.Audit.Source.SszWitnessAbi.word✝ 4))
                        else do
                          pure PUnit.unit
                          pure
                              ((st true (2 ^ 64) 2 48 (2 ^ 64 - 1)).calldataload
                                (LidoSRv3.Audit.Source.SszWitnessAbi.word✝ 4))
                    else do
                      pure PUnit.unit
                      if
                            (LidoSRv3.Audit.Source.SszWitnessAbi.word✝
                                        (st true (2 ^ 64) 2 48 (2 ^ 64 - 1)).executionEnv.calldata.size -
                                      (st true (2 ^ 64) 2 48 (2 ^ 64 - 1)).calldataload
                                        (LidoSRv3.Audit.Source.SszWitnessAbi.word✝ 4) -
                                    LidoSRv3.Audit.Source.SszWitnessAbi.word✝ 4).sltBool
                                (LidoSRv3.Audit.Source.SszWitnessAbi.word✝ 256) =
                              true then
                          do
                          throw Error.abi
                          pure
                              ((st true (2 ^ 64) 2 48 (2 ^ 64 - 1)).calldataload
                                (LidoSRv3.Audit.Source.SszWitnessAbi.word✝ 4))
                        else do
                          pure PUnit.unit
                          pure
                              ((st true (2 ^ 64) 2 48 (2 ^ 64 - 1)).calldataload
                                (LidoSRv3.Audit.Source.SszWitnessAbi.word✝ 4))
            else do
              pure PUnit.unit
              if
                    (LidoSRv3.Audit.Source.SszWitnessAbi.word✝
                              (st true (2 ^ 64) 2 48 (2 ^ 64 - 1)).executionEnv.calldata.size -
                            LidoSRv3.Audit.Source.SszWitnessAbi.word✝ 4).sltBool
                        (LidoSRv3.Audit.Source.SszWitnessAbi.word✝ 128) =
                      true then
                  do
                  throw Error.abi
                  if
                        ((st true (2 ^ 64) 2 48 (2 ^ 64 - 1)).calldataload
                              (LidoSRv3.Audit.Source.SszWitnessAbi.word✝ 4)).toNat >
                          2 ^ 64 - 1 then
                      do
                      throw Error.abi
                      if
                            (LidoSRv3.Audit.Source.SszWitnessAbi.word✝
                                        (st true (2 ^ 64) 2 48 (2 ^ 64 - 1)).executionEnv.calldata.size -
                                      (st true (2 ^ 64) 2 48 (2 ^ 64 - 1)).calldataload
                                        (LidoSRv3.Audit.Source.SszWitnessAbi.word✝ 4) -
                                    LidoSRv3.Audit.Source.SszWitnessAbi.word✝ 4).sltBool
                                (LidoSRv3.Audit.Source.SszWitnessAbi.word✝ 256) =
                              true then
                          do
                          throw Error.abi
                          pure
                              ((st true (2 ^ 64) 2 48 (2 ^ 64 - 1)).calldataload
                                (LidoSRv3.Audit.Source.SszWitnessAbi.word✝ 4))
                        else do
                          pure PUnit.unit
                          pure
                              ((st true (2 ^ 64) 2 48 (2 ^ 64 - 1)).calldataload
                                (LidoSRv3.Audit.Source.SszWitnessAbi.word✝ 4))
                    else do
                      pure PUnit.unit
                      if
                            (LidoSRv3.Audit.Source.SszWitnessAbi.word✝
                                        (st true (2 ^ 64) 2 48 (2 ^ 64 - 1)).executionEnv.calldata.size -
                                      (st true (2 ^ 64) 2 48 (2 ^ 64 - 1)).calldataload
                                        (LidoSRv3.Audit.Source.SszWitnessAbi.word✝ 4) -
                                    LidoSRv3.Audit.Source.SszWitnessAbi.word✝ 4).sltBool
                                (LidoSRv3.Audit.Source.SszWitnessAbi.word✝ 256) =
                              true then
                          do
                          throw Error.abi
                          pure
                              ((st true (2 ^ 64) 2 48 (2 ^ 64 - 1)).calldataload
                                (LidoSRv3.Audit.Source.SszWitnessAbi.word✝ 4))
                        else do
                          pure PUnit.unit
                          pure
                              ((st true (2 ^ 64) 2 48 (2 ^ 64 - 1)).calldataload
                                (LidoSRv3.Audit.Source.SszWitnessAbi.word✝ 4))
                else do
                  pure PUnit.unit
                  if
                        ((st true (2 ^ 64) 2 48 (2 ^ 64 - 1)).calldataload
                              (LidoSRv3.Audit.Source.SszWitnessAbi.word✝ 4)).toNat >
                          2 ^ 64 - 1 then
                      do
                      throw Error.abi
                      if
                            (LidoSRv3.Audit.Source.SszWitnessAbi.word✝
                                        (st true (2 ^ 64) 2 48 (2 ^ 64 - 1)).executionEnv.calldata.size -
                                      (st true (2 ^ 64) 2 48 (2 ^ 64 - 1)).calldataload
                                        (LidoSRv3.Audit.Source.SszWitnessAbi.word✝ 4) -
                                    LidoSRv3.Audit.Source.SszWitnessAbi.word✝ 4).sltBool
                                (LidoSRv3.Audit.Source.SszWitnessAbi.word✝ 256) =
                              true then
                          do
                          throw Error.abi
                          pure
                              ((st true (2 ^ 64) 2 48 (2 ^ 64 - 1)).calldataload
                                (LidoSRv3.Audit.Source.SszWitnessAbi.word✝ 4))
                        else do
                          pure PUnit.unit
                          pure
                              ((st true (2 ^ 64) 2 48 (2 ^ 64 - 1)).calldataload
                                (LidoSRv3.Audit.Source.SszWitnessAbi.word✝ 4))
                    else do
                      pure PUnit.unit
                      if
                            (LidoSRv3.Audit.Source.SszWitnessAbi.word✝
                                        (st true (2 ^ 64) 2 48 (2 ^ 64 - 1)).executionEnv.calldata.size -
                                      (st true (2 ^ 64) 2 48 (2 ^ 64 - 1)).calldataload
                                        (LidoSRv3.Audit.Source.SszWitnessAbi.word✝ 4) -
                                    LidoSRv3.Audit.Source.SszWitnessAbi.word✝ 4).sltBool
                                (LidoSRv3.Audit.Source.SszWitnessAbi.word✝ 256) =
                              true then
                          do
                          throw Error.abi
                          pure
                              ((st true (2 ^ 64) 2 48 (2 ^ 64 - 1)).calldataload
                                (LidoSRv3.Audit.Source.SszWitnessAbi.word✝ 4))
                        else do
                          pure PUnit.unit
                          pure
                              ((st true (2 ^ 64) 2 48 (2 ^ 64 - 1)).calldataload
                                (LidoSRv3.Audit.Source.SszWitnessAbi.word✝ 4))
        else do
          pure PUnit.unit
          if
                ((st true (2 ^ 64) 2 48 (2 ^ 64 - 1)).calldataload
                        (LidoSRv3.Audit.Source.SszWitnessAbi.word✝ 0)).toNat /
                    2 ^ 224 ≠
                  1003628481 then
              do
              throw Error.abi
              if
                    (LidoSRv3.Audit.Source.SszWitnessAbi.word✝
                              (st true (2 ^ 64) 2 48 (2 ^ 64 - 1)).executionEnv.calldata.size -
                            LidoSRv3.Audit.Source.SszWitnessAbi.word✝ 4).sltBool
                        (LidoSRv3.Audit.Source.SszWitnessAbi.word✝ 128) =
                      true then
                  do
                  throw Error.abi
                  if
                        ((st true (2 ^ 64) 2 48 (2 ^ 64 - 1)).calldataload
                              (LidoSRv3.Audit.Source.SszWitnessAbi.word✝ 4)).toNat >
                          2 ^ 64 - 1 then
                      do
                      throw Error.abi
                      if
                            (LidoSRv3.Audit.Source.SszWitnessAbi.word✝
                                        (st true (2 ^ 64) 2 48 (2 ^ 64 - 1)).executionEnv.calldata.size -
                                      (st true (2 ^ 64) 2 48 (2 ^ 64 - 1)).calldataload
                                        (LidoSRv3.Audit.Source.SszWitnessAbi.word✝ 4) -
                                    LidoSRv3.Audit.Source.SszWitnessAbi.word✝ 4).sltBool
                                (LidoSRv3.Audit.Source.SszWitnessAbi.word✝ 256) =
                              true then
                          do
                          throw Error.abi
                          pure
                              ((st true (2 ^ 64) 2 48 (2 ^ 64 - 1)).calldataload
                                (LidoSRv3.Audit.Source.SszWitnessAbi.word✝ 4))
                        else do
                          pure PUnit.unit
                          pure
                              ((st true (2 ^ 64) 2 48 (2 ^ 64 - 1)).calldataload
                                (LidoSRv3.Audit.Source.SszWitnessAbi.word✝ 4))
                    else do
                      pure PUnit.unit
                      if
                            (LidoSRv3.Audit.Source.SszWitnessAbi.word✝
                                        (st true (2 ^ 64) 2 48 (2 ^ 64 - 1)).executionEnv.calldata.size -
                                      (st true (2 ^ 64) 2 48 (2 ^ 64 - 1)).calldataload
                                        (LidoSRv3.Audit.Source.SszWitnessAbi.word✝ 4) -
                                    LidoSRv3.Audit.Source.SszWitnessAbi.word✝ 4).sltBool
                                (LidoSRv3.Audit.Source.SszWitnessAbi.word✝ 256) =
                              true then
                          do
                          throw Error.abi
                          pure
                              ((st true (2 ^ 64) 2 48 (2 ^ 64 - 1)).calldataload
                                (LidoSRv3.Audit.Source.SszWitnessAbi.word✝ 4))
                        else do
                          pure PUnit.unit
                          pure
                              ((st true (2 ^ 64) 2 48 (2 ^ 64 - 1)).calldataload
                                (LidoSRv3.Audit.Source.SszWitnessAbi.word✝ 4))
                else do
                  pure PUnit.unit
                  if
                        ((st true (2 ^ 64) 2 48 (2 ^ 64 - 1)).calldataload
                              (LidoSRv3.Audit.Source.SszWitnessAbi.word✝ 4)).toNat >
                          2 ^ 64 - 1 then
                      do
                      throw Error.abi
                      if
                            (LidoSRv3.Audit.Source.SszWitnessAbi.word✝
                                        (st true (2 ^ 64) 2 48 (2 ^ 64 - 1)).executionEnv.calldata.size -
                                      (st true (2 ^ 64) 2 48 (2 ^ 64 - 1)).calldataload
                                        (LidoSRv3.Audit.Source.SszWitnessAbi.word✝ 4) -
                                    LidoSRv3.Audit.Source.SszWitnessAbi.word✝ 4).sltBool
                                (LidoSRv3.Audit.Source.SszWitnessAbi.word✝ 256) =
                              true then
                          do
                          throw Error.abi
                          pure
                              ((st true (2 ^ 64) 2 48 (2 ^ 64 - 1)).calldataload
                                (LidoSRv3.Audit.Source.SszWitnessAbi.word✝ 4))
                        else do
                          pure PUnit.unit
                          pure
                              ((st true (2 ^ 64) 2 48 (2 ^ 64 - 1)).calldataload
                                (LidoSRv3.Audit.Source.SszWitnessAbi.word✝ 4))
                    else do
                      pure PUnit.unit
                      if
                            (LidoSRv3.Audit.Source.SszWitnessAbi.word✝
                                        (st true (2 ^ 64) 2 48 (2 ^ 64 - 1)).executionEnv.calldata.size -
                                      (st true (2 ^ 64) 2 48 (2 ^ 64 - 1)).calldataload
                                        (LidoSRv3.Audit.Source.SszWitnessAbi.word✝ 4) -
                                    LidoSRv3.Audit.Source.SszWitnessAbi.word✝ 4).sltBool
                                (LidoSRv3.Audit.Source.SszWitnessAbi.word✝ 256) =
                              true then
                          do
                          throw Error.abi
                          pure
                              ((st true (2 ^ 64) 2 48 (2 ^ 64 - 1)).calldataload
                                (LidoSRv3.Audit.Source.SszWitnessAbi.word✝ 4))
                        else do
                          pure PUnit.unit
                          pure
                              ((st true (2 ^ 64) 2 48 (2 ^ 64 - 1)).calldataload
                                (LidoSRv3.Audit.Source.SszWitnessAbi.word✝ 4))
            else do
              pure PUnit.unit
              if
                    (LidoSRv3.Audit.Source.SszWitnessAbi.word✝
                              (st true (2 ^ 64) 2 48 (2 ^ 64 - 1)).executionEnv.calldata.size -
                            LidoSRv3.Audit.Source.SszWitnessAbi.word✝ 4).sltBool
                        (LidoSRv3.Audit.Source.SszWitnessAbi.word✝ 128) =
                      true then
                  do
                  throw Error.abi
                  if
                        ((st true (2 ^ 64) 2 48 (2 ^ 64 - 1)).calldataload
                              (LidoSRv3.Audit.Source.SszWitnessAbi.word✝ 4)).toNat >
                          2 ^ 64 - 1 then
                      do
                      throw Error.abi
                      if
                            (LidoSRv3.Audit.Source.SszWitnessAbi.word✝
                                        (st true (2 ^ 64) 2 48 (2 ^ 64 - 1)).executionEnv.calldata.size -
                                      (st true (2 ^ 64) 2 48 (2 ^ 64 - 1)).calldataload
                                        (LidoSRv3.Audit.Source.SszWitnessAbi.word✝ 4) -
                                    LidoSRv3.Audit.Source.SszWitnessAbi.word✝ 4).sltBool
                                (LidoSRv3.Audit.Source.SszWitnessAbi.word✝ 256) =
                              true then
                          do
                          throw Error.abi
                          pure
                              ((st true (2 ^ 64) 2 48 (2 ^ 64 - 1)).calldataload
                                (LidoSRv3.Audit.Source.SszWitnessAbi.word✝ 4))
                        else do
                          pure PUnit.unit
                          pure
                              ((st true (2 ^ 64) 2 48 (2 ^ 64 - 1)).calldataload
                                (LidoSRv3.Audit.Source.SszWitnessAbi.word✝ 4))
                    else do
                      pure PUnit.unit
                      if
                            (LidoSRv3.Audit.Source.SszWitnessAbi.word✝
                                        (st true (2 ^ 64) 2 48 (2 ^ 64 - 1)).executionEnv.calldata.size -
                                      (st true (2 ^ 64) 2 48 (2 ^ 64 - 1)).calldataload
                                        (LidoSRv3.Audit.Source.SszWitnessAbi.word✝ 4) -
                                    LidoSRv3.Audit.Source.SszWitnessAbi.word✝ 4).sltBool
                                (LidoSRv3.Audit.Source.SszWitnessAbi.word✝ 256) =
                              true then
                          do
                          throw Error.abi
                          pure
                              ((st true (2 ^ 64) 2 48 (2 ^ 64 - 1)).calldataload
                                (LidoSRv3.Audit.Source.SszWitnessAbi.word✝ 4))
                        else do
                          pure PUnit.unit
                          pure
                              ((st true (2 ^ 64) 2 48 (2 ^ 64 - 1)).calldataload
                                (LidoSRv3.Audit.Source.SszWitnessAbi.word✝ 4))
                else do
                  pure PUnit.unit
                  if
                        ((st true (2 ^ 64) 2 48 (2 ^ 64 - 1)).calldataload
                              (LidoSRv3.Audit.Source.SszWitnessAbi.word✝ 4)).toNat >
                          2 ^ 64 - 1 then
                      do
                      throw Error.abi
                      if
                            (LidoSRv3.Audit.Source.SszWitnessAbi.word✝
                                        (st true (2 ^ 64) 2 48 (2 ^ 64 - 1)).executionEnv.calldata.size -
                                      (st true (2 ^ 64) 2 48 (2 ^ 64 - 1)).calldataload
                                        (LidoSRv3.Audit.Source.SszWitnessAbi.word✝ 4) -
                                    LidoSRv3.Audit.Source.SszWitnessAbi.word✝ 4).sltBool
                                (LidoSRv3.Audit.Source.SszWitnessAbi.word✝ 256) =
                              true then
                          do
                          throw Error.abi
                          pure
                              ((st true (2 ^ 64) 2 48 (2 ^ 64 - 1)).calldataload
                                (LidoSRv3.Audit.Source.SszWitnessAbi.word✝ 4))
                        else do
                          pure PUnit.unit
                          pure
                              ((st true (2 ^ 64) 2 48 (2 ^ 64 - 1)).calldataload
                                (LidoSRv3.Audit.Source.SszWitnessAbi.word✝ 4))
                    else do
                      pure PUnit.unit
                      if
                            (LidoSRv3.Audit.Source.SszWitnessAbi.word✝
                                        (st true (2 ^ 64) 2 48 (2 ^ 64 - 1)).executionEnv.calldata.size -
                                      (st true (2 ^ 64) 2 48 (2 ^ 64 - 1)).calldataload
                                        (LidoSRv3.Audit.Source.SszWitnessAbi.word✝ 4) -
                                    LidoSRv3.Audit.Source.SszWitnessAbi.word✝ 4).sltBool
                                (LidoSRv3.Audit.Source.SszWitnessAbi.word✝ 256) =
                              true then
                          do
                          throw Error.abi
                          pure
                              ((st true (2 ^ 64) 2 48 (2 ^ 64 - 1)).calldataload
                                (LidoSRv3.Audit.Source.SszWitnessAbi.word✝ 4))
                        else do
                          pure PUnit.unit
                          pure
                              ((st true (2 ^ 64) 2 48 (2 ^ 64 - 1)).calldataload
                                (LidoSRv3.Audit.Source.SszWitnessAbi.word✝ 4))
    else do
      pure PUnit.unit
      if
            (LidoSRv3.Audit.Source.SszWitnessAbi.word✝
                  (st true (2 ^ 64) 2 48 (2 ^ 64 - 1)).executionEnv.calldata.size).toNat <
              4 then
          do
          throw Error.abi
          if
                ((st true (2 ^ 64) 2 48 (2 ^ 64 - 1)).calldataload
                        (LidoSRv3.Audit.Source.SszWitnessAbi.word✝ 0)).toNat /
                    2 ^ 224 ≠
                  1003628481 then
              do
              throw Error.abi
              if
                    (LidoSRv3.Audit.Source.SszWitnessAbi.word✝
                              (st true (2 ^ 64) 2 48 (2 ^ 64 - 1)).executionEnv.calldata.size -
                            LidoSRv3.Audit.Source.SszWitnessAbi.word✝ 4).sltBool
                        (LidoSRv3.Audit.Source.SszWitnessAbi.word✝ 128) =
                      true then
                  do
                  throw Error.abi
                  if
                        ((st true (2 ^ 64) 2 48 (2 ^ 64 - 1)).calldataload
                              (LidoSRv3.Audit.Source.SszWitnessAbi.word✝ 4)).toNat >
                          2 ^ 64 - 1 then
                      do
                      throw Error.abi
                      if
                            (LidoSRv3.Audit.Source.SszWitnessAbi.word✝
                                        (st true (2 ^ 64) 2 48 (2 ^ 64 - 1)).executionEnv.calldata.size -
                                      (st true (2 ^ 64) 2 48 (2 ^ 64 - 1)).calldataload
                                        (LidoSRv3.Audit.Source.SszWitnessAbi.word✝ 4) -
                                    LidoSRv3.Audit.Source.SszWitnessAbi.word✝ 4).sltBool
                                (LidoSRv3.Audit.Source.SszWitnessAbi.word✝ 256) =
                              true then
                          do
                          throw Error.abi
                          pure
                              ((st true (2 ^ 64) 2 48 (2 ^ 64 - 1)).calldataload
                                (LidoSRv3.Audit.Source.SszWitnessAbi.word✝ 4))
                        else do
                          pure PUnit.unit
                          pure
                              ((st true (2 ^ 64) 2 48 (2 ^ 64 - 1)).calldataload
                                (LidoSRv3.Audit.Source.SszWitnessAbi.word✝ 4))
                    else do
                      pure PUnit.unit
                      if
                            (LidoSRv3.Audit.Source.SszWitnessAbi.word✝
                                        (st true (2 ^ 64) 2 48 (2 ^ 64 - 1)).executionEnv.calldata.size -
                                      (st true (2 ^ 64) 2 48 (2 ^ 64 - 1)).calldataload
                                        (LidoSRv3.Audit.Source.SszWitnessAbi.word✝ 4) -
                                    LidoSRv3.Audit.Source.SszWitnessAbi.word✝ 4).sltBool
                                (LidoSRv3.Audit.Source.SszWitnessAbi.word✝ 256) =
                              true then
                          do
                          throw Error.abi
                          pure
                              ((st true (2 ^ 64) 2 48 (2 ^ 64 - 1)).calldataload
                                (LidoSRv3.Audit.Source.SszWitnessAbi.word✝ 4))
                        else do
                          pure PUnit.unit
                          pure
                              ((st true (2 ^ 64) 2 48 (2 ^ 64 - 1)).calldataload
                                (LidoSRv3.Audit.Source.SszWitnessAbi.word✝ 4))
                else do
                  pure PUnit.unit
                  if
                        ((st true (2 ^ 64) 2 48 (2 ^ 64 - 1)).calldataload
                              (LidoSRv3.Audit.Source.SszWitnessAbi.word✝ 4)).toNat >
                          2 ^ 64 - 1 then
                      do
                      throw Error.abi
                      if
                            (LidoSRv3.Audit.Source.SszWitnessAbi.word✝
                                        (st true (2 ^ 64) 2 48 (2 ^ 64 - 1)).executionEnv.calldata.size -
                                      (st true (2 ^ 64) 2 48 (2 ^ 64 - 1)).calldataload
                                        (LidoSRv3.Audit.Source.SszWitnessAbi.word✝ 4) -
                                    LidoSRv3.Audit.Source.SszWitnessAbi.word✝ 4).sltBool
                                (LidoSRv3.Audit.Source.SszWitnessAbi.word✝ 256) =
                              true then
                          do
                          throw Error.abi
                          pure
                              ((st true (2 ^ 64) 2 48 (2 ^ 64 - 1)).calldataload
                                (LidoSRv3.Audit.Source.SszWitnessAbi.word✝ 4))
                        else do
                          pure PUnit.unit
                          pure
                              ((st true (2 ^ 64) 2 48 (2 ^ 64 - 1)).calldataload
                                (LidoSRv3.Audit.Source.SszWitnessAbi.word✝ 4))
                    else do
                      pure PUnit.unit
                      if
                            (LidoSRv3.Audit.Source.SszWitnessAbi.word✝
                                        (st true (2 ^ 64) 2 48 (2 ^ 64 - 1)).executionEnv.calldata.size -
                                      (st true (2 ^ 64) 2 48 (2 ^ 64 - 1)).calldataload
                                        (LidoSRv3.Audit.Source.SszWitnessAbi.word✝ 4) -
                                    LidoSRv3.Audit.Source.SszWitnessAbi.word✝ 4).sltBool
                                (LidoSRv3.Audit.Source.SszWitnessAbi.word✝ 256) =
                              true then
                          do
                          throw Error.abi
                          pure
                              ((st true (2 ^ 64) 2 48 (2 ^ 64 - 1)).calldataload
                                (LidoSRv3.Audit.Source.SszWitnessAbi.word✝ 4))
                        else do
                          pure PUnit.unit
                          pure
                              ((st true (2 ^ 64) 2 48 (2 ^ 64 - 1)).calldataload
                                (LidoSRv3.Audit.Source.SszWitnessAbi.word✝ 4))
            else do
              pure PUnit.unit
              if
                    (LidoSRv3.Audit.Source.SszWitnessAbi.word✝
                              (st true (2 ^ 64) 2 48 (2 ^ 64 - 1)).executionEnv.calldata.size -
                            LidoSRv3.Audit.Source.SszWitnessAbi.word✝ 4).sltBool
                        (LidoSRv3.Audit.Source.SszWitnessAbi.word✝ 128) =
                      true then
                  do
                  throw Error.abi
                  if
                        ((st true (2 ^ 64) 2 48 (2 ^ 64 - 1)).calldataload
                              (LidoSRv3.Audit.Source.SszWitnessAbi.word✝ 4)).toNat >
                          2 ^ 64 - 1 then
                      do
                      throw Error.abi
                      if
                            (LidoSRv3.Audit.Source.SszWitnessAbi.word✝
                                        (st true (2 ^ 64) 2 48 (2 ^ 64 - 1)).executionEnv.calldata.size -
                                      (st true (2 ^ 64) 2 48 (2 ^ 64 - 1)).calldataload
                                        (LidoSRv3.Audit.Source.SszWitnessAbi.word✝ 4) -
                                    LidoSRv3.Audit.Source.SszWitnessAbi.word✝ 4).sltBool
                                (LidoSRv3.Audit.Source.SszWitnessAbi.word✝ 256) =
                              true then
                          do
                          throw Error.abi
                          pure
                              ((st true (2 ^ 64) 2 48 (2 ^ 64 - 1)).calldataload
                                (LidoSRv3.Audit.Source.SszWitnessAbi.word✝ 4))
                        else do
                          pure PUnit.unit
                          pure
                              ((st true (2 ^ 64) 2 48 (2 ^ 64 - 1)).calldataload
                                (LidoSRv3.Audit.Source.SszWitnessAbi.word✝ 4))
                    else do
                      pure PUnit.unit
                      if
                            (LidoSRv3.Audit.Source.SszWitnessAbi.word✝
                                        (st true (2 ^ 64) 2 48 (2 ^ 64 - 1)).executionEnv.calldata.size -
                                      (st true (2 ^ 64) 2 48 (2 ^ 64 - 1)).calldataload
                                        (LidoSRv3.Audit.Source.SszWitnessAbi.word✝ 4) -
                                    LidoSRv3.Audit.Source.SszWitnessAbi.word✝ 4).sltBool
                                (LidoSRv3.Audit.Source.SszWitnessAbi.word✝ 256) =
                              true then
                          do
                          throw Error.abi
                          pure
                              ((st true (2 ^ 64) 2 48 (2 ^ 64 - 1)).calldataload
                                (LidoSRv3.Audit.Source.SszWitnessAbi.word✝ 4))
                        else do
                          pure PUnit.unit
                          pure
                              ((st true (2 ^ 64) 2 48 (2 ^ 64 - 1)).calldataload
                                (LidoSRv3.Audit.Source.SszWitnessAbi.word✝ 4))
                else do
                  pure PUnit.unit
                  if
                        ((st true (2 ^ 64) 2 48 (2 ^ 64 - 1)).calldataload
                              (LidoSRv3.Audit.Source.SszWitnessAbi.word✝ 4)).toNat >
                          2 ^ 64 - 1 then
                      do
                      throw Error.abi
                      if
                            (LidoSRv3.Audit.Source.SszWitnessAbi.word✝
                                        (st true (2 ^ 64) 2 48 (2 ^ 64 - 1)).executionEnv.calldata.size -
                                      (st true (2 ^ 64) 2 48 (2 ^ 64 - 1)).calldataload
                                        (LidoSRv3.Audit.Source.SszWitnessAbi.word✝ 4) -
                                    LidoSRv3.Audit.Source.SszWitnessAbi.word✝ 4).sltBool
                                (LidoSRv3.Audit.Source.SszWitnessAbi.word✝ 256) =
                              true then
                          do
                          throw Error.abi
                          pure
                              ((st true (2 ^ 64) 2 48 (2 ^ 64 - 1)).calldataload
                                (LidoSRv3.Audit.Source.SszWitnessAbi.word✝ 4))
                        else do
                          pure PUnit.unit
                          pure
                              ((st true (2 ^ 64) 2 48 (2 ^ 64 - 1)).calldataload
                                (LidoSRv3.Audit.Source.SszWitnessAbi.word✝ 4))
                    else do
                      pure PUnit.unit
                      if
                            (LidoSRv3.Audit.Source.SszWitnessAbi.word✝
                                        (st true (2 ^ 64) 2 48 (2 ^ 64 - 1)).executionEnv.calldata.size -
                                      (st true (2 ^ 64) 2 48 (2 ^ 64 - 1)).calldataload
                                        (LidoSRv3.Audit.Source.SszWitnessAbi.word✝ 4) -
                                    LidoSRv3.Audit.Source.SszWitnessAbi.word✝ 4).sltBool
                                (LidoSRv3.Audit.Source.SszWitnessAbi.word✝ 256) =
                              true then
                          do
                          throw Error.abi
                          pure
                              ((st true (2 ^ 64) 2 48 (2 ^ 64 - 1)).calldataload
                                (LidoSRv3.Audit.Source.SszWitnessAbi.word✝ 4))
                        else do
                          pure PUnit.unit
                          pure
                              ((st true (2 ^ 64) 2 48 (2 ^ 64 - 1)).calldataload
                                (LidoSRv3.Audit.Source.SszWitnessAbi.word✝ 4))
        else do
          pure PUnit.unit
          if
                ((st true (2 ^ 64) 2 48 (2 ^ 64 - 1)).calldataload
                        (LidoSRv3.Audit.Source.SszWitnessAbi.word✝ 0)).toNat /
                    2 ^ 224 ≠
                  1003628481 then
              do
              throw Error.abi
              if
                    (LidoSRv3.Audit.Source.SszWitnessAbi.word✝
                              (st true (2 ^ 64) 2 48 (2 ^ 64 - 1)).executionEnv.calldata.size -
                            LidoSRv3.Audit.Source.SszWitnessAbi.word✝ 4).sltBool
                        (LidoSRv3.Audit.Source.SszWitnessAbi.word✝ 128) =
                      true then
                  do
                  throw Error.abi
                  if
                        ((st true (2 ^ 64) 2 48 (2 ^ 64 - 1)).calldataload
                              (LidoSRv3.Audit.Source.SszWitnessAbi.word✝ 4)).toNat >
                          2 ^ 64 - 1 then
                      do
                      throw Error.abi
                      if
                            (LidoSRv3.Audit.Source.SszWitnessAbi.word✝
                                        (st true (2 ^ 64) 2 48 (2 ^ 64 - 1)).executionEnv.calldata.size -
                                      (st true (2 ^ 64) 2 48 (2 ^ 64 - 1)).calldataload
                                        (LidoSRv3.Audit.Source.SszWitnessAbi.word✝ 4) -
                                    LidoSRv3.Audit.Source.SszWitnessAbi.word✝ 4).sltBool
                                (LidoSRv3.Audit.Source.SszWitnessAbi.word✝ 256) =
                              true then
                          do
                          throw Error.abi
                          pure
                              ((st true (2 ^ 64) 2 48 (2 ^ 64 - 1)).calldataload
                                (LidoSRv3.Audit.Source.SszWitnessAbi.word✝ 4))
                        else do
                          pure PUnit.unit
                          pure
                              ((st true (2 ^ 64) 2 48 (2 ^ 64 - 1)).calldataload
                                (LidoSRv3.Audit.Source.SszWitnessAbi.word✝ 4))
                    else do
                      pure PUnit.unit
                      if
                            (LidoSRv3.Audit.Source.SszWitnessAbi.word✝
                                        (st true (2 ^ 64) 2 48 (2 ^ 64 - 1)).executionEnv.calldata.size -
                                      (st true (2 ^ 64) 2 48 (2 ^ 64 - 1)).calldataload
                                        (LidoSRv3.Audit.Source.SszWitnessAbi.word✝ 4) -
                                    LidoSRv3.Audit.Source.SszWitnessAbi.word✝ 4).sltBool
                                (LidoSRv3.Audit.Source.SszWitnessAbi.word✝ 256) =
                              true then
                          do
                          throw Error.abi
                          pure
                              ((st true (2 ^ 64) 2 48 (2 ^ 64 - 1)).calldataload
                                (LidoSRv3.Audit.Source.SszWitnessAbi.word✝ 4))
                        else do
                          pure PUnit.unit
                          pure
                              ((st true (2 ^ 64) 2 48 (2 ^ 64 - 1)).calldataload
                                (LidoSRv3.Audit.Source.SszWitnessAbi.word✝ 4))
                else do
                  pure PUnit.unit
                  if
                        ((st true (2 ^ 64) 2 48 (2 ^ 64 - 1)).calldataload
                              (LidoSRv3.Audit.Source.SszWitnessAbi.word✝ 4)).toNat >
                          2 ^ 64 - 1 then
                      do
                      throw Error.abi
                      if
                            (LidoSRv3.Audit.Source.SszWitnessAbi.word✝
                                        (st true (2 ^ 64) 2 48 (2 ^ 64 - 1)).executionEnv.calldata.size -
                                      (st true (2 ^ 64) 2 48 (2 ^ 64 - 1)).calldataload
                                        (LidoSRv3.Audit.Source.SszWitnessAbi.word✝ 4) -
                                    LidoSRv3.Audit.Source.SszWitnessAbi.word✝ 4).sltBool
                                (LidoSRv3.Audit.Source.SszWitnessAbi.word✝ 256) =
                              true then
                          do
                          throw Error.abi
                          pure
                              ((st true (2 ^ 64) 2 48 (2 ^ 64 - 1)).calldataload
                                (LidoSRv3.Audit.Source.SszWitnessAbi.word✝ 4))
                        else do
                          pure PUnit.unit
                          pure
                              ((st true (2 ^ 64) 2 48 (2 ^ 64 - 1)).calldataload
                                (LidoSRv3.Audit.Source.SszWitnessAbi.word✝ 4))
                    else do
                      pure PUnit.unit
                      if
                            (LidoSRv3.Audit.Source.SszWitnessAbi.word✝
                                        (st true (2 ^ 64) 2 48 (2 ^ 64 - 1)).executionEnv.calldata.size -
                                      (st true (2 ^ 64) 2 48 (2 ^ 64 - 1)).calldataload
                                        (LidoSRv3.Audit.Source.SszWitnessAbi.word✝ 4) -
                                    LidoSRv3.Audit.Source.SszWitnessAbi.word✝ 4).sltBool
                                (LidoSRv3.Audit.Source.SszWitnessAbi.word✝ 256) =
                              true then
                          do
                          throw Error.abi
                          pure
                              ((st true (2 ^ 64) 2 48 (2 ^ 64 - 1)).calldataload
                                (LidoSRv3.Audit.Source.SszWitnessAbi.word✝ 4))
                        else do
                          pure PUnit.unit
                          pure
                              ((st true (2 ^ 64) 2 48 (2 ^ 64 - 1)).calldataload
                                (LidoSRv3.Audit.Source.SszWitnessAbi.word✝ 4))
            else do
              pure PUnit.unit
              if
                    (LidoSRv3.Audit.Source.SszWitnessAbi.word✝
                              (st true (2 ^ 64) 2 48 (2 ^ 64 - 1)).executionEnv.calldata.size -
                            LidoSRv3.Audit.Source.SszWitnessAbi.word✝ 4).sltBool
                        (LidoSRv3.Audit.Source.SszWitnessAbi.word✝ 128) =
                      true then
                  do
                  throw Error.abi
                  if
                        ((st true (2 ^ 64) 2 48 (2 ^ 64 - 1)).calldataload
                              (LidoSRv3.Audit.Source.SszWitnessAbi.word✝ 4)).toNat >
                          2 ^ 64 - 1 then
                      do
                      throw Error.abi
                      if
                            (LidoSRv3.Audit.Source.SszWitnessAbi.word✝
                                        (st true (2 ^ 64) 2 48 (2 ^ 64 - 1)).executionEnv.calldata.size -
                                      (st true (2 ^ 64) 2 48 (2 ^ 64 - 1)).calldataload
                                        (LidoSRv3.Audit.Source.SszWitnessAbi.word✝ 4) -
                                    LidoSRv3.Audit.Source.SszWitnessAbi.word✝ 4).sltBool
                                (LidoSRv3.Audit.Source.SszWitnessAbi.word✝ 256) =
                              true then
                          do
                          throw Error.abi
                          pure
                              ((st true (2 ^ 64) 2 48 (2 ^ 64 - 1)).calldataload
                                (LidoSRv3.Audit.Source.SszWitnessAbi.word✝ 4))
                        else do
                          pure PUnit.unit
                          pure
                              ((st true (2 ^ 64) 2 48 (2 ^ 64 - 1)).calldataload
                                (LidoSRv3.Audit.Source.SszWitnessAbi.word✝ 4))
                    else do
                      pure PUnit.unit
                      if
                            (LidoSRv3.Audit.Source.SszWitnessAbi.word✝
                                        (st true (2 ^ 64) 2 48 (2 ^ 64 - 1)).executionEnv.calldata.size -
                                      (st true (2 ^ 64) 2 48 (2 ^ 64 - 1)).calldataload
                                        (LidoSRv3.Audit.Source.SszWitnessAbi.word✝ 4) -
                                    LidoSRv3.Audit.Source.SszWitnessAbi.word✝ 4).sltBool
                                (LidoSRv3.Audit.Source.SszWitnessAbi.word✝ 256) =
                              true then
                          do
                          throw Error.abi
                          pure
                              ((st true (2 ^ 64) 2 48 (2 ^ 64 - 1)).calldataload
                                (LidoSRv3.Audit.Source.SszWitnessAbi.word✝ 4))
                        else do
                          pure PUnit.unit
                          pure
                              ((st true (2 ^ 64) 2 48 (2 ^ 64 - 1)).calldataload
                                (LidoSRv3.Audit.Source.SszWitnessAbi.word✝ 4))
                else do
                  pure PUnit.unit
                  if
                        ((st true (2 ^ 64) 2 48 (2 ^ 64 - 1)).calldataload
                              (LidoSRv3.Audit.Source.SszWitnessAbi.word✝ 4)).toNat >
                          2 ^ 64 - 1 then
                      do
                      throw Error.abi
                      if
                            (LidoSRv3.Audit.Source.SszWitnessAbi.word✝
                                        (st true (2 ^ 64) 2 48 (2 ^ 64 - 1)).executionEnv.calldata.size -
                                      (st true (2 ^ 64) 2 48 (2 ^ 64 - 1)).calldataload
                                        (LidoSRv3.Audit.Source.SszWitnessAbi.word✝ 4) -
                                    LidoSRv3.Audit.Source.SszWitnessAbi.word✝ 4).sltBool
                                (LidoSRv3.Audit.Source.SszWitnessAbi.word✝ 256) =
                              true then
                          do
                          throw Error.abi
                          pure
                              ((st true (2 ^ 64) 2 48 (2 ^ 64 - 1)).calldataload
                                (LidoSRv3.Audit.Source.SszWitnessAbi.word✝ 4))
                        else do
                          pure PUnit.unit
                          pure
                              ((st true (2 ^ 64) 2 48 (2 ^ 64 - 1)).calldataload
                                (LidoSRv3.Audit.Source.SszWitnessAbi.word✝ 4))
                    else do
                      pure PUnit.unit
                      if
                            (LidoSRv3.Audit.Source.SszWitnessAbi.word✝
                                        (st true (2 ^ 64) 2 48 (2 ^ 64 - 1)).executionEnv.calldata.size -
                                      (st true (2 ^ 64) 2 48 (2 ^ 64 - 1)).calldataload
                                        (LidoSRv3.Audit.Source.SszWitnessAbi.word✝ 4) -
                                    LidoSRv3.Audit.Source.SszWitnessAbi.word✝ 4).sltBool
                                (LidoSRv3.Audit.Source.SszWitnessAbi.word✝ 256) =
                              true then
                          do
                          throw Error.abi
                          pure
                              ((st true (2 ^ 64) 2 48 (2 ^ 64 - 1)).calldataload
                                (LidoSRv3.Audit.Source.SszWitnessAbi.word✝ 4))
                        else do
                          pure PUnit.unit
                          pure
                              ((st true (2 ^ 64) 2 48 (2 ^ 64 - 1)).calldataload
                                (LidoSRv3.Audit.Source.SszWitnessAbi.word✝ 4))) =
    Except.ok (w 256)
error: LidoSRv3/Tests/SszWitnessAbiMutants.lean:149:6: Tactic `rewrite` failed: Did not find an occurrence of the pattern
  tail (st true (2 ^ 64) 2 48 (2 ^ 64 - 1)) (w 256) (w 36) 1
in the target expression
  tag
      (match tail (st true (2 ^ 64) 2 48 (2 ^ 64 - 1)) (w 256) (LidoSRv3.Audit.Source.SszWitnessAbi.word✝ 36) 1 with
      | Except.error err => Except.error err
      | Except.ok v =>
        match
          Except.mapError Error.bls
            (SszBlsComposition.pubkeyRun 0 (st true (2 ^ 64) 2 48 (2 ^ 64 - 1)) v.offset v.length) with
        | Except.error err => Except.error err
        | Except.ok v =>
          match fields v.state (w 256) with
          | Except.error err => Except.error err
          | Except.ok v_1 =>
            match
              Except.mapError Error.bls
                (SszBlsComposition.merkleRun 0 v.state v.digest
                  (v.state.calldataload (LidoSRv3.Audit.Source.SszWitnessAbi.word✝ 36))
                  (SszBlsComposition.chunk v_1.effectiveBalance)
                  (SszBlsComposition.chunk (if v_1.slashed = true then 1 else 0))
                  (SszBlsComposition.chunk v_1.activationEligibilityEpoch) (SszBlsComposition.chunk v_1.activationEpoch)
                  (SszBlsComposition.chunk v_1.exitEpoch) (SszBlsComposition.chunk v_1.withdrawableEpoch)) with
            | Except.error err => Except.error err
            | Except.ok v =>
              match tail v.state (w 256) (LidoSRv3.Audit.Source.SszWitnessAbi.word✝ 4) 32 with
              | Except.error err => Except.error err
              | Except.ok v_2 =>
                Except.mapError Error.proof
                  (SszProofCalldataLoop.verify 0 v.state
                    (v.state.calldataload (LidoSRv3.Audit.Source.SszWitnessAbi.word✝ 100)) v.digest
                    (v.state.calldataload (LidoSRv3.Audit.Source.SszWitnessAbi.word✝ 68)) v_2.offset v_2.length)) =
    some (Error.bls SszBlsComposition.Error.sha256PrecompileFailed)

hh : header (st true (2 ^ 64) 2 48 (2 ^ 64 - 1)) = Except.ok (w 256)
ht : tail (st true (2 ^ 64) 2 48 (2 ^ 64 - 1)) (w 256) (w 36) 1 = Except.ok { offset := w 164, length := 48 }
⊢ tag
      (match tail (st true (2 ^ 64) 2 48 (2 ^ 64 - 1)) (w 256) (LidoSRv3.Audit.Source.SszWitnessAbi.word✝ 36) 1 with
      | Except.error err => Except.error err
      | Except.ok v =>
        match
          Except.mapError Error.bls
            (SszBlsComposition.pubkeyRun 0 (st true (2 ^ 64) 2 48 (2 ^ 64 - 1)) v.offset v.length) with
        | Except.error err => Except.error err
        | Except.ok v =>
          match fields v.state (w 256) with
          | Except.error err => Except.error err
          | Except.ok v_1 =>
            match
              Except.mapError Error.bls
                (SszBlsComposition.merkleRun 0 v.state v.digest
                  (v.state.calldataload (LidoSRv3.Audit.Source.SszWitnessAbi.word✝ 36))
                  (SszBlsComposition.chunk v_1.effectiveBalance)
                  (SszBlsComposition.chunk (if v_1.slashed = true then 1 else 0))
                  (SszBlsComposition.chunk v_1.activationEligibilityEpoch) (SszBlsComposition.chunk v_1.activationEpoch)
                  (SszBlsComposition.chunk v_1.exitEpoch) (SszBlsComposition.chunk v_1.withdrawableEpoch)) with
            | Except.error err => Except.error err
            | Except.ok v =>
              match tail v.state (w 256) (LidoSRv3.Audit.Source.SszWitnessAbi.word✝ 4) 32 with
              | Except.error err => Except.error err
              | Except.ok v_2 =>
                Except.mapError Error.proof
                  (SszProofCalldataLoop.verify 0 v.state
                    (v.state.calldataload (LidoSRv3.Audit.Source.SszWitnessAbi.word✝ 100)) v.digest
                    (v.state.calldataload (LidoSRv3.Audit.Source.SszWitnessAbi.word✝ 68)) v_2.offset v_2.length)) =
    some (Error.bls SszBlsComposition.Error.sha256PrecompileFailed)
info: LidoSRv3/Tests/SszWitnessAbiMutants.lean:152:0: 'LidoSRv3.Tests.SszWitnessAbiMutants.negative_key_slice' depends on axioms: [propext, Classical.choice, Quot.sound]
info: LidoSRv3/Tests/SszWitnessAbiMutants.lean:153:0: 'LidoSRv3.Tests.SszWitnessAbiMutants.key_failure_before_dirty_fields' depends on axioms: [propext,
 sorryAx,
 Classical.choice,
 Quot.sound]
info: LidoSRv3/Tests/SszWitnessAbiMutants.lean:154:0: 'LidoSRv3.Audit.Source.SszWitnessAbi.run_success_origin' depends on axioms: [propext, Classical.choice, Quot.sound]
error: Lean exited with code 1
Some required targets logged failures:
- LidoSRv3.Tests.SszWitnessAbiMutants
error: build failed
